symbol,market,name,industry,pe,pb,year,revenue,net_income,operating_cash_flow,shareholders_equity,total_assets,total_liabilities,asset_liability_ratio,capital_expenditure,free_cash_flow,goodwill,ebit,interest_expense,dividends_paid,non_performing_loan_ratio,solvency_ratio,duration_gap,net_gearing_ratio,roe
000001,CN,平安银行,,,,2016,107715000000.0,22599000000.0,10989000000.0,202171000000.0,,,0.9315471399999999,,,,,,,,,,,0.1318
000001,CN,平安银行,,,,2017,105786000000.0,23189000000.0,-118780000000.0,222054000000.0,,,0.9316435900000001,,,,,,,,,,,0.1162
000001,CN,平安银行,,,,2018,116716000000.0,24818000000.0,-57323000000.0,240042000000.0,,,0.92978337,,,,,,,,,,,0.1149
000001,CN,平安银行,,,,2019,137958000000.0,28195000000.0,-40025000000.0,312983000000.0,,,0.92054393,,,,,,,,,,,0.113
000001,CN,平安银行,,,,2020,153542000000.0,28928000000.0,-16161000000.0,364131000000.0,,,0.91851183,,,,,,,,,,,0.0958
000001,CN,平安银行,,,,2021,169383000000.0,36336000000.0,-192733000000.0,395448000000.0,,,0.91964692,,,,,,,,,,,0.1085
000001,CN,平安银行,,,,2022,179895000000.0,45516000000.0,134572000000.0,434680000000.0,,,0.91831647,,,,,,,,,,,0.12359999999999999
000001,CN,平安银行,,,,2023,164699000000.0,46455000000.0,92461000000.0,472328000000.0,,,0.91546121,,,,,,,,,,,0.11380000000000001
000001,CN,平安银行,,,,2024,146695000000.0,44508000000.0,63336000000.0,494842000000.0,,,0.9142279600000001,,,,,,,,,,,0.1008
000001,CN,平安银行,,,,2025,131442000000.0,42633000000.0,315858000000.0,551184000000.0,,,0.9069853600000001,,,,,,,,,,,0.0915
000002,CN,万  科Ａ,,,,2016,240477236923.34,21022606256.56,39566129021.69,161676571281.0,6.212588,,0.80536705,,,,,,,,,,,0.1968
000002,CN,万  科Ａ,,,,2017,242897110250.52,28051814882.36,82322834216.5,186673939158.29,5.531272,,0.83981256,,,,,,,,,,,0.228
000002,CN,万  科Ａ,,,,2018,297679331103.19,33772651678.61,33618183388.52,235620729997.58,5.615709,,0.84585639,,,,,,,,,,,0.2324
000002,CN,万  科Ａ,,,,2019,367893877538.94,38872086881.32,45686809515.08,270579115412.96,5.265878,,0.8435894999999999,,,,,,,,,,,0.22469999999999998
000002,CN,万  科Ａ,,,,2020,419111677714.12,41515544941.31,53188022243.81,349844473343.22,4.914182,,0.81283503,,,,,,,,,,,0.20129999999999998
000002,CN,万  科Ａ,,,,2021,452797773974.14,22524033383.22,4113160948.2,392772776525.09,3.155824,,0.79739757,,,,,,,,,,,0.0978
000002,CN,万  科Ａ,,,,2022,503838367358.76,22688551801.52,2750449478.44,405636829963.55,3.153489,,0.76951461,,,,,,,,,,,0.09480000000000001
000002,CN,万  科Ａ,,,,2023,465739076702.2301,12162684368.86,3912323920.11,402933530947.26,2.178771,,0.73224342,,,,,,,,,,,0.049100000000000005
000002,CN,万  科Ａ,,,,2024,343176440712.96,-49478429211.96,3799847632.35,338854662483.74005,-2.847602,,0.73655816,,,,,,,,,,,-0.2441
000002,CN,万  科Ａ,,,,2025,233432768960.43,-88556470495.64,-988124860.96,235860058036.69,-6.798182,,0.7689057499999999,,,,,,,,,,,-0.5542
000006,CN,深振业Ａ,,,,2016,3358826445.85,778580909.98,1708425723.1,5129875625.74,8.408617,,0.6104992,,,,,,,,,,,0.1656
000006,CN,深振业Ａ,,,,2017,2959450243.71,805636364.61,706881307.64,5707359023.06,8.326139,,0.56564772,,,,,,,,,,,0.1524
000006,CN,深振业Ａ,,,,2018,2511844429.36,874243319.22,1606682376.11,6386137355.96,8.824369,,0.5282362700000001,,,,,,,,,,,0.14859999999999998
000006,CN,深振业Ａ,,,,2019,3731330139.73,801163074.41,-194256904.36,7170228545.8,8.692249,,0.5446121,,,,,,,,,,,0.12390000000000001
000006,CN,深振业Ａ,,,,2020,2934733294.89,864638857.34,-167505495.3,7837998167.59,8.132054,,0.49218528999999994,,,,,,,,,,,0.1226
000006,CN,深振业Ａ,,,,2021,3088570522.77,541690150.63,-3874666592.53,8184375856.35,5.004013,,0.6532196100000001,,,,,,,,,,,0.0722
000006,CN,深振业Ａ,,,,2022,3699813551.41,419619088.67,2315465555.22,8469460196.83,3.87396,,0.67917563,,,,,,,,,,,0.054000000000000006
000006,CN,深振业Ａ,,,,2023,2810603447.85,-802652783.79,72763171.55,7441732702.61,-1.105975,,0.71288691,,,,,,,,,,,-0.1079
000006,CN,深振业Ａ,,,,2024,6064948157.84,-1568365378.32,1114966173.23,5690735750.56,-7.193727,,0.66965846,,,,,,,,,,,-0.2535
000006,CN,深振业Ａ,,,,2025,2618016381.31,-42257500.5,189060245.8,6135551401.28,1.038773,,0.62535761,,,,,,,,,,,-0.79
000007,CN,全新好,,,,2016,38860398.61,78019021.13,-24156891.12,437232053.68,18.264353,,0.14996206,,,,,,,,,,,0.1913
000007,CN,全新好,,,,2017,39644011.95,16453651.05,2266984.58,390427081.55,0.380726,,0.11802889,,,,,,,,,,,0.0434
000007,CN,全新好,,,,2018,42443842.1,-196212068.92,-6874171.3,194226880.06,-40.742562,,0.6434306599999999,,,,,,,,,,,-0.6794
000007,CN,全新好,,,,2019,42020841.81,22287512.19,-31798382.76,212804351.06,7.648018,,0.6012610500000001,,,,,,,,,,,0.1104
000007,CN,全新好,,,,2020,45146397.44,-122912266.31,-3359064.84,67801985.1,-27.039848,,0.81393222,,,,,,,,,,,-0.8311
000007,CN,全新好,,,,2021,178349915.25,39970569.46,-48706064.0,114048606.19,10.642627,,0.73600804,,,,,,,,,,,0.48219999999999996
000007,CN,全新好,,,,2022,220838034.89,-5340611.62,156828635.68,102206511.24,-1.093959,,0.71122446,,,,,,,,,,,-0.0541
000007,CN,全新好,,,,2023,216387969.48,35969277.16,190607652.82,138023204.13,10.754268,,0.65340794,,,,,,,,,,,0.3317
000007,CN,全新好,,,,2024,307276011.84,56421651.57,199918045.57,191552435.92,16.766089,,0.39915671,,,,,,,,,,,0.36700000000000005
000007,CN,全新好,,,,2025,395737287.76,1927223.06,360419910.74,195324632.45,1.41831,,0.48016663000000004,,,,,,,,,,,0.010700000000000001
000008,CN,神州高铁,,,,2016,1876006502.09,521866228.2,-56126568.79,6172486051.4,11.026534,,0.24658308,,,,,,,,,,,0.09373
000008,CN,神州高铁,,,,2017,2330932161.16,873780534.16,-52959019.61,7187053024.04,11.145094,,0.32694878000000005,,,,,,,,,,,0.1333
000008,CN,神州高铁,,,,2018,2564901269.62,325051555.98,-590569355.28,7404851995.14,4.714514,,0.29250966,,,,,,,,,,,0.0451
000008,CN,神州高铁,,,,2019,3220142984.66,434380320.18,5319279.93,7576480345.24,5.683163,,0.37096158,,,,,,,,,,,0.046
000008,CN,神州高铁,,,,2020,1917519166.43,-894441536.86,520039172.94,6668578058.0,-5.946123,,0.48016708,,,,,,,,,,,-0.1278
000008,CN,神州高铁,,,,2021,2214804536.96,-1394382238.74,458771832.01,5336109496.43,-9.18931,,0.5689539,,,,,,,,,,,-0.3097
000008,CN,神州高铁,,,,2022,1772952858.32,-846257790.47,573321770.79,4480155924.15,-6.106005,,0.60169611,,,,,,,,,,,-0.1766
000008,CN,神州高铁,,,,2023,2511647824.07,-828273298.53,31069159.24,3654393156.65,-6.106734,,0.6570401699999999,,,,,,,,,,,-0.2089
000008,CN,神州高铁,,,,2024,2082012354.78,-545308746.31,365014115.29,3108148048.27,-3.747562,,0.6878511500000001,,,,,,,,,,,-0.16570000000000001
000008,CN,神州高铁,,,,2025,2120399134.77,-835213824.83,176842327.58,2277298066.26,-7.575646,,0.7387853099999999,,,,,,,,,,,-0.3201
000009,CN,中国宝安,,,,2016,6449506322.28,233383867.18,-12161653.84,8134737848.16,4.710132,,0.62379106,,,,,,,,,,,0.052000000000000005
000009,CN,中国宝安,,,,2017,7070802396.2,133203837.23,390907160.93,9945905427.97,3.354797,,0.63312055,,,,,,,,,,,0.0288
000009,CN,中国宝安,,,,2018,11768075485.88,213780584.63,2722841990.04,10450547026.42,5.298775,,0.64989558,,,,,,,,,,,0.0418
000009,CN,中国宝安,,,,2019,12004379217.06,301136296.48,1337727570.11,10687109249.38,5.692794,,0.64555911,,,,,,,,,,,0.0554
000009,CN,中国宝安,,,,2020,10663512791.62,661761423.4,655142169.9,13245429430.76,6.363388,,0.5842172999999999,,,,,,,,,,,0.10710000000000001
000009,CN,中国宝安,,,,2021,17606294335.63,1035599088.75,-279272690.5,15658836468.47,7.637718,,0.57762376,,,,,,,,,,,0.139
000009,CN,中国宝安,,,,2022,32032835711.62,1157117454.23,290476146.61,18842377093.32,7.671722,,0.63967578,,,,,,,,,,,0.135
000009,CN,中国宝安,,,,2023,30706431930.72,756459343.67,5961670281.05,21023156168.81,5.559863,,0.5803763399999999,,,,,,,,,,,0.0791
000009,CN,中国宝安,,,,2024,20230360494.05,172625210.4,1662423468.08,21715811028.71,3.700765,,0.59617125,,,,,,,,,,,0.0173
000009,CN,中国宝安,,,,2025,23036277153.4,203041725.86,1161546515.34,22865738322.97,4.100478,,0.59783484,,,,,,,,,,,0.0204
000011,CN,深物业A,,,,2016,2059204077.18,354857241.74,2252041183.42,2411296822.81,8.903431,,0.63763634,,,,,,,,,,,0.15789999999999998
000011,CN,深物业A,,,,2017,2904690690.53,622962734.37,-346269760.94,2922555881.14,13.724585,,0.45811677,,,,,,,,,,,0.2664
000011,CN,深物业A,,,,2018,3376673249.9,698050728.96,1231718056.18,3881517514.58,13.866728,,0.4259307,,,,,,,,,,,0.19469999999999998
000011,CN,深物业A,,,,2019,3961669942.44,817805780.12,939789565.96,3266567301.19,13.47946,,0.69676771,,,,,,,,,,,0.2046
000011,CN,深物业A,,,,2020,4104374646.02,798572121.74,385497782.12,3781121479.83,10.592214,,0.69025879,,,,,,,,,,,0.2347
000011,CN,深物业A,,,,2021,4911120528.33,1025380909.03,-1828979752.45,4636871670.94,10.372856,,0.68926605,,,,,,,,,,,0.24489999999999998
000011,CN,深物业A,,,,2022,3708669046.85,537291574.13,105233103.86,4470574506.03,5.324914,,0.717169,,,,,,,,,,,0.12359999999999999
000011,CN,深物业A,,,,2023,2965117025.04,464014492.11,-264092984.33,4703725035.81,4.648557,,0.7231158499999999,,,,,,,,,,,0.1026
000011,CN,深物业A,,,,2024,2734158884.05,-1114764922.17,-1423998174.52,3230431956.14,-6.972531,,0.7887668499999999,,,,,,,,,,,-0.28
000011,CN,深物业A,,,,2025,2383288250.02,33885110.58,-2086069661.63,3234245917.07,1.595367,,0.79036692,,,,,,,,,,,1.0
000012,CN,南  玻Ａ,,,,2016,8974083407.0,797721576.0,2240852120.0,8129191019.0,7.480575,,0.52102608,,,,,,,,,,,0.1033
000012,CN,南  玻Ａ,,,,2017,10879400746.0,825388312.0,2463446156.0,8779623111.0,7.147468,,0.55056964,,,,,,,,,,,0.1015
000012,CN,南  玻Ａ,,,,2018,10609963011.0,452965935.0,2130378100.0,9449432462.0,4.896469,,0.50563374,,,,,,,,,,,0.0516
000012,CN,南  玻Ａ,,,,2019,10472028099.0,536430818.0,2379036320.0,9865855528.0,5.261616,,0.45795683,,,,,,,,,,,0.057699999999999994
000012,CN,南  玻Ａ,,,,2020,10671253445.0,779325592.0,2730619636.0,10615883886.0,7.64324,,0.40636724999999996,,,,,,,,,,,0.0791
000012,CN,南  玻Ａ,,,,2021,13672372823.0,1526392754.0,3899648030.0,11863327405.0,11.13767,,0.40487198999999996,,,,,,,,,,,0.1411
000012,CN,南  玻Ａ,,,,2022,15198706998.0,2037202500.0,1957123231.0,13375671303.0,10.870871,,0.48364482000000003,,,,,,,,,,,0.1678
000012,CN,南  玻Ａ,,,,2023,18194864366.0,1655614446.0,2759788894.0,14536706169.0,6.612708,,0.5212213,,,,,,,,,,,0.12300000000000001
000012,CN,南  玻Ａ,,,,2024,15455386401.0,266772318.0,1756923649.0,14002643972.0,1.725477,,0.55149082,,,,,,,,,,,0.019299999999999998
000012,CN,南  玻Ａ,,,,2025,13718969008.0,125668291.0,1146547297.0,13554687582.0,1.107408,,0.56701245,,,,,,,,,,,0.92
000014,CN,沙河股份,,,,2016,620757228.92,28596797.03,444308245.03,794586740.93,2.192092,,0.57595226,,,,,,,,,,,0.0395
000014,CN,沙河股份,,,,2017,513141023.37,7630332.76,419223172.81,800149643.62,1.179154,,0.47643676,,,,,,,,,,,0.0103
000014,CN,沙河股份,,,,2018,357929318.71,146000417.81,-118120075.4,950254666.06,12.413985,,0.5043655300000001,,,,,,,,,,,0.1797
000014,CN,沙河股份,,,,2019,438139662.69,21085177.65,32487473.29,955923185.99,2.390799,,0.51534179,,,,,,,,,,,0.023700000000000002
000014,CN,沙河股份,,,,2020,346673403.12,4374307.33,259151612.03,953772898.71,1.189802,,0.60809578,,,,,,,,,,,0.49
000014,CN,沙河股份,,,,2021,641736448.88,35423521.56,-72482011.57,993599236.72,2.788749,,0.60864478,,,,,,,,,,,0.038900000000000004
000014,CN,沙河股份,,,,2022,763601802.32,248678665.41,352480091.64,1219353227.1,12.130072,,0.59227962,,,,,,,,,,,0.23739999999999997
000014,CN,沙河股份,,,,2023,1389212866.56,521765764.33,479912014.13,1710695933.17,25.208623,,0.31908788,,,,,,,,,,,0.3693
000014,CN,沙河股份,,,,2024,357907444.53,16446210.84,-141734897.42,1675392340.2,2.481403,,0.23538198999999999,,,,,,,,,,,1.0
000014,CN,沙河股份,,,,2025,310141261.81,-150357687.09,75769644.97,1811994575.79,-6.626461,,0.24987722,,,,,,,,,,,-0.0971
000017,CN,深中华A,,,,2016,141970520.8,2603637.47,634446.01,17281811.05,9.600468,,0.6804887700000001,,,,,,,,,,,0.1993
000017,CN,深中华A,,,,2017,137490597.69,1529587.27,-3431578.4,18860970.52,3.282244,,0.7435973199999999,,,,,,,,,,,0.1011
000017,CN,深中华A,,,,2018,119906950.34,-1591968.91,-9479474.16,16980464.74,-2.900575,,0.7681625,,,,,,,,,,,-0.1054
000017,CN,深中华A,,,,2019,76022687.75,-7186905.64,-13791941.34,11441583.09,-11.474855,,0.81761635,,,,,,,,,,,-0.5368999999999999
000017,CN,深中华A,,,,2020,117857480.17,3785834.68,3942228.96,25642289.68,6.170623,,0.7204979699999999,,,,,,,,,,,0.4201
000017,CN,深中华A,,,,2021,165246577.95,-1986692.82,15673932.87,24002733.68,-0.746242,,0.75347281,,,,,,,,,,,-0.2004
000017,CN,深中华A,,,,2022,444762238.25,-7616378.75,-261419066.03,304847549.56,-2.714204,,0.23261202,,,,,,,,,,,-0.14300000000000002
000017,CN,深中华A,,,,2023,568481907.92,17901948.24,29972830.62,309401154.19,4.863224,,0.16305113999999998,,,,,,,,,,,0.0622
000017,CN,深中华A,,,,2024,579869315.88,16845245.59,-17152733.19,368139160.13,5.568187,,0.15263578,,,,,,,,,,,0.053099999999999994
000017,CN,深中华A,,,,2025,735877268.75,41129172.17,-19515276.55,393879909.88,12.465968,,0.17599076,,,,,,,,,,,0.113
000019,CN,深粮控股,,,,2016,273383642.99,96620658.92,61740568.12,1049738562.86,10.294057,,0.10929179,,,,,,,,,,,0.09820000000000001
000019,CN,深粮控股,,,,2017,10793693156.79,359174263.44,17058691.88,3972822886.89,-5.426302,,0.10018149,,,,,,,,,,,0.0955
000019,CN,深粮控股,,,,2018,10758782838.14,308331032.44,299103635.58,4337598831.58,5.811891,,0.32947423,,,,,,,,,,,0.077
000019,CN,深粮控股,,,,2019,11059984335.92,363501809.52,190053823.97,4623438130.99,6.620607,,0.31758048,,,,,,,,,,,0.08460000000000001
000019,CN,深粮控股,,,,2020,11884527506.34,405088385.54,286528222.27,4795245404.09,6.742195,,0.3439604,,,,,,,,,,,0.08990000000000001
000019,CN,深粮控股,,,,2021,10139563710.11,428720226.09,440396029.54,4696906266.71,7.654905,,0.38759587,,,,,,,,,,,0.0913
000019,CN,深粮控股,,,,2022,8312723058.19,420764671.03,531888766.64,4832633781.8,6.926534,,0.35058892,,,,,,,,,,,0.08960000000000001
000019,CN,深粮控股,,,,2023,6190005356.82,347739109.06,585734715.61,4881701058.07,6.217474,,0.34072539999999996,,,,,,,,,,,0.0725
000019,CN,深粮控股,,,,2024,5375089846.91,325309578.52,-15317619.38,4921377195.93,5.997453,,0.36206559,,,,,,,,,,,0.0667
000019,CN,深粮控股,,,,2025,5505279622.35,243215785.97,1100440103.9,4990496270.08,6.612032,,0.3230786,,,,,,,,,,,0.049100000000000005
000020,CN,深华发Ａ,,,,2016,619167770.74,5457710.33,-18693296.58,319698568.63,2.00724,,0.49452817000000004,,,,,,,,,,,0.0172
000020,CN,深华发Ａ,,,,2017,858040132.74,974409.39,11723254.36,320672978.02,2.120057,,0.4908035,,,,,,,,,,,0.3
000020,CN,深华发Ａ,,,,2018,637046707.03,3295022.72,-21894459.66,323968000.74,2.787467,,0.47500701,,,,,,,,,,,0.0102
000020,CN,深华发Ａ,,,,2019,721557440.51,5460049.15,74463707.01,329428049.89,2.987151,,0.46361541,,,,,,,,,,,0.0167
000020,CN,深华发Ａ,,,,2020,691742269.12,6830187.4,59719269.6,336248737.29,2.790135,,0.46438411,,,,,,,,,,,0.0203
000020,CN,深华发Ａ,,,,2021,765611248.7,7201902.02,-12323760.07,343450639.31,3.078723,,0.47956758,,,,,,,,,,,0.0212
000020,CN,深华发Ａ,,,,2022,664435128.12,10127766.77,82391240.64,353578406.08,3.233602,,0.41924349,,,,,,,,,,,0.0291
000020,CN,深华发Ａ,,,,2023,726541177.76,13342311.52,115035285.49,366920717.6,3.294894,,0.35689427,,,,,,,,,,,0.037000000000000005
000020,CN,深华发Ａ,,,,2024,816682662.07,36738290.33,109141743.81,403659007.93,6.479083,,0.40655196,,,,,,,,,,,0.0953
000020,CN,深华发Ａ,,,,2025,857889252.84,35440863.1,7877188.66,439099871.03,6.385803,,0.38969409,,,,,,,,,,,0.08410000000000001
000021,CN,深科技,,,,2016,15069170534.44,214423542.75,356539062.13,5297328420.94,3.665383,,0.54790812,,,,,,,,,,,0.0407
000021,CN,深科技,,,,2017,14209778550.46,541303018.08,719672524.36,5928759493.6,6.496563,,0.6428347,,,,,,,,,,,0.0974
000021,CN,深科技,,,,2018,16061005965.27,574538923.72,420770432.04,6769805989.69,5.814002,,0.5768033,,,,,,,,,,,0.08869999999999999
000021,CN,深科技,,,,2019,13223818815.08,352301166.89,-1000166846.65,7102109677.68,4.382058,,0.6151319000000001,,,,,,,,,,,0.0519
000021,CN,深科技,,,,2020,14967234846.43,857132642.21,3122476019.87,8009975429.6,6.244318,,0.62976133,,,,,,,,,,,0.1183
000021,CN,深科技,,,,2021,16488253175.97,775394154.82,867605722.02,11473937981.98,5.057411,,0.57580784,,,,,,,,,,,0.0867
000021,CN,深科技,,,,2022,16118375162.38,659052805.91,895695279.53,11962433070.99,3.836258,,0.56989684,,,,,,,,,,,0.0654
000021,CN,深科技,,,,2023,14264648386.89,644601244.53,2002232683.5,12781408968.14,4.511713,,0.53322973,,,,,,,,,,,0.060599999999999994
000021,CN,深科技,,,,2024,14827166508.53,930345572.18,2428401907.74,13858004476.77,5.665438,,0.48239241,,,,,,,,,,,0.0814
000021,CN,深科技,,,,2025,15747393092.5,1135679007.05,1764618556.72,16288289461.1,7.066742,,0.38990208000000004,,,,,,,,,,,0.0909
000025,CN,特  力Ａ,,,,2016,324240841.9,27193562.63,57874934.32,908536336.18,2.871293,,0.23588266000000002,,,,,,,,,,,0.0308
000025,CN,特  力Ａ,,,,2017,347237289.8,66862772.68,-2093068.05,998023573.89,5.640921,,0.2888098,,,,,,,,,,,0.07200000000000001
000025,CN,特  力Ａ,,,,2018,414238778.96,86924058.72,-6574979.97,1099282215.87,6.497313,,0.33710113999999997,,,,,,,,,,,0.0863
000025,CN,特  力Ａ,,,,2019,571072893.9,219669708.47,78911353.03,1339212996.79,18.740231,,0.18627565000000001,,,,,,,,,,,0.1892
000025,CN,特  力Ａ,,,,2020,424419203.34,57663828.89,109105302.88,1384646101.81,4.635698,,0.18952714,,,,,,,,,,,0.044800000000000006
000025,CN,特  力Ａ,,,,2021,508520026.18,131020764.38,126611734.9,1457189825.8,9.998079,,0.21641514,,,,,,,,,,,0.0956
000025,CN,特  力Ａ,,,,2022,837656274.51,83496135.61,-51967764.29,1656227743.9,5.04348,,0.25797197,,,,,,,,,,,0.056900000000000006
000025,CN,特  力Ａ,,,,2023,1846738841.89,118255140.84,-60140006.46,1731071918.02,7.030808,,0.27987573,,,,,,,,,,,0.0759
000025,CN,特  力Ａ,,,,2024,2613678204.37,136629870.8,390288813.85,1897725971.73,6.897782,,0.26854662,,,,,,,,,,,0.0821
000025,CN,特  力Ａ,,,,2025,1461603400.53,142865677.77,327753897.88,1996119846.54,6.92617,,0.24679225999999999,,,,,,,,,,,0.0806
000026,CN,飞亚达,,,,2016,2993864561.43,110662681.59,455759094.15,2374948189.73,5.002018,,0.40698902,,,,,,,,,,,0.047400000000000005
000026,CN,飞亚达,,,,2017,3345809703.98,140216258.28,564954561.97,2467972876.98,6.105468,,0.3105816,,,,,,,,,,,0.0579
000026,CN,飞亚达,,,,2018,3400450599.9,183835095.29,331627789.62,2570140564.54,7.208027,,0.28601091,,,,,,,,,,,0.073
000026,CN,飞亚达,,,,2019,3704210734.9,215909014.15,444820768.61,2654539677.83,8.157171,,0.29417872,,,,,,,,,,,0.0821
000026,CN,飞亚达,,,,2020,4243439952.59,294115156.04,378210505.87,2799960671.43,10.148951,,0.30326926,,,,,,,,,,,0.10779999999999999
000026,CN,飞亚达,,,,2021,5243733540.93,387840282.95,547249108.45,3013232642.53,12.928251,,0.2669568,,,,,,,,,,,0.13390000000000002
000026,CN,飞亚达,,,,2022,4354096880.36,266681451.84,476228776.52,3136423492.15,8.652901,,0.23820406,,,,,,,,,,,0.0868
000026,CN,飞亚达,,,,2023,4569690002.99,333178102.37,632401487.98,3333805752.19,10.811359,,0.20704118000000002,,,,,,,,,,,0.10279999999999999
000026,CN,飞亚达,,,,2024,3940530934.07,220350184.99,536730960.29,3391843200.61,7.228814,,0.15366642,,,,,,,,,,,0.0655
000026,CN,飞亚达,,,,2025,3508487911.4,87317829.63,541872287.53,3336540162.45,3.229179,,0.10630022,,,,,,,,,,,0.026000000000000002
000027,CN,深圳能源,,,,2016,11318112180.4,1347070276.49,2752824818.28,24827658558.19,5.028338,,0.59206758,,,,,,,,,,,0.0602
000027,CN,深圳能源,,,,2017,15545854866.05,749338237.48,3155789019.49,24722596959.28,4.015178,,0.67988735,,,,,,,,,,,0.0339
000027,CN,深圳能源,,,,2018,18527395542.0,690676817.8,4179062686.15,27483645870.76,3.787283,,0.67694384,,,,,,,,,,,0.0322
000027,CN,深圳能源,,,,2019,20817004465.54,1701216790.25,5200006552.55,33584853159.01,4.638979,,0.65056562,,,,,,,,,,,0.0776
000027,CN,深圳能源,,,,2020,20454506141.89,3984059392.06,6192439248.48,41853609530.53,6.281555,,0.63306348,,,,,,,,,,,0.1457
000027,CN,深圳能源,,,,2021,32302685028.76,2390537795.74,4604513091.19,49849721549.69,4.052438,,0.62293216,,,,,,,,,,,0.0653
000027,CN,深圳能源,,,,2022,37524716709.56,2198612414.94,9624731071.23,54320794206.66,3.889534,,0.61547349,,,,,,,,,,,0.0512
000027,CN,深圳能源,,,,2023,40504495415.84,2045935089.0,11929946803.92,55827582231.36,3.92653,,0.6362063299999999,,,,,,,,,,,0.0452
000027,CN,深圳能源,,,,2024,41213608804.88,2005148708.38,9611803315.56,58204904850.81,3.931891,,0.6393097,,,,,,,,,,,0.0447
000027,CN,深圳能源,,,,2025,43429622180.48,2103342043.54,11817010849.29,65353600384.37,4.013248,,0.61991844,,,,,,,,,,,0.0466
000028,CN,国药一致,,,,2016,41248341665.46,1186539201.93,1472342476.16,8917777270.09,8.3315,,0.58175356,,,,,,,,,,,0.1505
000028,CN,国药一致,,,,2017,41263393427.41,1057791930.67,1285291911.82,9927502757.14,7.337859,,0.55569006,,,,,,,,,,,0.1191
000028,CN,国药一致,,,,2018,43122385521.23,1210742435.78,1322606352.27,13905776493.05,7.310479,,0.51933522,,,,,,,,,,,0.11560000000000001
000028,CN,国药一致,,,,2019,52786807476.28,1267931291.32,2012653189.74,15573980276.71,6.81616,,0.5417792699999999,,,,,,,,,,,0.10310000000000001
000028,CN,国药一致,,,,2020,59649455012.03,1401892593.23,1502746598.47,16888627319.52,6.561572,,0.57346063,,,,,,,,,,,0.10490000000000001
000028,CN,国药一致,,,,2021,68357809571.99,1336427752.22,1655180976.87,18022212698.5,5.493907,,0.57875966,,,,,,,,,,,0.0929
000028,CN,国药一致,,,,2022,73443136988.14,1486707652.27,2560430612.77,19444706669.85,6.025749,,0.54372029,,,,,,,,,,,0.0959
000028,CN,国药一致,,,,2023,75477484620.31,1599255755.53,2937138679.68,20977840480.39,6.035486,,0.55902128,,,,,,,,,,,0.0956
000028,CN,国药一致,,,,2024,74378494389.57,642493449.76,3271468297.03,20755399317.82,1.752965,,0.5635574799999999,,,,,,,,,,,0.036699999999999997
000028,CN,国药一致,,,,2025,73415858423.13,1135926834.84,1638588925.27,21624484553.51,3.52505,,0.55954934,,,,,,,,,,,0.0626
000029,CN,深深房Ａ,,,,2016,2352023528.43,311567386.94,526691326.2,2515966869.88,10.708536,,0.33538505,,,,,,,,,,,0.1253
000029,CN,深深房Ａ,,,,2017,1345912605.09,184988512.42,-17801139.64,2700022561.54,6.353017,,0.32317776000000004,,,,,,,,,,,0.0676
000029,CN,深深房Ａ,,,,2018,2175187242.6,503498831.6,1062567405.59,3200735110.51,15.841323,,0.31401424,,,,,,,,,,,0.1635
000029,CN,深深房Ａ,,,,2019,2548740319.49,552452307.59,603607724.75,3524983234.15,15.28938,,0.28203248,,,,,,,,,,,0.159
000029,CN,深深房Ａ,,,,2020,1615009713.88,290229772.23,285164013.17,3657087255.16,8.13345,,0.25923659,,,,,,,,,,,0.0781
000029,CN,深深房Ａ,,,,2021,1320790648.45,220836309.93,-1205952107.94,4227329169.41,5.151604,,0.31624253,,,,,,,,,,,0.0572
000029,CN,深深房Ａ,,,,2022,634384561.42,153718805.57,-675775998.76,4286541777.67,3.632049,,0.24662298,,,,,,,,,,,0.0388
000029,CN,深深房Ａ,,,,2023,530887720.68,-250839542.09,1045037248.19,3776142894.42,-7.053641,,0.41773925,,,,,,,,,,,-0.0652
000029,CN,深深房Ａ,,,,2024,407022191.44,-176710947.65,-127403949.79,3395387067.67,-6.067246,,0.43294732,,,,,,,,,,,-0.049100000000000005
000029,CN,深深房Ａ,,,,2025,1482872299.36,99956003.75,-95319433.93,3469479199.2,3.343201,,0.10644524000000001,,,,,,,,,,,0.0281
000030,CN,富奥股份,,,,2016,5856937609.16,676711738.87,600774202.76,5774955787.49,8.302243,,0.36350006,,,,,,,,,,,0.1373
000030,CN,富奥股份,,,,2017,7193263144.16,831547593.78,556625128.01,6324423081.07,9.121527,,0.38979058,,,,,,,,,,,0.1522
000030,CN,富奥股份,,,,2018,7852536417.15,881637741.83,342085550.7,7127916035.35,8.24097,,0.38984441,,,,,,,,,,,0.14529999999999998
000030,CN,富奥股份,,,,2019,10063808026.15,890996344.6,366160421.56,7453675493.93,7.847533,,0.42311687,,,,,,,,,,,0.1377
000030,CN,富奥股份,,,,2020,11113430326.49,901325550.29,596925998.99,8274685996.93,6.873288,,0.42781229000000004,,,,,,,,,,,0.1294
000030,CN,富奥股份,,,,2021,12828204379.21,841441486.54,1808365076.43,8512064910.95,5.863695,,0.42721832,,,,,,,,,,,0.1144
000030,CN,富奥股份,,,,2022,12570517605.95,501168226.47,281858459.52,8471495308.83,3.204938,,0.4448701,,,,,,,,,,,0.0675
000030,CN,富奥股份,,,,2023,15842626034.79,604140594.64,44256997.12,8802131956.81,4.633319,,0.48152186,,,,,,,,,,,0.0802
000030,CN,富奥股份,,,,2024,16468392260.56,676188915.08,469872166.96,9280301641.58,5.506155,,0.48542902,,,,,,,,,,,0.087
000030,CN,富奥股份,,,,2025,17410397362.62,702615804.9,536199267.13,10146396810.03,5.430068,,0.49309161,,,,,,,,,,,0.0861
000031,CN,大悦城,,,,2016,18025191494.99,720153948.48,5913897935.25,11287529175.15,4.878127,,0.8157948500000001,,,,,,,,,,,0.1161
000031,CN,大悦城,,,,2017,14042355929.03,945331099.59,1717795388.77,11744589163.66,4.859793,,0.84495893,,,,,,,,,,,0.15439999999999998
000031,CN,大悦城,,,,2018,22168629906.05,2063396555.86,1126807356.15,35705641910.57,4.711065,,0.8490787000000001,,,,,,,,,,,0.13970000000000002
000031,CN,大悦城,,,,2019,33794948813.45,2049336279.73,3936873869.37,42483891398.06,4.985712,,0.76776698,,,,,,,,,,,0.1257
000031,CN,大悦城,,,,2020,38445284255.56,-386833565.96,9814109859.72,45646265167.83,2.861894,,0.7716218100000001,,,,,,,,,,,-0.0206
000031,CN,大悦城,,,,2021,42614497358.92,107510183.02,-8464132339.15,52091177829.88,2.470371,,0.75512674,,,,,,,,,,,0.58
000031,CN,大悦城,,,,2022,39578691796.06,-2882769952.94,2710451072.07,47504317829.17,1.025967,,0.77846469,,,,,,,,,,,-0.1684
000031,CN,大悦城,,,,2023,36783248051.15,-1465394727.5,10641533128.36,46095045493.77,2.896312,,0.76726865,,,,,,,,,,,-0.1002
000031,CN,大悦城,,,,2024,35790676999.47,-2976784327.74,6617322861.11,41554424165.23,1.349783,,0.76729977,,,,,,,,,,,-0.24359999999999998
000031,CN,大悦城,,,,2025,30892372928.84,-2350270677.56,3022719556.75,35687312943.56,1.027552,,0.7727159899999999,,,,,,,,,,,-0.22519999999999998
000032,CN,深桑达Ａ,,,,2016,1987304343.39,60712884.47,78594441.96,1549627163.9,3.684924,,0.20752007,,,,,,,,,,,0.0432
000032,CN,深桑达Ａ,,,,2017,1882319281.5,37339476.0,202630494.46,1673242523.04,2.066973,,0.18604627,,,,,,,,,,,0.0255
000032,CN,深桑达Ａ,,,,2018,1600672541.75,107017391.49,206094758.54,1516120357.74,6.749795,,0.29593483,,,,,,,,,,,0.078
000032,CN,深桑达Ａ,,,,2019,1501126101.96,133951876.41,73683376.88,1658259014.8,9.107151,,0.2920259,,,,,,,,,,,0.0922
000032,CN,深桑达Ａ,,,,2020,32057725206.07,213731955.64,1399456329.4,7214028423.82,9.500947,,0.30095821,,,,,,,,,,,0.07690000000000001
000032,CN,深桑达Ａ,,,,2021,44134317283.88,387001298.35,285850365.71,9717773929.01,4.751091,,0.78843748,,,,,,,,,,,0.0825
000032,CN,深桑达Ａ,,,,2022,51051921142.62,-158404699.08,-246859123.02,10129261726.77,3.222442,,0.8083190100000001,,,,,,,,,,,-0.0269
000032,CN,深桑达Ａ,,,,2023,56283718641.15,329641229.16,655307988.03,11874974038.15,3.344214,,0.7898918399999999,,,,,,,,,,,0.0529
000032,CN,深桑达Ａ,,,,2024,67389424494.27,329726273.71,820791360.47,12394162139.9,2.725431,,0.82371361,,,,,,,,,,,0.0507
000032,CN,深桑达Ａ,,,,2025,49170356917.15,-127069431.4,-296557412.71,13339205847.17,1.255921,,0.8173848499999999,,,,,,,,,,,-0.02
000034,CN,神州数码,,,,2016,40531123500.93,403795179.08,345882116.26,2650673215.39,8.28142,,0.8444182100000001,,,,,,,,,,,0.19039999999999999
000034,CN,神州数码,,,,2017,62215950458.56,722924713.03,-291800291.05,3357832641.1,6.308383,,0.8616649599999999,,,,,,,,,,,0.24100000000000002
000034,CN,神州数码,,,,2018,81858054493.23,512408008.06,360539617.54,3846490249.74,4.656945,,0.85197524,,,,,,,,,,,0.1427
000034,CN,神州数码,,,,2019,86803376390.13,701410697.57,1499628700.32,4374867089.92,4.94415,,0.85130071,,,,,,,,,,,0.1341
000034,CN,神州数码,,,,2020,92060443406.22,624091822.04,1456920143.56,4702789551.02,4.178148,,0.84676277,,,,,,,,,,,0.1386
000034,CN,神州数码,,,,2021,122384875621.23,249163047.06,-156127597.18,6655799178.75,2.621898,,0.83014545,,,,,,,,,,,0.044000000000000004
000034,CN,神州数码,,,,2022,115880020611.9,1004405512.88,836465651.19,8219981938.1,4.302193,,0.7956044,,,,,,,,,,,0.1497
000034,CN,神州数码,,,,2023,119623887693.45,1171783006.53,-151394077.98,9259484166.92,4.73225,,0.79370055,,,,,,,,,,,0.1465
000034,CN,神州数码,,,,2024,128166392637.76,752694649.23,2504566070.05,9972141144.07,4.001957,,0.7802244899999999,,,,,,,,,,,0.08470000000000001
000034,CN,神州数码,,,,2025,143751044503.13,522943843.22,-2425699608.73,11791960892.4,2.448003,,0.79366636,,,,,,,,,,,0.050499999999999996
000035,CN,中国天楹,,,,2016,980499677.82,211724505.01,225475302.92,2062461721.4,7.084477,,0.6561700899999999,,,,,,,,,,,0.1082
000035,CN,中国天楹,,,,2017,1611814141.41,222269197.54,35146008.39,3048382543.86,6.4139,,0.62505738,,,,,,,,,,,0.08960000000000001
000035,CN,中国天楹,,,,2018,1846883070.12,216492499.96,209786562.05,3294513874.48,4.998912,,0.62600214,,,,,,,,,,,0.0692
000035,CN,中国天楹,,,,2019,18587094375.1,713000340.99,2400196525.85,11703484081.04,5.475408,,0.75255288,,,,,,,,,,,0.07440000000000001
000035,CN,中国天楹,,,,2020,21867491787.91,653576703.34,3006570196.78,12494533157.18,4.393249,,0.75198375,,,,,,,,,,,0.0581
000035,CN,中国天楹,,,,2021,20592672101.63,728984770.44,2524740711.66,11151924493.28,5.12026,,0.54480851,,,,,,,,,,,0.0625
000035,CN,中国天楹,,,,2022,6706701979.82,123485132.53,593887362.47,10438092743.91,1.967812,,0.60563009,,,,,,,,,,,0.0115
000035,CN,中国天楹,,,,2023,5323630811.01,337295273.42,480813852.54,10836558352.69,2.858399,,0.61452408,,,,,,,,,,,0.0322
000035,CN,中国天楹,,,,2024,5667336235.45,279979308.66,655318988.92,10932556719.57,3.315276,,0.62712981,,,,,,,,,,,0.026000000000000002
000035,CN,中国天楹,,,,2025,5283464987.58,283949932.62,653089056.43,10953658551.42,2.838988,,0.654408,,,,,,,,,,,0.026099999999999998
000036,CN,华联控股,,,,2016,2171743816.69,1348542374.06,2102808643.54,4024710149.06,22.340508,,0.5861683200000001,,,,,,,,,,,0.4966
000036,CN,华联控股,,,,2017,3971747004.38,1343125081.19,-250441171.0,5082662383.15,17.616704,,0.41703638,,,,,,,,,,,0.3454
000036,CN,华联控股,,,,2018,3334572281.03,968644086.69,2808043117.36,5439991579.84,14.76143,,0.50059935,,,,,,,,,,,0.198
000036,CN,华联控股,,,,2019,3168624609.33,817574062.09,1498188177.58,5646096224.68,10.879879,,0.53499446,,,,,,,,,,,0.1565
000036,CN,华联控股,,,,2020,2705064944.82,551174647.2,-539008527.17,5825450748.33,9.005357,,0.46281849,,,,,,,,,,,0.1108
000036,CN,华联控股,,,,2021,1881927155.59,406315301.76,-114616281.25,6011672983.52,7.410659,,0.37287531,,,,,,,,,,,0.0818
000036,CN,华联控股,,,,2022,2343946610.94,435747116.3,2255056118.38,6259606287.1,9.109765,,0.32225357000000004,,,,,,,,,,,0.08470000000000001
000036,CN,华联控股,,,,2023,565203430.15,81627722.81,-938119312.33,6204805620.69,1.594923,,0.26116669000000003,,,,,,,,,,,0.015300000000000001
000036,CN,华联控股,,,,2024,425305861.53,40511986.3,-319552239.66,5951644246.47,1.43078,,0.21888855,,,,,,,,,,,0.79
000036,CN,华联控股,,,,2025,621481960.92,70145408.95,285554295.0,6005513516.17,2.145114,,0.24151243,,,,,,,,,,,0.0138
000037,CN,深南电A,,,,2016,1574088977.85,1306694835.46,926321325.4,2023969477.37,37.41978,,0.5361808,,,,,,,,,,,-0.1
000037,CN,深南电A,,,,2017,2045766831.74,15904182.47,196799855.73,2024346554.13,1.962304,,0.29802917,,,,,,,,,,,0.59
000037,CN,深南电A,,,,2018,1884937109.0,19253766.12,236563160.38,2036799378.88,2.488465,,0.38412214,,,,,,,,,,,-0.69
000037,CN,深南电A,,,,2019,1222577954.53,24900956.73,202943908.61,2062492321.5,2.389803,,0.35932754,,,,,,,,,,,0.0125
000037,CN,深南电A,,,,2020,985253831.58,64024291.32,260725409.02,2087742521.59,3.246772,,0.30888468,,,,,,,,,,,0.0315
000037,CN,深南电A,,,,2021,757175743.41,-439448712.13,-39258302.07,1578341915.44,-16.435967,,0.43428662,,,,,,,,,,,-0.2395
000037,CN,深南电A,,,,2022,694227657.28,-160163240.67,207168402.26,1392819054.58,-5.387768,,0.46557811,,,,,,,,,,,-0.1043
000037,CN,深南电A,,,,2023,589780190.71,4158797.1,-100371976.92,1390813361.65,0.704291,,0.32134436,,,,,,,,,,,0.29
000037,CN,深南电A,,,,2024,442971955.85,21908828.57,-37635766.05,1507923840.7,4.206922,,0.25080916,,,,,,,,,,,0.0149
000037,CN,深南电A,,,,2025,401681583.1,161038200.4,-16801521.85,1777269031.77,12.502482,,0.23186669999999998,,,,,,,,,,,0.10279999999999999
000039,CN,中集集团,,,,2016,51111652000.0,539660000.0,2341619000.0,39134792000.0,2.247929,,0.68595376,,,,,,,,,,,0.02
000039,CN,中集集团,,,,2017,76299930000.0,2509242000.0,4464831000.0,43237434000.0,4.355368,,0.66894345,,,,,,,,,,,0.08
000039,CN,中集集团,,,,2018,93497622000.0,3380436000.0,140732000.0,52402988000.0,5.949543,,0.67018075,,,,,,,,,,,0.1
000039,CN,中集集团,,,,2019,85815341000.0,1542226000.0,3538522000.0,55037978000.0,4.379944,,0.6802116599999999,,,,,,,,,,,0.04
000039,CN,中集集团,,,,2020,94159083000.0,5349613000.0,12810486000.0,53853844000.0,5.580884,,0.6316716499999999,,,,,,,,,,,0.14
000039,CN,中集集团,,,,2021,163695980000.0,6665323000.0,20574655000.0,56980090000.0,9.758351,,0.6307726300000001,,,,,,,,,,,0.15
000039,CN,中集集团,,,,2022,141536654000.0,3219226000.0,14617466000.0,62656084000.0,5.511415,,0.57055444,,,,,,,,,,,0.07
000039,CN,中集集团,,,,2023,127809519000.0,421249000.0,2703186000.0,64630350000.0,3.109891,,0.60046328,,,,,,,,,,,1.0
000039,CN,中集集团,,,,2024,177664098000.0,2972343000.0,9263870000.0,68019802000.0,5.138192,,0.61076433,,,,,,,,,,,0.06
000039,CN,中集集团,,,,2025,156611446000.0,220820000.0,18514449000.0,66810845000.0,2.533491,,0.59944455,,,,,,,,,,,0.29
000042,CN,中洲控股,,,,2016,8115755330.09,260532556.3,1748423570.05,5861144401.04,3.793663,,0.79901162,,,,,,,,,,,0.045700000000000005
000042,CN,中洲控股,,,,2017,8654233826.31,615363173.16,-5184055619.65,6883814885.77,3.939671,,0.84218631,,,,,,,,,,,0.1001
000042,CN,中洲控股,,,,2018,7942112442.45,446690331.69,3001582489.62,7666289714.17,3.654555,,0.83352497,,,,,,,,,,,0.0653
000042,CN,中洲控股,,,,2019,7213165825.69,787168958.4,-842590795.9,8012771553.5,3.921347,,0.8224966600000001,,,,,,,,,,,0.1056
000042,CN,中洲控股,,,,2020,10697019545.17,281350353.66,1227711579.3,8196828262.33,2.705938,,0.81556851,,,,,,,,,,,0.036000000000000004
000042,CN,中洲控股,,,,2021,8676138938.35,205929030.96,143889921.31,8228427754.28,1.403899,,0.80142832,,,,,,,,,,,0.0259
000042,CN,中洲控股,,,,2022,7083041153.52,79768111.6,978788918.66,8216247693.2,2.524288,,0.77605002,,,,,,,,,,,0.99
000042,CN,中洲控股,,,,2023,7620571730.5,-1844825335.86,1351914948.89,5576170154.19,-3.121433,,0.8198047900000001,,,,,,,,,,,-0.2666
000042,CN,中洲控股,,,,2024,4323648747.25,-2024703774.39,5656231252.75,3070553453.25,-5.049717,,0.8997556899999999,,,,,,,,,,,-0.4493
000042,CN,中洲控股,,,,2025,2594482776.47,-902407022.03,5440284938.63,1877450215.23,-1.788551,,0.94476079,,,,,,,,,,,-0.32173699999999994
000045,CN,深纺织Ａ,,,,2016,1198200216.42,-87270604.54,-55264465.84,3440118982.11,-2.076431,,0.16493580000000002,,,,,,,,,,,-0.040999999999999995
000045,CN,深纺织Ａ,,,,2017,1475545719.72,52776101.46,-28518702.31,3523019129.58,2.142329,,0.16033556000000002,,,,,,,,,,,0.0223
000045,CN,深纺织Ａ,,,,2018,1272356771.34,-22980624.93,-460494321.15,3459480526.74,-0.890396,,0.25106555,,,,,,,,,,,-0.96
000045,CN,深纺织Ａ,,,,2019,2158184855.71,19679910.43,383145788.5,3854615570.18,0.315288,,0.14935435,,,,,,,,,,,0.75
000045,CN,深纺织Ａ,,,,2020,2108964687.8,37267995.74,1930932.76,3899315249.62,1.093284,,0.21535809,,,,,,,,,,,0.013600000000000001
000045,CN,深纺织Ａ,,,,2021,2330061681.0,55733468.82,-4436980.35,3954781054.69,1.933767,,0.28869143,,,,,,,,,,,0.02
000045,CN,深纺织Ａ,,,,2022,2837988264.36,73309182.94,490238550.6,4031042325.42,1.350185,,0.28236714,,,,,,,,,,,0.0259
000045,CN,深纺织Ａ,,,,2023,3079678375.45,79268250.45,184766739.8,4111917357.96,3.086618,,0.27220413,,,,,,,,,,,0.0277
000045,CN,深纺织Ａ,,,,2024,3335283008.68,89371134.24,231264525.09,4235320634.13,3.138068,,0.19052008,,,,,,,,,,,0.030600000000000002
000045,CN,深纺织Ａ,,,,2025,3241380430.62,68418663.02,347793597.26,4290365172.87,2.166367,,0.20817072,,,,,,,,,,,0.0231
000048,CN,京基智农,,,,2016,1561230908.03,5960816.41,-617796417.16,826060157.87,1.377803,,0.57848414,,,,,,,,,,,0.82
000048,CN,京基智农,,,,2017,1549614465.33,-155536308.42,328717922.4,708747751.05,-5.750374,,0.8184921199999999,,,,,,,,,,,-0.2379
000048,CN,京基智农,,,,2018,3436940910.61,437394982.71,1078635007.0,1225380850.34,13.515484,,0.76355429,,,,,,,,,,,0.5495
000048,CN,京基智农,,,,2019,4918723380.78,1100831801.48,1013811298.53,2377733959.43,25.994531,,0.63261181,,,,,,,,,,,0.7034999999999999
000048,CN,京基智农,,,,2020,4071503296.81,866563499.3,1806061154.61,2781228315.18,14.403614,,0.71917433,,,,,,,,,,,0.3546
000048,CN,京基智农,,,,2021,3221474431.12,389339568.12,2640721394.56,2559146639.08,5.487574,,0.82746426,,,,,,,,,,,0.15
000048,CN,京基智农,,,,2022,5995656104.54,773073916.59,1021171817.86,2662414834.92,6.544826,,0.8481747300000001,,,,,,,,,,,0.3135
000048,CN,京基智农,,,,2023,12417006232.4,1746300186.67,-414653912.74,3907055167.93,17.448166,,0.677847,,,,,,,,,,,0.5547
000048,CN,京基智农,,,,2024,5960479688.87,713795295.65,997453274.96,4352215410.78,7.729763,,0.6025385,,,,,,,,,,,0.1736
000048,CN,京基智农,,,,2025,4871819142.45,152808661.82,597311894.42,4141374430.76,2.086023,,0.58968632,,,,,,,,,,,0.0363
000049,CN,德赛电池,,,,2016,8724412328.64,255301337.09,85562922.39,1500105070.45,10.88086,,0.70847927,,,,,,,,,,,0.24600000000000002
000049,CN,德赛电池,,,,2017,12485975568.12,300535587.08,-417652352.85,1815220596.57,8.972585,,0.76175291,,,,,,,,,,,0.23629999999999998
000049,CN,德赛电池,,,,2018,17249233752.53,401369963.05,122168482.48,2264643584.24,10.129937,,0.74329663,,,,,,,,,,,0.2554
000049,CN,德赛电池,,,,2019,18442687582.11,502179819.24,1594569915.55,2861251835.76,12.773538,,0.67375129,,,,,,,,,,,0.2547
000049,CN,德赛电池,,,,2020,19397824463.66,669692211.27,1282157891.0,2822331890.62,12.536833,,0.6877706499999999,,,,,,,,,,,0.2692
000049,CN,德赛电池,,,,2021,19470854326.22,793765412.59,480409520.37,3429341104.41,10.85384,,0.6817888999999999,,,,,,,,,,,0.2552
000049,CN,德赛电池,,,,2022,21749126094.98,866209024.46,390934137.4,4224384209.36,10.416512,,0.66244227,,,,,,,,,,,0.233
000049,CN,德赛电池,,,,2023,20284918957.13,561870597.3,2901679706.41,6377600855.91,7.258952,,0.61350417,,,,,,,,,,,0.1272
000049,CN,德赛电池,,,,2024,20859251590.68,413011992.42,365595069.97,6593182788.96,3.200218,,0.61201279,,,,,,,,,,,0.0641
000049,CN,德赛电池,,,,2025,22399427302.94,292270104.15,1226211658.15,6658426348.7,1.630478,,0.60587331,,,,,,,,,,,0.044000000000000004
000050,CN,深天马Ａ,,,,2016,10736756430.53,569177393.37,980606988.61,13758959516.58,3.474735,,0.36534221,,,,,,,,,,,0.0421
000050,CN,深天马Ａ,,,,2017,23824088277.6,1091114392.87,3328684432.63,24485867572.23,4.02166,,0.51184844,,,,,,,,,,,0.0625
000050,CN,深天马Ａ,,,,2018,28911543960.79,925542329.07,3565216924.02,26004730643.89,2.888562,,0.56685485,,,,,,,,,,,0.0371
000050,CN,深天马Ａ,,,,2019,30281970068.28,829364995.37,4760660819.6,26707224485.2,2.799906,,0.5919509000000001,,,,,,,,,,,0.0315
000050,CN,深天马Ａ,,,,2020,29232745052.03,1474521450.09,6676875433.83,33568338364.22,3.506086,,0.5436468099999999,,,,,,,,,,,0.050499999999999996
000050,CN,深天马Ａ,,,,2021,33765532901.58,-34389498.2,3288423443.53,30122551816.18,3.097079,,0.56643535,,,,,,,,,,,-0.11
000050,CN,深天马Ａ,,,,2022,31447476894.8,111690919.2,3912600159.94,30262094504.37,1.348636,,0.62634137,,,,,,,,,,,0.37
000050,CN,深天马Ａ,,,,2023,32271305895.6,-2097588448.58,3957698255.93,28993739835.64,-1.077268,,0.6463156499999999,,,,,,,,,,,-0.0723
000050,CN,深天马Ａ,,,,2024,33494295787.75,-668579178.38,5751856931.54,29173105548.3,0.723907,,0.64088082,,,,,,,,,,,-0.0242
000050,CN,深天马Ａ,,,,2025,36226540318.59,167375926.83,6988145917.28,29495864987.85,1.300552,,0.6159057099999999,,,,,,,,,,,0.61
000055,CN,方大集团,,,,2016,4203866173.72,697956378.23,465717074.92,2302313350.17,15.93918,,0.66077855,,,,,,,,,,,0.3883
000055,CN,方大集团,,,,2017,2947470813.58,1144404441.03,557833145.73,3238939202.18,20.748268,,0.5752446299999999,,,,,,,,,,,0.4153
000055,CN,方大集团,,,,2018,3048680152.06,2246164571.68,387102719.57,5195187621.88,33.4277,,0.51259417,,,,,,,,,,,0.5317000000000001
000055,CN,方大集团,,,,2019,3005749558.66,347771182.73,-5284830.77,5231205089.27,4.629799,,0.53991016,,,,,,,,,,,0.0682
000055,CN,方大集团,,,,2020,3000191773.63,389344290.74,554967948.96,5460549085.09,4.858968,,0.5409571400000001,,,,,,,,,,,0.0737
000055,CN,方大集团,,,,2021,3557724397.54,222168142.53,-63425296.29,5591205918.6,3.172253,,0.5439971,,,,,,,,,,,0.0409
000055,CN,方大集团,,,,2022,3846975948.44,282933854.32,221211632.3,5820385162.25,3.605559,,0.54332675,,,,,,,,,,,0.050300000000000004
000055,CN,方大集团,,,,2023,4292204716.01,272758249.5,299742202.08,6034795838.27,3.239982,,0.54884591,,,,,,,,,,,0.0467
000055,CN,方大集团,,,,2024,4424224197.71,144813705.53,270894093.43,6174110978.39,1.808304,,0.54452714,,,,,,,,,,,0.0241
000055,CN,方大集团,,,,2025,3377303066.44,-515466884.24,187412899.87,5607625386.35,-4.168735,,0.55407976,,,,,,,,,,,-0.0875
000058,CN,深 赛 格,,,,2016,1459575791.5,246062783.31,443535540.78,2873532748.93,7.580207,,0.30992232000000003,,,,,,,,,,,0.1115
000058,CN,深 赛 格,,,,2017,2030445390.62,219553261.1,507386549.21,2580923897.0,6.568635,,0.63090589,,,,,,,,,,,0.11960000000000001
000058,CN,深 赛 格,,,,2018,1612268337.03,27852740.23,167674153.73,2449848904.15,2.65355,,0.65630674,,,,,,,,,,,0.0147
000058,CN,深 赛 格,,,,2019,1493227561.06,78447278.89,430499191.36,2510587081.63,4.90927,,0.59445166,,,,,,,,,,,0.0417
000058,CN,深 赛 格,,,,2020,1403665817.37,25924861.87,243544355.42,2481385812.91,2.896441,,0.57444768,,,,,,,,,,,0.0137
000058,CN,深 赛 格,,,,2021,1994653376.81,46382677.88,754029738.42,2573203492.96,5.15275,,0.54314045,,,,,,,,,,,0.0241
000058,CN,深 赛 格,,,,2022,1828803853.48,15776322.05,222483347.29,2452228291.39,2.336883,,0.53894575,,,,,,,,,,,0.81
000058,CN,深 赛 格,,,,2023,1949065511.09,90467495.89,362448784.71,2504734885.07,4.31007,,0.53444861,,,,,,,,,,,0.046
000058,CN,深 赛 格,,,,2024,1767139190.28,45205937.86,256729989.46,2547802145.09,2.990263,,0.51174177,,,,,,,,,,,0.0219
000058,CN,深 赛 格,,,,2025,1687654147.69,69394739.7,297224389.69,2445436347.23,3.526516,,0.5084693,,,,,,,,,,,0.0332
000059,CN,华锦股份,,,,2016,29103942295.17,1803243467.38,4223844095.45,11084128613.74,9.291042,,0.6466715399999999,,,,,,,,,,,0.1911
000059,CN,华锦股份,,,,2017,33713780563.65,1845279650.89,2965001796.1,12664315193.04,10.03028,,0.59105352,,,,,,,,,,,0.15869999999999998
000059,CN,华锦股份,,,,2018,37036329015.1,1144409195.72,2521400388.31,13806484823.1,5.963594,,0.57693434,,,,,,,,,,,0.08990000000000001
000059,CN,华锦股份,,,,2019,39608340979.04,992955495.15,2723475056.01,14146134947.0,5.577646,,0.51817032,,,,,,,,,,,0.0722
000059,CN,华锦股份,,,,2020,30437437454.92,324489612.57,2814637063.2,14111939108.62,3.100881,,0.49418942,,,,,,,,,,,0.024
000059,CN,华锦股份,,,,2021,38648124819.6,942437871.14,2944806621.62,14933916093.68,5.048543,,0.53654982,,,,,,,,,,,0.0637
000059,CN,华锦股份,,,,2022,49062144367.8,529199044.17,1754225728.18,15103842769.2,3.550272,,0.53719696,,,,,,,,,,,0.0363
000059,CN,华锦股份,,,,2023,46142015356.63,70299928.51,970242087.36,14975795044.2,1.412947,,0.53037189,,,,,,,,,,,0.49
000059,CN,华锦股份,,,,2024,34596123962.95,-2794763928.73,459656992.97,12121613472.38,-8.485377,,0.568195,,,,,,,,,,,-0.217
000059,CN,华锦股份,,,,2025,41756479557.71,-1763294889.03,-2567271889.58,10358430684.58,-5.147622,,0.58288052,,,,,,,,,,,-0.1666
000060,CN,中金岭南,,,,2016,15085648879.3,323228814.39,1406369904.15,8215947385.31,3.786608,,0.51582909,,,,,,,,,,,0.0431
000060,CN,中金岭南,,,,2017,19015630943.82,1066992868.26,2489029926.75,10405554015.59,9.430305,,0.44853245,,,,,,,,,,,0.1201
000060,CN,中金岭南,,,,2018,20008164615.92,919939796.37,1971769055.95,10716954933.85,7.771857,,0.45059097000000004,,,,,,,,,,,0.0909
000060,CN,中金岭南,,,,2019,22837569681.65,852105138.63,2221317093.4,11363829394.51,6.375311,,0.44077298,,,,,,,,,,,0.0805
000060,CN,中金岭南,,,,2020,30252782680.13,995096765.96,1602286398.86,12841549809.86,6.325147,,0.47259017,,,,,,,,,,,0.0866
000060,CN,中金岭南,,,,2021,44499554899.98,1171686790.09,1767516529.11,13763802314.13,6.348007,,0.5013861399999999,,,,,,,,,,,0.09359999999999999
000060,CN,中金岭南,,,,2022,55437255672.57,1212289355.25,1080793454.45,15295100261.29,5.336144,,0.53157511,,,,,,,,,,,0.0861
000060,CN,中金岭南,,,,2023,65646655707.48,687762213.64,1570627802.48,17115066753.0,4.730611,,0.60220198,,,,,,,,,,,0.049100000000000005
000060,CN,中金岭南,,,,2024,56479945220.29,1081867493.96,784510200.58,17587715020.41,4.874689,,0.6162945599999999,,,,,,,,,,,0.0787
000060,CN,中金岭南,,,,2025,60543580352.45,801756079.53,2409708434.66,20415804248.2,3.497923,,0.58621003,,,,,,,,,,,0.051100000000000007
000061,CN,农 产 品,,,,2016,2020079117.77,88459545.07,527937261.56,6248308361.26,3.222386,,0.63776216,,,,,,,,,,,0.0183
000061,CN,农 产 品,,,,2017,2446281449.79,13892078.69,771773024.23,6408963771.05,2.668841,,0.65988343,,,,,,,,,,,0.29
000061,CN,农 产 品,,,,2018,2302055708.59,42767102.22,1247423260.3,6590340015.62,2.93047,,0.65313429,,,,,,,,,,,0.89
000061,CN,农 产 品,,,,2019,2852962645.08,310169369.16,928067072.51,6869733652.03,4.650348,,0.64951397,,,,,,,,,,,0.0611
000061,CN,农 产 品,,,,2020,3174447984.34,315330883.98,699131783.23,7093547408.82,4.472914,,0.6344509,,,,,,,,,,,0.059500000000000004
000061,CN,农 产 品,,,,2021,4092180921.45,374189925.18,1242612135.17,7476397579.52,4.84199,,0.63829404,,,,,,,,,,,0.0676
000061,CN,农 产 品,,,,2022,4353580540.51,202305342.32,856248895.12,7490140333.84,3.571312,,0.6418412499999999,,,,,,,,,,,0.0355
000061,CN,农 产 品,,,,2023,5490136004.9,448938961.24,1006844872.47,7915116421.7,4.71589,,0.62811999,,,,,,,,,,,0.0758
000061,CN,农 产 品,,,,2024,5756144465.11,385673796.12,507095141.82,8001938339.28,4.54304,,0.62787681,,,,,,,,,,,0.061900000000000004
000061,CN,农 产 品,,,,2025,6528350316.11,372470153.54,907421666.37,11192204129.02,4.191356,,0.53757548,,,,,,,,,,,0.0538
000062,CN,深圳华强,,,,2016,5544599007.28,425860913.13,-369334001.0,4082088315.89,9.322688,,0.41032823999999996,,,,,,,,,,,0.1124
000062,CN,深圳华强,,,,2017,8545784524.0,419743488.22,477743436.41,4583044482.3,8.665782,,0.47758582,,,,,,,,,,,0.1009
000062,CN,深圳华强,,,,2018,11799716612.16,685569918.31,-26007759.27,5145318340.91,11.808531,,0.50054639,,,,,,,,,,,0.15130000000000002
000062,CN,深圳华强,,,,2019,14355283742.39,630032131.15,694563669.15,5711279422.71,9.53192,,0.49682456,,,,,,,,,,,0.12869999999999998
000062,CN,深圳华强,,,,2020,16330983089.5,624503761.85,-480618231.52,6101014176.4,8.355668,,0.50159011,,,,,,,,,,,0.11710000000000001
000062,CN,深圳华强,,,,2021,22840581682.1,883433133.98,-931589530.64,6796888225.78,10.523535,,0.56891267,,,,,,,,,,,0.152
000062,CN,深圳华强,,,,2022,23941299880.97,952451389.6,2275825644.74,7823483445.7,9.241759,,0.52189001,,,,,,,,,,,0.1462
000062,CN,深圳华强,,,,2023,20593722009.7,467351812.75,-74583512.35,8020784094.77,5.529624,,0.54801258,,,,,,,,,,,0.0661
000062,CN,深圳华强,,,,2024,21953724057.41,212965894.74,1442202098.11,7827451697.63,3.533186,,0.55397238,,,,,,,,,,,0.0298
000062,CN,深圳华强,,,,2025,24908894154.62,462938895.43,-990401922.16,7655466693.9,5.121734,,0.58360235,,,,,,,,,,,0.0666
000063,CN,中兴通讯,,,,2016,101233182000.0,-2357418000.0,5260206000.0,40885090000.0,0.291499,,0.71134688,,,,,,,,,,,-0.084
000063,CN,中兴通讯,,,,2017,108815273000.0,4568172000.0,7219974000.0,45380147000.0,5.515754,,0.68477737,,,,,,,,,,,0.1574
000063,CN,中兴通讯,,,,2018,85513150000.0,-6983662000.0,-9215386000.0,32960675000.0,-4.406317,,0.7451837299999999,,,,,,,,,,,-0.261
000063,CN,中兴通讯,,,,2019,90736582000.0,5147877000.0,7446554000.0,37954298000.0,6.56423,,0.73120591,,,,,,,,,,,0.1996
000063,CN,中兴通讯,,,,2020,101450670000.0,4259752000.0,10232651000.0,46122506000.0,4.49554,,0.6938126200000001,,,,,,,,,,,0.1018
000063,CN,中兴通讯,,,,2021,114521641000.0,6812941000.0,15723527000.0,53287660000.0,6.249341,,0.68424639,,,,,,,,,,,0.1449
000063,CN,中兴通讯,,,,2022,122954418000.0,8080295000.0,7577700000.0,59543223000.0,6.117871,,0.67094751,,,,,,,,,,,0.1466
000063,CN,中兴通讯,,,,2023,124250878000.0,9325753000.0,17405699000.0,68331445000.0,6.988369,,0.65997204,,,,,,,,,,,0.1519
000063,CN,中兴通讯,,,,2024,121298752000.0,8424792000.0,11479844000.0,73110282000.0,6.209747,,0.64736087,,,,,,,,,,,0.1197
000063,CN,中兴通讯,,,,2025,133895460000.0,5617745000.0,3918746000.0,75641241000.0,4.727265,,0.6526065099999999,,,,,,,,,,,0.0758
000065,CN,北方国际,,,,2016,8761923443.6,461048956.55,144061811.84,3660899852.86,6.181296,,0.69864615,,,,,,,,,,,0.1679
000065,CN,北方国际,,,,2017,9730031617.16,499253441.5,1322880092.92,4124492582.49,5.838182,,0.6402409,,,,,,,,,,,0.146
000065,CN,北方国际,,,,2018,9981409795.74,589176078.24,182382415.38,4608810863.9,7.532884,,0.59741253,,,,,,,,,,,0.1507
000065,CN,北方国际,,,,2019,11060172817.26,706237373.19,-1578507979.3,5454041830.68,7.113209,,0.63013676,,,,,,,,,,,0.1557
000065,CN,北方国际,,,,2020,12850656167.57,751378444.26,-1273680346.13,6227289139.45,6.245004,,0.65559669,,,,,,,,,,,0.1406
000065,CN,北方国际,,,,2021,13050012731.64,623707609.09,1497433161.2,6841907047.99,5.216994,,0.64629994,,,,,,,,,,,0.1054
000065,CN,北方国际,,,,2022,13433273051.45,636159328.51,738034656.25,8557893101.34,5.550434,,0.6124011,,,,,,,,,,,0.0898
000065,CN,北方国际,,,,2023,21487899585.26,918064819.63,702058412.44,9294842331.64,5.85482,,0.60879539,,,,,,,,,,,0.11320000000000001
000065,CN,北方国际,,,,2024,19079925410.56,1049512515.37,653348422.93,10218024298.01,5.759775,,0.58210767,,,,,,,,,,,0.11710000000000001
000065,CN,北方国际,,,,2025,13553927839.78,723310917.63,1048812790.94,11765165755.12,4.374636,,0.55007703,,,,,,,,,,,0.0731
000066,CN,中国长城,,,,2016,74172807065.05,199521273.85,2404753658.58,15910106306.58,2.1625,,0.76737774,,,,,,,,,,,0.03889
000066,CN,中国长城,,,,2017,9506838836.12,581043323.65,-402660921.84,7558583031.48,2.508114,,0.5027766100000001,,,,,,,,,,,0.09119999999999999
000066,CN,中国长城,,,,2018,10009483496.74,1120739247.5,72422246.85,7418449137.54,9.856602,,0.5604855599999999,,,,,,,,,,,0.1553
000066,CN,中国长城,,,,2019,10843784576.71,1114993660.75,109153815.12,8650743751.65,7.745626,,0.60080944,,,,,,,,,,,0.1464
000066,CN,中国长城,,,,2020,14446088072.53,927860457.31,167245199.31,9347042147.49,5.564536,,0.66048123,,,,,,,,,,,0.1073
000066,CN,中国长城,,,,2021,17790432972.09,597624297.17,-288868928.04,10763322789.72,3.71258,,0.6709544599999999,,,,,,,,,,,0.06369
000066,CN,中国长城,,,,2022,14027336139.07,122773876.57,-401639226.91,14850127073.9,1.712588,,0.56163111,,,,,,,,,,,0.921
000066,CN,中国长城,,,,2023,13420233900.29,-977252427.62,437124077.82,13877428521.73,-1.817829,,0.59341673,,,,,,,,,,,-0.07417
000066,CN,中国长城,,,,2024,14202752494.2,-1478505080.54,182298473.16,12445067318.27,-3.5519,,0.61848486,,,,,,,,,,,-0.12376
000066,CN,中国长城,,,,2025,15808600064.94,-55724795.18,-325785004.2,12200126247.35,1.038031,,0.61864049,,,,,,,,,,,-0.503
000068,CN,华控赛格,,,,2016,297563205.88,9975175.39,48108799.17,800907362.73,2.406334,,0.39035343,,,,,,,,,,,0.0161
000068,CN,华控赛格,,,,2017,412929685.18,32603312.37,17866483.96,1092604871.02,3.646499,,0.6102987,,,,,,,,,,,0.0509
000068,CN,华控赛格,,,,2018,205898377.12,-132885591.79,-49603851.94,936355731.4,-2.865034,,0.72809501,,,,,,,,,,,-0.2254
000068,CN,华控赛格,,,,2019,225085720.88,5999003.63,25267413.22,957441714.52,1.823812,,0.74712941,,,,,,,,,,,0.011399999999999999
000068,CN,华控赛格,,,,2020,228679256.43,-166107336.06,-15697726.75,776242430.62,-2.54021,,0.7904409200000001,,,,,,,,,,,-0.3726
000068,CN,华控赛格,,,,2021,935839857.07,-97740871.67,-20384186.38,657986276.16,-0.016533,,0.83663353,,,,,,,,,,,-0.3132
000068,CN,华控赛格,,,,2022,1108589760.29,-217469849.37,84735733.23,423630360.8,-2.721165,,0.9016816799999999,,,,,,,,,,,-1.4099000000000002
000068,CN,华控赛格,,,,2023,921171706.71,653879652.86,333260660.63,1059489525.97,19.289766,,0.75046183,,,,,,,,,,,1.7555
000068,CN,华控赛格,,,,2024,1105292510.07,17034715.31,215464499.43,1116610021.4,2.265115,,0.73717187,,,,,,,,,,,0.0236
000068,CN,华控赛格,,,,2025,832445316.14,-104510783.21,313119421.88,1003338497.17,-0.254894,,0.73626095,,,,,,,,,,,-0.1568
000069,CN,华侨城Ａ,,,,2016,35481104833.15,6888417931.36,4403850146.48,48116008929.89,7.972824,,0.6712149599999999,,,,,,,,,,,0.1684
000069,CN,华侨城Ａ,,,,2017,42341224701.44,8642839466.64,-7914416621.77,65475122334.59,8.037114,,0.6989106700000001,,,,,,,,,,,0.1805
000069,CN,华侨城Ａ,,,,2018,48156217460.0,10575071349.32,-10044574579.77,77183752543.78,7.121674,,0.7376922,,,,,,,,,,,0.1898
000069,CN,华侨城Ａ,,,,2019,60025027201.56,12340101773.12,-5187770194.27,94993355425.95,6.633762,,0.7497672300000001,,,,,,,,,,,0.19329999999999997
000069,CN,华侨城Ａ,,,,2020,81902589786.58,12686266477.71,21219673840.13,110154505218.51,6.336919,,0.75826026,,,,,,,,,,,0.1747
000069,CN,华侨城Ａ,,,,2021,102583650893.66,3799112368.32,19237911899.1,120786023755.83,3.455546,,0.74839443,,,,,,,,,,,0.0473
000069,CN,华侨城Ａ,,,,2022,76767105130.88,-10904910148.41,-574644519.3,100632128044.55,-1.233739,,0.74389097,,,,,,,,,,,-0.1454
000069,CN,华侨城Ａ,,,,2023,55744151176.17,-6492441996.55,3422537369.95,86034465635.56,-0.274734,,0.7681194600000001,,,,,,,,,,,-0.099
000069,CN,华侨城Ａ,,,,2024,54407299587.95,-8662299644.25,5362213679.58,76429010363.56,-0.723117,,0.76425174,,,,,,,,,,,-0.1618
000069,CN,华侨城Ａ,,,,2025,31381203946.95,-14496107715.32,12500919515.87,54407975398.51,-4.213976,,0.80595197,,,,,,,,,,,-0.3444
000070,CN,特发信息,,,,2016,4612417968.5,195785081.84,300472395.24,2051815555.13,5.066516,,0.67239974,,,,,,,,,,,0.11900000000000001
000070,CN,特发信息,,,,2017,5473074135.56,265623180.36,252935861.3,2371695450.71,6.370056,,0.6881772700000001,,,,,,,,,,,0.1429
000070,CN,特发信息,,,,2018,5706001088.58,275650494.21,-81135219.37,2760960726.91,6.315326,,0.63445917,,,,,,,,,,,0.1304
000070,CN,特发信息,,,,2019,4655911057.79,323176298.4,-254983835.2,2884834255.33,6.902044,,0.59309971,,,,,,,,,,,0.16670000000000001
000070,CN,特发信息,,,,2020,4722428257.52,11445456.46,64751953.26,2974893639.13,2.801156,,0.7050363199999999,,,,,,,,,,,0.39
000070,CN,特发信息,,,,2021,4590838502.2,-618453267.57,-577731148.23,2520534219.91,-5.082323,,0.69719066,,,,,,,,,,,-0.2852
000070,CN,特发信息,,,,2022,4191611230.82,13349009.47,125781522.38,2366407887.26,2.363261,,0.6994940900000001,,,,,,,,,,,0.67
000070,CN,特发信息,,,,2023,4937289689.32,-272482091.07,221335804.09,2488648330.6,-1.128389,,0.69228099,,,,,,,,,,,-0.1427
000070,CN,特发信息,,,,2024,4409404867.78,-402566084.98,372715369.71,2058084232.79,-3.041595,,0.6814711699999999,,,,,,,,,,,-0.2361
000070,CN,特发信息,,,,2025,4416543075.0,-495591165.17,111830183.59,1649100397.02,-3.564196,,0.78566227,,,,,,,,,,,-0.3953
000088,CN,盐 田 港,,,,2016,283736910.23,351824532.61,55571005.09,6479023435.46,5.530493,,0.21534155,,,,,,,,,,,0.061799999999999994
000088,CN,盐 田 港,,,,2017,343778902.53,404355216.05,99016882.9,7075421239.35,5.466957,,0.23887497,,,,,,,,,,,0.0663
000088,CN,盐 田 港,,,,2018,403513948.86,448526835.68,100724316.93,7744059924.93,5.719927,,0.24885712000000001,,,,,,,,,,,0.0692
000088,CN,盐 田 港,,,,2019,593358498.29,359430924.14,259523794.73,8180448100.74,4.68823,,0.25748484,,,,,,,,,,,0.052000000000000005
000088,CN,盐 田 港,,,,2020,531181029.94,391728818.96,273341018.91,9843167887.29,4.167659,,0.24919993000000001,,,,,,,,,,,0.0513
000088,CN,盐 田 港,,,,2021,679868209.7,461413741.83,323900436.22,10205668295.95,4.508207,,0.26845959,,,,,,,,,,,0.0525
000088,CN,盐 田 港,,,,2022,797609609.29,471874494.73,657502890.83,15162962124.47,3.600767,,0.29319318,,,,,,,,,,,0.0443
000088,CN,盐 田 港,,,,2023,893206853.49,1108328112.53,472191232.29,14758231474.01,6.22753,,0.32970982,,,,,,,,,,,0.0867
000088,CN,盐 田 港,,,,2024,793567994.5,1349328627.36,282374033.59,19393528466.48,6.523724,,0.24342288,,,,,,,,,,,0.0955
000088,CN,盐 田 港,,,,2025,858334827.15,1447533202.29,404494208.45,19696304693.69,6.511804,,0.17827135,,,,,,,,,,,0.0802
000089,CN,深圳机场,,,,2016,3036308570.36,562430923.12,1140629124.3,10720114170.91,6.18052,,0.14100792,,,,,,,,,,,0.0538
000089,CN,深圳机场,,,,2017,3320448795.71,661361735.12,1083207946.42,11220116569.94,6.941824,,0.1446045,,,,,,,,,,,0.0605
000089,CN,深圳机场,,,,2018,3599235357.66,668007718.91,1054634660.03,11657270233.84,6.59614,,0.13351009,,,,,,,,,,,0.0587
000089,CN,深圳机场,,,,2019,3806556336.27,593716688.73,963530678.46,12079025778.04,5.656645,,0.13855472000000002,,,,,,,,,,,0.050199999999999995
000089,CN,深圳机场,,,,2020,2996744329.58,28072432.05,501300412.54,11939415913.62,0.366902,,0.21023524999999998,,,,,,,,,,,0.23
000089,CN,深圳机场,,,,2021,3305644731.71,-34439109.75,990486512.76,11902692766.66,0.625725,,0.5479472400000001,,,,,,,,,,,-0.29
000089,CN,深圳机场,,,,2022,2671177612.39,-1123951387.52,303319630.99,10731891637.82,-4.103084,,0.57436153,,,,,,,,,,,-0.0993
000089,CN,深圳机场,,,,2023,4164718288.9,396692272.66,1150879619.95,11119363522.32,3.710916,,0.5400093300000001,,,,,,,,,,,0.0363
000089,CN,深圳机场,,,,2024,4739308234.91,443039612.74,1905703787.08,11370550866.25,3.827435,,0.52963428,,,,,,,,,,,0.039599999999999996
000089,CN,深圳机场,,,,2025,5128350945.52,525205361.13,1836036908.23,11647270701.95,4.17735,,0.52855135,,,,,,,,,,,0.045700000000000005
000090,CN,天健集团,,,,2016,6209017672.39,446518135.09,-731080311.14,6335634542.62,4.644814,,0.67156938,,,,,,,,,,,0.0727
000090,CN,天健集团,,,,2017,6749593623.34,601621221.04,-1574253818.24,6588743945.73,4.687034,,0.7445498899999999,,,,,,,,,,,0.0935
000090,CN,天健集团,,,,2018,10209484122.16,781577703.9,-492770050.72,8737820778.27,4.603954,,0.72471634,,,,,,,,,,,0.1173
000090,CN,天健集团,,,,2019,14665288591.27,1236193764.65,292417758.34,9660532857.61,5.519148,,0.7603640500000001,,,,,,,,,,,0.13419999999999999
000090,CN,天健集团,,,,2020,17124707926.4,1486176260.22,-157583422.53,11037288929.08,5.426772,,0.77474292,,,,,,,,,,,0.1431
000090,CN,天健集团,,,,2021,23269331871.06,1933357215.84,1071994237.59,12826521167.42,5.721866,,0.78559578,,,,,,,,,,,0.1685
000090,CN,天健集团,,,,2022,26463994191.01,1951844361.82,-1454597306.94,14087904410.34,5.066924,,0.79642977,,,,,,,,,,,0.1797
000090,CN,天健集团,,,,2023,26999299212.99,1517014757.66,7097226462.46,15104967247.11,3.339774,,0.7825884999999999,,,,,,,,,,,0.1257
000090,CN,天健集团,,,,2024,21357354258.66,620571968.02,1140237944.85,15024698962.98,2.344354,,0.76488224,,,,,,,,,,,0.042800000000000005
000090,CN,天健集团,,,,2025,22501056669.43,223438935.79,166860303.27,14770978507.6,1.396966,,0.74272705,,,,,,,,,,,0.011399999999999999
000096,CN,广聚能源,,,,2016,905096099.33,292887447.31,-45480069.12,2304512413.08,13.936032,,0.051591950000000004,,,,,,,,,,,0.1369
000096,CN,广聚能源,,,,2017,1243173666.89,150193990.42,81714869.65,2401762034.06,7.320097,,0.05929952,,,,,,,,,,,0.0646
000096,CN,广聚能源,,,,2018,1654195827.05,107730577.9,78107696.85,2499281118.42,5.133793,,0.05578574,,,,,,,,,,,0.0444
000096,CN,广聚能源,,,,2019,1623086752.58,124873051.45,104395678.36,2736225982.13,5.363359,,0.07142953,,,,,,,,,,,0.0472
000096,CN,广聚能源,,,,2020,1228821458.41,130053676.6,40975679.13,2860159807.67,5.022871,,0.07023045,,,,,,,,,,,0.046799999999999994
000096,CN,广聚能源,,,,2021,1619712149.5,67704378.87,-54912324.61,2914301756.87,3.370739,,0.05502421,,,,,,,,,,,0.0236
000096,CN,广聚能源,,,,2022,2100247551.05,55134790.32,119145493.51,2601105801.67,2.849202,,0.05476115,,,,,,,,,,,0.0202
000096,CN,广聚能源,,,,2023,2552770352.14,88145803.49,49591627.6,2736168672.2,4.511108,,0.06466104,,,,,,,,,,,0.0333
000096,CN,广聚能源,,,,2024,1977439058.81,96956971.85,87905532.53,2809887864.03,4.338387,,0.06585871,,,,,,,,,,,0.0352
000096,CN,广聚能源,,,,2025,1366291607.47,114791143.74,-40832126.36,2750255686.39,4.23506,,0.25362838,,,,,,,,,,,0.0414
000099,CN,中信海直,,,,2016,1171925228.78,85929488.69,290574717.06,2876131685.1,3.882633,,0.41221801999999996,,,,,,,,,,,0.030699999999999998
000099,CN,中信海直,,,,2017,1269761412.85,90983257.61,-74466979.18,3063472482.36,4.049164,,0.45503687,,,,,,,,,,,0.0315
000099,CN,中信海直,,,,2018,1425880852.95,150458865.08,233607880.89,3202844588.43,5.165364,,0.43448227,,,,,,,,,,,0.0499
000099,CN,中信海直,,,,2019,1567253301.11,211461480.81,765760163.1,3391074482.84,6.331928,,0.42148049,,,,,,,,,,,0.0667
000099,CN,中信海直,,,,2020,1558360047.53,218361128.61,470222618.54,3595875242.18,6.217261,,0.34769271,,,,,,,,,,,0.0649
000099,CN,中信海直,,,,2021,1680726020.89,246481713.17,728952461.78,4951895429.75,6.249626,,0.25164875,,,,,,,,,,,0.0629
000099,CN,中信海直,,,,2022,1798114401.7,194230177.21,594906312.49,5121233284.26,3.822231,,0.20769285,,,,,,,,,,,0.0403
000099,CN,中信海直,,,,2023,1969711527.1,239123149.46,583176759.44,5229565815.55,5.429895,,0.16983591,,,,,,,,,,,0.04769999999999999
000099,CN,中信海直,,,,2024,2163321977.59,303229956.33,612962070.26,5435216121.34,6.366915,,0.23143242,,,,,,,,,,,0.0582
000099,CN,中信海直,,,,2025,2235378155.32,308669167.81,988071142.74,5590964688.11,6.114357,,0.27699905999999996,,,,,,,,,,,0.057
000100,CN,TCL科技,,,,2016,106617858000.0,1602126000.0,8028002000.0,45746781000.0,3.254448,,0.68908671,,,,,,,,,,,0.0717
000100,CN,TCL科技,,,,2017,111727442000.0,2664395000.0,9209615000.0,54142936000.0,4.287043,,0.66222727,,,,,,,,,,,0.10859999999999999
000100,CN,TCL科技,,,,2018,113447438000.0,3468211000.0,10486579000.0,60871673000.0,3.810586,,0.6842164900000001,,,,,,,,,,,0.1198
000100,CN,TCL科技,,,,2019,75077806000.0,2617765000.0,11490096000.0,63883144000.0,3.363481,,0.61246511,,,,,,,,,,,0.0909
000100,CN,TCL科技,,,,2020,76830401000.0,4388159000.0,16698283000.0,90057067000.0,3.940915,,0.65081746,,,,,,,,,,,0.1375
000100,CN,TCL科技,,,,2021,163807783000.0,10064253000.0,32878453000.0,119661855000.0,7.655456,,0.61246371,,,,,,,,,,,0.2648
000100,CN,TCL科技,,,,2022,166632146000.0,261319000.0,18426376000.0,132138753000.0,1.652364,,0.63294406,,,,,,,,,,,0.52
000100,CN,TCL科技,,,,2023,174446172000.0,2214934000.0,25314756000.0,145265973000.0,2.685299,,0.62057587,,,,,,,,,,,0.042699999999999995
000100,CN,TCL科技,,,,2024,164962838000.0,1564112000.0,29526571000.0,132703744000.0,0.288595,,0.6491657,,,,,,,,,,,0.029500000000000002
000100,CN,TCL科技,,,,2025,184210915000.0,4516782000.0,44021698000.0,133342978311.0,1.434599,,0.64226114,,,,,,,,,,,0.07980000000000001
000151,CN,中成股份,,,,2016,1767361161.81,100879897.91,-350478174.29,998090915.74,5.910626,,0.51753538,,,,,,,,,,,0.1009
000151,CN,中成股份,,,,2017,2228598001.44,87361495.11,108496774.69,990465212.74,4.964858,,0.54077036,,,,,,,,,,,0.0882
000151,CN,中成股份,,,,2018,1270727969.65,83421145.18,-459646245.26,1000389277.02,5.032981,,0.53634393,,,,,,,,,,,0.08380000000000001
000151,CN,中成股份,,,,2019,1183601165.48,8751179.96,-526157266.14,948071247.78,0.671623,,0.60373955,,,,,,,,,,,0.9
000151,CN,中成股份,,,,2020,1780467520.73,-275505615.8,193932109.69,1544592871.08,-13.878797,,0.64676951,,,,,,,,,,,-0.2652
000151,CN,中成股份,,,,2021,2159612715.64,7972619.29,-17247071.14,1437471458.93,3.243905,,0.60865389,,,,,,,,,,,0.69
000151,CN,中成股份,,,,2022,4222018008.07,-332334467.15,103102613.11,1215472017.24,-11.754135,,0.73290656,,,,,,,,,,,-0.45909999999999995
000151,CN,中成股份,,,,2023,3067328627.17,-262659022.14,599459359.85,851055966.68,-10.321237,,0.74223918,,,,,,,,,,,-0.40369999999999995
000151,CN,中成股份,,,,2024,1226342450.19,-305544211.46,-15434233.58,279501307.18,-17.533169,,0.8810344999999999,,,,,,,,,,,-0.5913
000151,CN,中成股份,,,,2025,1129409272.7,359573390.29,-248826771.0,718588564.95,15.582135,,0.73790793,,,,,,,,,,,0.6548999999999999
000153,CN,丰原药业,,,,2016,2033683395.7,45836288.81,78211866.08,1152773755.3,3.940782,,0.53710821,,,,,,,,,,,0.0398
000153,CN,丰原药业,,,,2017,2578105436.88,65348141.38,52395110.05,1220456400.86,4.908356,,0.55903825,,,,,,,,,,,0.0553
000153,CN,丰原药业,,,,2018,3013395364.37,60926377.37,233592504.55,1291786767.83,4.297868,,0.57054929,,,,,,,,,,,0.049
000153,CN,丰原药业,,,,2019,3238064437.11,80921045.82,66213294.7,1327118201.7,4.781733,,0.6271736099999999,,,,,,,,,,,0.061900000000000004
000153,CN,丰原药业,,,,2020,3321182365.33,103720155.65,292753328.44,1447976727.17,4.935683,,0.6017893,,,,,,,,,,,0.0757
000153,CN,丰原药业,,,,2021,3652216737.24,122983675.26,264621497.21,1771336220.35,5.157072,,0.56360953,,,,,,,,,,,0.0732
000153,CN,丰原药业,,,,2022,4004020381.58,154426589.4,439990375.52,1754762141.32,5.514765,,0.60736899,,,,,,,,,,,0.08539999999999999
000153,CN,丰原药业,,,,2023,4275436713.72,159285567.9,254751792.54,1918825742.53,5.615603,,0.5630412499999999,,,,,,,,,,,0.08800000000000001
000153,CN,丰原药业,,,,2024,4284620583.14,160834825.11,126235149.21,2045910433.88,5.260125,,0.56460239,,,,,,,,,,,0.0824
000153,CN,丰原药业,,,,2025,3858212108.59,99415904.27,119297762.62,2126000274.79,3.286976,,0.57981121,,,,,,,,,,,0.0481
000156,CN,华数传媒,,,,2016,3081183980.3,602197096.62,1485291540.4,10113780376.62,4.58514,,0.27927777,,,,,,,,,,,0.0633
000156,CN,华数传媒,,,,2017,3209307928.54,641275527.64,1274256135.29,10376877141.53,4.512266,,0.28039768,,,,,,,,,,,0.0626
000156,CN,华数传媒,,,,2018,3435994345.95,644188211.38,1194901642.03,10645849487.6,4.484696,,0.27781262,,,,,,,,,,,0.061200000000000004
000156,CN,华数传媒,,,,2019,6988349283.73,780841359.83,2339621075.44,15557211375.45,4.365333,,0.30024456,,,,,,,,,,,0.07139999999999999
000156,CN,华数传媒,,,,2020,7577647859.63,843665729.48,1922057078.1,13888280296.08,3.939559,,0.40750956000000005,,,,,,,,,,,0.065
000156,CN,华数传媒,,,,2021,8483660931.32,906794208.2,2806443620.45,14504095972.53,3.869897,,0.43344448,,,,,,,,,,,0.0654
000156,CN,华数传媒,,,,2022,9386052597.7,792596499.25,1536156962.11,14941081946.29,3.189228,,0.44888787,,,,,,,,,,,0.055
000156,CN,华数传媒,,,,2023,9706864632.25,689003288.64,1965790880.61,15207771190.27,2.753504,,0.48061248999999995,,,,,,,,,,,0.0467
000156,CN,华数传媒,,,,2024,9394570758.66,534000266.4,1939935714.22,15330310148.97,2.020165,,0.47200372,,,,,,,,,,,0.035699999999999996
000156,CN,华数传媒,,,,2025,9178132953.66,466444967.68,1859846961.49,15468475081.47,1.828727,,0.47503753000000004,,,,,,,,,,,0.0308
000157,CN,中联重科,,,,2016,20022516698.58,-933697485.65,2168560151.68,37794960506.7,0.659547,,0.57600934,,,,,,,,,,,-0.024399999999999998
000157,CN,中联重科,,,,2017,23272893731.36,1331923715.27,2851086469.93,38227293647.79,3.168734,,0.54025589,,,,,,,,,,,0.035699999999999996
000157,CN,中联重科,,,,2018,28696542909.99,2019857001.7,5064119225.01,38768468192.25,4.631081,,0.5851716499999999,,,,,,,,,,,0.0525
000157,CN,中联重科,,,,2019,43307395375.43,4371456570.63,6219349490.09,39533169742.05,7.230356,,0.57060914,,,,,,,,,,,0.1082
000157,CN,中联重科,,,,2020,65108942242.75,7280671792.59,7421753673.31,47886912686.59,9.208901,,0.58815791,,,,,,,,,,,0.16699999999999998
000157,CN,中联重科,,,,2021,67130626817.29,6269768140.19,2624725832.05,58297166150.61,6.921485,,0.52222549,,,,,,,,,,,0.11560000000000001
000157,CN,中联重科,,,,2022,41631497729.32,2306047166.93,2424632272.28,56975221403.56,2.774942,,0.53886016,,,,,,,,,,,0.041299999999999996
000157,CN,中联重科,,,,2023,47074853106.11,3506011590.67,2712551743.37,59167277210.9,3.866324,,0.5478664400000001,,,,,,,,,,,0.0641
000157,CN,中联重科,,,,2024,45478184506.84,3520377530.14,2142055023.05,59838049498.27,3.891499,,0.51644336,,,,,,,,,,,0.062400000000000004
000157,CN,中联重科,,,,2025,52107129173.91,4858487017.8,4873901652.93,59872756992.04,5.03716,,0.55030587,,,,,,,,,,,0.0834
000158,CN,常山北明,,,,2016,10974323090.74,349914511.72,436577038.61,5743824170.12,4.563618,,0.55141063,,,,,,,,,,,0.06269999999999999
000158,CN,常山北明,,,,2017,11254467684.79,355095034.93,382788193.92,6012590932.02,4.497056,,0.52987019,,,,,,,,,,,0.0605
000158,CN,常山北明,,,,2018,9656109155.27,185972590.91,867710334.61,6092429870.92,3.971969,,0.56921871,,,,,,,,,,,0.030699999999999998
000158,CN,常山北明,,,,2019,9446620387.05,101100814.74,300619463.58,5920559343.94,2.766286,,0.58177554,,,,,,,,,,,0.0169
000158,CN,常山北明,,,,2020,9883795591.2,101306491.87,1006977493.71,6037622760.46,2.621855,,0.59466516,,,,,,,,,,,0.017
000158,CN,常山北明,,,,2021,10881605977.99,131004083.67,458701844.13,6171765083.52,2.423909,,0.62815847,,,,,,,,,,,0.0215
000158,CN,常山北明,,,,2022,9663472133.76,-207759208.03,192448125.98,5942145266.53,-0.05354,,0.6410405,,,,,,,,,,,-0.034300000000000004
000158,CN,常山北明,,,,2023,9046517603.44,-116629439.17,1089089507.1,6382842615.32,0.829847,,0.66289908,,,,,,,,,,,-0.0181
000158,CN,常山北明,,,,2024,8818335256.03,-593467183.44,-867783142.92,5416903483.71,-1.957049,,0.67001201,,,,,,,,,,,-0.0983
000158,CN,常山北明,,,,2025,7538303122.51,33446475.79,417891560.49,5444365612.51,1.806265,,0.63551435,,,,,,,,,,,0.62
000159,CN,国际实业,,,,2016,523795825.28,35217632.21,-33624732.45,2204023955.59,2.30082,,0.29273194,,,,,,,,,,,0.0161
000159,CN,国际实业,,,,2017,356045632.08,-66305287.36,-29564283.33,2094734258.71,-1.400205,,0.31045932,,,,,,,,,,,-0.030899999999999997
000159,CN,国际实业,,,,2018,551449580.94,59920131.11,-9144731.58,2141451102.9,3.428581,,0.21846703,,,,,,,,,,,0.028399999999999998
000159,CN,国际实业,,,,2019,430842047.3,30416046.77,-94405066.32,2184312964.73,2.054163,,0.22461787,,,,,,,,,,,0.013999999999999999
000159,CN,国际实业,,,,2020,552744207.53,88714818.44,-46591951.63,2194003789.71,4.63251,,0.18115262999999998,,,,,,,,,,,0.04019999999999999
000159,CN,国际实业,,,,2021,1119159300.43,27662678.41,10726787.4,2263833780.66,4.52887,,0.38633370999999994,,,,,,,,,,,0.0125
000159,CN,国际实业,,,,2022,1611414197.67,297883091.04,-326151758.03,2612363809.12,11.357916,,0.15136867,,,,,,,,,,,0.1255
000159,CN,国际实业,,,,2023,4514450378.56,80805213.75,-42020165.13,2440933250.6,3.565886,,0.34260185,,,,,,,,,,,0.029500000000000002
000159,CN,国际实业,,,,2024,2576415793.29,-438782036.33,447826258.77,2022191318.77,-10.962344,,0.40988312,,,,,,,,,,,0.024300000000000002
000159,CN,国际实业,,,,2025,1986536295.21,38017209.31,-96413691.75,2054951269.59,2.913587,,0.4365031,,,,,,,,,,,0.018600000000000002
000166,CN,申万宏源,,,,2016,14713533797.59,5409058284.05,-38506580972.47,54073240938.79,,,0.70894697,,,,,,,,,,,0.1059
000166,CN,申万宏源,,,,2017,13367782979.84,4599683411.82,-30585421116.43,57005778172.13,,,0.7587715799999999,,,,,,,,,,,0.0861
000166,CN,申万宏源,,,,2018,15277425925.59,4160188689.17,-13882156698.2,71195929077.58,,,0.75231864,,,,,,,,,,,0.061900000000000004
000166,CN,申万宏源,,,,2019,24593411762.73,5735412391.33,10115907964.23,84831406893.62,,,0.72765398,,,,,,,,,,,0.0741
000166,CN,申万宏源,,,,2020,29409186016.58,7766174742.43,-17746521735.23,90090589458.14,,,0.77110504,,,,,,,,,,,0.09050000000000001
000166,CN,申万宏源,,,,2021,34307428053.23,9398369399.7,-40818014733.51,107054594020.26,,,0.7842829,,,,,,,,,,,0.1026
000166,CN,申万宏源,,,,2022,20609644632.44,2789067875.31,37181121690.01,116679692865.08,,,0.77246827,,,,,,,,,,,0.029300000000000003
000166,CN,申万宏源,,,,2023,21500668661.21,4606340168.13,69247276362.39,128794134222.37,,,0.76085769,,,,,,,,,,,0.0472
000166,CN,申万宏源,,,,2024,18616589031.13,5210661908.61,26417679792.44,133348925644.77,,,0.7681293100000001,,,,,,,,,,,0.0508
000166,CN,申万宏源,,,,2025,24256073184.06,9507226300.42,1523845538.8,140176750375.6,,,0.7662479000000001,,,,,,,,,,,0.0876
000301,CN,东方盛虹,,,,2016,793110205.43,147379259.23,855575300.82,3466575957.55,4.994511,,0.30218495,,,,,,,,,,,0.04
000301,CN,东方盛虹,,,,2017,16299379799.22,1429157967.52,1306195131.68,6600116231.22,5.989436,,0.18697234999999998,,,,,,,,,,,0.2194
000301,CN,东方盛虹,,,,2018,23263990855.11,965312259.31,2114607969.78,15695874564.68,7.50076,,0.40751309999999996,,,,,,,,,,,0.1005
000301,CN,东方盛虹,,,,2019,24887768959.59,1613795525.71,5215122982.16,15300011551.26,7.33319,,0.5633838999999999,,,,,,,,,,,0.11320000000000001
000301,CN,东方盛虹,,,,2020,33698796950.06,766648020.16,3982034869.18,30146610191.66,1.973371,,0.64171992,,,,,,,,,,,0.0341
000301,CN,东方盛虹,,,,2021,52690217451.46,4574963214.07,5331678227.69,29447177155.58,6.708166,,0.7772161900000001,,,,,,,,,,,0.1722
000301,CN,东方盛虹,,,,2022,63872900064.79,611000794.98,1741736080.88,36345086884.48,1.689857,,0.78561552,,,,,,,,,,,0.0207
000301,CN,东方盛虹,,,,2023,140439738058.63,717031594.87,8342940306.17,35492181070.98,2.16003,,0.8134099899999999,,,,,,,,,,,0.019799999999999998
000301,CN,东方盛虹,,,,2024,137674557166.85,-2296841255.74,10474825680.95,37472143879.53,0.650128,,0.8165939600000001,,,,,,,,,,,-0.0673
000301,CN,东方盛虹,,,,2025,125587320327.07,133746317.81,16052986507.39,38207809106.84,2.133465,,0.8138273300000001,,,,,,,,,,,0.39
000333,CN,美的集团,,,,2016,159841701000.0,14684357000.0,26695009000.0,68976696000.0,12.880959,,0.59568342,,,,,,,,,,,0.2688
000333,CN,美的集团,,,,2017,241918896000.0,17283689000.0,24442623000.0,82925171000.0,10.901155,,0.66576832,,,,,,,,,,,0.2588
000333,CN,美的集团,,,,2018,261819635000.0,20230779000.0,27861080000.0,92454517000.0,10.346477,,0.6493966,,,,,,,,,,,0.2566
000333,CN,美的集团,,,,2019,279380506000.0,24211222000.0,38590404000.0,107496097000.0,10.89347,,0.6440001,,,,,,,,,,,0.2643
000333,CN,美的集团,,,,2020,285709729000.0,27222969000.0,29557117000.0,124237100000.0,9.955378,,0.65526332,,,,,,,,,,,0.2495
000333,CN,美的集团,,,,2021,343360825000.0,28573650000.0,35091704000.0,134825076000.0,9.374251,,0.65246441,,,,,,,,,,,0.2409
000333,CN,美的集团,,,,2022,345708706000.0,29553507000.0,34657828000.0,151923802000.0,8.173956,,0.64046406,,,,,,,,,,,0.22210000000000002
000333,CN,美的集团,,,,2023,373709804000.0,33719935000.0,57902611000.0,174299649000.0,9.483948,,0.6413869200000001,,,,,,,,,,,0.2223
000333,CN,美的集团,,,,2024,409084266000.0,38537237000.0,60511572000.0,227667391000.0,9.013858,,0.62328668,,,,,,,,,,,0.21289999999999998
000333,CN,美的集团,,,,2025,458502407000.0,43945411000.0,53345930000.0,236424223000.0,9.116261,,0.6116500899999999,,,,,,,,,,,0.19699999999999998
000338,CN,潍柴动力,,,,2016,93183521384.54,2441188631.73,8250433471.03,44273942688.82,4.232058,,0.72826705,,,,,,,,,,,0.0765
000338,CN,潍柴动力,,,,2017,151569392236.63,6808342544.23,16443114479.39,56354991230.5,6.748679,,0.70282885,,,,,,,,,,,0.2025
000338,CN,潍柴动力,,,,2018,159255832286.92,8657527308.21,22261628733.25,62259327773.69,7.601257,,0.69670484,,,,,,,,,,,0.2273
000338,CN,潍柴动力,,,,2019,174360892512.86,9104955354.35,23834693282.66,69774725430.48,7.050318,,0.7053826200000001,,,,,,,,,,,0.2134
000338,CN,潍柴动力,,,,2020,197288388945.87003,9228271985.67,22991582841.52,80699171604.72,5.445703,,0.70292418,,,,,,,,,,,0.1895
000338,CN,潍柴动力,,,,2021,220215066328.86,9492605156.58,20717120964.08,105514883337.09,5.521734,,0.62835684,,,,,,,,,,,0.16940000000000002
000338,CN,潍柴动力,,,,2022,175157535625.82,4905013042.11,-2349498421.34,104110652160.41,2.549372,,0.6454794800000001,,,,,,,,,,,0.0666
000338,CN,潍柴动力,,,,2023,213958475631.13,9013894024.19,27470853329.84,112685734885.46,5.257632,,0.66286709,,,,,,,,,,,0.11689999999999999
000338,CN,潍柴动力,,,,2024,215690504589.82,11403288984.59,26094123939.28,121958656325.16,6.24543,,0.64534469,,,,,,,,,,,0.1369
000338,CN,潍柴动力,,,,2025,231809281106.82,10930504451.02,28681522296.05,131062015717.88,5.57879,,0.64334498,,,,,,,,,,,0.1208
000400,CN,许继电气,,,,2016,9607009637.5,868925025.23,1247015876.52,7550536096.63,8.472,,0.47202137,,,,,,,,,,,0.13019999999999998
000400,CN,许继电气,,,,2017,10329489384.43,613777306.9,-34942131.03,8124746755.25,5.707387,,0.46927331,,,,,,,,,,,0.084
000400,CN,许继电气,,,,2018,8216558727.72,199660750.0,463240385.46,8353024190.54,2.475158,,0.42696875,,,,,,,,,,,0.026099999999999998
000400,CN,许继电气,,,,2019,10852446112.05,470535732.73,171968659.19,8952811425.46,3.809584,,0.42498036,,,,,,,,,,,0.057300000000000004
000400,CN,许继电气,,,,2020,11191201681.05,715964046.95,783466700.18,9199203036.74,5.706179,,0.45262853,,,,,,,,,,,0.0842
000400,CN,许继电气,,,,2021,11990697379.23,724373048.45,1304357104.76,10156608202.38,5.761824,,0.42514909,,,,,,,,,,,0.08039999999999999
000400,CN,许继电气,,,,2022,15029743118.34,785264078.19,1755734065.95,11097515143.81,6.092875,,0.42466337000000004,,,,,,,,,,,0.0791
000400,CN,许继电气,,,,2023,17060896563.04,1005384610.79,2748163854.51,11693336512.91,5.998609,,0.46613321999999996,,,,,,,,,,,0.0941
000400,CN,许继电气,,,,2024,17089133346.79,1116925147.02,1298911206.62,12381841145.91,6.030643,,0.50991379,,,,,,,,,,,0.1008
000400,CN,许继电气,,,,2025,14991906066.24,1167210009.73,2670382574.97,13380166364.57,5.7927,,0.49030664,,,,,,,,,,,0.09939999999999999
000401,CN,金隅冀东,,,,2016,12335154865.25,52885484.51,2691290473.2,11167873639.98,3.515072,,0.73076515,,,,,,,,,,,0.52
000401,CN,金隅冀东,,,,2017,25167938383.95,504350192.13,3527494924.46,19453137716.31,3.808188,,0.7252634,,,,,,,,,,,0.047
000401,CN,金隅冀东,,,,2018,31448126752.13,1903675572.65,7782122350.69,29277189256.84,7.92926,,0.61559431,,,,,,,,,,,0.107
000401,CN,金隅冀东,,,,2019,34507031964.78,2700587822.51,8219097476.16,28837964875.63,11.318272,,0.52517199,,,,,,,,,,,0.165
000401,CN,金隅冀东,,,,2020,35479631343.47,2850010849.51,8728180124.59,32149370667.1,12.916119,,0.45460825,,,,,,,,,,,0.1631
000401,CN,金隅冀东,,,,2021,36337568644.17,2810209681.15,6211451232.26,33778749378.66,10.161548,,0.44010434,,,,,,,,,,,0.15380000000000002
000401,CN,金隅冀东,,,,2022,34543644146.26,1357689388.91,2269213488.67,32602913601.9,4.194451,,0.47430697,,,,,,,,,,,0.043899999999999995
000401,CN,金隅冀东,,,,2023,28235146548.2,-1482257189.4,2980414805.69,31047644740.55,-1.977131,,0.48939754999999996,,,,,,,,,,,-0.0499
000401,CN,金隅冀东,,,,2024,25286646897.45,-991024259.22,3181159619.89,29258599315.2,-0.423563,,0.50671594,,,,,,,,,,,-0.0351
000401,CN,金隅冀东,,,,2025,24500912048.98,218704132.86,3350945228.12,29585200001.4,1.98812,,0.48390169,,,,,,,,,,,0.79
000402,CN,金 融 街,,,,2016,19852543654.29,2804370409.02,17085923185.8,31131541527.95,4.764593,,0.72409802,,,,,,,,,,,0.106
000402,CN,金 融 街,,,,2017,25519340880.51,3006412344.59,-7254328127.47,33706294131.77,5.721193,,0.73081389,,,,,,,,,,,0.1056
000402,CN,金 融 街,,,,2018,22113354258.97,3268570827.61,-9029133232.71,37198463629.83,5.353453,,0.74955056,,,,,,,,,,,0.10679999999999999
000402,CN,金 融 街,,,,2019,26184015959.15,3441864333.9,2660294877.91,38981130930.78,5.019695,,0.7593606900000001,,,,,,,,,,,0.10339999999999999
000402,CN,金 融 街,,,,2020,18121373449.03,2498437474.76,9889877867.85,39805061707.33,3.372308,,0.7647565000000001,,,,,,,,,,,0.0702
000402,CN,金 融 街,,,,2021,24155313629.19,1642803603.61,3893007416.34,42595674719.1,2.853103,,0.74150032,,,,,,,,,,,0.044800000000000006
000402,CN,金 融 街,,,,2022,20505780101.04,846359673.17,5611194184.38,42420851935.9,2.048467,,0.72281902,,,,,,,,,,,0.0226
000402,CN,金 融 街,,,,2023,12570632811.21,-1945571279.59,6057775306.87,40209963904.78,-0.080689,,0.7214833500000001,,,,,,,,,,,-0.0527
000402,CN,金 融 街,,,,2024,19074882169.66,-11083720499.52,5998297835.63,27600927049.67,-6.658055,,0.77307986,,,,,,,,,,,-0.3644
000402,CN,金 融 街,,,,2025,7998365246.17,-5384226184.53,2032454660.23,21304934053.31,-2.584615,,0.8150229899999999,,,,,,,,,,,-0.2425
000403,CN,派林生物,,,,2016,561213910.58,50089116.9,62487361.12,526927836.35,7.94528,,0.56011887,,,,,,,,,,,0.0762
000403,CN,派林生物,,,,2017,685378117.22,21596897.33,-14952087.75,542172488.57,5.592378,,0.58944361,,,,,,,,,,,0.0397
000403,CN,派林生物,,,,2018,859843304.64,79982796.95,116634762.45,621541634.9,9.372261,,0.52982787,,,,,,,,,,,0.1338
000403,CN,派林生物,,,,2019,915656568.55,160448038.94,190843307.13,801604036.89,16.263828,,0.3696308,,,,,,,,,,,0.2228
000403,CN,派林生物,,,,2020,1049937691.4,185965308.33,194839665.96,966906601.07,16.175253,,0.41492402,,,,,,,,,,,0.2116
000403,CN,派林生物,,,,2021,1971734315.85,391063978.44,408218063.31,6327730536.45,10.675711,,0.10723604,,,,,,,,,,,0.0703
000403,CN,派林生物,,,,2022,2405188425.37,587131491.86,524218863.43,6861127236.12,8.923853,,0.14045999,,,,,,,,,,,0.08900000000000001
000403,CN,派林生物,,,,2023,2328723280.44,612111043.76,679006330.6,7421863881.8,8.399962,,0.14003983,,,,,,,,,,,0.0858
000403,CN,派林生物,,,,2024,2654684638.93,745320757.41,321790406.27,7917502635.35,9.660067,,0.14370841,,,,,,,,,,,0.0965
000403,CN,派林生物,,,,2025,2632607334.51,419266377.5,-215990613.26,8081248928.77,5.541642,,0.1463183,,,,,,,,,,,0.0524
000404,CN,长虹华意,,,,2016,6965088878.56,252290794.65,195461872.18,3250116691.54,6.569248,,0.59887453,,,,,,,,,,,0.10769999999999999
000404,CN,长虹华意,,,,2017,8114110395.94,97123634.22,-162226447.63,3962663358.96,3.45168,,0.60286778,,,,,,,,,,,0.0341
000404,CN,长虹华意,,,,2018,8910813202.13,72147188.31,172345439.19,4214588973.14,2.79252,,0.58246326,,,,,,,,,,,0.0227
000404,CN,长虹华意,,,,2019,9589210837.07,30626402.76,782449500.7,4261571291.03,1.876705,,0.58417372,,,,,,,,,,,0.95
000404,CN,长虹华意,,,,2020,10452989086.51,116035057.67,559987600.1,4416156407.84,2.520588,,0.5962689999999999,,,,,,,,,,,0.0355
000404,CN,长虹华意,,,,2021,13199061830.01,185433491.94,1598427013.59,4618951989.03,3.261966,,0.60631062,,,,,,,,,,,0.054900000000000004
000404,CN,长虹华意,,,,2022,13095484579.32,262750915.73,886723747.08,4885209063.7,4.132473,,0.61147814,,,,,,,,,,,0.0748
000404,CN,长虹华意,,,,2023,12889012389.22,362158575.34,864359604.07,5193803402.65,4.801309,,0.62641331,,,,,,,,,,,0.0977
000404,CN,长虹华意,,,,2024,11966527971.76,450210134.65,769849682.34,5419616818.96,5.789553,,0.60126315,,,,,,,,,,,0.1133
000404,CN,长虹华意,,,,2025,11780825190.49,494770408.88,974025090.03,5757330260.12,5.997701,,0.61260682,,,,,,,,,,,0.1167
000407,CN,胜利股份,,,,2016,2649794927.14,-292688463.91,51133175.59,2519106189.46,-4.599926,,0.41451003999999997,,,,,,,,,,,-0.1418
000407,CN,胜利股份,,,,2017,3827958840.94,62302459.69,202159050.48,2698466217.51,4.685769,,0.46513182999999997,,,,,,,,,,,0.028999999999999998
000407,CN,胜利股份,,,,2018,4675800100.3,102530653.04,283942405.27,2754083844.54,6.11963,,0.57410233,,,,,,,,,,,0.0461
000407,CN,胜利股份,,,,2019,5348283403.38,133427291.24,590797664.03,2911993089.9,6.001715,,0.55264209,,,,,,,,,,,0.057
000407,CN,胜利股份,,,,2020,4596360862.81,142314776.28,449780536.63,2901401761.16,6.104735,,0.57032119,,,,,,,,,,,0.0583
000407,CN,胜利股份,,,,2021,4547621826.17,110033081.9,291309748.75,3021674273.14,5.393599,,0.57065945,,,,,,,,,,,0.0434
000407,CN,胜利股份,,,,2022,4645247339.6,152748702.92,269107859.35,3096339999.4,5.125458,,0.56754353,,,,,,,,,,,0.0572
000407,CN,胜利股份,,,,2023,4677169179.62,153392954.89,475929196.37,3252887904.05,5.615069,,0.53236772,,,,,,,,,,,0.0546
000407,CN,胜利股份,,,,2024,4225821777.57,117241568.5,317769705.01,3306970493.88,4.105071,,0.50249023,,,,,,,,,,,0.0401
000407,CN,胜利股份,,,,2025,4165107858.95,155774876.81,317799167.75,3381391112.31,5.093311,,0.45784416,,,,,,,,,,,0.051399999999999994
000408,CN,藏格矿业,,,,2016,2602884210.16,911809784.96,402557363.11,5988216609.88,18.271793,,0.18646322,,,,,,,,,,,0.21559999999999999
000408,CN,藏格矿业,,,,2017,3173178484.72,1214377081.63,-66459864.65,6534854698.98,19.809872,,0.15620744,,,,,,,,,,,0.18489999999999998
000408,CN,藏格矿业,,,,2018,2680568343.25,850169479.51,888042780.1,7460790480.75,12.391375,,0.20779581,,,,,,,,,,,0.12240000000000001
000408,CN,藏格矿业,,,,2019,2018557840.82,308259358.85,276995557.03,7906626635.56,4.849974,,0.1801132,,,,,,,,,,,0.0405
000408,CN,藏格矿业,,,,2020,1903487124.97,228887517.0,-174468152.33,7917133465.32,3.46838,,0.08763963000000001,,,,,,,,,,,0.029300000000000003
000408,CN,藏格矿业,,,,2021,3622594323.02,1427339931.06,2035218392.27,9453791299.82,17.562498,,0.11019123,,,,,,,,,,,0.16390000000000002
000408,CN,藏格矿业,,,,2022,8193913458.11,5654971920.07,5430490056.07,12123803112.88,54.580237,,0.10436671,,,,,,,,,,,0.5009
000408,CN,藏格矿业,,,,2023,5225721163.41,3419880869.14,2984047979.57,13050249867.0,27.989884,,0.07389762,,,,,,,,,,,0.2762
000408,CN,藏格矿业,,,,2024,3250800389.88,2579985938.8,919201790.93,13846960638.38,18.66453,,0.08196633,,,,,,,,,,,0.19399999999999998
000408,CN,藏格矿业,,,,2025,3576752605.97,3852353240.98,2100261818.88,16215341911.0,24.793489,,0.08347272,,,,,,,,,,,0.24710000000000001
000409,CN,云鼎科技,,,,2016,2217396594.66,-193558162.1,-201147894.83,1352150704.69,0.188853,,0.7818499400000001,,,,,,,,,,,-0.18739999999999998
000409,CN,云鼎科技,,,,2017,1430256957.34,-224841762.27,-66505584.1,1084321800.56,-0.803596,,0.81847294,,,,,,,,,,,-0.2729
000409,CN,云鼎科技,,,,2018,3065394827.15,30981337.92,701615420.8,2150755285.32,7.179418,,0.55137863,,,,,,,,,,,0.0393
000409,CN,云鼎科技,,,,2019,2486956326.97,-447824583.37,-92531226.37,1492415139.06,-19.518419,,0.66696321,,,,,,,,,,,-0.5787
000409,CN,云鼎科技,,,,2020,2163457678.16,73849631.81,-155301304.94,570486034.35,6.416152,,0.42747841000000003,,,,,,,,,,,0.1265
000409,CN,云鼎科技,,,,2021,508205584.59,17597515.14,-18754239.8,600125295.32,5.017144,,0.49962185,,,,,,,,,,,0.0351
000409,CN,云鼎科技,,,,2022,1091076150.62,25098660.61,115752538.28,1636683364.35,4.64685,,0.33965560000000006,,,,,,,,,,,0.038
000409,CN,云鼎科技,,,,2023,1141436797.38,61784561.65,90991832.36,1753698020.28,5.181716,,0.33518180999999997,,,,,,,,,,,0.0435
000409,CN,云鼎科技,,,,2024,1350860731.45,92743489.75,184111117.11,1758407376.49,5.255547,,0.35825376,,,,,,,,,,,0.0635
000409,CN,云鼎科技,,,,2025,1527155078.42,82405100.57,2885104.82,1872695392.07,4.556609,,0.35748392,,,,,,,,,,,0.0528
000410,CN,沈阳机床,,,,2016,6243792555.67,-1403329308.89,-1935685167.56,824029315.73,-2.506599,,0.9667708399999999,,,,,,,,,,,-1.0334
000410,CN,沈阳机床,,,,2017,4189236907.84,117751570.5,-1123268765.45,1021023149.89,4.590799,,0.95231244,,,,,,,,,,,0.1641
000410,CN,沈阳机床,,,,2018,5014891507.55,-788262394.7,-56913955.87,150157988.9,0.454714,,0.99263656,,,,,,,,,,,-1.6747
000410,CN,沈阳机床,,,,2019,1002138346.66,-2988269764.45,-37709280.92,1096157459.14,-18.67159,,0.84801198,,,,,,,,,,,-2.1034
000410,CN,沈阳机床,,,,2020,1343137453.56,-722760466.6,-908186649.08,347223984.16,-9.930255,,0.9374971999999999,,,,,,,,,,,-0.9742000000000001
000410,CN,沈阳机床,,,,2021,1698768413.35,-863319902.15,-309393365.48,-576960609.5,-19.905698,,1.19268423,,,,,,,,,,,
000410,CN,沈阳机床,,,,2022,1670288166.21,25755983.41,-258022160.89,973745125.92,2.893134,,0.72994165,,,,,,,,,,,
000410,CN,沈阳机床,,,,2023,1501401473.96,34756961.87,148050311.11,988054169.0,1.955844,,0.68840339,,,,,,,,,,,0.0338
000410,CN,沈阳机床,,,,2024,3702119875.16,80541581.5,187606955.91,2618896675.05,1.36488,,0.6918490300000001,,,,,,,,,,,0.0325
000410,CN,沈阳机床,,,,2025,3738346595.7,-9590538.89,497470184.35,4322815806.74,0.650496,,0.51491244,,,,,,,,,,,-0.33
000411,CN,英特集团,,,,2016,17257326550.14,86847599.38,141528430.38,1696807596.35,5.787176,,0.7571528200000001,,,,,,,,,,,0.12119999999999999
000411,CN,英特集团,,,,2017,18907331040.58,83490544.2,158458167.17,1905204079.99,5.122563,,0.79025408,,,,,,,,,,,0.1042
000411,CN,英特集团,,,,2018,20492140937.77,93851378.92,166314176.1,2083397155.86,5.127586,,0.7683186399999999,,,,,,,,,,,0.1059
000411,CN,英特集团,,,,2019,24600927156.34,151093951.77,220561595.64,2971504354.65,6.457297,,0.72408045,,,,,,,,,,,0.124
000411,CN,英特集团,,,,2020,25008204653.82,156748016.89,332241463.38,3205849094.33,5.505577,,0.7150424599999999,,,,,,,,,,,0.09880000000000001
000411,CN,英特集团,,,,2021,26730979470.5,167809938.17,326023869.96,3515582014.47,5.961839,,0.71290437,,,,,,,,,,,0.0913
000411,CN,英特集团,,,,2022,30619257331.72,212411188.27,391167270.63,3876603811.35,6.19301,,0.70502511,,,,,,,,,,,0.107
000411,CN,英特集团,,,,2023,32052121586.44,488732096.82,425313727.37,4781185940.51,7.157574,,0.65624882,,,,,,,,,,,0.1402
000411,CN,英特集团,,,,2024,33351653828.95,525522107.14,410324781.82,5209539097.84,6.740031,,0.64397421,,,,,,,,,,,0.11869999999999999
000411,CN,英特集团,,,,2025,33679107221.15,501237768.04,355669607.74,5780768685.68,6.270203,,0.65545073,,,,,,,,,,,0.105
000415,CN,渤海租赁,,,,2016,24257548000.0,2276802000.0,13944584000.0,37736876000.0,10.712346,,0.82580201,,,,,,,,,,,0.0779
000415,CN,渤海租赁,,,,2017,35934351000.0,2630341000.0,21023230000.0,35413862000.0,9.753446,,0.8821087599999999,,,,,,,,,,,0.0837
000415,CN,渤海租赁,,,,2018,41290683000.0,2279324000.0,20434852000.0,55092735000.0,9.852965,,0.80724582,,,,,,,,,,,0.068
000415,CN,渤海租赁,,,,2019,38802730000.0,1848473000.0,19875636000.0,54576615000.0,10.203579,,0.79446727,,,,,,,,,,,0.0501
000415,CN,渤海租赁,,,,2020,27417721000.0,-7704344000.0,14446691000.0,41553206000.0,3.120035,,0.83392818,,,,,,,,,,,-0.2373
000415,CN,渤海租赁,,,,2021,26790611000.0,-1232137000.0,16092187000.0,39879065000.0,5.967738,,0.8393470000000001,,,,,,,,,,,-0.0467
000415,CN,渤海租赁,,,,2022,31921780000.0,-1986500000.0,21012331000.0,43272676000.0,6.98247,,0.83586721,,,,,,,,,,,-0.0745
000415,CN,渤海租赁,,,,2023,33674749000.0,1281291000.0,25601429000.0,45612870000.0,8.284008,,0.82560211,,,,,,,,,,,0.0447
000415,CN,渤海租赁,,,,2024,38431263000.0,903941000.0,25467833000.0,48770769000.0,9.70381,,0.82971058,,,,,,,,,,,0.0296
000415,CN,渤海租赁,,,,2025,52923962000.0,-405925000.0,23324938000.0,46829188000.0,14.496525,,0.81258224,,,,,,,,,,,-0.013300000000000001
000417,CN,合百集团,,,,2016,9735838430.15,282880171.08,656946874.76,4135400538.72,5.941565,,0.55031103,,,,,,,,,,,0.0815
000417,CN,合百集团,,,,2017,10389909722.62,213148025.9,634124859.92,4317786296.07,4.800888,,0.57234103,,,,,,,,,,,0.058899999999999994
000417,CN,合百集团,,,,2018,10681935553.97,224495838.41,692754824.14,4459114902.13,4.534339,,0.57579357,,,,,,,,,,,0.0604
000417,CN,合百集团,,,,2019,10908554054.14,159605948.03,-393519600.1,4731303578.45,4.079327,,0.56274334,,,,,,,,,,,0.0405
000417,CN,合百集团,,,,2020,6329742207.27,137057431.15,273174442.89,4844637463.78,2.977457,,0.56457094,,,,,,,,,,,0.0342
000417,CN,合百集团,,,,2021,6337791186.87,180849179.3,967914426.89,5035998604.97,3.885066,,0.60940581,,,,,,,,,,,0.044000000000000004
000417,CN,合百集团,,,,2022,6301890006.53,171008589.18,595766215.3,5208876359.22,3.254716,,0.6019207200000001,,,,,,,,,,,0.0403
000417,CN,合百集团,,,,2023,6688042904.45,264027711.93,835348029.69,5586798598.77,3.996271,,0.57513927,,,,,,,,,,,0.0592
000417,CN,合百集团,,,,2024,7035673606.44,190573996.91,687100365.96,5745802627.01,3.327163,,0.56508536,,,,,,,,,,,0.0409
000417,CN,合百集团,,,,2025,6695652254.81,160215070.45,-141295672.72,5777529018.25,3.039183,,0.5284262900000001,,,,,,,,,,,0.034
000419,CN,通程控股,,,,2016,3860808283.07,102248511.28,88845516.25,2087679544.78,4.236381,,0.47513942,,,,,,,,,,,0.054000000000000006
000419,CN,通程控股,,,,2017,4044782462.52,127931331.72,260639133.5,2200116073.01,5.072663,,0.47066938999999997,,,,,,,,,,,0.0647
000419,CN,通程控股,,,,2018,3940101700.72,141430326.27,-33091013.78,2984040585.75,5.05778,,0.39441121,,,,,,,,,,,0.0633
000419,CN,通程控股,,,,2019,3640200904.88,174425756.01,-70865957.11,3191919131.78,5.364327,,0.37437133,,,,,,,,,,,0.061399999999999996
000419,CN,通程控股,,,,2020,2317717194.84,181116202.06,68567275.51,3473790718.6,5.195588,,0.34854416,,,,,,,,,,,0.0588
000419,CN,通程控股,,,,2021,2328944798.33,138470858.4,342392421.94,3334364036.2,4.710069,,0.42458761,,,,,,,,,,,0.0462
000419,CN,通程控股,,,,2022,2130509825.07,145750680.72,27990172.27,3350667493.76,3.910499,,0.35951675,,,,,,,,,,,0.048
000419,CN,通程控股,,,,2023,2132869949.22,129606273.03,253676863.36,3494102831.33,4.062052,,0.35062694,,,,,,,,,,,0.0416
000419,CN,通程控股,,,,2024,2082520315.05,150257586.93,160361478.28,3793112748.04,3.910309,,0.36122962999999997,,,,,,,,,,,0.0452
000419,CN,通程控股,,,,2025,1957844250.5,122957539.4,65144062.75,3730117652.92,3.098516,,0.31733598,,,,,,,,,,,0.0359
000420,CN,吉林化纤,,,,2016,1394519259.78,32504732.6,-114705111.48,2693063876.4,2.153746,,0.41717457,,,,,,,,,,,0.015300000000000001
000420,CN,吉林化纤,,,,2017,2197822695.2,85594136.0,31664179.9,2779925259.73,3.032247,,0.55018345,,,,,,,,,,,0.031200000000000002
000420,CN,吉林化纤,,,,2018,2562401716.87,132413848.35,177100494.21,2919279914.67,4.318502,,0.59115204,,,,,,,,,,,0.0464
000420,CN,吉林化纤,,,,2019,2690565539.92,90912171.14,74933366.42,3019228190.73,4.260702,,0.6438931800000001,,,,,,,,,,,0.030699999999999998
000420,CN,吉林化纤,,,,2020,2499714527.34,-233288434.13,101987965.01,3112157632.48,-0.012033,,0.64179831,,,,,,,,,,,-0.0806
000420,CN,吉林化纤,,,,2021,3580154587.89,-129223717.74,168886089.53,2957798357.55,1.484018,,0.66283401,,,,,,,,,,,-0.0425
000420,CN,吉林化纤,,,,2022,3669640281.25,-91448081.19,328508145.22,4330555277.1,1.744855,,0.58812248,,,,,,,,,,,-0.0259
000420,CN,吉林化纤,,,,2023,3736729964.21,32185641.43,242993409.85,4362740918.53,2.412578,,0.59173273,,,,,,,,,,,0.74
000420,CN,吉林化纤,,,,2024,3883475565.13,27712829.58,90253963.34,4891625039.05,2.432024,,0.61415955,,,,,,,,,,,0.63
000420,CN,吉林化纤,,,,2025,5427849832.33,22730386.5,248142595.31,4921396263.54,2.426268,,0.63983404,,,,,,,,,,,0.52
000421,CN,南京公用,,,,2016,3901569415.06,192604472.38,-137062142.9,3578382304.66,6.149499,,0.49187369,,,,,,,,,,,0.0821
000421,CN,南京公用,,,,2017,3609320538.83,148521217.61,3123808779.95,3421752088.89,4.07582,,0.6866556,,,,,,,,,,,0.0613
000421,CN,南京公用,,,,2018,3507914294.81,143204514.39,939806273.23,3458889566.14,3.420852,,0.69749713,,,,,,,,,,,0.0572
000421,CN,南京公用,,,,2019,3593702456.91,101210766.09,-906643524.53,3576122581.88,2.512334,,0.70518732,,,,,,,,,,,0.0393
000421,CN,南京公用,,,,2020,6839653806.57,225082875.72,-1883294755.81,3854270656.59,8.144738,,0.64945154,,,,,,,,,,,0.0832
000421,CN,南京公用,,,,2021,3588708109.25,98650564.47,1044227384.25,4069866332.63,2.408444,,0.71289637,,,,,,,,,,,0.0348
000421,CN,南京公用,,,,2022,7112573231.38,60529807.98,-584132110.97,4013979616.34,1.781351,,0.74039912,,,,,,,,,,,0.021099999999999997
000421,CN,南京公用,,,,2023,4632025855.86,-90274064.53,3022742782.57,3831324124.06,0.190924,,0.7555790600000001,,,,,,,,,,,-0.0323
000421,CN,南京公用,,,,2024,6569468128.92,45922644.29,605327478.64,3872765552.61,1.721429,,0.7313236000000001,,,,,,,,,,,0.0169
000421,CN,南京公用,,,,2025,6981341609.0,48080325.78,1203239629.07,3835504733.15,2.119933,,0.61966089,,,,,,,,,,,0.0176
000422,CN,湖北宜化,,,,2016,15181929889.86,-1249447321.11,2453696348.66,6805974325.95,-1.035264,,0.8288939499999999,,,,,,,,,,,-0.2006
000422,CN,湖北宜化,,,,2017,11955441536.9,-5090695151.15,1232372127.66,1567731820.84,-11.154929,,0.9519901000000001,,,,,,,,,,,-1.6093000000000002
000422,CN,湖北宜化,,,,2018,12812265269.37,268776992.11,165983658.27,1946552664.67,4.814724,,0.91864739,,,,,,,,,,,0.2969
000422,CN,湖北宜化,,,,2019,14660024897.32,164393911.64,2253870395.91,1143455361.59,4.100719,,0.95131451,,,,,,,,,,,0.1709
000422,CN,湖北宜化,,,,2020,13804699864.62,115794866.77,1260708214.74,1343525199.92,4.42988,,0.93897413,,,,,,,,,,,0.47490000000000004
000422,CN,湖北宜化,,,,2021,18544062134.24,1569026236.42,3658608151.44,3968498089.01,12.800477,,0.8098115300000001,,,,,,,,,,,1.1592
000422,CN,湖北宜化,,,,2022,20712522438.89,2164385796.11,3861172042.47,6808867944.01,16.300345,,0.65378483,,,,,,,,,,,0.6082
000422,CN,湖北宜化,,,,2023,17045801343.2,452140282.27,1629586937.02,8663241855.37,5.881259,,0.59658041,,,,,,,,,,,0.08220000000000001
000422,CN,湖北宜化,,,,2024,25394172300.46,1067484892.73,4415405597.01,13593731605.09,5.097194,,0.6710336800000001,,,,,,,,,,,0.1324
000422,CN,湖北宜化,,,,2025,25652882508.52,808587873.83,3606060151.55,13547058566.68,4.971841,,0.70546576,,,,,,,,,,,0.1441
000423,CN,东阿阿胶,,,,2016,6317135286.24,1852473518.27,624572512.94,8386129336.08,23.722435,,0.1571361,,,,,,,,,,,0.24100000000000002
000423,CN,东阿阿胶,,,,2017,7372340332.18,2044352503.41,1757389210.59,9871507183.65,21.798893,,0.20236883,,,,,,,,,,,0.22460000000000002
000423,CN,东阿阿胶,,,,2018,7338316223.18,2084866052.69,1009049053.07,11329005350.57,18.864207,,0.18319835999999998,,,,,,,,,,,0.1972
000423,CN,东阿阿胶,,,,2019,2970075665.15,-454830581.98,-1119276002.38,10028943857.98,-3.478283,,0.1399225,,,,,,,,,,,-0.042199999999999994
000423,CN,东阿阿胶,,,,2020,3409437164.01,43289251.31,800834183.65,9777011154.42,1.591259,,0.10712427999999999,,,,,,,,,,,0.44
000423,CN,东阿阿胶,,,,2021,3848985686.56,440439963.6,2800902528.25,9995371041.8,5.109138,,0.14040732,,,,,,,,,,,0.0446
000423,CN,东阿阿胶,,,,2022,4041818347.54,779998116.1,2144878185.39,10350790443.31,7.561498,,0.18054966,,,,,,,,,,,0.0768
000423,CN,东阿阿胶,,,,2023,4715265729.5,1150878550.46,1953438009.5,10740561915.99,10.538841,,0.19282169,,,,,,,,,,,0.1112
000423,CN,东阿阿胶,,,,2024,6156708052.0,1557132327.91,2850716944.11,10337554560.47,14.121919,,0.21053072,,,,,,,,,,,0.1456
000423,CN,东阿阿胶,,,,2025,6700474184.47,1738741090.72,2289207775.27,10363236629.92,15.610149,,0.22553757000000002,,,,,,,,,,,0.1666
000425,CN,徐工机械,,,,2016,16891229922.95,208583211.01,2245340336.56,20481582435.04,1.677506,,0.5342666,,,,,,,,,,,0.0101
000425,CN,徐工机械,,,,2017,29131104625.6,1020617730.33,3153411289.09,24055784861.56,3.277775,,0.5166611799999999,,,,,,,,,,,0.047
000425,CN,徐工机械,,,,2018,44410005648.37,2045733651.54,3308712700.53,30340510948.51,4.612321,,0.50464376,,,,,,,,,,,0.0828
000425,CN,徐工机械,,,,2019,59175998918.25,3620572465.02,5135594019.81,33646188272.0,6.42193,,0.56468538,,,,,,,,,,,0.12560000000000002
000425,CN,徐工机械,,,,2020,73968148563.43,3728859646.1,2789192347.4,34170655818.69,5.79487,,0.62775918,,,,,,,,,,,0.1173
000425,CN,徐工机械,,,,2021,116796193605.64,8207957892.0,11422977794.58,52785493067.81,6.835349,,0.6621878800000001,,,,,,,,,,,0.1591
000425,CN,徐工机械,,,,2022,93817122393.59,4312439963.96,1582903842.7,54661700603.86,3.825713,,0.68784087,,,,,,,,,,,0.0814
000425,CN,徐工机械,,,,2023,92848220501.93,5326470288.96,3570913424.62,57486985243.17,4.348832,,0.64513025,,,,,,,,,,,0.0986
000425,CN,徐工机械,,,,2024,93037413551.56,6031810430.92,5692807622.43,60866622714.46,4.924238,,0.62439079,,,,,,,,,,,0.10369999999999999
000425,CN,徐工机械,,,,2025,100822903512.12,6572221644.27,14142346479.28,61931247586.67,5.006423,,0.6400992999999999,,,,,,,,,,,0.11
000426,CN,兴业银锡,,,,2016,865709634.32,89458746.07,196379929.06,4866860775.89,2.552588,,0.50148802,,,,,,,,,,,0.031200000000000002
000426,CN,兴业银锡,,,,2017,2111439098.89,564985327.55,1166917269.46,5375347762.72,9.851714,,0.42394807,,,,,,,,,,,0.1103
000426,CN,兴业银锡,,,,2018,2439000199.9,-170635150.62,1147552702.96,5111954063.17,3.277639,,0.42777686000000004,,,,,,,,,,,-0.0322
000426,CN,兴业银锡,,,,2019,873661361.57,102219413.43,442606007.69,5374866463.29,3.289398,,0.42014854999999995,,,,,,,,,,,0.0192
000426,CN,兴业银锡,,,,2020,940212541.04,-183859290.18,417397335.11,5156300513.51,-0.46139,,0.44647202,,,,,,,,,,,-0.035
000426,CN,兴业银锡,,,,2021,2008804402.32,246465571.88,688043714.49,5370368201.47,5.581152,,0.40682692000000004,,,,,,,,,,,0.046900000000000004
000426,CN,兴业银锡,,,,2022,2085888738.73,173900470.0,776720487.49,5556335716.35,3.519359,,0.42265731,,,,,,,,,,,0.0319
000426,CN,兴业银锡,,,,2023,3706005008.22,969344844.83,1749643341.0,6585875374.62,11.667942,,0.40579124,,,,,,,,,,,0.1612
000426,CN,兴业银锡,,,,2024,4270387237.8,1529858571.7,1815202654.66,7982180205.3,16.195503,,0.34385423000000004,,,,,,,,,,,0.21280000000000002
000426,CN,兴业银锡,,,,2025,5555253610.07,1704239280.88,2488264347.5,10161162963.97,15.767292,,0.40758932000000003,,,,,,,,,,,0.196
000428,CN,华天酒店,,,,2016,1003776514.41,-288548838.91,102852054.7,2970414780.35,-1.674618,,0.66657629,,,,,,,,,,,-0.095
000428,CN,华天酒店,,,,2017,1063094355.46,108962100.88,186586999.57,2916038278.08,3.694905,,0.6769853100000001,,,,,,,,,,,0.0369
000428,CN,华天酒店,,,,2018,958129548.02,-477613683.55,137142824.34,2454176507.19,-5.479382,,0.65897381,,,,,,,,,,,-0.1723
000428,CN,华天酒店,,,,2019,1110553009.56,50234487.9,391211419.77,2456230307.65,3.495708,,0.62601076,,,,,,,,,,,0.0196
000428,CN,华天酒店,,,,2020,515378322.64,-513310222.08,-61291572.18,1838963026.69,-6.28575,,0.6996422200000001,,,,,,,,,,,-0.22
000428,CN,华天酒店,,,,2021,594149455.76,84229910.64,32806804.09,1790328743.04,3.388844,,0.6818955200000001,,,,,,,,,,,0.0407
000428,CN,华天酒店,,,,2022,473588003.03,-310702112.75,5087791.63,1384006580.99,-4.309666,,0.73866517,,,,,,,,,,,-0.1585
000428,CN,华天酒店,,,,2023,687595833.23,-121653255.1,88860896.91,1236380798.42,-0.485271,,0.7464223400000001,,,,,,,,,,,-0.0691
000428,CN,华天酒店,,,,2024,603895488.28,-181259888.08,87814003.0,1042016953.0,-2.859135,,0.7748042900000001,,,,,,,,,,,-0.1105
000428,CN,华天酒店,,,,2025,528225502.28,-210231321.94,65003925.62,777305784.56,-3.858945,,0.82346177,,,,,,,,,,,-0.1456
000429,CN,粤高速Ａ,,,,2016,2825049808.36,1001205945.39,1924259958.28,8843515588.79,11.845023,,0.44977161000000004,,,,,,,,,,,0.1418
000429,CN,粤高速Ａ,,,,2017,3089055399.21,1509922398.7,2194989925.35,9454110681.45,13.330483,,0.42783208,,,,,,,,,,,0.1769
000429,CN,粤高速Ａ,,,,2018,3218694083.94,1677028179.18,1915985578.04,10046301627.93,14.229766,,0.38350781,,,,,,,,,,,0.1837
000429,CN,粤高速Ａ,,,,2019,4999016766.74,1469187067.83,3222681187.05,12697037348.66,11.920357,,0.42003617,,,,,,,,,,,0.1418
000429,CN,粤高速Ａ,,,,2020,3790348876.26,867842774.78,2636187241.05,10232316584.28,10.492019,,0.48187072999999997,,,,,,,,,,,0.0827
000429,CN,粤高速Ａ,,,,2021,5288057677.93,1700406981.99,3669744721.16,11320989158.13,17.837471,,0.40023685999999997,,,,,,,,,,,0.2011
000429,CN,粤高速Ａ,,,,2022,4168634113.98,1276341322.98,2752026558.38,11368679182.67,13.1841,,0.43904938,,,,,,,,,,,0.14300000000000002
000429,CN,粤高速Ａ,,,,2023,4879066948.19,1633811033.68,3831785563.47,12408805803.58,15.328879,,0.41930707,,,,,,,,,,,0.17300000000000001
000429,CN,粤高速Ａ,,,,2024,4569903078.72,1562122219.95,3256363593.91,13195890032.98,13.469927,,0.41199146,,,,,,,,,,,0.1552
000429,CN,粤高速Ａ,,,,2025,4469738160.51,1801337614.93,3559494395.28,14203747299.6,13.369443,,0.46982968999999997,,,,,,,,,,,0.16829999999999998
000498,CN,山东路桥,,,,2016,8147651272.95,429706576.96,814250328.05,3470624664.18,5.751488,,0.7692887500000001,,,,,,,,,,,0.1321
000498,CN,山东路桥,,,,2017,12384729807.97,576056830.9,232437214.69,4065226722.52,5.682288,,0.7693720000000001,,,,,,,,,,,0.154
000498,CN,山东路桥,,,,2018,15271558547.61,671240842.25,873801558.04,6713385407.49,5.698535,,0.73379328,,,,,,,,,,,0.1441
000498,CN,山东路桥,,,,2019,24590670126.1,600101465.85,-411602574.5,10310300287.81,4.931549,,0.7426264100000001,,,,,,,,,,,0.08130000000000001
000498,CN,山东路桥,,,,2020,34437327009.35,1338647720.23,974485539.07,12894499369.93,4.832971,,0.7658989599999999,,,,,,,,,,,0.16469999999999999
000498,CN,山东路桥,,,,2021,57522290251.15,2134918344.83,-2356482710.45,20013161362.37,5.950247,,0.75999624,,,,,,,,,,,0.22149999999999997
000498,CN,山东路桥,,,,2022,70698648686.93,2697257941.14,164949954.81,25226117638.09,5.31454,,0.77117923,,,,,,,,,,,0.2005
000498,CN,山东路桥,,,,2023,73024156004.38,2288678890.25,-3956654685.54,32673199469.66,3.968911,,0.76584861,,,,,,,,,,,0.1449
000498,CN,山东路桥,,,,2024,71353764354.48,2322991718.37,-5144583974.65,35389301982.5,3.247659,,0.7834704299999999,,,,,,,,,,,0.1346
000498,CN,山东路桥,,,,2025,68567696803.55,2227194256.24,257053838.85,42837777124.4,2.912964,,0.7650959,,,,,,,,,,,0.1159
000501,CN,武商集团,,,,2016,17689641582.79,991634079.69,1486999118.01,6053732453.31,7.790951,,0.6597223700000001,,,,,,,,,,,0.1852
000501,CN,武商集团,,,,2017,18122098735.91,1241339841.59,258499441.57,7177851018.96,9.340692,,0.6016714799999999,,,,,,,,,,,0.187
000501,CN,武商集团,,,,2018,17705560680.05,1049946243.15,2505780994.09,8249095311.38,7.14997,,0.63956748,,,,,,,,,,,0.1358
000501,CN,武商集团,,,,2019,17756087656.28,1225003589.07,1417935493.4,9509880784.56,7.09322,,0.59695595,,,,,,,,,,,0.1378
000501,CN,武商集团,,,,2020,7639434714.87,547427555.72,1229862879.44,9915221251.85,3.593278,,0.56516289,,,,,,,,,,,0.0565
000501,CN,武商集团,,,,2021,7126519206.97,752423725.14,2176350587.47,10677652125.47,4.499249,,0.62120367,,,,,,,,,,,0.0736
000501,CN,武商集团,,,,2022,6337155540.05,301803712.85,623512743.19,10843969683.01,2.054494,,0.64829829,,,,,,,,,,,0.027999999999999997
000501,CN,武商集团,,,,2023,7177500740.94,209077636.9,2405288029.18,11037050361.53,2.302102,,0.65305232,,,,,,,,,,,0.0191
000501,CN,武商集团,,,,2024,6703738005.55,215989859.65,1286182130.88,10978146276.44,2.171791,,0.63870364,,,,,,,,,,,0.0195
000501,CN,武商集团,,,,2025,6079654164.92,180432436.16,1233301250.12,10909175319.78,1.877355,,0.64099785,,,,,,,,,,,0.0165
000503,CN,国新健康,,,,2016,216833347.58,28021185.29,22942530.67,1413177169.0,1.97765,,0.05300163,,,,,,,,,,,0.0202
000503,CN,国新健康,,,,2017,183993714.97,16674851.14,-241511540.58,1392914210.73,0.744277,,0.03841332,,,,,,,,,,,0.011658
000503,CN,国新健康,,,,2018,95480022.29,-187759869.23,-23181185.84,1217616673.15,-13.375149,,0.04899799,,,,,,,,,,,-0.1433
000503,CN,国新健康,,,,2019,129912815.99,17427811.61,66042795.65,1602584770.22,1.265124,,0.059551059999999996,,,,,,,,,,,0.0144
000503,CN,国新健康,,,,2020,207372157.9,-242605400.28,-93006322.85,964217128.86,-16.278171,,0.25647454,,,,,,,,,,,-0.22210000000000002
000503,CN,国新健康,,,,2021,252515004.56,-175821833.4,-104821324.48,787226625.2,-14.014918,,0.33974645000000003,,,,,,,,,,,-0.20129999999999998
000503,CN,国新健康,,,,2022,311079455.6,-84325895.27,-160204210.35,713203607.82,-7.070258,,0.35458399,,,,,,,,,,,-0.1127
000503,CN,国新健康,,,,2023,330126718.06,-79791984.63,-102215067.8,1421344338.35,-4.793311,,0.27168194,,,,,,,,,,,-0.1042
000503,CN,国新健康,,,,2024,356896420.31,-10375438.31,-82489277.85,1405606183.2,-0.168532,,0.31830843999999997,,,,,,,,,,,-0.73
000503,CN,国新健康,,,,2025,350444166.57,-403993560.02,-81659811.41,1007868318.14,-20.356286,,0.43999145,,,,,,,,,,,-0.3348
000505,CN,京粮控股,,,,2016,8723491657.31,197319239.01,948330160.14,2557611728.04,13.442694,,0.95597785,,,,,,,,,,,0.0696
000505,CN,京粮控股,,,,2017,7917639044.13,129603167.36,-1379507779.66,2600422413.91,6.215861,,0.57246657,,,,,,,,,,,0.0501
000505,CN,京粮控股,,,,2018,7409124303.41,167956581.15,850167551.24,2839066494.45,6.469817,,0.42261938,,,,,,,,,,,0.07690000000000001
000505,CN,京粮控股,,,,2019,7440286465.54,133341925.75,297366794.05,2991095640.77,6.050109,,0.42822725,,,,,,,,,,,0.057
000505,CN,京粮控股,,,,2020,8741749912.11,184846956.7,-246540910.08,3099173503.36,5.803778,,0.45585619,,,,,,,,,,,0.0717
000505,CN,京粮控股,,,,2021,11763093835.56,204459771.08,632240056.44,3312153792.55,6.094089,,0.45222873,,,,,,,,,,,0.0727
000505,CN,京粮控股,,,,2022,12857874301.72,141411141.28,-533230947.03,3462709847.28,4.465603,,0.43282095,,,,,,,,,,,0.0473
000505,CN,京粮控股,,,,2023,11602380127.46,101358157.59,109486954.74,3575331299.04,3.196986,,0.44967666,,,,,,,,,,,0.0329
000505,CN,京粮控股,,,,2024,11434843516.27,26130520.86,-109470721.95,3510952526.61,0.800774,,0.47605224999999995,,,,,,,,,,,0.83
000505,CN,京粮控股,,,,2025,7858535847.11,-266087957.92,646776701.5,3211722222.56,-4.62943,,0.47506144,,,,,,,,,,,-0.0886
000506,CN,招金黄金,,,,2016,812133013.52,8789257.54,-270652860.9,1577336217.25,2.789015,,0.51149557,,,,,,,,,,,0.6
000506,CN,招金黄金,,,,2017,769082244.46,-449133780.73,110721661.7,1078482866.26,-14.862935,,0.5766301,,,,,,,,,,,-0.3613
000506,CN,招金黄金,,,,2018,496460231.64,42189840.94,288142965.48,1114560378.67,3.394951,,0.55994247,,,,,,,,,,,0.0409
000506,CN,招金黄金,,,,2019,515388115.28,-18204645.7,145903962.34,1093938966.34,1.516236,,0.58276615,,,,,,,,,,,-0.0173
000506,CN,招金黄金,,,,2020,425054418.8,-492848757.78,133229485.72,573638068.18,-16.602372,,0.75307548,,,,,,,,,,,-0.6259
000506,CN,招金黄金,,,,2021,906438329.02,-129106677.83,54418031.0,401535001.8,-2.908145,,0.7621273399999999,,,,,,,,,,,-0.284
000506,CN,招金黄金,,,,2022,277149195.9,252997202.91,-116514558.06,672141852.62,15.337019,,0.60869661,,,,,,,,,,,0.5049
000506,CN,招金黄金,,,,2023,284375485.72,6671671.01,-16060081.72,1299008304.09,1.829489,,0.43437486999999997,,,,,,,,,,,0.0101
000506,CN,招金黄金,,,,2024,333212837.61,-127428018.66,37906455.59,1141338501.38,-2.921654,,0.54758415,,,,,,,,,,,-0.2119
000506,CN,招金黄金,,,,2025,526904355.93,158857625.01,33326306.02,730776545.64,8.15184,,0.49604242,,,,,,,,,,,0.2587
000507,CN,珠海港,,,,2016,1801125932.76,104219213.74,279360358.37,2917502836.97,4.6138,,0.49003758,,,,,,,,,,,0.0405
000507,CN,珠海港,,,,2017,1960395822.74,141226452.33,361925623.31,3140245231.29,5.41166,,0.47761277999999996,,,,,,,,,,,0.051699999999999996
000507,CN,珠海港,,,,2018,2614962979.49,168786840.81,378612389.14,3262694212.73,5.851206,,0.52290571,,,,,,,,,,,0.0594
000507,CN,珠海港,,,,2019,3321817005.56,221974349.83,305400200.11,5654898978.22,5.209953,,0.38871957,,,,,,,,,,,0.046
000507,CN,珠海港,,,,2020,3535312830.43,262912041.47,308425752.24,5866564306.18,4.504744,,0.56502958,,,,,,,,,,,0.0504
000507,CN,珠海港,,,,2021,6551824179.43,464216051.06,824750545.42,8274587509.77,5.468512,,0.5806453,,,,,,,,,,,0.0746
000507,CN,珠海港,,,,2022,5250269933.74,306560593.1,1301733196.82,9154642414.73,4.514008,,0.56220682,,,,,,,,,,,0.0504
000507,CN,珠海港,,,,2023,5456054195.13,277222171.22,1189534423.09,9513153453.45,4.579585,,0.5397777,,,,,,,,,,,0.0433
000507,CN,珠海港,,,,2024,5124968975.96,292095185.33,1182750329.82,9551462331.37,4.569292,,0.5305771699999999,,,,,,,,,,,0.045899999999999996
000507,CN,珠海港,,,,2025,4386840886.95,241196844.04,957915576.49,9347468908.81,4.01765,,0.54481148,,,,,,,,,,,0.0401
000509,CN,华塑控股,,,,2016,78835008.81,-71366810.39,-69396567.97,22530945.77,-15.940597,,0.93402781,,,,,,,,,,,-3.0192
000509,CN,华塑控股,,,,2017,2240890267.68,12505950.02,-47815140.78,34096370.02,3.877181,,0.8881137800000001,,,,,,,,,,,0.29469999999999996
000509,CN,华塑控股,,,,2018,1209103969.12,-53720897.01,-91968762.91,15155686.53,-18.235585,,0.92676425,,,,,,,,,,,-1.7594999999999998
000509,CN,华塑控股,,,,2019,70122114.64,-129495967.85,-6361382.4,-97011694.82,-65.463917,,1.6184368699999998,,,,,,,,,,,0.0
000509,CN,华塑控股,,,,2020,50084400.07,7559922.83,-95345541.69,149735151.49,7.306406,,0.45048794999999997,,,,,,,,,,,0.08560000000000001
000509,CN,华塑控股,,,,2021,294590261.33,-5645092.93,-141614920.85,218353913.63,1.077262,,0.6201803499999999,,,,,,,,,,,-0.038900000000000004
000509,CN,华塑控股,,,,2022,883750714.56,-2732756.45,17672137.62,220481920.04,4.068388,,0.63989417,,,,,,,,,,,-0.02
000509,CN,华塑控股,,,,2023,740746279.64,12616502.91,12490787.48,226946974.9,4.855329,,0.69841396,,,,,,,,,,,0.08900000000000001
000509,CN,华塑控股,,,,2024,1032395934.98,-13932393.53,55018192.36,201790753.89,0.169938,,0.75489424,,,,,,,,,,,-0.0987
000509,CN,华塑控股,,,,2025,755386295.03,-10707413.06,-5825714.51,205230533.44,0.591982,,0.78059196,,,,,,,,,,,-0.08310000000000001
000510,CN,新金路,,,,2016,1534154237.7,58074772.25,260371993.62,847411702.46,5.097371,,0.35884972,,,,,,,,,,,0.0748
000510,CN,新金路,,,,2017,1728148686.4,67523563.62,45225568.34,876314189.77,3.791318,,0.41609198,,,,,,,,,,,0.0806
000510,CN,新金路,,,,2018,2069391203.78,100101923.36,208520782.79,955614691.63,8.287444,,0.35625953000000005,,,,,,,,,,,0.1124
000510,CN,新金路,,,,2019,2319065343.95,62013347.09,68581870.78,1050216657.11,5.228644,,0.34789431,,,,,,,,,,,0.0644
000510,CN,新金路,,,,2020,2206963015.97,71536759.09,195290290.65,1094990249.16,6.980548,,0.39716965000000004,,,,,,,,,,,0.0695
000510,CN,新金路,,,,2021,2978100414.59,299533641.87,360552597.87,1362359333.62,22.245087,,0.37402335999999997,,,,,,,,,,,0.24960000000000002
000510,CN,新金路,,,,2022,3038820516.07,12999191.68,-19411619.0,1459258583.97,2.734656,,0.36470847,,,,,,,,,,,0.94
000510,CN,新金路,,,,2023,2589304485.83,-176643061.36,-121123896.5,1326854819.94,-6.075996,,0.48667761,,,,,,,,,,,-0.1306
000510,CN,新金路,,,,2024,2037122003.84,-62542274.5,-105686460.74,1397187525.29,-1.29858,,0.46684824999999996,,,,,,,,,,,-0.0492
000510,CN,新金路,,,,2025,1659574903.91,-230350061.03,16864455.22,1182936236.18,-7.79463,,0.52235751,,,,,,,,,,,-0.19039999999999999
000513,CN,丽珠集团,,,,2016,7651775285.49,784353607.06,1279215037.52,7105638503.55,11.093016,,0.32515328,,,,,,,,,,,0.1548
000513,CN,丽珠集团,,,,2017,8530968596.54,4428684564.57,1315865467.69,11233623553.6,43.349412,,0.29338194,,,,,,,,,,,0.5117
000513,CN,丽珠集团,,,,2018,8860655670.73,1082174905.98,1267621181.04,11749876909.01,8.600231,,0.32616601,,,,,,,,,,,0.1015
000513,CN,丽珠集团,,,,2019,9384695835.01,1302875440.93,1767162882.77,12275237573.7,9.797293,,0.31714945,,,,,,,,,,,0.1202
000513,CN,丽珠集团,,,,2020,10520409842.01,1714910390.36,2160760606.42,13640081994.48,13.040841,,0.33756476,,,,,,,,,,,0.14859999999999998
000513,CN,丽珠集团,,,,2021,12063863272.98,1775683251.01,1902328139.03,14311024793.62,10.845148,,0.36031294,,,,,,,,,,,0.1432
000513,CN,丽珠集团,,,,2022,12629579047.66,1909407687.93,2772671295.03,14936284299.39,10.280542,,0.39930197,,,,,,,,,,,0.1431
000513,CN,丽珠集团,,,,2023,12430038325.82,1953650833.28,3248934191.8,14766702996.04,9.956334,,0.4103891,,,,,,,,,,,0.14
000513,CN,丽珠集团,,,,2024,11812338854.68,2061095803.97,2978847526.76,14905746594.04,11.695816,,0.39050323,,,,,,,,,,,0.14429999999999998
000513,CN,丽珠集团,,,,2025,12020349219.61,2023249327.79,3145038968.09,15547100161.96,12.052757,,0.35181176999999997,,,,,,,,,,,0.1467
000514,CN,渝 开 发,,,,2016,682625574.58,122661482.49,217262177.09,3362882705.9,2.859293,,0.48908154000000004,,,,,,,,,,,0.042800000000000005
000514,CN,渝 开 发,,,,2017,1040852829.06,80796667.87,602702492.76,3456742879.16,3.170485,,0.45193250999999995,,,,,,,,,,,0.0273
000514,CN,渝 开 发,,,,2018,540039459.34,25180726.51,529428958.84,3464258442.06,1.721815,,0.47277937999999997,,,,,,,,,,,0.84
000514,CN,渝 开 发,,,,2019,865676635.13,263628624.22,162298095.18,3735017323.97,6.164419,,0.42552674,,,,,,,,,,,0.08439999999999999
000514,CN,渝 开 发,,,,2020,624012309.14,133540588.2,-1415274581.15,3835290651.1,2.853549,,0.49814667999999995,,,,,,,,,,,0.04019999999999999
000514,CN,渝 开 发,,,,2021,1186854732.32,162120541.11,460955171.65,4017293513.78,3.787833,,0.52104791,,,,,,,,,,,0.0471
000514,CN,渝 开 发,,,,2022,895557809.94,162743235.6,1331825484.56,4157527059.98,3.315486,,0.43590044,,,,,,,,,,,0.0454
000514,CN,渝 开 发,,,,2023,1329659341.22,105730824.17,-189955616.17,4333977373.09,2.422274,,0.46196952,,,,,,,,,,,0.0285
000514,CN,渝 开 发,,,,2024,388432708.98,-113883500.19,200381182.32,4339118845.78,-1.397361,,0.44127446,,,,,,,,,,,-0.030899999999999997
000514,CN,渝 开 发,,,,2025,727702719.29,6756758.64,501353017.68,3924430120.73,0.882287,,0.45069451,,,,,,,,,,,0.22
000516,CN,国际医学,,,,2016,3930682019.85,201592071.01,439270084.63,3498769277.44,5.735228,,0.37019424,,,,,,,,,,,0.0593
000516,CN,国际医学,,,,2017,4059628002.59,194535346.83,384207958.18,3717000603.15,5.374957,,0.37753377,,,,,,,,,,,0.0555
000516,CN,国际医学,,,,2018,2039345793.66,2184294489.72,-772110966.22,5776180184.65,45.791815,,0.20942640999999998,,,,,,,,,,,0.462
000516,CN,国际医学,,,,2019,990952681.25,-403930095.11,-34324017.47,4996109125.24,-3.743741,,0.50193748,,,,,,,,,,,-0.0748
000516,CN,国际医学,,,,2020,1606986016.51,45360469.97,41329510.62,5033273406.89,1.456777,,0.58486438,,,,,,,,,,,0.91
000516,CN,国际医学,,,,2021,2921127110.49,-822169217.83,456338668.29,5331482202.32,-5.728453,,0.59974685,,,,,,,,,,,-0.1477
000516,CN,国际医学,,,,2022,2710961725.73,-1176682639.57,461338664.73,4250814123.56,-7.1453,,0.67952788,,,,,,,,,,,-0.24359999999999998
000516,CN,国际医学,,,,2023,4617873479.43,-368360645.24,1087334386.41,3816090691.94,-2.01926,,0.66292333,,,,,,,,,,,-0.09029999999999999
000516,CN,国际医学,,,,2024,4815466752.34,-254128508.13,1009119813.21,3471990041.02,-1.560207,,0.6735723,,,,,,,,,,,-0.0676
000516,CN,国际医学,,,,2025,4074514927.55,-313075395.65,1276469521.77,3007272317.79,-2.579306,,0.6903248000000001,,,,,,,,,,,-0.0897
000517,CN,荣安地产,,,,2016,1727638858.95,148934401.83,181538102.59,3676641900.62,3.156443,,0.66896885,,,,,,,,,,,0.040999999999999995
000517,CN,荣安地产,,,,2017,4264215143.95,541755811.97,-261776063.06,4237756709.32,6.338339,,0.67884097,,,,,,,,,,,0.13720000000000002
000517,CN,荣安地产,,,,2018,3967768925.6,608483095.43,-2715771337.88,4768600403.75,4.684326,,0.8038893,,,,,,,,,,,0.1356
000517,CN,荣安地产,,,,2019,6662579240.61,1888856434.53,467792350.51,6748902521.83,7.332916,,0.83133085,,,,,,,,,,,0.32789999999999997
000517,CN,荣安地产,,,,2020,11177718084.72,1742518728.02,-10728252476.63,10531920498.63,4.631966,,0.8445885099999999,,,,,,,,,,,0.2324
000517,CN,荣安地产,,,,2021,18181354591.76,1086327083.49,-403539349.57,14801258992.48,2.540906,,0.8225514300000001,,,,,,,,,,,0.1258
000517,CN,荣安地产,,,,2022,14157163968.3,630905252.72,10476996115.74,10787910079.46,1.803455,,0.8528991,,,,,,,,,,,0.0692
000517,CN,荣安地产,,,,2023,22333390972.27,357492283.44,2428348652.39,9659467735.75,1.742654,,0.8000826499999999,,,,,,,,,,,0.0408
000517,CN,荣安地产,,,,2024,23980887861.24,-1730936741.46,1995294335.31,6465536314.97,-4.062562,,0.65986936,,,,,,,,,,,-0.24059999999999998
000517,CN,荣安地产,,,,2025,5564167751.28,-1145706015.01,1362262635.04,5129421942.47,-7.206532,,0.5620519500000001,,,,,,,,,,,-0.2184
000519,CN,中兵红箭,,,,2016,3782264517.8,137650217.05,157201674.96,7369944615.39,2.209326,,0.28229611,,,,,,,,,,,0.024700000000000003
000519,CN,中兵红箭,,,,2017,4775366633.11,126009188.15,536985986.81,7527402561.07,1.616316,,0.2262624,,,,,,,,,,,0.017
000519,CN,中兵红箭,,,,2018,4953589010.35,347180379.86,1498821874.2,7861864801.76,4.262986,,0.24568498000000003,,,,,,,,,,,0.0451
000519,CN,中兵红箭,,,,2019,5321631282.12,255217225.91,912063390.95,8188102341.0,2.919998,,0.25638591,,,,,,,,,,,0.0319
000519,CN,中兵红箭,,,,2020,6463015337.79,274559783.95,1803322544.09,8517519009.51,3.285891,,0.29993013,,,,,,,,,,,0.033
000519,CN,中兵红箭,,,,2021,7513662651.85,485335353.38,1573377123.64,9010935197.34,4.681524,,0.35777249,,,,,,,,,,,0.0554
000519,CN,中兵红箭,,,,2022,6713593037.1,819493390.26,382381898.15,9752280167.95,6.69628,,0.350022,,,,,,,,,,,0.0873
000519,CN,中兵红箭,,,,2023,6115915153.49,828330287.82,234763089.97,10529189096.15,5.969089,,0.32581619000000006,,,,,,,,,,,0.0817
000519,CN,中兵红箭,,,,2024,4569178640.7,-327325955.94,273192186.43,10344544186.8,-2.195837,,0.35644562,,,,,,,,,,,-0.0319
000519,CN,中兵红箭,,,,2025,9273941700.67,41696043.16,482993396.52,10458335531.73,0.531693,,0.4550732,,,,,,,,,,,0.41
000520,CN,凤凰航运,,,,2016,712101076.32,9716301.25,-9518802.58,265826870.04,2.763149,,0.49633273,,,,,,,,,,,0.037200000000000004
000520,CN,凤凰航运,,,,2017,832431956.6,50819846.51,54602135.78,317136620.59,10.626195,,0.39123661,,,,,,,,,,,0.1745
000520,CN,凤凰航运,,,,2018,840539699.84,61214895.69,186643840.83,377897936.03,13.981769,,0.39940862000000005,,,,,,,,,,,0.17600000000000002
000520,CN,凤凰航运,,,,2019,792432040.09,32143439.46,52220802.68,408940833.61,5.754708,,0.34308421,,,,,,,,,,,0.0818
000520,CN,凤凰航运,,,,2020,715103027.76,10529048.74,27716883.82,420888481.56,2.74131,,0.33568957,,,,,,,,,,,0.0254
000520,CN,凤凰航运,,,,2021,934885215.61,96184778.33,90629433.91,518304806.31,17.763282,,0.35657837000000003,,,,,,,,,,,0.2048
000520,CN,凤凰航运,,,,2022,1042067208.58,36232116.26,90098716.75,553758059.58,6.899558,,0.2835705,,,,,,,,,,,0.0675
000520,CN,凤凰航运,,,,2023,1011599002.55,-8702150.84,-51863732.31,544316364.53,-0.713013,,0.26663283,,,,,,,,,,,-0.0158
000520,CN,凤凰航运,,,,2024,887720580.72,-82701866.14,40733490.2,458768503.86,-11.410026,,0.30635067,,,,,,,,,,,-0.16440000000000002
000520,CN,凤凰航运,,,,2025,754500340.42,-43945465.11,35587116.59,417913263.75,-6.189684,,0.39508835,,,,,,,,,,,-0.1003
000521,CN,长虹美菱,,,,2016,12526710867.49,220216680.96,985390895.63,5166081489.92,2.441963,,0.58696352,,,,,,,,,,,0.057699999999999994
000521,CN,长虹美菱,,,,2017,16797436757.36,32473204.92,-551501994.74,5157176581.11,0.841053,,0.67689924,,,,,,,,,,,0.64
000521,CN,长虹美菱,,,,2018,17490174950.01,38658256.97,-220560615.36,5135550045.16,0.774289,,0.6699901800000001,,,,,,,,,,,0.77
000521,CN,长虹美菱,,,,2019,16553252894.93,56441479.14,1285003985.04,5111974712.1,1.096737,,0.64005839,,,,,,,,,,,0.0113
000521,CN,长虹美菱,,,,2020,15388050229.67,-85565716.91,1403516222.46,4962094965.92,-0.031417,,0.69185956,,,,,,,,,,,-0.0173
000521,CN,长虹美菱,,,,2021,18032957501.44,51898388.84,160923258.1,4994791381.05,0.947732,,0.6711891400000001,,,,,,,,,,,0.010700000000000001
000521,CN,长虹美菱,,,,2022,20215220192.2,244538734.49,1465155748.06,5539211669.44,1.848265,,0.65809186,,,,,,,,,,,0.0496
000521,CN,长虹美菱,,,,2023,24377974386.94,735828796.67,2072909430.47,6430590073.76,4.574286,,0.68058162,,,,,,,,,,,0.134
000521,CN,长虹美菱,,,,2024,28601036014.96,699270051.82,3970257217.96,6476363371.42,3.718136,,0.72984314,,,,,,,,,,,0.1118
000521,CN,长虹美菱,,,,2025,30407926517.7,410409936.09,860090506.71,6491272384.32,2.423867,,0.7089479900000001,,,,,,,,,,,0.0672
000523,CN,红棉股份,,,,2016,9849073706.86,39271625.81,-695383775.02,1785077271.57,2.08121,,0.57195156,,,,,,,,,,,0.0232
000523,CN,红棉股份,,,,2017,11810972034.87,39973024.57,-188123695.11,1840000601.01,2.088366,,0.61767317,,,,,,,,,,,0.022000000000000002
000523,CN,红棉股份,,,,2018,13249116773.72,69366682.75,-441817768.42,2239054885.49,-2.490121,,0.7322225899999999,,,,,,,,,,,0.021
000523,CN,红棉股份,,,,2019,12397507679.81,61355868.1,-556824311.36,1904291758.32,0.06008,,0.79152209,,,,,,,,,,,0.0268
000523,CN,红棉股份,,,,2020,3315211541.76,-4716183937.2,-1890646618.12,-3251736586.05,-67.164659,,1.9565580900000001,,,,,,,,,,,0.0
000523,CN,红棉股份,,,,2021,2585545531.23,1455423176.44,-141606636.55,1023027971.94,64.132995,,0.62211543,,,,,,,,,,,0.0
000523,CN,红棉股份,,,,2022,2636881610.22,-48156295.31,-204675670.5,1293690450.38,-2.234605,,0.58503408,,,,,,,,,,,-0.047400000000000005
000523,CN,红棉股份,,,,2023,2629215949.83,74832868.13,503648346.27,1558934913.66,2.950474,,0.51522658,,,,,,,,,,,0.058499999999999996
000523,CN,红棉股份,,,,2024,2227246386.07,519663546.61,141808596.64,2231370999.17,5.553222,,0.37364387,,,,,,,,,,,0.30510000000000004
000523,CN,红棉股份,,,,2025,2119073311.22,79361590.58,462020566.96,2197920002.86,5.259747,,0.38876978,,,,,,,,,,,0.0404
000524,CN,岭南控股,,,,2016,5819329368.95,136562681.86,134331046.24,1461273681.33,4.727934,,0.26929872,,,,,,,,,,,0.0984
000524,CN,岭南控股,,,,2017,6392025592.6,177359289.29,510112834.06,2577429352.83,6.837197,,0.4192423,,,,,,,,,,,0.0877
000524,CN,岭南控股,,,,2018,7077867725.11,204869356.78,247047436.84,2602185026.38,6.814624,,0.43223945,,,,,,,,,,,0.0802
000524,CN,岭南控股,,,,2019,7972099522.94,259204451.22,314326776.68,2739990088.54,8.346776,,0.42543709,,,,,,,,,,,0.0992
000524,CN,岭南控股,,,,2020,1877563514.74,-240437517.58,-427835843.72,2387965148.71,-7.597794,,0.32134619999999997,,,,,,,,,,,-0.0958
000524,CN,岭南控股,,,,2021,1526317841.55,-127798647.9,-98940052.64,2247860319.48,-4.524508,,0.2836113,,,,,,,,,,,-0.0559
000524,CN,岭南控股,,,,2022,1034554397.26,-178022154.4,-48689721.83,2058975132.47,-6.458084,,0.31056697,,,,,,,,,,,-0.0834
000524,CN,岭南控股,,,,2023,3435439193.53,69486750.22,417005290.89,2132360738.29,3.607965,,0.36275115999999996,,,,,,,,,,,0.0334
000524,CN,岭南控股,,,,2024,4309032285.69,150147112.33,373503888.9,2295895569.43,5.991479,,0.37784761000000006,,,,,,,,,,,0.0687
000524,CN,岭南控股,,,,2025,4503947783.38,70061028.69,240197957.76,2312248508.48,3.009463,,0.40279349000000003,,,,,,,,,,,0.0308
000525,CN,红太阳,,,,2016,3537512437.03,126413057.09,266184114.22,4820563946.4,3.082514,,0.54069643,,,,,,,,,,,0.027000000000000003
000525,CN,红太阳,,,,2017,5071834340.5,713841677.3,532424914.23,4443463789.32,8.818876,,0.54856536,,,,,,,,,,,0.17629999999999998
000525,CN,红太阳,,,,2018,5908271416.09,636676441.3,377641081.18,4747681409.96,7.67797,,0.6440505000000001,,,,,,,,,,,0.1365
000525,CN,红太阳,,,,2019,4614454469.63,-340045478.92,1464507715.43,4592580731.78,-0.356353,,0.67042173,,,,,,,,,,,-0.0767
000525,CN,红太阳,,,,2020,4021995202.84,-153813433.59,231238358.59,4108529774.57,1.567597,,0.64405965,,,,,,,,,,,-0.0364
000525,CN,红太阳,,,,2021,4683382031.58,-3744122363.59,348634781.59,591591693.59,-32.523099,,0.9390590299999999,,,,,,,,,,,-1.7472999999999999
000525,CN,红太阳,,,,2022,6439912658.86,732389881.01,1142420374.26,1398387610.41,11.614597,,0.8639896899999999,,,,,,,,,,,0.4472
000525,CN,红太阳,,,,2023,3232236356.18,-389116496.12,532909196.58,997520395.51,-1.894483,,0.89886199,,,,,,,,,,,-0.36
000525,CN,红太阳,,,,2024,3007032836.24,388058577.7,346959141.8,2952811797.15,6.871938,,0.5935027,,,,,,,,,,,0.27649999999999997
000525,CN,红太阳,,,,2025,3079821576.67,-378777888.96,177095862.85,2555110648.47,-4.174227,,0.59800985,,,,,,,,,,,-0.1418
000526,CN,学大教育,,,,2016,1306853303.01,-98683177.38,86247694.85,44726454.37,-2.976631,,0.9870033599999999,,,,,,,,,,,-1.0341
000526,CN,学大教育,,,,2017,2811592268.21,24380907.51,355284519.93,65509680.57,4.404065,,0.98172741,,,,,,,,,,,0.4111
000526,CN,学大教育,,,,2018,2892795413.0,12950807.0,243991593.17,75884217.84,3.642048,,0.97922091,,,,,,,,,,,0.16760000000000003
000526,CN,学大教育,,,,2019,2991938325.34,13865025.0,248705081.82,91046134.04,3.39056,,0.97468334,,,,,,,,,,,0.1514
000526,CN,学大教育,,,,2020,2429882904.4,43687682.56,167297920.54,132013365.44,4.175826,,0.9624440599999999,,,,,,,,,,,0.36460000000000004
000526,CN,学大教育,,,,2021,2529427415.97,-536021884.3,-86974234.34,415483573.97,-12.913375,,0.8800370700000001,,,,,,,,,,,-0.993
000526,CN,学大教育,,,,2022,1797614433.02,13546265.17,216428943.51,424064092.33,3.178248,,0.86695285,,,,,,,,,,,0.0315
000526,CN,学大教育,,,,2023,2212636261.51,153783023.19,607394990.81,589782553.49,8.281164,,0.8129040999999999,,,,,,,,,,,0.2985
000526,CN,学大教育,,,,2024,2785797297.92,179685304.08,666747270.19,802350956.76,7.545037,,0.79041811,,,,,,,,,,,0.2596
000526,CN,学大教育,,,,2025,3227045720.68,195098225.52,738858427.0,923351799.88,7.313447,,0.76808734,,,,,,,,,,,0.2286
000528,CN,柳    工,,,,2016,7005395363.84,49260116.04,1378185787.51,8847390923.02,1.693935,,0.57018327,,,,,,,,,,,0.56
000528,CN,柳    工,,,,2017,11938530878.42,347010466.52,1045342870.28,10003537221.89,2.957723,,0.5790475,,,,,,,,,,,0.0366
000528,CN,柳    工,,,,2018,18084836917.48,790142263.72,633885595.34,10097508673.07,4.948539,,0.6147749499999999,,,,,,,,,,,0.08460000000000001
000528,CN,柳    工,,,,2019,19177295779.44,1017249160.52,1857561471.28,10830522766.72,5.275659,,0.6373065299999999,,,,,,,,,,,0.1023
000528,CN,柳    工,,,,2020,25979372786.95,1440367304.4,2014162491.59,15656725964.39,5.647993,,0.64973171,,,,,,,,,,,0.1149
000528,CN,柳    工,,,,2021,28700729485.25,997262491.18,846491366.35,16163344246.12,3.634641,,0.60076666,,,,,,,,,,,0.0664
000528,CN,柳    工,,,,2022,26479736961.83,599326029.8,958769895.05,17174799538.02,2.455268,,0.59357269,,,,,,,,,,,0.0385
000528,CN,柳    工,,,,2023,27519122309.99,867811519.99,1628961753.49,17996613350.5,3.610398,,0.61362454,,,,,,,,,,,0.054000000000000006
000528,CN,柳    工,,,,2024,30062709198.12,1327039490.08,1322006265.24,19115499075.91,4.18006,,0.6009886600000001,,,,,,,,,,,0.0793
000528,CN,柳    工,,,,2025,33143878244.37,1609225714.3,1005334550.87,19631123076.46,4.124052,,0.60303488,,,,,,,,,,,0.09029999999999999
