股票,市场,名称,行业,行业模型,核心指标,PE,PB,10年ROE,ROE波动,5年平均FCF,资产负债率,商誉占比,利息覆盖倍数,分红稳定性,5年营收CAGR,数据年数,缺失字段数,数据质量分,数据质量,杠杆风险,结果,分数,原因
000001,CN,平安银行,-,银行,不良率、拨备覆盖、资本充足率,-,-,11.1%,1.2%,-,90.7%,-,-,未分红/不适用,-6.1%,10,20,100,High,未知,排除,30,银行需补充不良率/拨备/资本充足率专项数据；资产负债率过高；近5年营收增长偏弱
000002,CN,万  科Ａ,-,通用,ROE、现金流、资产负债率,-,-,5.3%,25.7%,-,76.9%,-,-,未分红/不适用,-15.3%,10,10,100,High,未知,排除,15,10年ROE波动较大；10年净利润波动较大；资产负债率偏高；近5年营收明显下滑
000006,CN,深振业Ａ,-,通用,ROE、现金流、资产负债率,-,-,-3.1%,29.8%,-,62.5%,-,-,未分红/不适用,-4.0%,10,10,100,High,未知,排除,0,10年内亏损年份过多；10年ROE波动较大；10年净利润波动较大；长期ROE低于5%
000007,CN,全新好,-,通用,ROE、现金流、资产负债率,-,-,-0.3%,43.2%,-,48.0%,-,-,未分红/不适用,22.0%,10,10,100,High,未知,排除,0,10年内亏损年份过多；10年ROE波动较大；10年净利润波动较大；长期ROE低于5%
000008,CN,神州高铁,-,通用,ROE、现金流、资产负债率,-,-,-9.9%,16.7%,-,73.9%,-,-,未分红/不适用,-1.1%,10,10,100,High,未知,排除,0,10年内亏损年份过多；10年ROE波动较大；10年净利润波动较大；长期ROE低于5%；资产负债率偏高
000009,CN,中国宝安,-,通用,ROE、现金流、资产负债率,-,-,6.8%,4.6%,-,59.8%,-,-,未分红/不适用,7.0%,10,10,100,High,未知,通过,100,-
000011,CN,深物业A,-,通用,ROE、现金流、资产负债率,-,-,22.5%,31.4%,-,79.0%,-,-,未分红/不适用,-16.5%,10,10,100,High,未知,排除,15,10年ROE波动较大；10年净利润波动较大；资产负债率偏高；近5年营收明显下滑
000012,CN,南  玻Ａ,-,通用,ROE、现金流、资产负债率,-,-,17.6%,26.5%,-,56.7%,-,-,未分红/不适用,0.1%,10,10,100,High,未知,警惕,85,10年ROE波动较大
000014,CN,沙河股份,-,通用,ROE、现金流、资产负债率,-,-,22.9%,32.5%,-,25.0%,-,-,未分红/不适用,-16.6%,10,10,100,High,未知,排除,30,10年ROE波动较大；10年净利润波动较大；近5年营收明显下滑
000017,CN,深中华A,-,通用,ROE、现金流、资产负债率,-,-,-0.4%,25.9%,-,17.6%,-,-,未分红/不适用,45.3%,10,10,100,High,未知,排除,0,10年内亏损年份过多；10年ROE波动较大；10年净利润波动较大；长期ROE低于5%
000019,CN,深粮控股,-,通用,ROE、现金流、资产负债率,-,-,8.1%,1.5%,-,32.3%,-,-,未分红/不适用,-14.2%,10,10,100,High,未知,警惕,85,近5年营收增长偏弱
000020,CN,深华发Ａ,-,通用,ROE、现金流、资产负债率,-,-,6.3%,8.8%,-,39.0%,-,-,未分红/不适用,2.9%,10,10,100,High,未知,警惕,85,10年净利润波动较大
000021,CN,深科技,-,科技,营收增长、自由现金流、研发投入效率,-,-,7.8%,2.3%,-,39.0%,-,-,未分红/不适用,-1.1%,10,10,100,High,未知,警惕,85,科技公司营收增长转负
000025,CN,特  力Ａ,-,通用,ROE、现金流、资产负债率,-,-,8.1%,4.3%,-,24.7%,-,-,未分红/不适用,30.2%,10,10,100,High,未知,通过,100,-
000026,CN,飞亚达,-,通用,ROE、现金流、资产负债率,-,-,7.8%,3.2%,-,10.6%,-,-,未分红/不适用,-9.6%,10,10,100,High,未知,警惕,85,近5年营收增长偏弱
000027,CN,深圳能源,-,通用,ROE、现金流、资产负债率,-,-,6.0%,3.3%,-,62.0%,-,-,未分红/不适用,7.7%,10,10,100,High,未知,通过,100,-
000028,CN,国药一致,-,通用,ROE、现金流、资产负债率,-,-,9.8%,3.1%,-,56.0%,-,-,未分红/不适用,1.8%,10,10,100,High,未知,通过,100,-
000029,CN,深深房Ａ,-,通用,ROE、现金流、资产负债率,-,-,6.0%,7.8%,-,10.6%,-,-,未分红/不适用,2.9%,10,10,100,High,未知,警惕,85,10年净利润波动较大
000030,CN,富奥股份,-,通用,ROE、现金流、资产负债率,-,-,11.4%,3.1%,-,49.3%,-,-,未分红/不适用,7.9%,10,10,100,High,未知,通过,100,-
000031,CN,大悦城,-,通用,ROE、现金流、资产负债率,-,-,3.6%,24.6%,-,77.3%,-,-,未分红/不适用,-7.7%,10,10,100,High,未知,排除,0,10年内亏损年份过多；10年ROE波动较大；10年净利润波动较大；长期ROE低于5%；资产负债率偏高；近5年营收增长偏弱
000032,CN,深桑达Ａ,-,通用,ROE、现金流、资产负债率,-,-,4.5%,4.2%,-,81.7%,-,-,未分红/不适用,2.7%,10,10,100,High,未知,排除,30,10年净利润波动较大；长期ROE低于5%；资产负债率偏高
000034,CN,神州数码,-,通用,ROE、现金流、资产负债率,-,-,13.2%,6.0%,-,79.4%,-,-,未分红/不适用,4.1%,10,10,100,High,未知,警惕,85,资产负债率偏高
000035,CN,中国天楹,-,通用,ROE、现金流、资产负债率,-,-,5.6%,3.1%,-,65.4%,-,-,未分红/不适用,-28.8%,10,10,100,High,未知,排除,60,近5年营收明显下滑
000036,CN,华联控股,-,通用,ROE、现金流、资产负债率,-,-,22.9%,24.8%,-,24.2%,-,-,未分红/不适用,-24.2%,10,10,100,High,未知,排除,30,10年ROE波动较大；10年净利润波动较大；近5年营收明显下滑
000037,CN,深南电A,-,通用,ROE、现金流、资产负债率,-,-,-0.9%,33.3%,-,23.2%,-,-,未分红/不适用,-14.7%,10,10,100,High,未知,排除,15,10年ROE波动较大；10年净利润波动较大；长期ROE低于5%；近5年营收增长偏弱
000039,CN,中集集团,-,通用,ROE、现金流、资产负债率,-,-,19.5%,29.3%,-,59.9%,-,-,未分红/不适用,-1.1%,10,10,100,High,未知,警惕,85,10年ROE波动较大
000042,CN,中洲控股,-,通用,ROE、现金流、资产负债率,-,-,3.3%,39.1%,-,94.5%,-,-,未分红/不适用,-26.1%,10,10,100,High,未知,排除,0,10年内亏损年份过多；10年ROE波动较大；10年净利润波动较大；长期ROE低于5%；资产负债率过高；近5年营收明显下滑
000045,CN,深纺织Ａ,-,通用,ROE、现金流、资产负债率,-,-,-0.9%,40.7%,-,20.8%,-,-,未分红/不适用,8.6%,10,10,100,High,未知,排除,30,10年ROE波动较大；10年净利润波动较大；长期ROE低于5%
000048,CN,京基智农,-,通用,ROE、现金流、资产负债率,-,-,34.2%,32.4%,-,59.0%,-,-,未分红/不适用,10.9%,10,10,100,High,未知,警惕,70,10年ROE波动较大；10年净利润波动较大
000049,CN,德赛电池,-,通用,ROE、现金流、资产负债率,-,-,19.9%,8.6%,-,60.6%,-,-,未分红/不适用,3.6%,10,10,100,High,未知,通过,100,-
000050,CN,深天马Ａ,-,通用,ROE、现金流、资产负债率,-,-,10.0%,22.1%,-,61.6%,-,-,未分红/不适用,1.8%,10,10,100,High,未知,排除,30,10年内亏损年份过多；10年ROE波动较大；10年净利润波动较大
000055,CN,方大集团,-,通用,ROE、现金流、资产负债率,-,-,15.5%,20.8%,-,55.4%,-,-,未分红/不适用,-1.3%,10,10,100,High,未知,警惕,70,10年ROE波动较大；10年净利润波动较大
000058,CN,深 赛 格,-,通用,ROE、现金流、资产负债率,-,-,12.4%,24.4%,-,50.8%,-,-,未分红/不适用,-4.1%,10,10,100,High,未知,警惕,70,10年ROE波动较大；10年净利润波动较大
000059,CN,华锦股份,-,通用,ROE、现金流、资产负债率,-,-,7.4%,19.5%,-,58.3%,-,-,未分红/不适用,2.0%,10,10,100,High,未知,警惕,70,10年ROE波动较大；10年净利润波动较大
000060,CN,中金岭南,-,通用,ROE、现金流、资产负债率,-,-,7.8%,2.4%,-,58.6%,-,-,未分红/不适用,8.0%,10,10,100,High,未知,通过,100,-
000061,CN,农 产 品,-,通用,ROE、现金流、资产负债率,-,-,16.1%,26.7%,-,53.8%,-,-,未分红/不适用,12.4%,10,10,100,High,未知,警惕,85,10年ROE波动较大
000062,CN,深圳华强,-,通用,ROE、现金流、资产负债率,-,-,10.7%,4.1%,-,58.4%,-,-,未分红/不适用,2.2%,10,10,100,High,未知,通过,100,-
000063,CN,中兴通讯,-,通用,ROE、现金流、资产负债率,-,-,7.5%,14.1%,-,65.3%,-,-,未分红/不适用,4.0%,10,10,100,High,未知,警惕,70,10年ROE波动较大；10年净利润波动较大
000065,CN,北方国际,-,通用,ROE、现金流、资产负债率,-,-,12.6%,3.1%,-,55.0%,-,-,未分红/不适用,1.0%,10,10,100,High,未知,通过,100,-
000066,CN,中国长城,-,通用,ROE、现金流、资产负债率,-,-,8.2%,35.4%,-,61.9%,-,-,未分红/不适用,-2.9%,10,10,100,High,未知,排除,30,10年内亏损年份过多；10年ROE波动较大；10年净利润波动较大
000068,CN,华控赛格,-,通用,ROE、现金流、资产负债率,-,-,-6.2%,77.1%,-,73.6%,-,-,未分红/不适用,-2.9%,10,10,100,High,未知,排除,0,10年内亏损年份过多；10年ROE波动较大；10年净利润波动较大；长期ROE低于5%；资产负债率偏高
000069,CN,华侨城Ａ,-,通用,ROE、现金流、资产负债率,-,-,2.0%,19.4%,-,80.6%,-,-,未分红/不适用,-25.6%,10,10,100,High,未知,排除,0,10年内亏损年份过多；10年ROE波动较大；10年净利润波动较大；长期ROE低于5%；资产负债率偏高；近5年营收明显下滑
000070,CN,特发信息,-,通用,ROE、现金流、资产负债率,-,-,5.6%,32.7%,-,78.6%,-,-,未分红/不适用,-1.0%,10,10,100,High,未知,排除,15,10年内亏损年份过多；10年ROE波动较大；10年净利润波动较大；资产负债率偏高
000088,CN,盐 田 港,-,通用,ROE、现金流、资产负债率,-,-,6.6%,1.7%,-,17.8%,-,-,未分红/不适用,6.0%,10,10,100,High,未知,通过,100,-
000089,CN,深圳机场,-,通用,ROE、现金流、资产负债率,-,-,1.9%,13.4%,-,52.9%,-,-,未分红/不适用,11.6%,10,10,100,High,未知,排除,30,10年ROE波动较大；10年净利润波动较大；长期ROE低于5%
000090,CN,天健集团,-,通用,ROE、现金流、资产负债率,-,-,10.9%,5.4%,-,74.3%,-,-,未分红/不适用,-0.8%,10,10,100,High,未知,警惕,85,资产负债率偏高
000096,CN,广聚能源,-,通用,ROE、现金流、资产负债率,-,-,4.9%,3.3%,-,25.4%,-,-,未分红/不适用,-4.2%,10,10,100,High,未知,排除,60,长期ROE低于5%
000099,CN,中信海直,-,通用,ROE、现金流、资产负债率,-,-,5.1%,1.3%,-,27.7%,-,-,未分红/不适用,7.4%,10,10,100,High,未知,通过,100,-
000100,CN,TCL科技,-,科技,营收增长、自由现金流、研发投入效率,-,-,14.7%,14.7%,-,64.2%,-,-,未分红/不适用,3.0%,10,10,100,High,未知,警惕,70,10年ROE波动较大；10年净利润波动较大
000151,CN,中成股份,-,通用,ROE、现金流、资产负债率,-,-,8.0%,52.4%,-,73.8%,-,-,未分红/不适用,-15.0%,10,10,100,High,未知,排除,0,10年内亏损年份过多；10年ROE波动较大；10年净利润波动较大；资产负债率偏高；近5年营收增长偏弱
000153,CN,丰原药业,-,通用,ROE、现金流、资产负债率,-,-,6.6%,1.7%,-,58.0%,-,-,未分红/不适用,1.4%,10,10,100,High,未知,通过,100,-
000156,CN,华数传媒,-,通用,ROE、现金流、资产负债率,-,-,5.6%,1.4%,-,47.5%,-,-,未分红/不适用,2.0%,10,10,100,High,未知,通过,100,-
000157,CN,中联重科,-,通用,ROE、现金流、资产负债率,-,-,7.1%,5.2%,-,55.0%,-,-,未分红/不适用,-6.1%,10,10,100,High,未知,警惕,85,近5年营收增长偏弱
000158,CN,常山北明,-,通用,ROE、现金流、资产负债率,-,-,6.8%,20.0%,-,63.6%,-,-,未分红/不适用,-8.8%,10,10,100,High,未知,排除,15,10年内亏损年份过多；10年ROE波动较大；10年净利润波动较大；近5年营收增长偏弱
000159,CN,国际实业,-,通用,ROE、现金流、资产负债率,-,-,2.8%,3.9%,-,43.7%,-,-,未分红/不适用,15.4%,10,10,100,High,未知,排除,45,10年净利润波动较大；长期ROE低于5%
000166,CN,申万宏源,-,通用,ROE、现金流、资产负债率,-,-,7.4%,2.5%,-,76.6%,-,-,未分红/不适用,-8.3%,10,20,100,High,未知,警惕,70,资产负债率偏高；近5年营收增长偏弱
000301,CN,东方盛虹,-,通用,ROE、现金流、资产负债率,-,-,10.4%,13.0%,-,81.4%,-,-,未分红/不适用,24.3%,10,10,100,High,未知,警惕,55,10年ROE波动较大；10年净利润波动较大；资产负债率偏高
000333,CN,美的集团,-,通用,ROE、现金流、资产负债率,-,-,23.9%,2.4%,-,61.2%,-,-,未分红/不适用,7.5%,10,10,100,High,未知,通过,100,-
000338,CN,潍柴动力,-,通用,ROE、现金流、资产负债率,-,-,15.2%,5.7%,-,64.3%,-,-,未分红/不适用,1.3%,10,10,100,High,未知,通过,100,-
000400,CN,许继电气,-,通用,ROE、现金流、资产负债率,-,-,8.4%,2.8%,-,49.0%,-,-,未分红/不适用,5.7%,10,10,100,High,未知,通过,100,-
000401,CN,金隅冀东,-,通用,ROE、现金流、资产负债率,-,-,19.0%,26.4%,-,48.4%,-,-,未分红/不适用,-9.4%,10,10,100,High,未知,警惕,55,10年ROE波动较大；10年净利润波动较大；近5年营收增长偏弱
000402,CN,金 融 街,-,通用,ROE、现金流、资产负债率,-,-,-1.0%,16.5%,-,81.5%,-,-,未分红/不适用,-24.1%,10,10,100,High,未知,排除,0,10年内亏损年份过多；10年ROE波动较大；10年净利润波动较大；长期ROE低于5%；资产负债率偏高；近5年营收明显下滑
000403,CN,派林生物,-,通用,ROE、现金流、资产负债率,-,-,10.8%,6.3%,-,14.6%,-,-,未分红/不适用,7.5%,10,10,100,High,未知,警惕,85,10年净利润波动较大
000404,CN,长虹华意,-,通用,ROE、现金流、资产负债率,-,-,16.1%,28.0%,-,61.3%,-,-,未分红/不适用,-2.8%,10,10,100,High,未知,警惕,85,10年ROE波动较大
000407,CN,胜利股份,-,通用,ROE、现金流、资产负债率,-,-,3.0%,6.1%,-,45.8%,-,-,未分红/不适用,-2.2%,10,10,100,High,未知,排除,45,10年净利润波动较大；长期ROE低于5%
000408,CN,藏格矿业,-,通用,ROE、现金流、资产负债率,-,-,19.7%,13.4%,-,8.3%,-,-,未分红/不适用,-0.3%,10,10,100,High,未知,警惕,70,10年ROE波动较大；10年净利润波动较大
000409,CN,云鼎科技,-,科技,营收增长、自由现金流、研发投入效率,-,-,-6.4%,21.9%,-,35.7%,-,-,未分红/不适用,31.7%,10,10,100,High,未知,排除,0,10年内亏损年份过多；10年ROE波动较大；10年净利润波动较大；长期ROE低于5%
000410,CN,沈阳机床,-,通用,ROE、现金流、资产负债率,-,-,-43.6%,103.9%,-,51.5%,-,-,未分红/不适用,21.8%,10,10,100,High,未知,排除,0,10年内亏损年份过多；10年ROE波动较大；10年净利润波动较大；长期ROE低于5%
000411,CN,英特集团,-,通用,ROE、现金流、资产负债率,-,-,11.2%,1.4%,-,65.5%,-,-,未分红/不适用,5.9%,10,10,100,High,未知,通过,100,-
000415,CN,渤海租赁,-,通用,ROE、现金流、资产负债率,-,-,-0.2%,9.8%,-,81.3%,-,-,未分红/不适用,18.6%,10,10,100,High,未知,排除,0,10年内亏损年份过多；10年净利润波动较大；长期ROE低于5%；资产负债率偏高
000417,CN,合百集团,-,通用,ROE、现金流、资产负债率,-,-,4.9%,1.5%,-,52.8%,-,-,未分红/不适用,1.4%,10,10,100,High,未知,排除,60,长期ROE低于5%
000419,CN,通程控股,-,通用,ROE、现金流、资产负债率,-,-,5.2%,1.0%,-,31.7%,-,-,未分红/不适用,-4.2%,10,10,100,High,未知,通过,100,-
000420,CN,吉林化纤,-,通用,ROE、现金流、资产负债率,-,-,18.6%,31.3%,-,64.0%,-,-,未分红/不适用,11.0%,10,10,100,High,未知,排除,30,10年内亏损年份过多；10年ROE波动较大；10年净利润波动较大
000421,CN,南京公用,-,通用,ROE、现金流、资产负债率,-,-,3.8%,3.5%,-,62.0%,-,-,未分红/不适用,18.1%,10,10,100,High,未知,排除,45,10年净利润波动较大；长期ROE低于5%
000422,CN,湖北宜化,-,通用,ROE、现金流、资产负债率,-,-,12.6%,71.3%,-,70.5%,-,-,未分红/不适用,8.5%,10,10,100,High,未知,警惕,55,10年ROE波动较大；10年净利润波动较大；资产负债率偏高
000423,CN,东阿阿胶,-,通用,ROE、现金流、资产负债率,-,-,16.1%,13.1%,-,22.6%,-,-,未分红/不适用,14.9%,10,10,100,High,未知,警惕,85,10年ROE波动较大
000425,CN,徐工机械,-,通用,ROE、现金流、资产负债率,-,-,9.4%,4.2%,-,64.0%,-,-,未分红/不适用,-3.6%,10,10,100,High,未知,通过,100,-
000426,CN,兴业银锡,-,通用,ROE、现金流、资产负债率,-,-,7.4%,9.0%,-,40.8%,-,-,未分红/不适用,29.0%,10,10,100,High,未知,警惕,85,10年净利润波动较大
000428,CN,华天酒店,-,通用,ROE、现金流、资产负债率,-,-,-8.7%,9.3%,-,82.3%,-,-,未分红/不适用,-2.9%,10,10,100,High,未知,排除,0,10年内亏损年份过多；10年净利润波动较大；长期ROE低于5%；资产负债率偏高
000429,CN,粤高速Ａ,-,通用,ROE、现金流、资产负债率,-,-,15.7%,3.3%,-,47.0%,-,-,未分红/不适用,-4.1%,10,10,100,High,未知,通过,100,-
000498,CN,山东路桥,-,通用,ROE、现金流、资产负债率,-,-,14.9%,4.0%,-,76.5%,-,-,未分红/不适用,4.5%,10,10,100,High,未知,警惕,85,资产负债率偏高
000501,CN,武商集团,-,通用,ROE、现金流、资产负债率,-,-,8.6%,6.9%,-,64.1%,-,-,未分红/不适用,-3.9%,10,10,100,High,未知,通过,100,-
000503,CN,国新健康,-,通用,ROE、现金流、资产负债率,-,-,-18.0%,22.5%,-,44.0%,-,-,未分红/不适用,8.5%,10,10,100,High,未知,排除,0,10年内亏损年份过多；10年ROE波动较大；10年净利润波动较大；长期ROE低于5%
000505,CN,京粮控股,-,通用,ROE、现金流、资产负债率,-,-,12.2%,25.3%,-,47.5%,-,-,未分红/不适用,-9.6%,10,10,100,High,未知,警惕,55,10年ROE波动较大；10年净利润波动较大；近5年营收增长偏弱
000506,CN,招金黄金,-,通用,ROE、现金流、资产负债率,-,-,-0.9%,38.5%,-,49.6%,-,-,未分红/不适用,-12.7%,10,10,100,High,未知,排除,0,10年内亏损年份过多；10年ROE波动较大；10年净利润波动较大；长期ROE低于5%；近5年营收增长偏弱
000507,CN,珠海港,-,通用,ROE、现金流、资产负债率,-,-,5.0%,1.0%,-,54.5%,-,-,未分红/不适用,-9.5%,10,10,100,High,未知,警惕,85,近5年营收增长偏弱
000509,CN,华塑控股,-,通用,ROE、现金流、资产负债率,-,-,-45.5%,106.8%,-,78.1%,-,-,未分红/不适用,26.5%,10,10,100,High,未知,排除,0,10年内亏损年份过多；10年ROE波动较大；10年净利润波动较大；长期ROE低于5%；资产负债率偏高
000510,CN,新金路,-,通用,ROE、现金流、资产负债率,-,-,12.2%,31.4%,-,52.2%,-,-,未分红/不适用,-13.6%,10,10,100,High,未知,排除,15,10年内亏损年份过多；10年ROE波动较大；10年净利润波动较大；近5年营收增长偏弱
000513,CN,丽珠集团,-,通用,ROE、现金流、资产负债率,-,-,17.5%,11.9%,-,35.2%,-,-,未分红/不适用,-0.1%,10,10,100,High,未知,通过,100,-
000514,CN,渝 开 发,-,通用,ROE、现金流、资产负债率,-,-,13.4%,25.6%,-,45.1%,-,-,未分红/不适用,-11.5%,10,10,100,High,未知,警惕,55,10年ROE波动较大；10年净利润波动较大；近5年营收增长偏弱
000516,CN,国际医学,-,通用,ROE、现金流、资产负债率,-,-,7.7%,34.9%,-,69.0%,-,-,未分红/不适用,8.7%,10,10,100,High,未知,排除,30,10年内亏损年份过多；10年ROE波动较大；10年净利润波动较大
000517,CN,荣安地产,-,地产,净负债率、现金短债比、资产负债率,-,-,6.5%,17.8%,-,56.2%,-,-,未分红/不适用,-25.6%,10,10,100,High,未知,排除,15,地产需补充净负债率/现金短债比专项数据；10年ROE波动较大；10年净利润波动较大；近5年营收明显下滑
000519,CN,中兵红箭,-,通用,ROE、现金流、资产负债率,-,-,7.5%,12.2%,-,45.5%,-,-,未分红/不适用,5.4%,10,10,100,High,未知,警惕,70,10年ROE波动较大；10年净利润波动较大
000520,CN,凤凰航运,-,周期,利润波动、ROE波动、资本开支周期,-,-,4.9%,12.0%,-,39.5%,-,-,未分红/不适用,-5.2%,10,10,100,High,未知,排除,0,周期行业利润弹性过大；10年内亏损年份过多；10年ROE波动较大；10年净利润波动较大；长期ROE低于5%；近5年营收增长偏弱
000521,CN,长虹美菱,-,通用,ROE、现金流、资产负债率,-,-,18.4%,28.0%,-,70.9%,-,-,未分红/不适用,14.0%,10,10,100,High,未知,警惕,55,10年ROE波动较大；10年净利润波动较大；资产负债率偏高
000523,CN,红棉股份,-,通用,ROE、现金流、资产负债率,-,-,4.5%,9.6%,-,38.9%,-,-,未分红/不适用,-4.9%,10,10,100,High,未知,排除,45,10年净利润波动较大；长期ROE低于5%
000524,CN,岭南控股,-,通用,ROE、现金流、资产负债率,-,-,2.6%,7.7%,-,40.3%,-,-,未分红/不适用,31.1%,10,10,100,High,未知,排除,5,10年内亏损年份过多；10年净利润波动较大；长期ROE低于5%
000525,CN,红太阳,-,通用,ROE、现金流、资产负债率,-,-,-13.0%,61.2%,-,59.8%,-,-,未分红/不适用,-9.9%,10,10,100,High,未知,排除,0,10年内亏损年份过多；10年ROE波动较大；10年净利润波动较大；长期ROE低于5%；近5年营收增长偏弱
000526,CN,学大教育,-,通用,ROE、现金流、资产负债率,-,-,-1.1%,53.9%,-,76.8%,-,-,未分红/不适用,6.3%,10,10,100,High,未知,排除,15,10年ROE波动较大；10年净利润波动较大；长期ROE低于5%；资产负债率偏高
000528,CN,柳    工,-,通用,ROE、现金流、资产负债率,-,-,12.3%,15.6%,-,60.3%,-,-,未分红/不适用,3.7%,10,10,100,High,未知,警惕,85,10年ROE波动较大
000529,CN,广弘控股,-,通用,ROE、现金流、资产负债率,-,-,12.8%,8.7%,-,51.7%,-,-,未分红/不适用,-13.2%,10,10,100,High,未知,警惕,70,10年净利润波动较大；近5年营收增长偏弱
000530,CN,冰山冷热,-,通用,ROE、现金流、资产负债率,-,-,14.2%,25.8%,-,57.7%,-,-,未分红/不适用,20.5%,10,10,100,High,未知,警惕,70,10年ROE波动较大；10年净利润波动较大
000531,CN,穗恒运Ａ,-,通用,ROE、现金流、资产负债率,-,-,6.3%,5.9%,-,58.0%,-,-,未分红/不适用,1.3%,10,10,100,High,未知,警惕,85,10年净利润波动较大
000532,CN,华金资本,-,通用,ROE、现金流、资产负债率,-,-,10.2%,4.5%,-,28.1%,-,-,未分红/不适用,-5.9%,10,10,100,High,未知,警惕,85,近5年营收增长偏弱
000533,CN,顺钠股份,-,通用,ROE、现金流、资产负债率,-,-,2.5%,34.6%,-,60.9%,-,-,未分红/不适用,11.3%,10,10,100,High,未知,排除,30,10年ROE波动较大；10年净利润波动较大；长期ROE低于5%
000534,CN,万泽股份,-,通用,ROE、现金流、资产负债率,-,-,9.3%,3.3%,-,61.5%,-,-,未分红/不适用,18.4%,10,10,100,High,未知,通过,100,-
000536,CN,华映科技,-,科技,营收增长、自由现金流、研发投入效率,-,-,-34.4%,43.4%,-,80.2%,-,-,未分红/不适用,-17.8%,10,10,100,High,未知,排除,0,科技公司营收增长转负；10年内亏损年份过多；10年ROE波动较大；10年净利润波动较大；长期ROE低于5%；资产负债率偏高；近5年营收明显下滑
000537,CN,绿发电力,-,通用,ROE、现金流、资产负债率,-,-,11.0%,9.2%,-,73.8%,-,-,未分红/不适用,-29.3%,10,10,100,High,未知,排除,45,资产负债率偏高；近5年营收明显下滑
000538,CN,云南白药,-,通用,ROE、现金流、资产负债率,-,-,12.3%,4.3%,-,26.0%,-,-,未分红/不适用,3.2%,10,10,100,High,未知,通过,100,-
000539,CN,粤电力Ａ,-,通用,ROE、现金流、资产负债率,-,-,0.9%,6.9%,-,77.7%,-,-,未分红/不适用,3.8%,10,10,100,High,未知,排除,30,10年净利润波动较大；长期ROE低于5%；资产负债率偏高
000541,CN,佛山照明,-,通用,ROE、现金流、资产负债率,-,-,8.1%,5.8%,-,39.2%,-,-,未分红/不适用,0.2%,10,10,100,High,未知,通过,100,-
000543,CN,皖能电力,-,通用,ROE、现金流、资产负债率,-,-,6.0%,6.7%,-,62.7%,-,-,未分红/不适用,6.7%,10,10,100,High,未知,警惕,85,10年净利润波动较大
000544,CN,中原环保,-,通用,ROE、现金流、资产负债率,-,-,8.5%,2.3%,-,73.4%,-,-,未分红/不适用,-2.5%,10,10,100,High,未知,警惕,85,资产负债率偏高
000545,CN,金浦钛业,-,通用,ROE、现金流、资产负债率,-,-,-7.7%,19.1%,-,59.5%,-,-,未分红/不适用,-12.0%,10,10,100,High,未知,排除,0,10年内亏损年份过多；10年ROE波动较大；10年净利润波动较大；长期ROE低于5%；近5年营收增长偏弱
000546,CN,金圆股份,-,通用,ROE、现金流、资产负债率,-,-,13.2%,29.8%,-,26.7%,-,-,未分红/不适用,1.6%,10,10,100,High,未知,排除,30,10年内亏损年份过多；10年ROE波动较大；10年净利润波动较大
000548,CN,湖南投资,-,通用,ROE、现金流、资产负债率,-,-,4.1%,2.2%,-,15.5%,-,-,未分红/不适用,4.9%,10,10,100,High,未知,排除,60,长期ROE低于5%
000550,CN,江铃汽车,-,通用,ROE、现金流、资产负债率,-,-,16.2%,23.9%,-,66.2%,-,-,未分红/不适用,2.7%,10,10,100,High,未知,警惕,85,10年ROE波动较大
000551,CN,创元科技,-,科技,营收增长、自由现金流、研发投入效率,-,-,6.7%,2.3%,-,37.3%,-,-,未分红/不适用,3.4%,10,10,100,High,未知,通过,100,-
000552,CN,甘肃能化,-,通用,ROE、现金流、资产负债率,-,-,8.5%,7.9%,-,54.6%,-,-,未分红/不适用,-6.0%,10,10,100,High,未知,警惕,70,10年净利润波动较大；近5年营收增长偏弱
000553,CN,安道麦A,-,通用,ROE、现金流、资产负债率,-,-,7.6%,24.5%,-,63.7%,-,-,未分红/不适用,-1.7%,10,10,100,High,未知,排除,30,10年内亏损年份过多；10年ROE波动较大；10年净利润波动较大
000554,CN,泰山石油,-,周期,利润波动、ROE波动、资本开支周期,-,-,38.0%,34.7%,-,31.0%,-,-,未分红/不适用,3.1%,10,10,100,High,未知,警惕,40,周期行业ROE波动显著；周期行业利润弹性过大；10年ROE波动较大；10年净利润波动较大
000555,CN,神州信息,-,通用,ROE、现金流、资产负债率,-,-,22.0%,37.9%,-,53.9%,-,-,未分红/不适用,3.8%,10,10,100,High,未知,警惕,70,10年ROE波动较大；10年净利润波动较大
000557,CN,西部创业,-,通用,ROE、现金流、资产负债率,-,-,14.6%,27.3%,-,9.9%,-,-,未分红/不适用,1.8%,10,10,100,High,未知,警惕,85,10年ROE波动较大
000558,CN,天府文旅,-,通用,ROE、现金流、资产负债率,-,-,-1.4%,3.9%,-,54.1%,-,-,未分红/不适用,39.7%,10,10,100,High,未知,排除,5,10年内亏损年份过多；10年净利润波动较大；长期ROE低于5%
000559,CN,万向钱潮,-,通用,ROE、现金流、资产负债率,-,-,12.1%,4.2%,-,61.2%,-,-,未分红/不适用,-1.7%,10,10,100,High,未知,通过,100,-
000560,CN,我爱我家,-,通用,ROE、现金流、资产负债率,-,-,8.9%,24.7%,-,62.2%,-,-,未分红/不适用,-3.3%,10,10,100,High,未知,排除,30,10年内亏损年份过多；10年ROE波动较大；10年净利润波动较大
000561,CN,烽火电子,-,科技,营收增长、自由现金流、研发投入效率,-,-,3.5%,6.1%,-,54.6%,-,-,未分红/不适用,2.7%,10,10,100,High,未知,排除,45,10年净利润波动较大；长期ROE低于5%
000563,CN,陕国投Ａ,-,通用,ROE、现金流、资产负债率,-,-,6.7%,1.8%,-,35.7%,-,-,未分红/不适用,-,0,30,0,Insufficient,未知,数据不足,0,数据年数不足，无法进行可靠筛选
000564,CN,供销大集,-,通用,ROE、现金流、资产负债率,-,-,-6.1%,9.8%,-,51.9%,-,-,未分红/不适用,3.1%,10,10,100,High,未知,排除,5,10年内亏损年份过多；10年净利润波动较大；长期ROE低于5%
000565,CN,渝三峡Ａ,-,通用,ROE、现金流、资产负债率,-,-,15.5%,20.7%,-,22.3%,-,-,未分红/不适用,-5.2%,10,10,100,High,未知,警惕,55,10年ROE波动较大；10年净利润波动较大；近5年营收增长偏弱
000566,CN,海南海药,-,通用,ROE、现金流、资产负债率,-,-,-27.7%,59.4%,-,97.9%,-,-,未分红/不适用,-20.3%,10,10,100,High,未知,排除,0,10年内亏损年份过多；10年ROE波动较大；10年净利润波动较大；长期ROE低于5%；资产负债率过高；近5年营收明显下滑
000567,CN,海德股份,-,通用,ROE、现金流、资产负债率,-,-,9.2%,8.4%,-,42.2%,-,-,未分红/不适用,1.4%,10,10,100,High,未知,警惕,85,10年净利润波动较大
000568,CN,泸州老窖,-,通用,ROE、现金流、资产负债率,-,-,26.7%,5.8%,-,23.0%,-,-,未分红/不适用,5.7%,10,10,100,High,未知,通过,100,-
000570,CN,苏常柴Ａ,-,通用,ROE、现金流、资产负债率,-,-,7.8%,16.6%,-,36.8%,-,-,未分红/不适用,0.2%,10,10,100,High,未知,警惕,85,10年ROE波动较大
000571,CN,新大洲A,-,通用,ROE、现金流、资产负债率,-,-,-28.2%,52.9%,-,67.8%,-,-,未分红/不适用,-19.1%,10,10,100,High,未知,排除,0,10年内亏损年份过多；10年ROE波动较大；10年净利润波动较大；长期ROE低于5%；近5年营收明显下滑
000572,CN,海马汽车,-,通用,ROE、现金流、资产负债率,-,-,-14.7%,18.4%,-,55.3%,-,-,未分红/不适用,0.9%,10,10,100,High,未知,排除,0,10年内亏损年份过多；10年ROE波动较大；10年净利润波动较大；长期ROE低于5%
000573,CN,粤宏远Ａ,-,通用,ROE、现金流、资产负债率,-,-,3.1%,5.4%,-,23.5%,-,-,未分红/不适用,-18.0%,10,10,100,High,未知,排除,5,10年净利润波动较大；长期ROE低于5%；近5年营收明显下滑
000576,CN,甘化科工,-,通用,ROE、现金流、资产负债率,-,-,5.0%,18.2%,-,26.3%,-,-,未分红/不适用,-1.6%,10,10,100,High,未知,排除,30,10年ROE波动较大；10年净利润波动较大；长期ROE低于5%
000581,CN,威孚高科,-,通用,ROE、现金流、资产负债率,-,-,17.9%,16.7%,-,29.7%,-,-,未分红/不适用,-3.2%,10,10,100,High,未知,警惕,85,10年ROE波动较大
000582,CN,北部湾港,-,通用,ROE、现金流、资产负债率,-,-,8.2%,1.4%,-,46.0%,-,-,未分红/不适用,6.5%,10,10,100,High,未知,通过,100,-
000586,CN,汇源通信,-,科技,营收增长、自由现金流、研发投入效率,-,-,0.8%,23.1%,-,48.4%,-,-,未分红/不适用,3.3%,10,10,100,High,未知,排除,0,10年内亏损年份过多；10年ROE波动较大；10年净利润波动较大；长期ROE低于5%
000589,CN,贵州轮胎,-,通用,ROE、现金流、资产负债率,-,-,11.0%,14.0%,-,50.9%,-,-,未分红/不适用,10.5%,10,10,100,High,未知,警惕,70,10年ROE波动较大；10年净利润波动较大
000590,CN,古汉医药,-,通用,ROE、现金流、资产负债率,-,-,1.6%,11.3%,-,38.2%,-,-,未分红/不适用,2.9%,10,10,100,High,未知,排除,5,10年内亏损年份过多；10年净利润波动较大；长期ROE低于5%
000591,CN,太阳能,-,通用,ROE、现金流、资产负债率,-,-,6.7%,1.4%,-,53.9%,-,-,未分红/不适用,-8.4%,10,10,100,High,未知,警惕,85,近5年营收增长偏弱
000592,CN,平潭发展,-,通用,ROE、现金流、资产负债率,-,-,18.7%,40.0%,-,45.0%,-,-,未分红/不适用,-4.8%,10,10,100,High,未知,排除,30,10年内亏损年份过多；10年ROE波动较大；10年净利润波动较大
000593,CN,德龙汇能,-,通用,ROE、现金流、资产负债率,-,-,-2.5%,10.6%,-,50.0%,-,-,未分红/不适用,0.2%,10,10,100,High,未知,排除,5,10年内亏损年份过多；10年净利润波动较大；长期ROE低于5%
000596,CN,古井贡酒,-,通用,ROE、现金流、资产负债率,-,-,20.4%,3.7%,-,31.7%,-,-,未分红/不适用,9.1%,10,10,100,High,未知,通过,100,-
000597,CN,东北制药,-,通用,ROE、现金流、资产负债率,-,-,7.8%,8.1%,-,56.0%,-,-,未分红/不适用,-3.5%,10,10,100,High,未知,通过,100,-
000598,CN,兴蓉环境,-,通用,ROE、现金流、资产负债率,-,-,10.8%,0.8%,-,58.1%,-,-,未分红/不适用,7.7%,10,10,100,High,未知,通过,100,-
000599,CN,青岛双星,-,通用,ROE、现金流、资产负债率,-,-,-10.1%,40.8%,-,85.0%,-,-,未分红/不适用,4.2%,10,10,100,High,未知,排除,0,10年内亏损年份过多；10年ROE波动较大；10年净利润波动较大；长期ROE低于5%；资产负债率偏高
000600,CN,建投能源,-,通用,ROE、现金流、资产负债率,-,-,3.7%,9.8%,-,59.2%,-,-,未分红/不适用,10.9%,10,10,100,High,未知,排除,45,10年净利润波动较大；长期ROE低于5%
000601,CN,韶能股份,-,通用,ROE、现金流、资产负债率,-,-,9.5%,17.5%,-,65.9%,-,-,未分红/不适用,4.8%,10,10,100,High,未知,警惕,70,10年ROE波动较大；10年净利润波动较大
000603,CN,盛达资源,-,通用,ROE、现金流、资产负债率,-,-,14.8%,5.9%,-,44.5%,-,-,未分红/不适用,10.7%,10,10,100,High,未知,通过,100,-
000605,CN,渤海股份,-,通用,ROE、现金流、资产负债率,-,-,46.1%,40.2%,-,67.0%,-,-,未分红/不适用,0.8%,10,10,100,High,未知,警惕,70,10年ROE波动较大；10年净利润波动较大
000607,CN,华媒控股,-,通用,ROE、现金流、资产负债率,-,-,-4.9%,20.6%,-,57.1%,-,-,未分红/不适用,-10.8%,10,10,100,High,未知,排除,0,10年内亏损年份过多；10年ROE波动较大；10年净利润波动较大；长期ROE低于5%；近5年营收增长偏弱
000612,CN,焦作万方,-,通用,ROE、现金流、资产负债率,-,-,6.1%,7.2%,-,17.6%,-,-,未分红/不适用,7.2%,10,10,100,High,未知,警惕,85,10年净利润波动较大
000617,CN,中油资本,-,通用,ROE、现金流、资产负债率,-,-,7.5%,2.6%,-,83.0%,-,-,未分红/不适用,2.2%,10,10,100,High,未知,警惕,85,资产负债率偏高
000619,CN,海螺新材,-,通用,ROE、现金流、资产负债率,-,-,2.7%,36.9%,-,43.9%,-,-,未分红/不适用,-1.7%,10,10,100,High,未知,排除,0,10年内亏损年份过多；10年ROE波动较大；10年净利润波动较大；长期ROE低于5%
000620,CN,盈新发展,-,通用,ROE、现金流、资产负债率,-,-,-8.4%,30.2%,-,61.6%,-,-,未分红/不适用,-33.2%,10,10,100,High,未知,排除,0,10年内亏损年份过多；10年ROE波动较大；10年净利润波动较大；长期ROE低于5%；近5年营收明显下滑
000623,CN,吉林敖东,-,通用,ROE、现金流、资产负债率,-,-,7.1%,1.7%,-,10.3%,-,-,未分红/不适用,0.3%,10,10,100,High,未知,通过,100,-
000625,CN,长安汽车,-,通用,ROE、现金流、资产负债率,-,-,9.6%,9.0%,-,59.6%,-,-,未分红/不适用,11.8%,10,10,100,High,未知,警惕,85,10年净利润波动较大
000626,CN,远大控股,-,通用,ROE、现金流、资产负债率,-,-,-0.3%,10.0%,-,66.4%,-,-,未分红/不适用,-2.1%,10,10,100,High,未知,排除,5,10年内亏损年份过多；10年净利润波动较大；长期ROE低于5%
000628,CN,高新发展,-,通用,ROE、现金流、资产负债率,-,-,9.6%,6.4%,-,82.4%,-,-,未分红/不适用,-6.8%,10,10,100,High,未知,警惕,55,10年净利润波动较大；资产负债率偏高；近5年营收增长偏弱
000629,CN,钒钛股份,-,通用,ROE、现金流、资产负债率,-,-,-4.4%,48.0%,-,13.1%,-,-,未分红/不适用,-10.8%,10,10,100,High,未知,排除,15,10年ROE波动较大；10年净利润波动较大；长期ROE低于5%；近5年营收增长偏弱
000630,CN,铜陵有色,-,周期,利润波动、ROE波动、资本开支周期,-,-,7.2%,4.8%,-,53.6%,-,-,未分红/不适用,7.2%,10,10,100,High,未知,通过,100,-
000631,CN,顺发恒能,-,通用,ROE、现金流、资产负债率,-,-,16.3%,29.9%,-,19.7%,-,-,未分红/不适用,16.0%,10,10,100,High,未知,警惕,70,10年ROE波动较大；10年净利润波动较大
000633,CN,合金投资,-,通用,ROE、现金流、资产负债率,-,-,2.5%,7.5%,-,56.1%,-,-,未分红/不适用,15.4%,10,10,100,High,未知,排除,45,10年净利润波动较大；长期ROE低于5%
000635,CN,英 力 特,-,通用,ROE、现金流、资产负债率,-,-,-3.2%,35.1%,-,50.6%,-,-,未分红/不适用,-7.1%,10,10,100,High,未知,排除,0,10年内亏损年份过多；10年ROE波动较大；10年净利润波动较大；长期ROE低于5%；近5年营收增长偏弱
000636,CN,风华高科,-,通用,ROE、现金流、资产负债率,-,-,6.5%,6.3%,-,23.6%,-,-,未分红/不适用,3.3%,10,10,100,High,未知,通过,100,-
000637,CN,茂化实华,-,通用,ROE、现金流、资产负债率,-,-,5.8%,29.9%,-,69.0%,-,-,未分红/不适用,-13.6%,10,10,100,High,未知,排除,15,10年内亏损年份过多；10年ROE波动较大；10年净利润波动较大；近5年营收增长偏弱
000650,CN,仁和药业,-,通用,ROE、现金流、资产负债率,-,-,11.9%,3.2%,-,10.4%,-,-,未分红/不适用,-8.0%,10,10,100,High,未知,警惕,85,近5年营收增长偏弱
000651,CN,格力电器,-,通用,ROE、现金流、资产负债率,-,-,26.4%,5.9%,-,61.7%,-,-,未分红/不适用,-2.5%,10,10,100,High,未知,通过,100,-
000652,CN,泰达股份,-,通用,ROE、现金流、资产负债率,-,-,4.4%,4.0%,-,84.2%,-,-,未分红/不适用,-4.2%,10,10,100,High,未知,排除,30,10年净利润波动较大；长期ROE低于5%；资产负债率偏高
000655,CN,金岭矿业,-,通用,ROE、现金流、资产负债率,-,-,2.1%,9.9%,-,13.3%,-,-,未分红/不适用,-2.3%,10,10,100,High,未知,排除,45,10年净利润波动较大；长期ROE低于5%
000657,CN,中钨高新,-,通用,ROE、现金流、资产负债率,-,-,12.2%,12.1%,-,50.8%,-,-,未分红/不适用,9.9%,10,10,100,High,未知,警惕,70,10年ROE波动较大；10年净利润波动较大
000659,CN,珠海中富,-,通用,ROE、现金流、资产负债率,-,-,-24.8%,32.4%,-,99.3%,-,-,未分红/不适用,-9.1%,10,10,100,High,未知,排除,0,10年内亏损年份过多；10年ROE波动较大；10年净利润波动较大；长期ROE低于5%；资产负债率过高；近5年营收增长偏弱
000661,CN,长春高新,-,通用,ROE、现金流、资产负债率,-,-,27.0%,16.1%,-,17.3%,-,-,未分红/不适用,3.0%,10,10,100,High,未知,警惕,85,10年ROE波动较大
000663,CN,永安林业,-,通用,ROE、现金流、资产负债率,-,-,-6.6%,34.5%,-,37.3%,-,-,未分红/不适用,-10.5%,10,10,100,High,未知,排除,0,10年内亏损年份过多；10年ROE波动较大；10年净利润波动较大；长期ROE低于5%；近5年营收增长偏弱
000665,CN,湖北广电,-,通用,ROE、现金流、资产负债率,-,-,-6.9%,11.0%,-,65.1%,-,-,未分红/不适用,-8.6%,10,10,100,High,未知,排除,0,10年内亏损年份过多；10年净利润波动较大；长期ROE低于5%；近5年营收增长偏弱
000670,CN,盈方微,-,通用,ROE、现金流、资产负债率,-,-,-111.5%,147.6%,-,77.4%,-,-,未分红/不适用,13.2%,10,10,100,High,未知,排除,0,10年内亏损年份过多；10年ROE波动较大；10年净利润波动较大；长期ROE低于5%；资产负债率偏高
000672,CN,上峰水泥,-,通用,ROE、现金流、资产负债率,-,-,25.2%,18.9%,-,41.3%,-,-,未分红/不适用,-13.3%,10,10,100,High,未知,警惕,70,10年ROE波动较大；近5年营收增长偏弱
000676,CN,智度股份,-,通用,ROE、现金流、资产负债率,-,-,-0.0%,20.8%,-,14.3%,-,-,未分红/不适用,-8.4%,10,10,100,High,未知,排除,15,10年ROE波动较大；10年净利润波动较大；长期ROE低于5%；近5年营收增长偏弱
000678,CN,襄阳轴承,-,通用,ROE、现金流、资产负债率,-,-,4.9%,31.6%,-,65.1%,-,-,未分红/不适用,4.0%,10,10,100,High,未知,排除,0,10年内亏损年份过多；10年ROE波动较大；10年净利润波动较大；长期ROE低于5%
000679,CN,大连友谊,-,通用,ROE、现金流、资产负债率,-,-,-10.7%,42.1%,-,93.6%,-,-,未分红/不适用,24.3%,10,10,100,High,未知,排除,0,10年内亏损年份过多；10年ROE波动较大；10年净利润波动较大；长期ROE低于5%；资产负债率过高
000680,CN,山推股份,-,通用,ROE、现金流、资产负债率,-,-,8.3%,8.1%,-,66.0%,-,-,未分红/不适用,12.4%,10,10,100,High,未知,警惕,85,10年净利润波动较大
000681,CN,视觉中国,-,通用,ROE、现金流、资产负债率,-,-,6.3%,3.7%,-,16.0%,-,-,未分红/不适用,4.3%,10,10,100,High,未知,通过,100,-
000682,CN,东方电子,-,科技,营收增长、自由现金流、研发投入效率,-,-,9.4%,4.2%,-,54.3%,-,-,未分红/不适用,16.9%,10,10,100,High,未知,通过,100,-
000683,CN,博源化工,-,周期,利润波动、ROE波动、资本开支周期,-,-,19.1%,22.5%,-,56.0%,-,-,未分红/不适用,-0.1%,10,10,100,High,未知,警惕,40,周期行业ROE波动显著；周期行业利润弹性过大；10年ROE波动较大；10年净利润波动较大
000685,CN,中山公用,-,通用,ROE、现金流、资产负债率,-,-,8.3%,1.8%,-,47.3%,-,-,未分红/不适用,18.1%,10,10,100,High,未知,通过,100,-
000686,CN,东北证券,-,通用,ROE、现金流、资产负债率,-,-,5.7%,2.9%,-,73.4%,-,-,未分红/不适用,-9.3%,10,20,100,High,未知,警惕,70,资产负债率偏高；近5年营收增长偏弱
000688,CN,国城矿业,-,通用,ROE、现金流、资产负债率,-,-,11.8%,6.9%,-,69.5%,-,-,未分红/不适用,29.5%,10,10,100,High,未知,警惕,85,10年净利润波动较大
000690,CN,宝新能源,-,通用,ROE、现金流、资产负债率,-,-,7.4%,4.7%,-,41.6%,-,-,未分红/不适用,-2.1%,10,10,100,High,未知,通过,100,-
000692,CN,惠天热电,-,通用,ROE、现金流、资产负债率,-,-,-213.8%,632.7%,-,98.7%,-,-,未分红/不适用,1.4%,10,10,100,High,未知,排除,0,10年内亏损年份过多；10年ROE波动较大；10年净利润波动较大；长期ROE低于5%；资产负债率过高
000695,CN,滨海能源,-,通用,ROE、现金流、资产负债率,-,-,-15.3%,27.6%,-,94.2%,-,-,未分红/不适用,4.0%,10,10,100,High,未知,排除,0,10年内亏损年份过多；10年ROE波动较大；10年净利润波动较大；长期ROE低于5%；资产负债率过高
000697,CN,炼石航空,-,通用,ROE、现金流、资产负债率,-,-,-38.9%,36.5%,-,27.3%,-,-,未分红/不适用,17.4%,10,10,100,High,未知,排除,0,10年内亏损年份过多；10年ROE波动较大；10年净利润波动较大；长期ROE低于5%
000700,CN,模塑科技,-,科技,营收增长、自由现金流、研发投入效率,-,-,9.8%,15.1%,-,51.3%,-,-,未分红/不适用,-1.0%,10,10,100,High,未知,警惕,55,科技公司营收增长转负；10年ROE波动较大；10年净利润波动较大
000701,CN,厦门信达,-,通用,ROE、现金流、资产负债率,-,-,-148.1%,337.9%,-,76.8%,-,-,未分红/不适用,-26.1%,10,10,100,High,未知,排除,0,10年内亏损年份过多；10年ROE波动较大；10年净利润波动较大；长期ROE低于5%；资产负债率偏高；近5年营收明显下滑
000702,CN,正虹科技,-,科技,营收增长、自由现金流、研发投入效率,-,-,-8.9%,29.3%,-,47.0%,-,-,未分红/不适用,-8.2%,10,10,100,High,未知,排除,0,科技公司营收增长转负；10年内亏损年份过多；10年ROE波动较大；10年净利润波动较大；长期ROE低于5%；近5年营收增长偏弱
000703,CN,恒逸石化,-,通用,ROE、现金流、资产负债率,-,-,17.0%,27.5%,-,72.3%,-,-,未分红/不适用,-3.3%,10,10,100,High,未知,警惕,55,10年ROE波动较大；10年净利润波动较大；资产负债率偏高
000705,CN,浙江震元,-,通用,ROE、现金流、资产负债率,-,-,4.7%,3.3%,-,32.5%,-,-,未分红/不适用,-10.9%,10,10,100,High,未知,排除,45,长期ROE低于5%；近5年营收增长偏弱
000707,CN,双环科技,-,科技,营收增长、自由现金流、研发投入效率,-,-,50.0%,181.1%,-,46.7%,-,-,未分红/不适用,-9.2%,10,10,100,High,未知,排除,0,科技公司营收增长转负；10年内亏损年份过多；10年ROE波动较大；10年净利润波动较大；近5年营收增长偏弱
000708,CN,中信特钢,-,通用,ROE、现金流、资产负债率,-,-,17.5%,6.2%,-,58.8%,-,-,未分红/不适用,2.2%,10,10,100,High,未知,通过,100,-
000709,CN,河钢股份,-,通用,ROE、现金流、资产负债率,-,-,12.4%,28.4%,-,74.8%,-,-,未分红/不适用,-5.7%,10,10,100,High,未知,警惕,55,10年ROE波动较大；资产负债率偏高；近5年营收增长偏弱
000710,CN,贝瑞基因,-,通用,ROE、现金流、资产负债率,-,-,1.7%,15.0%,-,34.2%,-,-,未分红/不适用,-10.1%,10,10,100,High,未知,排除,0,10年内亏损年份过多；10年ROE波动较大；10年净利润波动较大；长期ROE低于5%；近5年营收增长偏弱
000712,CN,锦龙股份,-,通用,ROE、现金流、资产负债率,-,-,-0.9%,8.7%,-,66.7%,-,-,未分红/不适用,-2.0%,10,20,100,High,未知,排除,5,10年内亏损年份过多；10年净利润波动较大；长期ROE低于5%
000713,CN,国投丰乐,-,通用,ROE、现金流、资产负债率,-,-,11.8%,25.5%,-,29.7%,-,-,未分红/不适用,2.6%,10,10,100,High,未知,警惕,85,10年ROE波动较大
000715,CN,中兴商业,-,通用,ROE、现金流、资产负债率,-,-,7.1%,1.7%,-,25.1%,-,-,未分红/不适用,-3.7%,10,10,100,High,未知,通过,100,-
000716,CN,黑芝麻,-,通用,ROE、现金流、资产负债率,-,-,13.0%,30.4%,-,42.3%,-,-,未分红/不适用,-13.5%,10,10,100,High,未知,排除,15,10年内亏损年份过多；10年ROE波动较大；10年净利润波动较大；近5年营收增长偏弱
000717,CN,中南股份,-,通用,ROE、现金流、资产负债率,-,-,27.9%,40.1%,-,63.4%,-,-,未分红/不适用,-12.9%,10,10,100,High,未知,排除,15,10年内亏损年份过多；10年ROE波动较大；10年净利润波动较大；近5年营收增长偏弱
000718,CN,苏宁环球,-,通用,ROE、现金流、资产负债率,-,-,10.2%,6.2%,-,29.7%,-,-,未分红/不适用,-17.5%,10,10,100,High,未知,排除,60,近5年营收明显下滑
000719,CN,中原传媒,-,通用,ROE、现金流、资产负债率,-,-,10.7%,1.1%,-,35.4%,-,-,未分红/不适用,0.2%,10,10,100,High,未知,通过,100,-
000720,CN,新能泰山,-,通用,ROE、现金流、资产负债率,-,-,-0.5%,30.3%,-,58.3%,-,-,未分红/不适用,-23.5%,10,10,100,High,未知,排除,0,10年内亏损年份过多；10年ROE波动较大；10年净利润波动较大；长期ROE低于5%；近5年营收明显下滑
000721,CN,西安饮食,-,通用,ROE、现金流、资产负债率,-,-,-19.5%,22.2%,-,86.4%,-,-,未分红/不适用,2.0%,10,10,100,High,未知,排除,0,10年内亏损年份过多；10年ROE波动较大；10年净利润波动较大；长期ROE低于5%；资产负债率过高
000722,CN,湖南发展,-,通用,ROE、现金流、资产负债率,-,-,3.2%,1.2%,-,10.1%,-,-,未分红/不适用,-7.6%,10,10,100,High,未知,排除,45,长期ROE低于5%；近5年营收增长偏弱
000723,CN,美锦能源,-,通用,ROE、现金流、资产负债率,-,-,8.8%,10.5%,-,65.2%,-,-,未分红/不适用,-4.2%,10,10,100,High,未知,警惕,85,10年净利润波动较大
000725,CN,京东方Ａ,-,通用,ROE、现金流、资产负债率,-,-,6.3%,6.6%,-,52.5%,-,-,未分红/不适用,-1.9%,10,10,100,High,未知,警惕,85,10年净利润波动较大
000726,CN,鲁  泰Ａ,-,通用,ROE、现金流、资产负债率,-,-,8.0%,4.2%,-,28.2%,-,-,未分红/不适用,3.0%,10,10,100,High,未知,通过,100,-
000728,CN,国元证券,-,通用,ROE、现金流、资产负债率,-,-,5.4%,1.3%,-,73.3%,-,-,未分红/不适用,0.6%,10,20,100,High,未知,警惕,85,资产负债率偏高
000729,CN,燕京啤酒,-,通用,ROE、现金流、资产负债率,-,-,3.6%,3.3%,-,29.5%,-,-,未分红/不适用,6.4%,10,10,100,High,未知,排除,45,10年净利润波动较大；长期ROE低于5%
000731,CN,四川美丰,-,通用,ROE、现金流、资产负债率,-,-,5.8%,8.3%,-,17.8%,-,-,未分红/不适用,-2.4%,10,10,100,High,未知,警惕,85,10年净利润波动较大
000733,CN,振华科技,-,科技,营收增长、自由现金流、研发投入效率,-,-,12.0%,8.9%,-,18.3%,-,-,未分红/不适用,0.4%,10,10,100,High,未知,警惕,85,10年净利润波动较大
000735,CN,罗 牛 山,-,通用,ROE、现金流、资产负债率,-,-,8.4%,24.4%,-,50.3%,-,-,未分红/不适用,15.8%,10,10,100,High,未知,警惕,70,10年ROE波动较大；10年净利润波动较大
000737,CN,北方铜业,-,通用,ROE、现金流、资产负债率,-,-,30.7%,44.7%,-,63.0%,-,-,未分红/不适用,29.4%,10,10,100,High,未知,警惕,70,10年ROE波动较大；10年净利润波动较大
000738,CN,航发控制,-,通用,ROE、现金流、资产负债率,-,-,5.3%,1.2%,-,17.6%,-,-,未分红/不适用,5.6%,10,10,100,High,未知,通过,100,-
000739,CN,普洛药业,-,通用,ROE、现金流、资产负债率,-,-,15.4%,4.1%,-,48.5%,-,-,未分红/不适用,2.3%,10,10,100,High,未知,通过,100,-
000750,CN,国海证券,-,通用,ROE、现金流、资产负债率,-,-,8.5%,16.1%,-,43.9%,-,-,未分红/不适用,-9.6%,10,20,100,High,未知,警惕,70,10年ROE波动较大；近5年营收增长偏弱
000751,CN,锌业股份,-,通用,ROE、现金流、资产负债率,-,-,10.6%,17.2%,-,62.8%,-,-,未分红/不适用,-5.1%,10,10,100,High,未知,警惕,70,10年ROE波动较大；近5年营收增长偏弱
000753,CN,漳州发展,-,通用,ROE、现金流、资产负债率,-,-,4.8%,3.6%,-,64.4%,-,-,未分红/不适用,-2.6%,10,10,100,High,未知,排除,60,长期ROE低于5%
000755,CN,山西高速,-,通用,ROE、现金流、资产负债率,-,-,-0.2%,27.5%,-,54.6%,-,-,未分红/不适用,-0.5%,10,10,100,High,未知,排除,30,10年ROE波动较大；10年净利润波动较大；长期ROE低于5%
000756,CN,新华制药,-,通用,ROE、现金流、资产负债率,-,-,9.5%,1.9%,-,40.6%,-,-,未分红/不适用,7.5%,10,10,100,High,未知,通过,100,-
000757,CN,浩物股份,-,通用,ROE、现金流、资产负债率,-,-,2.9%,5.5%,-,36.9%,-,-,未分红/不适用,-11.4%,10,10,100,High,未知,排除,0,10年内亏损年份过多；10年净利润波动较大；长期ROE低于5%；近5年营收增长偏弱
000758,CN,中色股份,-,通用,ROE、现金流、资产负债率,-,-,15.5%,31.0%,-,61.8%,-,-,未分红/不适用,11.6%,10,10,100,High,未知,警惕,70,10年ROE波动较大；10年净利润波动较大
000759,CN,中百集团,-,通用,ROE、现金流、资产负债率,-,-,-12.6%,35.5%,-,89.8%,-,-,未分红/不适用,-9.5%,10,10,100,High,未知,排除,0,10年内亏损年份过多；10年ROE波动较大；10年净利润波动较大；长期ROE低于5%；资产负债率过高；近5年营收增长偏弱
000761,CN,本钢板材,-,通用,ROE、现金流、资产负债率,-,-,-4.9%,18.3%,-,81.2%,-,-,未分红/不适用,-12.2%,10,10,100,High,未知,排除,0,10年内亏损年份过多；10年ROE波动较大；10年净利润波动较大；长期ROE低于5%；资产负债率偏高；近5年营收增长偏弱
000766,CN,通化金马,-,通用,ROE、现金流、资产负债率,-,-,-4.5%,19.7%,-,48.4%,-,-,未分红/不适用,-6.3%,10,10,100,High,未知,排除,15,10年ROE波动较大；10年净利润波动较大；长期ROE低于5%；近5年营收增长偏弱
000767,CN,晋控电力,-,通用,ROE、现金流、资产负债率,-,-,-3.9%,38.8%,-,81.4%,-,-,未分红/不适用,0.3%,10,10,100,High,未知,排除,0,10年内亏损年份过多；10年ROE波动较大；10年净利润波动较大；长期ROE低于5%；资产负债率偏高
000768,CN,中航西飞,-,通用,ROE、现金流、资产负债率,-,-,4.4%,1.3%,-,71.5%,-,-,未分红/不适用,5.8%,10,10,100,High,未知,排除,45,长期ROE低于5%；资产负债率偏高
000776,CN,广发证券,-,通用,ROE、现金流、资产负债率,-,-,8.6%,2.2%,-,78.3%,-,-,未分红/不适用,0.9%,10,20,100,High,未知,警惕,85,资产负债率偏高
000777,CN,中核科技,-,科技,营收增长、自由现金流、研发投入效率,-,-,8.4%,2.4%,-,36.1%,-,-,未分红/不适用,2.7%,10,10,100,High,未知,通过,100,-
000778,CN,新兴铸管,-,通用,ROE、现金流、资产负债率,-,-,12.5%,19.0%,-,44.0%,-,-,未分红/不适用,-8.7%,10,10,100,High,未知,警惕,70,10年ROE波动较大；近5年营收增长偏弱
000779,CN,甘咨询,-,通用,ROE、现金流、资产负债率,-,-,10.7%,4.6%,-,28.7%,-,-,未分红/不适用,-5.5%,10,10,100,High,未知,警惕,85,近5年营收增长偏弱
000782,CN,恒申新材,-,通用,ROE、现金流、资产负债率,-,-,7.7%,32.5%,-,51.0%,-,-,未分红/不适用,-7.2%,10,10,100,High,未知,排除,15,10年内亏损年份过多；10年ROE波动较大；10年净利润波动较大；近5年营收增长偏弱
000783,CN,长江证券,-,通用,ROE、现金流、资产负债率,-,-,16.3%,29.1%,-,69.3%,-,-,未分红/不适用,5.2%,10,20,100,High,未知,警惕,85,10年ROE波动较大
000785,CN,居然智家,-,通用,ROE、现金流、资产负债率,-,-,14.5%,12.8%,-,54.4%,-,-,未分红/不适用,-3.9%,10,10,100,High,未知,警惕,70,10年ROE波动较大；10年净利润波动较大
000786,CN,北新建材,-,通用,ROE、现金流、资产负债率,-,-,15.3%,5.2%,-,21.6%,-,-,未分红/不适用,4.6%,10,10,100,High,未知,通过,100,-
000788,CN,北大医药,-,通用,ROE、现金流、资产负债率,-,-,4.0%,2.2%,-,21.7%,-,-,未分红/不适用,-9.8%,10,10,100,High,未知,排除,45,长期ROE低于5%；近5年营收增长偏弱
000789,CN,万年青,-,通用,ROE、现金流、资产负债率,-,-,20.6%,12.8%,-,35.5%,-,-,未分红/不适用,-24.7%,10,10,100,High,未知,排除,30,10年ROE波动较大；10年净利润波动较大；近5年营收明显下滑
000790,CN,华神科技,-,科技,营收增长、自由现金流、研发投入效率,-,-,-3.8%,26.4%,-,49.1%,-,-,未分红/不适用,-13.1%,10,10,100,High,未知,排除,0,科技公司营收增长转负；10年ROE波动较大；10年净利润波动较大；长期ROE低于5%；近5年营收增长偏弱
000791,CN,甘肃能源,-,通用,ROE、现金流、资产负债率,-,-,7.2%,5.0%,-,52.4%,-,-,未分红/不适用,45.7%,10,10,100,High,未知,警惕,85,10年净利润波动较大
000792,CN,盐湖股份,-,通用,ROE、现金流、资产负债率,-,-,18.7%,35.0%,-,14.2%,-,-,未分红/不适用,1.2%,10,10,100,High,未知,排除,30,10年内亏损年份过多；10年ROE波动较大；10年净利润波动较大
000795,CN,英洛华,-,通用,ROE、现金流、资产负债率,-,-,6.0%,2.7%,-,37.4%,-,-,未分红/不适用,0.8%,10,10,100,High,未知,通过,100,-
000796,CN,凯撒旅业,-,通用,ROE、现金流、资产负债率,-,-,-10.1%,31.7%,-,45.5%,-,-,未分红/不适用,-4.0%,10,10,100,High,未知,排除,0,10年内亏损年份过多；10年ROE波动较大；10年净利润波动较大；长期ROE低于5%
000797,CN,中国武夷,-,通用,ROE、现金流、资产负债率,-,-,21.4%,28.8%,-,75.9%,-,-,未分红/不适用,-4.8%,10,10,100,High,未知,警惕,55,10年ROE波动较大；10年净利润波动较大；资产负债率偏高
000798,CN,中水渔业,-,通用,ROE、现金流、资产负债率,-,-,-1.6%,15.5%,-,72.9%,-,-,未分红/不适用,75.1%,10,10,100,High,未知,排除,0,10年内亏损年份过多；10年ROE波动较大；10年净利润波动较大；长期ROE低于5%；资产负债率偏高
000799,CN,酒鬼酒,-,通用,ROE、现金流、资产负债率,-,-,6.7%,34.4%,-,24.0%,-,-,未分红/不适用,-24.5%,10,10,100,High,未知,排除,30,10年ROE波动较大；10年净利润波动较大；近5年营收明显下滑
000800,CN,一汽解放,-,通用,ROE、现金流、资产负债率,-,-,3.8%,7.0%,-,63.0%,-,-,未分红/不适用,-10.7%,10,10,100,High,未知,排除,30,10年净利润波动较大；长期ROE低于5%；近5年营收增长偏弱
000801,CN,四川九洲,-,通用,ROE、现金流、资产负债率,-,-,7.9%,8.4%,-,54.8%,-,-,未分红/不适用,3.8%,10,10,100,High,未知,通过,100,-
000802,CN,北京文化,-,通用,ROE、现金流、资产负债率,-,-,-16.5%,24.9%,-,66.1%,-,-,未分红/不适用,2.8%,10,10,100,High,未知,排除,0,10年内亏损年份过多；10年ROE波动较大；10年净利润波动较大；长期ROE低于5%
000803,CN,山高环能,-,通用,ROE、现金流、资产负债率,-,-,15.9%,42.4%,-,72.3%,-,-,未分红/不适用,15.0%,10,10,100,High,未知,警惕,55,10年ROE波动较大；10年净利润波动较大；资产负债率偏高
000807,CN,云铝股份,-,通用,ROE、现金流、资产负债率,-,-,10.6%,12.2%,-,19.8%,-,-,未分红/不适用,9.5%,10,10,100,High,未知,警惕,70,10年ROE波动较大；10年净利润波动较大
000809,CN,和展能源,-,通用,ROE、现金流、资产负债率,-,-,-1.8%,3.2%,-,17.1%,-,-,未分红/不适用,33.1%,10,10,100,High,未知,排除,5,10年内亏损年份过多；10年净利润波动较大；长期ROE低于5%
000810,CN,创维数字,-,通用,ROE、现金流、资产负债率,-,-,10.6%,6.3%,-,45.0%,-,-,未分红/不适用,-5.1%,10,10,100,High,未知,警惕,85,近5年营收增长偏弱
000811,CN,冰轮环境,-,通用,ROE、现金流、资产负债率,-,-,10.5%,2.9%,-,48.0%,-,-,未分红/不适用,7.0%,10,10,100,High,未知,通过,100,-
000812,CN,陕西金叶,-,通用,ROE、现金流、资产负债率,-,-,0.8%,5.1%,-,70.2%,-,-,未分红/不适用,2.1%,10,10,100,High,未知,排除,30,10年净利润波动较大；长期ROE低于5%；资产负债率偏高
000813,CN,德展健康,-,通用,ROE、现金流、资产负债率,-,-,-4.9%,35.2%,-,6.1%,-,-,未分红/不适用,-14.3%,10,10,100,High,未知,排除,0,10年内亏损年份过多；10年ROE波动较大；10年净利润波动较大；长期ROE低于5%；近5年营收增长偏弱
000816,CN,智慧农业,-,通用,ROE、现金流、资产负债率,-,-,-5.3%,11.4%,-,25.0%,-,-,未分红/不适用,-14.0%,10,10,100,High,未知,排除,0,10年内亏损年份过多；10年净利润波动较大；长期ROE低于5%；近5年营收增长偏弱
000818,CN,航锦科技,-,科技,营收增长、自由现金流、研发投入效率,-,-,4.9%,15.5%,-,68.2%,-,-,未分红/不适用,-4.0%,10,10,100,High,未知,排除,15,科技公司营收增长转负；10年ROE波动较大；10年净利润波动较大；长期ROE低于5%
000819,CN,岳阳兴长,-,通用,ROE、现金流、资产负债率,-,-,4.7%,4.2%,-,35.9%,-,-,未分红/不适用,17.4%,10,10,100,High,未知,排除,45,10年净利润波动较大；长期ROE低于5%
000822,CN,山东海化,-,通用,ROE、现金流、资产负债率,-,-,15.2%,28.4%,-,56.9%,-,-,未分红/不适用,-8.3%,10,10,100,High,未知,排除,15,10年内亏损年份过多；10年ROE波动较大；10年净利润波动较大；近5年营收增长偏弱
000823,CN,超声电子,-,科技,营收增长、自由现金流、研发投入效率,-,-,7.1%,2.1%,-,36.2%,-,-,未分红/不适用,-1.5%,10,10,100,High,未知,警惕,85,科技公司营收增长转负
000825,CN,太钢不锈,-,通用,ROE、现金流、资产负债率,-,-,12.5%,13.8%,-,43.5%,-,-,未分红/不适用,-2.8%,10,10,100,High,未知,警惕,70,10年ROE波动较大；10年净利润波动较大
000828,CN,东莞控股,-,通用,ROE、现金流、资产负债率,-,-,12.4%,4.0%,-,34.7%,-,-,未分红/不适用,-26.5%,10,10,100,High,未知,排除,60,近5年营收明显下滑
000829,CN,天音控股,-,通用,ROE、现金流、资产负债率,-,-,-3.4%,24.7%,-,89.3%,-,-,未分红/不适用,6.3%,10,10,100,High,未知,排除,0,10年ROE波动较大；10年净利润波动较大；长期ROE低于5%；资产负债率过高
000830,CN,鲁西化工,-,周期,利润波动、ROE波动、资本开支周期,-,-,15.4%,10.9%,-,46.5%,-,-,未分红/不适用,-2.2%,10,10,100,High,未知,通过,100,-
000831,CN,中国稀土,-,通用,ROE、现金流、资产负债率,-,-,14.4%,25.8%,-,13.1%,-,-,未分红/不适用,1.7%,10,10,100,High,未知,警惕,70,10年ROE波动较大；10年净利润波动较大
000833,CN,粤桂股份,-,通用,ROE、现金流、资产负债率,-,-,5.4%,3.9%,-,35.8%,-,-,未分红/不适用,4.8%,10,10,100,High,未知,警惕,85,10年净利润波动较大
000837,CN,秦川机床,-,通用,ROE、现金流、资产负债率,-,-,11.8%,24.3%,-,44.9%,-,-,未分红/不适用,-5.1%,10,10,100,High,未知,警惕,55,10年ROE波动较大；10年净利润波动较大；近5年营收增长偏弱
000839,CN,国安股份,-,通用,ROE、现金流、资产负债率,-,-,-9.3%,24.7%,-,83.2%,-,-,未分红/不适用,5.7%,10,10,100,High,未知,排除,0,10年内亏损年份过多；10年ROE波动较大；10年净利润波动较大；长期ROE低于5%；资产负债率偏高
000848,CN,承德露露,-,通用,ROE、现金流、资产负债率,-,-,22.4%,2.4%,-,34.3%,-,-,未分红/不适用,5.9%,10,10,100,High,未知,通过,100,-
000850,CN,华茂股份,-,通用,ROE、现金流、资产负债率,-,-,3.8%,3.7%,-,36.6%,-,-,未分红/不适用,-0.6%,10,10,100,High,未知,排除,45,10年净利润波动较大；长期ROE低于5%
000852,CN,石化机械,-,通用,ROE、现金流、资产负债率,-,-,17.8%,33.3%,-,68.3%,-,-,未分红/不适用,0.9%,10,10,100,High,未知,警惕,70,10年ROE波动较大；10年净利润波动较大
000856,CN,冀东装备,-,通用,ROE、现金流、资产负债率,-,-,6.1%,1.7%,-,79.0%,-,-,未分红/不适用,-5.3%,10,10,100,High,未知,警惕,70,资产负债率偏高；近5年营收增长偏弱
000858,CN,五 粮 液,-,通用,ROE、现金流、资产负债率,-,-,21.3%,6.1%,-,35.7%,-,-,未分红/不适用,-11.5%,10,10,100,High,未知,警惕,85,近5年营收增长偏弱
000859,CN,国风新材,-,通用,ROE、现金流、资产负债率,-,-,-6.1%,33.0%,-,41.3%,-,-,未分红/不适用,3.3%,10,10,100,High,未知,排除,0,10年内亏损年份过多；10年ROE波动较大；10年净利润波动较大；长期ROE低于5%
000860,CN,顺鑫农业,-,通用,ROE、现金流、资产负债率,-,-,3.0%,6.5%,-,50.6%,-,-,未分红/不适用,-16.5%,10,10,100,High,未知,排除,0,10年内亏损年份过多；10年净利润波动较大；长期ROE低于5%；近5年营收明显下滑
000862,CN,银星能源,-,通用,ROE、现金流、资产负债率,-,-,8.6%,21.8%,-,49.3%,-,-,未分红/不适用,-0.9%,10,10,100,High,未知,警惕,70,10年ROE波动较大；10年净利润波动较大
000863,CN,三湘印象,-,通用,ROE、现金流、资产负债率,-,-,13.3%,23.1%,-,32.7%,-,-,未分红/不适用,-29.7%,10,10,100,High,未知,排除,30,10年ROE波动较大；10年净利润波动较大；近5年营收明显下滑
000868,CN,安凯客车,-,通用,ROE、现金流、资产负债率,-,-,-28.9%,74.7%,-,80.3%,-,-,未分红/不适用,17.8%,10,10,100,High,未知,排除,0,10年内亏损年份过多；10年ROE波动较大；10年净利润波动较大；长期ROE低于5%；资产负债率偏高
000875,CN,电投绿能,-,通用,ROE、现金流、资产负债率,-,-,7.0%,10.2%,-,69.6%,-,-,未分红/不适用,-0.3%,10,10,100,High,未知,警惕,85,10年净利润波动较大
000876,CN,新 希 望,-,通用,ROE、现金流、资产负债率,-,-,9.7%,25.9%,-,69.9%,-,-,未分红/不适用,-4.1%,10,10,100,High,未知,排除,30,10年内亏损年份过多；10年ROE波动较大；10年净利润波动较大
000877,CN,天山股份,-,通用,ROE、现金流、资产负债率,-,-,-1.3%,31.1%,-,66.8%,-,-,未分红/不适用,-18.6%,10,10,100,High,未知,排除,0,10年ROE波动较大；10年净利润波动较大；长期ROE低于5%；近5年营收明显下滑
000878,CN,云南铜业,-,通用,ROE、现金流、资产负债率,-,-,7.7%,4.6%,-,66.5%,-,-,未分红/不适用,9.0%,10,10,100,High,未知,通过,100,-
000880,CN,潍柴重机,-,通用,ROE、现金流、资产负债率,-,-,6.1%,3.0%,-,74.8%,-,-,未分红/不适用,15.7%,10,10,100,High,未知,警惕,85,资产负债率偏高
000881,CN,中广核技,-,通用,ROE、现金流、资产负债率,-,-,2.4%,9.6%,-,44.6%,-,-,未分红/不适用,-8.7%,10,10,100,High,未知,排除,0,10年内亏损年份过多；10年净利润波动较大；长期ROE低于5%；近5年营收增长偏弱
000882,CN,华联股份,-,通用,ROE、现金流、资产负债率,-,-,21.6%,22.5%,-,46.3%,-,-,未分红/不适用,-0.4%,10,10,100,High,未知,排除,30,10年内亏损年份过多；10年ROE波动较大；10年净利润波动较大
000883,CN,湖北能源,-,通用,ROE、现金流、资产负债率,-,-,6.7%,1.7%,-,55.8%,-,-,未分红/不适用,-6.3%,10,10,100,High,未知,警惕,85,近5年营收增长偏弱
000885,CN,城发环境,-,通用,ROE、现金流、资产负债率,-,-,16.6%,5.0%,-,67.5%,-,-,未分红/不适用,3.8%,10,10,100,High,未知,通过,100,-
000886,CN,海南高速,-,通用,ROE、现金流、资产负债率,-,-,3.8%,2.1%,-,24.6%,-,-,未分红/不适用,50.9%,10,10,100,High,未知,排除,60,长期ROE低于5%
000887,CN,中鼎股份,-,通用,ROE、现金流、资产负债率,-,-,11.0%,3.7%,-,47.4%,-,-,未分红/不适用,11.5%,10,10,100,High,未知,通过,100,-
000888,CN,峨眉山Ａ,-,通用,ROE、现金流、资产负债率,-,-,13.0%,22.1%,-,26.5%,-,-,未分红/不适用,10.4%,10,10,100,High,未知,警惕,70,10年ROE波动较大；10年净利润波动较大
000889,CN,中嘉博创,-,通用,ROE、现金流、资产负债率,-,-,-22.9%,60.6%,-,92.3%,-,-,未分红/不适用,-4.9%,10,10,100,High,未知,排除,0,10年内亏损年份过多；10年ROE波动较大；10年净利润波动较大；长期ROE低于5%；资产负债率过高
000890,CN,法尔胜,-,通用,ROE、现金流、资产负债率,-,-,-219.8%,732.8%,-,92.2%,-,-,未分红/不适用,-17.4%,10,10,100,High,未知,排除,0,10年内亏损年份过多；10年ROE波动较大；10年净利润波动较大；长期ROE低于5%；资产负债率过高；近5年营收明显下滑
000892,CN,欢瑞世纪,-,通用,ROE、现金流、资产负债率,-,-,-11.0%,21.8%,-,57.6%,-,-,未分红/不适用,8.0%,10,10,100,High,未知,排除,0,10年内亏损年份过多；10年ROE波动较大；10年净利润波动较大；长期ROE低于5%
000893,CN,亚钾国际,-,通用,ROE、现金流、资产负债率,-,-,12.4%,16.8%,-,33.2%,-,-,未分红/不适用,58.7%,10,10,100,High,未知,警惕,70,10年ROE波动较大；10年净利润波动较大
000895,CN,双汇发展,-,通用,ROE、现金流、资产负债率,-,-,28.8%,6.1%,-,45.3%,-,-,未分红/不适用,-2.9%,10,10,100,High,未知,通过,100,-
000897,CN,津滨发展,-,通用,ROE、现金流、资产负债率,-,-,9.3%,13.5%,-,38.0%,-,-,未分红/不适用,-34.6%,10,10,100,High,未知,排除,0,10年内亏损年份过多；10年ROE波动较大；10年净利润波动较大；近5年营收明显下滑
000898,CN,鞍钢股份,-,通用,ROE、现金流、资产负债率,-,-,4.1%,10.9%,-,53.2%,-,-,未分红/不适用,-8.3%,10,10,100,High,未知,排除,0,10年内亏损年份过多；10年净利润波动较大；长期ROE低于5%；近5年营收增长偏弱
000899,CN,赣能股份,-,通用,ROE、现金流、资产负债率,-,-,11.7%,11.4%,-,65.3%,-,-,未分红/不适用,28.7%,10,10,100,High,未知,警惕,85,10年净利润波动较大
000900,CN,现代投资,-,通用,ROE、现金流、资产负债率,-,-,6.8%,3.4%,-,76.1%,-,-,未分红/不适用,-20.3%,10,10,100,High,未知,排除,45,资产负债率偏高；近5年营收明显下滑
000901,CN,航天科技,-,科技,营收增长、自由现金流、研发投入效率,-,-,16.4%,29.9%,-,35.6%,-,-,未分红/不适用,-1.5%,10,10,100,High,未知,警惕,55,科技公司营收增长转负；10年ROE波动较大；10年净利润波动较大
000902,CN,新洋丰,-,通用,ROE、现金流、资产负债率,-,-,13.4%,1.8%,-,40.4%,-,-,未分红/不适用,11.2%,10,10,100,High,未知,通过,100,-
000905,CN,厦门港务,-,通用,ROE、现金流、资产负债率,-,-,13.7%,28.2%,-,50.5%,-,-,未分红/不适用,-1.6%,10,10,100,High,未知,警惕,85,10年ROE波动较大
000906,CN,浙商中拓,-,通用,ROE、现金流、资产负债率,-,-,14.6%,7.6%,-,74.5%,-,-,未分红/不适用,7.2%,10,10,100,High,未知,警惕,85,资产负债率偏高
000910,CN,大亚圣象,-,通用,ROE、现金流、资产负债率,-,-,13.2%,7.1%,-,27.8%,-,-,未分红/不适用,-15.0%,10,10,100,High,未知,警惕,85,近5年营收增长偏弱
000912,CN,泸天化,-,通用,ROE、现金流、资产负债率,-,-,44.3%,161.6%,-,32.5%,-,-,未分红/不适用,-9.7%,10,10,100,High,未知,警惕,55,10年ROE波动较大；10年净利润波动较大；近5年营收增长偏弱
000913,CN,钱江摩托,-,通用,ROE、现金流、资产负债率,-,-,10.5%,5.2%,-,45.9%,-,-,未分红/不适用,5.9%,10,10,100,High,未知,通过,100,-
000915,CN,华特达因,-,通用,ROE、现金流、资产负债率,-,-,16.8%,4.0%,-,13.0%,-,-,未分红/不适用,2.4%,10,10,100,High,未知,通过,100,-
000917,CN,电广传媒,-,通用,ROE、现金流、资产负债率,-,-,17.5%,38.8%,-,32.7%,-,-,未分红/不适用,-0.0%,10,10,100,High,未知,警惕,70,10年ROE波动较大；10年净利润波动较大
000919,CN,金陵药业,-,通用,ROE、现金流、资产负债率,-,-,4.2%,2.5%,-,19.7%,-,-,未分红/不适用,3.3%,10,10,100,High,未知,排除,60,长期ROE低于5%
000920,CN,沃顿科技,-,科技,营收增长、自由现金流、研发投入效率,-,-,10.4%,1.5%,-,26.2%,-,-,未分红/不适用,10.0%,10,10,100,High,未知,通过,100,-
000921,CN,海信家电,-,消费,ROE、毛利率稳定性、分红稳定性,-,-,20.6%,6.8%,-,69.2%,-,-,未分红/不适用,6.8%,10,10,100,High,未知,通过,100,-
000922,CN,佳电股份,-,通用,ROE、现金流、资产负债率,-,-,8.1%,12.8%,-,48.4%,-,-,未分红/不适用,12.7%,10,10,100,High,未知,警惕,70,10年ROE波动较大；10年净利润波动较大
000923,CN,河钢资源,-,通用,ROE、现金流、资产负债率,-,-,8.4%,4.2%,-,26.0%,-,-,未分红/不适用,-2.9%,10,10,100,High,未知,通过,100,-
000925,CN,众合科技,-,科技,营收增长、自由现金流、研发投入效率,-,-,9.4%,25.6%,-,60.0%,-,-,未分红/不适用,-5.8%,10,10,100,High,未知,警惕,40,科技公司营收增长转负；10年ROE波动较大；10年净利润波动较大；近5年营收增长偏弱
000926,CN,福星股份,-,通用,ROE、现金流、资产负债率,-,-,10.9%,41.0%,-,72.2%,-,-,未分红/不适用,-25.6%,10,10,100,High,未知,排除,15,10年ROE波动较大；10年净利润波动较大；资产负债率偏高；近5年营收明显下滑
000927,CN,中国铁物,-,通用,ROE、现金流、资产负债率,-,-,-4.9%,65.2%,-,47.0%,-,-,未分红/不适用,-12.7%,10,10,100,High,未知,排除,15,10年ROE波动较大；10年净利润波动较大；长期ROE低于5%；近5年营收增长偏弱
000928,CN,中钢国际,-,通用,ROE、现金流、资产负债率,-,-,10.4%,2.5%,-,68.2%,-,-,未分红/不适用,-3.2%,10,10,100,High,未知,通过,100,-
000930,CN,中粮科技,-,科技,营收增长、自由现金流、研发投入效率,-,-,11.9%,11.5%,-,34.3%,-,-,未分红/不适用,-7.1%,10,10,100,High,未知,警惕,55,科技公司营收增长转负；10年净利润波动较大；近5年营收增长偏弱
000931,CN,中 关 村,-,通用,ROE、现金流、资产负债率,-,-,1.7%,3.9%,-,53.6%,-,-,未分红/不适用,5.7%,10,10,100,High,未知,排除,45,10年净利润波动较大；长期ROE低于5%
000932,CN,华菱钢铁,-,周期,利润波动、ROE波动、资本开支周期,-,-,17.8%,19.5%,-,53.5%,-,-,未分红/不适用,-8.2%,10,10,100,High,未知,警惕,55,周期行业ROE波动显著；10年ROE波动较大；近5年营收增长偏弱
000933,CN,神火股份,-,通用,ROE、现金流、资产负债率,-,-,21.0%,17.2%,-,42.2%,-,-,未分红/不适用,4.6%,10,10,100,High,未知,警惕,70,10年ROE波动较大；10年净利润波动较大
000935,CN,四川双马,-,通用,ROE、现金流、资产负债率,-,-,12.4%,7.2%,-,19.3%,-,-,未分红/不适用,-0.4%,10,10,100,High,未知,通过,100,-
000936,CN,华西股份,-,通用,ROE、现金流、资产负债率,-,-,4.8%,6.2%,-,22.5%,-,-,未分红/不适用,9.5%,10,10,100,High,未知,排除,45,10年净利润波动较大；长期ROE低于5%
000937,CN,冀中能源,-,通用,ROE、现金流、资产负债率,-,-,8.6%,7.8%,-,59.5%,-,-,未分红/不适用,-16.7%,10,10,100,High,未知,排除,45,10年净利润波动较大；近5年营收明显下滑
000938,CN,紫光股份,-,通用,ROE、现金流、资产负债率,-,-,6.9%,1.9%,-,81.8%,-,-,未分红/不适用,9.4%,10,10,100,High,未知,警惕,85,资产负债率偏高
000948,CN,南天信息,-,通用,ROE、现金流、资产负债率,-,-,3.8%,1.8%,-,68.1%,-,-,未分红/不适用,15.4%,10,10,100,High,未知,排除,60,长期ROE低于5%
000949,CN,新乡化纤,-,通用,ROE、现金流、资产负债率,-,-,4.8%,39.2%,-,47.2%,-,-,未分红/不适用,-2.9%,10,10,100,High,未知,排除,30,10年ROE波动较大；10年净利润波动较大；长期ROE低于5%
000950,CN,重药控股,-,通用,ROE、现金流、资产负债率,-,-,8.4%,4.5%,-,75.0%,-,-,未分红/不适用,7.2%,10,10,100,High,未知,警惕,85,资产负债率偏高
000951,CN,中国重汽,-,通用,ROE、现金流、资产负债率,-,-,12.0%,6.6%,-,65.3%,-,-,未分红/不适用,0.7%,10,10,100,High,未知,通过,100,-
000952,CN,广济药业,-,通用,ROE、现金流、资产负债率,-,-,0.5%,22.0%,-,72.9%,-,-,未分红/不适用,-5.6%,10,10,100,High,未知,排除,0,10年内亏损年份过多；10年ROE波动较大；10年净利润波动较大；长期ROE低于5%；资产负债率偏高；近5年营收增长偏弱
000953,CN,河化股份,-,通用,ROE、现金流、资产负债率,-,-,25.1%,61.8%,-,35.8%,-,-,未分红/不适用,2.6%,10,10,100,High,未知,排除,30,10年内亏损年份过多；10年ROE波动较大；10年净利润波动较大
000955,CN,欣龙控股,-,通用,ROE、现金流、资产负债率,-,-,9.0%,27.3%,-,20.0%,-,-,未分红/不适用,-16.0%,10,10,100,High,未知,排除,0,10年内亏损年份过多；10年ROE波动较大；10年净利润波动较大；近5年营收明显下滑
000957,CN,中通客车,-,通用,ROE、现金流、资产负债率,-,-,13.9%,26.7%,-,68.2%,-,-,未分红/不适用,12.4%,10,10,100,High,未知,警惕,70,10年ROE波动较大；10年净利润波动较大
000958,CN,电投产融,-,通用,ROE、现金流、资产负债率,-,-,7.1%,2.1%,-,60.3%,-,-,未分红/不适用,8.9%,10,10,100,High,未知,通过,100,-
000959,CN,首钢股份,-,通用,ROE、现金流、资产负债率,-,-,15.3%,29.2%,-,55.7%,-,-,未分红/不适用,-6.2%,10,10,100,High,未知,警惕,55,10年ROE波动较大；10年净利润波动较大；近5年营收增长偏弱
000960,CN,锡业股份,-,通用,ROE、现金流、资产负债率,-,-,8.4%,4.6%,-,42.9%,-,-,未分红/不适用,-5.2%,10,10,100,High,未知,警惕,85,近5年营收增长偏弱
000962,CN,东方钽业,-,通用,ROE、现金流、资产负债率,-,-,3.1%,11.9%,-,29.4%,-,-,未分红/不适用,18.0%,10,10,100,High,未知,排除,45,10年净利润波动较大；长期ROE低于5%
000963,CN,华东医药,-,通用,ROE、现金流、资产负债率,-,-,18.9%,4.7%,-,35.5%,-,-,未分红/不适用,6.0%,10,10,100,High,未知,通过,100,-
000965,CN,天保基建,-,通用,ROE、现金流、资产负债率,-,-,25.0%,28.7%,-,55.6%,-,-,未分红/不适用,2.5%,10,10,100,High,未知,警惕,70,10年ROE波动较大；10年净利润波动较大
000966,CN,长源电力,-,通用,ROE、现金流、资产负债率,-,-,-2.8%,20.3%,-,66.9%,-,-,未分红/不适用,2.7%,10,10,100,High,未知,排除,0,10年内亏损年份过多；10年ROE波动较大；10年净利润波动较大；长期ROE低于5%
000967,CN,盈峰环境,-,通用,ROE、现金流、资产负债率,-,-,5.6%,2.7%,-,50.4%,-,-,未分红/不适用,3.9%,10,10,100,High,未知,通过,100,-
000968,CN,蓝焰控股,-,通用,ROE、现金流、资产负债率,-,-,11.1%,5.6%,-,43.4%,-,-,未分红/不适用,1.6%,10,10,100,High,未知,通过,100,-
000969,CN,安泰科技,-,科技,营收增长、自由现金流、研发投入效率,-,-,3.1%,3.4%,-,42.0%,-,-,未分红/不适用,5.8%,10,10,100,High,未知,排除,45,10年净利润波动较大；长期ROE低于5%
000970,CN,中科三环,-,通用,ROE、现金流、资产负债率,-,-,7.5%,5.3%,-,27.2%,-,-,未分红/不适用,-1.8%,10,10,100,High,未知,警惕,85,10年净利润波动较大
000973,CN,佛塑科技,-,科技,营收增长、自由现金流、研发投入效率,-,-,4.7%,1.7%,-,34.4%,-,-,未分红/不适用,-2.4%,10,10,100,High,未知,排除,45,科技公司营收增长转负；长期ROE低于5%
000975,CN,山金国际,-,通用,ROE、现金流、资产负债率,-,-,12.0%,4.9%,-,18.6%,-,-,未分红/不适用,17.3%,10,10,100,High,未知,通过,100,-
000977,CN,浪潮信息,-,通用,ROE、现金流、资产负债率,-,-,10.6%,2.1%,-,73.6%,-,-,未分红/不适用,25.2%,10,10,100,High,未知,警惕,85,资产负债率偏高
000978,CN,桂林旅游,-,通用,ROE、现金流、资产负债率,-,-,7.0%,35.6%,-,50.1%,-,-,未分红/不适用,16.5%,10,10,100,High,未知,排除,30,10年内亏损年份过多；10年ROE波动较大；10年净利润波动较大
000980,CN,众泰汽车,-,通用,ROE、现金流、资产负债率,-,-,-42.1%,77.4%,-,96.5%,-,-,未分红/不适用,-10.9%,10,10,100,High,未知,排除,0,10年内亏损年份过多；10年ROE波动较大；10年净利润波动较大；长期ROE低于5%；资产负债率过高；近5年营收增长偏弱
000981,CN,山子高科,-,通用,ROE、现金流、资产负债率,-,-,-25.4%,44.1%,-,63.4%,-,-,未分红/不适用,-4.8%,10,10,100,High,未知,排除,0,10年内亏损年份过多；10年ROE波动较大；10年净利润波动较大；长期ROE低于5%
000983,CN,山西焦煤,-,通用,ROE、现金流、资产负债率,-,-,12.9%,10.3%,-,57.1%,-,-,未分红/不适用,-9.0%,10,10,100,High,未知,警惕,70,10年净利润波动较大；近5年营收增长偏弱
000985,CN,大庆华科,-,通用,ROE、现金流、资产负债率,-,-,7.5%,35.4%,-,8.5%,-,-,未分红/不适用,-2.9%,10,10,100,High,未知,警惕,70,10年ROE波动较大；10年净利润波动较大
000987,CN,越秀资本,-,通用,ROE、现金流、资产负债率,-,-,9.2%,5.2%,-,76.6%,-,-,未分红/不适用,-12.4%,8,16,100,High,未知,警惕,70,资产负债率偏高；近5年营收增长偏弱
000988,CN,华工科技,-,科技,营收增长、自由现金流、研发投入效率,-,-,10.0%,2.6%,-,51.4%,-,-,未分红/不适用,9.0%,10,10,100,High,未知,通过,100,-
000989,CN,九芝堂,-,通用,ROE、现金流、资产负债率,-,-,8.8%,4.3%,-,24.3%,-,-,未分红/不适用,-12.4%,10,10,100,High,未知,警惕,85,近5年营收增长偏弱
000990,CN,诚志股份,-,通用,ROE、现金流、资产负债率,-,-,11.0%,35.7%,-,32.8%,-,-,未分红/不适用,-2.5%,10,10,100,High,未知,警惕,70,10年ROE波动较大；10年净利润波动较大
000993,CN,闽东电力,-,通用,ROE、现金流、资产负债率,-,-,1.9%,8.5%,-,27.7%,-,-,未分红/不适用,0.6%,10,10,100,High,未知,排除,45,10年净利润波动较大；长期ROE低于5%
000995,CN,皇台酒业,-,通用,ROE、现金流、资产负债率,-,-,-8.7%,51.6%,-,67.3%,-,-,未分红/不适用,16.8%,10,10,100,High,未知,排除,0,10年内亏损年份过多；10年ROE波动较大；10年净利润波动较大；长期ROE低于5%
000997,CN,新 大 陆,-,通用,ROE、现金流、资产负债率,-,-,12.2%,7.6%,-,47.1%,-,-,未分红/不适用,3.3%,10,10,100,High,未知,通过,100,-
000998,CN,隆平高科,-,通用,ROE、现金流、资产负债率,-,-,2.9%,8.1%,-,59.5%,-,-,未分红/不适用,24.7%,10,10,100,High,未知,排除,45,10年净利润波动较大；长期ROE低于5%
000999,CN,华润三九,-,通用,ROE、现金流、资产负债率,-,-,15.1%,1.7%,-,34.6%,-,-,未分红/不适用,19.4%,10,10,100,High,未知,通过,100,-
001201,CN,东瑞股份,-,通用,ROE、现金流、资产负债率,-,-,18.4%,30.9%,-,46.7%,-,-,未分红/不适用,19.4%,10,10,100,High,未知,排除,30,10年内亏损年份过多；10年ROE波动较大；10年净利润波动较大
001202,CN,炬申股份,-,通用,ROE、现金流、资产负债率,-,-,20.4%,15.9%,-,58.6%,-,-,未分红/不适用,26.1%,10,10,100,High,未知,警惕,85,10年ROE波动较大
001203,CN,大中矿业,-,通用,ROE、现金流、资产负债率,-,-,19.4%,9.5%,-,57.0%,-,-,未分红/不适用,-4.4%,10,10,100,High,未知,通过,100,-
001205,CN,盛航股份,-,通用,ROE、现金流、资产负债率,-,-,11.6%,3.3%,-,53.5%,-,-,未分红/不适用,23.9%,10,10,100,High,未知,通过,100,-
001206,CN,依依股份,-,通用,ROE、现金流、资产负债率,-,-,16.5%,10.9%,-,15.6%,-,-,未分红/不适用,6.4%,10,10,100,High,未知,通过,100,-
001207,CN,联科科技,-,科技,营收增长、自由现金流、研发投入效率,-,-,17.2%,7.7%,-,26.6%,-,-,未分红/不适用,13.0%,10,10,100,High,未知,通过,100,-
001208,CN,华菱线缆,-,通用,ROE、现金流、资产负债率,-,-,8.9%,2.8%,-,54.3%,-,-,未分红/不适用,15.4%,9,9,100,High,未知,通过,100,-
001209,CN,洪兴股份,-,通用,ROE、现金流、资产负债率,-,-,17.5%,16.3%,-,38.5%,-,-,未分红/不适用,9.2%,9,9,100,High,未知,警惕,85,10年ROE波动较大
001210,CN,金房能源,-,通用,ROE、现金流、资产负债率,-,-,24.8%,26.8%,-,43.0%,-,-,未分红/不适用,11.0%,10,10,100,High,未知,警惕,85,10年ROE波动较大
001211,CN,双枪科技,-,科技,营收增长、自由现金流、研发投入效率,-,-,12.3%,10.4%,-,55.5%,-,-,未分红/不适用,13.1%,9,9,100,High,未知,警惕,85,10年净利润波动较大
001212,CN,中旗新材,-,通用,ROE、现金流、资产负债率,-,-,14.9%,13.0%,-,14.8%,-,-,未分红/不适用,-12.9%,9,9,100,High,未知,警惕,70,10年ROE波动较大；近5年营收增长偏弱
001213,CN,中铁特货,-,通用,ROE、现金流、资产负债率,-,-,3.0%,0.8%,-,10.5%,-,-,未分红/不适用,7.8%,9,9,100,High,未知,排除,60,长期ROE低于5%
001215,CN,千味央厨,-,通用,ROE、现金流、资产负债率,-,-,13.9%,7.7%,-,24.0%,-,-,未分红/不适用,10.5%,9,9,100,High,未知,通过,100,-
001216,CN,华瓷股份,-,通用,ROE、现金流、资产负债率,-,-,15.8%,4.4%,-,18.3%,-,-,未分红/不适用,5.2%,10,10,100,High,未知,通过,100,-
001217,CN,华尔泰,-,通用,ROE、现金流、资产负债率,-,-,17.4%,12.5%,-,35.6%,-,-,未分红/不适用,2.3%,9,9,100,High,未知,警惕,85,10年ROE波动较大
001218,CN,丽臣实业,-,通用,ROE、现金流、资产负债率,-,-,14.6%,9.0%,-,25.0%,-,-,未分红/不适用,16.0%,10,10,100,High,未知,通过,100,-
001219,CN,青岛食品,-,消费,ROE、毛利率稳定性、分红稳定性,-,-,13.6%,3.8%,-,20.1%,-,-,未分红/不适用,5.9%,10,10,100,High,未知,通过,100,-
001220,CN,世盟股份,-,通用,ROE、现金流、资产负债率,-,-,23.5%,4.2%,-,14.4%,-,-,未分红/不适用,10.7%,7,7,87,Medium,未知,通过,85,数据质量为Medium，筛选结果置信度中等
001221,CN,悍高集团,-,通用,ROE、现金流、资产负债率,-,-,32.1%,5.4%,-,31.4%,-,-,未分红/不适用,25.0%,7,7,87,Medium,未知,警惕,85,10年净利润波动较大；数据质量为Medium，筛选结果置信度中等
001222,CN,源飞宠物,-,通用,ROE、现金流、资产负债率,-,-,22.7%,12.7%,-,12.7%,-,-,未分红/不适用,12.9%,8,8,100,High,未知,警惕,85,10年ROE波动较大
001223,CN,欧克科技,-,科技,营收增长、自由现金流、研发投入效率,-,-,37.0%,34.8%,-,20.4%,-,-,未分红/不适用,14.4%,8,8,100,High,未知,警惕,85,10年ROE波动较大
001225,CN,和泰机电,-,通用,ROE、现金流、资产负债率,-,-,23.1%,16.0%,-,11.2%,-,-,未分红/不适用,-17.3%,8,8,100,High,未知,排除,45,10年ROE波动较大；近5年营收明显下滑
001226,CN,拓山重工,-,通用,ROE、现金流、资产负债率,-,-,25.0%,27.2%,-,35.2%,-,-,未分红/不适用,-6.5%,8,8,100,High,未知,警惕,70,10年ROE波动较大；近5年营收增长偏弱
001227,CN,兰州银行,-,银行,不良率、拨备覆盖、资本充足率,-,-,8.1%,3.4%,-,93.2%,-,-,未分红/不适用,-0.1%,10,20,100,High,未知,排除,45,银行需补充不良率/拨备/资本充足率专项数据；资产负债率过高
001228,CN,永泰运,-,通用,ROE、现金流、资产负债率,-,-,20.2%,17.1%,-,66.3%,-,-,未分红/不适用,28.2%,9,9,100,High,未知,警惕,85,10年ROE波动较大
001229,CN,魅视科技,-,科技,营收增长、自由现金流、研发投入效率,-,-,32.4%,28.9%,-,12.7%,-,-,未分红/不适用,-0.7%,8,8,100,High,未知,警惕,70,科技公司营收增长转负；10年ROE波动较大
001230,CN,劲旅环境,-,通用,ROE、现金流、资产负债率,-,-,25.7%,19.0%,-,39.2%,-,-,未分红/不适用,5.1%,8,8,100,High,未知,警惕,85,10年ROE波动较大
001231,CN,农心科技,-,科技,营收增长、自由现金流、研发投入效率,-,-,14.6%,7.3%,-,36.7%,-,-,未分红/不适用,9.1%,8,8,100,High,未知,通过,100,-
001233,CN,海安集团,-,通用,ROE、现金流、资产负债率,-,-,28.1%,13.5%,-,23.7%,-,-,未分红/不适用,31.0%,6,6,75,Medium,未知,警惕,85,10年ROE波动较大；数据质量为Medium，筛选结果置信度中等
001236,CN,弘业期货,-,通用,ROE、现金流、资产负债率,-,-,16.1%,23.0%,-,85.3%,-,-,未分红/不适用,-35.3%,10,20,100,High,未知,排除,5,10年ROE波动较大；资产负债率过高；近5年营收明显下滑
001238,CN,浙江正特,-,通用,ROE、现金流、资产负债率,-,-,11.7%,9.8%,-,40.0%,-,-,未分红/不适用,7.8%,10,10,100,High,未知,通过,100,-
001239,CN,永达股份,-,通用,ROE、现金流、资产负债率,-,-,14.3%,9.1%,-,49.2%,-,-,未分红/不适用,19.4%,7,7,87,Medium,未知,通过,85,数据质量为Medium，筛选结果置信度中等
001255,CN,博菲电气,-,通用,ROE、现金流、资产负债率,-,-,18.0%,15.3%,-,30.3%,-,-,未分红/不适用,4.0%,8,8,100,High,未知,警惕,85,10年ROE波动较大
001256,CN,炜冈科技,-,科技,营收增长、自由现金流、研发投入效率,-,-,16.5%,7.3%,-,23.7%,-,-,未分红/不适用,4.4%,8,8,100,High,未知,通过,100,-
001257,CN,盛龙股份,-,通用,ROE、现金流、资产负债率,-,-,19.0%,4.4%,-,25.8%,-,-,未分红/不适用,22.4%,4,4,50,Low,未知,数据不足,0,数据年数不足，无法进行可靠筛选
001258,CN,立新能源,-,通用,ROE、现金流、资产负债率,-,-,6.0%,2.7%,-,75.9%,-,-,未分红/不适用,7.0%,8,8,100,High,未知,警惕,85,资产负债率偏高
001259,CN,利仁科技,-,科技,营收增长、自由现金流、研发投入效率,-,-,13.3%,10.9%,-,15.8%,-,-,未分红/不适用,-9.8%,10,10,100,High,未知,警惕,70,科技公司营收增长转负；近5年营收增长偏弱
001260,CN,坤泰股份,-,通用,ROE、现金流、资产负债率,-,-,14.4%,7.8%,-,23.7%,-,-,未分红/不适用,8.6%,8,8,100,High,未知,通过,100,-
001266,CN,宏英智能,-,通用,ROE、现金流、资产负债率,-,-,24.4%,60.0%,-,57.6%,-,-,未分红/不适用,1.6%,8,8,100,High,未知,警惕,70,10年ROE波动较大；10年净利润波动较大
001267,CN,汇绿生态,-,通用,ROE、现金流、资产负债率,-,-,8.1%,3.8%,-,53.4%,-,-,未分红/不适用,19.3%,10,10,100,High,未知,通过,100,-
001268,CN,联合精密,-,通用,ROE、现金流、资产负债率,-,-,14.7%,8.3%,-,34.2%,-,-,未分红/不适用,4.1%,8,8,100,High,未知,通过,100,-
001269,CN,欧晶科技,-,科技,营收增长、自由现金流、研发投入效率,-,-,18.1%,28.7%,-,58.4%,-,-,未分红/不适用,-13.1%,10,10,100,High,未知,警惕,40,科技公司营收增长转负；10年ROE波动较大；10年净利润波动较大；近5年营收增长偏弱
001277,CN,速达股份,-,通用,ROE、现金流、资产负债率,-,-,18.6%,8.3%,-,23.8%,-,-,未分红/不适用,6.6%,10,10,100,High,未知,通过,100,-
001278,CN,一彬科技,-,科技,营收增长、自由现金流、研发投入效率,-,-,12.5%,9.6%,-,68.1%,-,-,未分红/不适用,11.2%,10,10,100,High,未知,警惕,85,10年净利润波动较大
001279,CN,强邦新材,-,通用,ROE、现金流、资产负债率,-,-,19.2%,8.7%,-,41.7%,-,-,未分红/不适用,-0.3%,7,7,87,Medium,未知,通过,85,数据质量为Medium，筛选结果置信度中等
001280,CN,中国铀业,-,通用,ROE、现金流、资产负债率,-,-,15.0%,1.1%,-,43.0%,-,-,未分红/不适用,22.3%,5,5,62,Medium,未知,通过,85,数据质量为Medium，筛选结果置信度中等
001282,CN,三联锻造,-,通用,ROE、现金流、资产负债率,-,-,13.0%,3.7%,-,39.7%,-,-,未分红/不适用,15.3%,7,7,87,Medium,未知,通过,85,数据质量为Medium，筛选结果置信度中等
001283,CN,豪鹏科技,-,科技,营收增长、自由现金流、研发投入效率,-,-,14.0%,9.4%,-,58.9%,-,-,未分红/不适用,15.3%,8,8,100,High,未知,通过,100,-
001285,CN,瑞立科密,-,通用,ROE、现金流、资产负债率,-,-,20.6%,10.2%,-,24.9%,-,-,未分红/不适用,14.7%,10,10,100,High,未知,通过,100,-
001286,CN,陕西能源,-,通用,ROE、现金流、资产负债率,-,-,8.8%,5.6%,-,54.5%,-,-,未分红/不适用,10.4%,8,8,100,High,未知,通过,100,-
001287,CN,中电港,-,通用,ROE、现金流、资产负债率,-,-,8.7%,5.8%,-,81.9%,-,-,未分红/不适用,14.3%,8,8,100,High,未知,警惕,85,资产负债率偏高
001288,CN,运机集团,-,通用,ROE、现金流、资产负债率,-,-,8.1%,2.2%,-,56.0%,-,-,未分红/不适用,22.7%,9,9,100,High,未知,通过,100,-
001289,CN,龙源电力,-,通用,ROE、现金流、资产负债率,-,-,8.2%,1.3%,-,66.5%,-,-,未分红/不适用,-6.7%,10,10,100,High,未知,警惕,85,近5年营收增长偏弱
001296,CN,长江材料,-,周期,利润波动、ROE波动、资本开支周期,-,-,10.6%,3.8%,-,20.4%,-,-,未分红/不适用,5.6%,10,10,100,High,未知,通过,100,-
001298,CN,好上好,-,通用,ROE、现金流、资产负债率,-,-,24.3%,22.2%,-,58.9%,-,-,未分红/不适用,5.2%,8,8,100,High,未知,警惕,85,10年ROE波动较大
001299,CN,美能能源,-,通用,ROE、现金流、资产负债率,-,-,15.7%,8.2%,-,29.5%,-,-,未分红/不适用,10.9%,10,10,100,High,未知,通过,100,-
001300,CN,三柏硕,-,通用,ROE、现金流、资产负债率,-,-,15.1%,17.0%,-,23.8%,-,-,未分红/不适用,-21.5%,8,8,100,High,未知,排除,30,10年ROE波动较大；10年净利润波动较大；近5年营收明显下滑
001301,CN,尚太科技,-,科技,营收增长、自由现金流、研发投入效率,-,-,21.9%,14.1%,-,40.3%,-,-,未分红/不适用,35.8%,8,8,100,High,未知,警惕,85,10年ROE波动较大
001306,CN,夏厦精密,-,通用,ROE、现金流、资产负债率,-,-,12.7%,8.8%,-,43.7%,-,-,未分红/不适用,9.2%,7,7,87,Medium,未知,通过,85,数据质量为Medium，筛选结果置信度中等
001308,CN,康冠科技,-,科技,营收增长、自由现金流、研发投入效率,-,-,24.1%,10.7%,-,51.8%,-,-,未分红/不适用,5.0%,8,8,100,High,未知,通过,100,-
001311,CN,多利科技,-,科技,营收增长、自由现金流、研发投入效率,-,-,17.9%,8.8%,-,33.6%,-,-,未分红/不适用,10.9%,8,8,100,High,未知,通过,100,-
001312,CN,福恩股份,-,通用,ROE、现金流、资产负债率,-,-,31.4%,9.5%,-,34.0%,-,-,未分红/不适用,-0.8%,4,4,50,Low,未知,数据不足,0,数据年数不足，无法进行可靠筛选
001313,CN,粤海饲料,-,通用,ROE、现金流、资产负债率,-,-,13.7%,20.2%,-,46.6%,-,-,未分红/不适用,-0.9%,10,10,100,High,未知,警惕,70,10年ROE波动较大；10年净利润波动较大
001314,CN,亿道信息,-,通用,ROE、现金流、资产负债率,-,-,23.4%,20.5%,-,49.3%,-,-,未分红/不适用,7.8%,10,10,100,High,未知,警惕,70,10年ROE波动较大；10年净利润波动较大
001316,CN,润贝航科,-,通用,ROE、现金流、资产负债率,-,-,23.9%,20.1%,-,14.3%,-,-,未分红/不适用,15.0%,8,8,100,High,未知,警惕,85,10年ROE波动较大
001317,CN,三羊马,-,通用,ROE、现金流、资产负债率,-,-,3.8%,38.1%,-,43.5%,-,-,未分红/不适用,7.3%,10,10,100,High,未知,排除,45,10年ROE波动较大；长期ROE低于5%
001318,CN,阳光乳业,-,通用,ROE、现金流、资产负债率,-,-,14.3%,6.0%,-,4.4%,-,-,未分红/不适用,-6.7%,8,8,100,High,未知,警惕,85,近5年营收增长偏弱
001322,CN,箭牌家居,-,通用,ROE、现金流、资产负债率,-,-,31.3%,29.1%,-,48.0%,-,-,未分红/不适用,-6.2%,8,8,100,High,未知,警惕,70,10年ROE波动较大；近5年营收增长偏弱
001323,CN,慕思股份,-,通用,ROE、现金流、资产负债率,-,-,28.2%,13.3%,-,41.7%,-,-,未分红/不适用,-5.2%,8,8,100,High,未知,警惕,70,10年ROE波动较大；近5年营收增长偏弱
001324,CN,长青科技,-,科技,营收增长、自由现金流、研发投入效率,-,-,13.3%,6.7%,-,18.5%,-,-,未分红/不适用,0.2%,8,8,100,High,未知,通过,100,-
001325,CN,元创股份,-,通用,ROE、现金流、资产负债率,-,-,16.5%,3.6%,-,30.0%,-,-,未分红/不适用,8.3%,8,8,100,High,未知,通过,100,-
001326,CN,联域股份,-,通用,ROE、现金流、资产负债率,-,-,29.4%,18.5%,-,35.9%,-,-,未分红/不适用,5.8%,7,7,87,Medium,未知,警惕,85,10年ROE波动较大；数据质量为Medium，筛选结果置信度中等
001328,CN,登康口腔,-,通用,ROE、现金流、资产负债率,-,-,17.2%,5.6%,-,25.0%,-,-,未分红/不适用,10.7%,7,7,87,Medium,未知,通过,85,数据质量为Medium，筛选结果置信度中等
001330,CN,博纳影业,-,通用,ROE、现金流、资产负债率,-,-,-2.5%,12.7%,-,66.0%,-,-,未分红/不适用,-20.4%,10,10,100,High,未知,排除,0,10年内亏损年份过多；10年ROE波动较大；10年净利润波动较大；长期ROE低于5%；近5年营收明显下滑
001331,CN,胜通能源,-,通用,ROE、现金流、资产负债率,-,-,10.1%,11.2%,-,13.3%,-,-,未分红/不适用,3.2%,8,8,100,High,未知,警惕,85,10年净利润波动较大
001332,CN,锡装股份,-,通用,ROE、现金流、资产负债率,-,-,16.2%,7.8%,-,30.1%,-,-,未分红/不适用,3.9%,10,10,100,High,未知,通过,100,-
001333,CN,光华股份,-,通用,ROE、现金流、资产负债率,-,-,18.5%,9.6%,-,35.5%,-,-,未分红/不适用,5.6%,9,9,100,High,未知,通过,100,-
001335,CN,信凯科技,-,科技,营收增长、自由现金流、研发投入效率,-,-,25.7%,12.4%,-,45.5%,-,-,未分红/不适用,2.2%,7,7,87,Medium,未知,警惕,85,10年ROE波动较大；数据质量为Medium，筛选结果置信度中等
001337,CN,四川黄金,-,通用,ROE、现金流、资产负债率,-,-,27.8%,8.3%,-,39.0%,-,-,未分红/不适用,18.2%,8,8,100,High,未知,通过,100,-
001338,CN,永顺泰,-,通用,ROE、现金流、资产负债率,-,-,7.1%,1.3%,-,10.0%,-,-,未分红/不适用,6.7%,8,8,100,High,未知,通过,100,-
001339,CN,智微智能,-,通用,ROE、现金流、资产负债率,-,-,14.8%,10.9%,-,60.3%,-,-,未分红/不适用,10.9%,8,8,100,High,未知,通过,100,-
001356,CN,富岭股份,-,通用,ROE、现金流、资产负债率,-,-,19.4%,8.8%,-,24.7%,-,-,未分红/不适用,8.8%,7,7,87,Medium,未知,通过,85,数据质量为Medium，筛选结果置信度中等
001358,CN,兴欣新材,-,通用,ROE、现金流、资产负债率,-,-,25.6%,13.4%,-,10.6%,-,-,未分红/不适用,-1.7%,10,10,100,High,未知,警惕,85,10年ROE波动较大
001359,CN,平安电工,-,通用,ROE、现金流、资产负债率,-,-,17.7%,4.5%,-,18.4%,-,-,未分红/不适用,7.9%,7,7,87,Medium,未知,通过,85,数据质量为Medium，筛选结果置信度中等
001360,CN,南矿集团,-,通用,ROE、现金流、资产负债率,-,-,15.7%,9.7%,-,39.4%,-,-,未分红/不适用,3.4%,7,7,87,Medium,未知,通过,85,数据质量为Medium，筛选结果置信度中等
001366,CN,播恩集团,-,通用,ROE、现金流、资产负债率,-,-,12.6%,11.6%,-,32.9%,-,-,未分红/不适用,-6.4%,8,8,100,High,未知,警惕,70,10年净利润波动较大；近5年营收增长偏弱
001367,CN,海森药业,-,通用,ROE、现金流、资产负债率,-,-,21.1%,9.7%,-,8.4%,-,-,未分红/不适用,8.2%,8,8,100,High,未知,通过,100,-
001368,CN,通达创智,-,通用,ROE、现金流、资产负债率,-,-,22.5%,18.9%,-,20.2%,-,-,未分红/不适用,2.7%,8,8,100,High,未知,警惕,85,10年ROE波动较大
001369,CN,双欣材料,-,周期,利润波动、ROE波动、资本开支周期,-,-,19.5%,8.3%,-,18.5%,-,-,未分红/不适用,-5.6%,7,7,87,Medium,未知,警惕,85,近5年营收增长偏弱；数据质量为Medium，筛选结果置信度中等
001373,CN,翔腾新材,-,通用,ROE、现金流、资产负债率,-,-,14.2%,12.1%,-,12.8%,-,-,未分红/不适用,-18.4%,8,8,100,High,未知,排除,30,10年ROE波动较大；10年净利润波动较大；近5年营收明显下滑
001376,CN,百通能源,-,通用,ROE、现金流、资产负债率,-,-,15.1%,3.3%,-,30.7%,-,-,未分红/不适用,7.8%,10,10,100,High,未知,通过,100,-
001378,CN,德冠新材,-,通用,ROE、现金流、资产负债率,-,-,15.4%,9.6%,-,20.7%,-,-,未分红/不适用,3.0%,9,9,100,High,未知,通过,100,-
001379,CN,腾达科技,-,科技,营收增长、自由现金流、研发投入效率,-,-,13.0%,9.1%,-,42.9%,-,-,未分红/不适用,5.8%,7,7,87,Medium,未知,通过,85,数据质量为Medium，筛选结果置信度中等
001380,CN,华纬科技,-,科技,营收增长、自由现金流、研发投入效率,-,-,15.7%,3.2%,-,34.2%,-,-,未分红/不适用,29.1%,7,7,87,Medium,未知,通过,85,数据质量为Medium，筛选结果置信度中等
001382,CN,新亚电缆,-,通用,ROE、现金流、资产负债率,-,-,13.1%,3.5%,-,14.1%,-,-,未分红/不适用,0.5%,6,6,75,Medium,未知,通过,85,数据质量为Medium，筛选结果置信度中等
001386,CN,马可波罗,-,通用,ROE、现金流、资产负债率,-,-,36.3%,30.3%,-,25.3%,-,-,未分红/不适用,-8.9%,7,7,87,Medium,未知,警惕,70,10年ROE波动较大；近5年营收增长偏弱；数据质量为Medium，筛选结果置信度中等
001387,CN,雪祺电气,-,通用,ROE、现金流、资产负债率,-,-,19.0%,14.7%,-,46.6%,-,-,未分红/不适用,-0.9%,7,7,87,Medium,未知,警惕,85,10年ROE波动较大；数据质量为Medium，筛选结果置信度中等
001388,CN,信通电子,-,科技,营收增长、自由现金流、研发投入效率,-,-,25.5%,12.8%,-,32.0%,-,-,未分红/不适用,14.3%,10,10,100,High,未知,警惕,85,10年ROE波动较大
001389,CN,广合科技,-,科技,营收增长、自由现金流、研发投入效率,-,-,21.4%,5.5%,-,47.3%,-,-,未分红/不适用,27.5%,9,9,100,High,未知,警惕,85,10年净利润波动较大
001390,CN,古麒绒材,-,通用,ROE、现金流、资产负债率,-,-,13.3%,5.2%,-,24.1%,-,-,未分红/不适用,15.3%,10,10,100,High,未知,警惕,85,10年净利润波动较大
001391,CN,国货航,-,通用,ROE、现金流、资产负债率,-,-,18.4%,13.9%,-,10.4%,-,-,未分红/不适用,-1.5%,7,7,87,Medium,未知,警惕,85,10年ROE波动较大；数据质量为Medium，筛选结果置信度中等
001395,CN,亚联机械,-,通用,ROE、现金流、资产负债率,-,-,23.4%,7.3%,-,44.5%,-,-,未分红/不适用,11.3%,7,7,87,Medium,未知,通过,85,数据质量为Medium，筛选结果置信度中等
001396,CN,誉帆科技,-,科技,营收增长、自由现金流、研发投入效率,-,-,20.0%,8.0%,-,30.6%,-,-,未分红/不适用,11.0%,7,7,87,Medium,未知,通过,85,数据质量为Medium，筛选结果置信度中等
001400,CN,江顺科技,-,科技,营收增长、自由现金流、研发投入效率,-,-,39.6%,17.0%,-,36.9%,-,-,未分红/不适用,6.2%,8,8,100,High,未知,警惕,85,10年ROE波动较大
001696,CN,宗申动力,-,通用,ROE、现金流、资产负债率,-,-,9.7%,2.1%,-,53.0%,-,-,未分红/不适用,7.3%,10,10,100,High,未知,通过,100,-
001872,CN,招商港口,-,通用,ROE、现金流、资产负债率,-,-,7.6%,2.2%,-,36.0%,-,-,未分红/不适用,3.1%,10,10,100,High,未知,通过,100,-
001896,CN,豫能控股,-,通用,ROE、现金流、资产负债率,-,-,0.4%,35.7%,-,86.8%,-,-,未分红/不适用,-1.5%,10,10,100,High,未知,排除,0,10年内亏损年份过多；10年ROE波动较大；10年净利润波动较大；长期ROE低于5%；资产负债率过高
001914,CN,招商积余,-,通用,ROE、现金流、资产负债率,-,-,7.2%,4.3%,-,45.9%,-,-,未分红/不适用,16.1%,10,10,100,High,未知,通过,100,-
001965,CN,招商公路,-,通用,ROE、现金流、资产负债率,-,-,8.6%,2.0%,-,43.6%,-,-,未分红/不适用,11.6%,10,10,100,High,未知,通过,100,-
001979,CN,招商蛇口,-,通用,ROE、现金流、资产负债率,-,-,19.4%,20.2%,-,67.5%,-,-,未分红/不适用,-0.9%,10,10,100,High,未知,警惕,85,10年ROE波动较大
002001,CN,新 和 成,-,通用,ROE、现金流、资产负债率,-,-,18.1%,3.8%,-,27.7%,-,-,未分红/不适用,10.5%,10,10,100,High,未知,通过,100,-
002003,CN,伟星股份,-,通用,ROE、现金流、资产负债率,-,-,15.5%,1.8%,-,32.4%,-,-,未分红/不适用,9.4%,10,10,100,High,未知,通过,100,-
002004,CN,华邦健康,-,通用,ROE、现金流、资产负债率,-,-,5.0%,2.7%,-,41.5%,-,-,未分红/不适用,-1.9%,10,10,100,High,未知,排除,60,长期ROE低于5%
002006,CN,精工科技,-,科技,营收增长、自由现金流、研发投入效率,-,-,12.9%,17.7%,-,49.4%,-,-,未分红/不适用,-0.5%,10,10,100,High,未知,警惕,55,科技公司营收增长转负；10年ROE波动较大；10年净利润波动较大
002007,CN,华兰生物,-,通用,ROE、现金流、资产负债率,-,-,16.3%,5.4%,-,12.3%,-,-,未分红/不适用,0.9%,10,10,100,High,未知,通过,100,-
002008,CN,大族激光,-,通用,ROE、现金流、资产负债率,-,-,13.3%,7.2%,-,50.5%,-,-,未分红/不适用,3.5%,10,10,100,High,未知,通过,100,-
002009,CN,天奇股份,-,通用,ROE、现金流、资产负债率,-,-,1.0%,9.5%,-,63.4%,-,-,未分红/不适用,-7.5%,10,10,100,High,未知,排除,30,10年净利润波动较大；长期ROE低于5%；近5年营收增长偏弱
002010,CN,传化智联,-,通用,ROE、现金流、资产负债率,-,-,15.3%,26.2%,-,50.4%,-,-,未分红/不适用,-8.3%,10,10,100,High,未知,警惕,70,10年ROE波动较大；近5年营收增长偏弱
002011,CN,盾安环境,-,通用,ROE、现金流、资产负债率,-,-,1.2%,33.9%,-,45.8%,-,-,未分红/不适用,7.3%,10,10,100,High,未知,排除,30,10年ROE波动较大；10年净利润波动较大；长期ROE低于5%
002012,CN,凯恩股份,-,通用,ROE、现金流、资产负债率,-,-,14.2%,23.4%,-,8.6%,-,-,未分红/不适用,-23.5%,10,10,100,High,未知,排除,45,10年ROE波动较大；近5年营收明显下滑
002014,CN,永新股份,-,通用,ROE、现金流、资产负债率,-,-,15.6%,2.4%,-,41.7%,-,-,未分红/不适用,5.3%,10,10,100,High,未知,通过,100,-
002015,CN,协鑫能科,-,通用,ROE、现金流、资产负债率,-,-,6.7%,8.5%,-,64.7%,-,-,未分红/不适用,-2.3%,10,10,100,High,未知,通过,100,-
002016,CN,世荣兆业,-,通用,ROE、现金流、资产负债率,-,-,23.9%,23.8%,-,33.6%,-,-,未分红/不适用,-9.7%,10,10,100,High,未知,警惕,70,10年ROE波动较大；近5年营收增长偏弱
002017,CN,东信和平,-,通用,ROE、现金流、资产负债率,-,-,6.4%,3.5%,-,39.9%,-,-,未分红/不适用,5.3%,10,10,100,High,未知,通过,100,-
002019,CN,亿帆医药,-,通用,ROE、现金流、资产负债率,-,-,9.4%,10.0%,-,32.2%,-,-,未分红/不适用,3.9%,10,10,100,High,未知,警惕,85,10年净利润波动较大
002020,CN,京新药业,-,通用,ROE、现金流、资产负债率,-,-,12.4%,2.7%,-,27.7%,-,-,未分红/不适用,4.1%,10,10,100,High,未知,通过,100,-
002021,CN,中捷资源,-,通用,ROE、现金流、资产负债率,-,-,12.8%,133.1%,-,32.5%,-,-,未分红/不适用,-3.2%,10,10,100,High,未知,排除,30,10年内亏损年份过多；10年ROE波动较大；10年净利润波动较大
002022,CN,科华生物,-,通用,ROE、现金流、资产负债率,-,-,6.8%,17.1%,-,33.0%,-,-,未分红/不适用,-23.7%,10,10,100,High,未知,排除,0,10年内亏损年份过多；10年ROE波动较大；10年净利润波动较大；近5年营收明显下滑
002023,CN,海特高新,-,通用,ROE、现金流、资产负债率,-,-,22.9%,38.3%,-,38.6%,-,-,未分红/不适用,16.5%,10,10,100,High,未知,警惕,70,10年ROE波动较大；10年净利润波动较大
002025,CN,航天电器,-,通用,ROE、现金流、资产负债率,-,-,11.1%,3.9%,-,35.0%,-,-,未分红/不适用,3.1%,10,10,100,High,未知,通过,100,-
002026,CN,山东威达,-,通用,ROE、现金流、资产负债率,-,-,6.3%,4.7%,-,20.4%,-,-,未分红/不适用,-12.7%,10,10,100,High,未知,警惕,85,近5年营收增长偏弱
002027,CN,分众传媒,-,通用,ROE、现金流、资产负债率,-,-,35.0%,20.5%,-,27.7%,-,-,未分红/不适用,-3.7%,10,10,100,High,未知,警惕,85,10年ROE波动较大
002028,CN,思源电气,-,通用,ROE、现金流、资产负债率,-,-,13.6%,5.3%,-,47.0%,-,-,未分红/不适用,25.5%,10,10,100,High,未知,通过,100,-
002029,CN,七 匹 狼,-,通用,ROE、现金流、资产负债率,-,-,4.7%,1.2%,-,31.9%,-,-,未分红/不适用,-3.8%,10,10,100,High,未知,排除,60,长期ROE低于5%
002030,CN,达安基因,-,通用,ROE、现金流、资产负债率,-,-,20.6%,33.3%,-,13.5%,-,-,未分红/不适用,-43.9%,10,10,100,High,未知,排除,30,10年ROE波动较大；10年净利润波动较大；近5年营收明显下滑
002031,CN,巨轮智能,-,通用,ROE、现金流、资产负债率,-,-,3.0%,23.8%,-,48.4%,-,-,未分红/不适用,-22.7%,10,10,100,High,未知,排除,0,10年内亏损年份过多；10年ROE波动较大；10年净利润波动较大；长期ROE低于5%；近5年营收明显下滑
002032,CN,苏 泊 尔,-,通用,ROE、现金流、资产负债率,-,-,29.7%,4.6%,-,52.9%,-,-,未分红/不适用,1.3%,10,10,100,High,未知,通过,100,-
002033,CN,丽江股份,-,通用,ROE、现金流、资产负债率,-,-,7.8%,4.4%,-,8.6%,-,-,未分红/不适用,24.5%,10,10,100,High,未知,通过,100,-
002034,CN,旺能环境,-,通用,ROE、现金流、资产负债率,-,-,10.2%,2.2%,-,47.5%,-,-,未分红/不适用,2.0%,10,10,100,High,未知,通过,100,-
002035,CN,华帝股份,-,通用,ROE、现金流、资产负债率,-,-,15.9%,8.8%,-,45.5%,-,-,未分红/不适用,0.3%,10,10,100,High,未知,通过,100,-
002036,CN,联创电子,-,科技,营收增长、自由现金流、研发投入效率,-,-,-5.2%,26.2%,-,90.7%,-,-,未分红/不适用,-6.0%,10,10,100,High,未知,排除,0,科技公司营收增长转负；10年内亏损年份过多；10年ROE波动较大；10年净利润波动较大；长期ROE低于5%；资产负债率过高；近5年营收增长偏弱
002037,CN,保利联合,-,通用,ROE、现金流、资产负债率,-,-,-9.0%,21.0%,-,88.1%,-,-,未分红/不适用,2.6%,10,10,100,High,未知,排除,0,10年内亏损年份过多；10年ROE波动较大；10年净利润波动较大；长期ROE低于5%；资产负债率过高
002038,CN,双鹭药业,-,通用,ROE、现金流、资产负债率,-,-,6.8%,6.4%,-,14.6%,-,-,未分红/不适用,-15.4%,10,10,100,High,未知,排除,45,10年净利润波动较大；近5年营收明显下滑
002039,CN,黔源电力,-,通用,ROE、现金流、资产负债率,-,-,10.8%,3.8%,-,48.8%,-,-,未分红/不适用,12.2%,10,10,100,High,未知,通过,100,-
002040,CN,南 京 港,-,通用,ROE、现金流、资产负债率,-,-,5.7%,1.9%,-,24.3%,-,-,未分红/不适用,6.5%,10,10,100,High,未知,通过,100,-
002041,CN,登海种业,-,通用,ROE、现金流、资产负债率,-,-,5.7%,5.1%,-,18.7%,-,-,未分红/不适用,0.0%,10,10,100,High,未知,通过,100,-
002042,CN,华孚时尚,-,通用,ROE、现金流、资产负债率,-,-,13.4%,30.9%,-,61.4%,-,-,未分红/不适用,-16.7%,10,10,100,High,未知,排除,0,10年内亏损年份过多；10年ROE波动较大；10年净利润波动较大；近5年营收明显下滑
002043,CN,兔 宝 宝,-,通用,ROE、现金流、资产负债率,-,-,22.4%,5.7%,-,44.3%,-,-,未分红/不适用,-1.5%,10,10,100,High,未知,通过,100,-
002044,CN,美年健康,-,通用,ROE、现金流、资产负债率,-,-,10.8%,24.6%,-,55.6%,-,-,未分红/不适用,3.0%,10,10,100,High,未知,警惕,70,10年ROE波动较大；10年净利润波动较大
002045,CN,国光电器,-,通用,ROE、现金流、资产负债率,-,-,5.7%,9.3%,-,59.4%,-,-,未分红/不适用,13.2%,10,10,100,High,未知,警惕,85,10年净利润波动较大
002046,CN,国机精工,-,通用,ROE、现金流、资产负债率,-,-,20.7%,32.5%,-,29.6%,-,-,未分红/不适用,-2.4%,10,10,100,High,未知,警惕,85,10年ROE波动较大
002048,CN,宁波华翔,-,通用,ROE、现金流、资产负债率,-,-,10.0%,3.3%,-,52.5%,-,-,未分红/不适用,10.5%,10,10,100,High,未知,通过,100,-
002049,CN,紫光国微,-,通用,ROE、现金流、资产负债率,-,-,16.5%,9.2%,-,27.4%,-,-,未分红/不适用,3.6%,10,10,100,High,未知,通过,100,-
002050,CN,三花智控,-,通用,ROE、现金流、资产负债率,-,-,17.3%,2.0%,-,35.1%,-,-,未分红/不适用,18.0%,10,10,100,High,未知,通过,100,-
002051,CN,中工国际,-,通用,ROE、现金流、资产负债率,-,-,-0.2%,28.5%,-,51.9%,-,-,未分红/不适用,7.6%,10,10,100,High,未知,排除,30,10年ROE波动较大；10年净利润波动较大；长期ROE低于5%
002052,CN,同洲电子,-,科技,营收增长、自由现金流、研发投入效率,-,-,-22.2%,101.7%,-,58.0%,-,-,未分红/不适用,49.3%,10,10,100,High,未知,排除,0,10年内亏损年份过多；10年ROE波动较大；10年净利润波动较大；长期ROE低于5%
002053,CN,云南能投,-,通用,ROE、现金流、资产负债率,-,-,7.0%,2.6%,-,52.8%,-,-,未分红/不适用,1.5%,10,10,100,High,未知,通过,100,-
002054,CN,德美化工,-,周期,利润波动、ROE波动、资本开支周期,-,-,4.4%,2.6%,-,52.2%,-,-,未分红/不适用,10.7%,10,10,100,High,未知,排除,60,长期ROE低于5%
002056,CN,横店东磁,-,通用,ROE、现金流、资产负债率,-,-,17.2%,3.7%,-,59.7%,-,-,未分红/不适用,15.7%,10,10,100,High,未知,通过,100,-
002057,CN,中钢天源,-,通用,ROE、现金流、资产负债率,-,-,9.4%,2.6%,-,32.9%,-,-,未分红/不适用,4.6%,10,10,100,High,未知,通过,100,-
002059,CN,云南旅游,-,通用,ROE、现金流、资产负债率,-,-,-3.6%,16.7%,-,63.3%,-,-,未分红/不适用,-29.5%,10,10,100,High,未知,排除,0,10年内亏损年份过多；10年ROE波动较大；10年净利润波动较大；长期ROE低于5%；近5年营收明显下滑
002060,CN,广东建工,-,通用,ROE、现金流、资产负债率,-,-,8.9%,3.7%,-,89.3%,-,-,未分红/不适用,48.0%,10,10,100,High,未知,排除,45,10年净利润波动较大；资产负债率过高
002061,CN,浙江交科,-,通用,ROE、现金流、资产负债率,-,-,13.1%,5.9%,-,77.2%,-,-,未分红/不适用,0.2%,10,10,100,High,未知,警惕,85,资产负债率偏高
002062,CN,宏润建设,-,通用,ROE、现金流、资产负债率,-,-,9.4%,2.1%,-,65.0%,-,-,未分红/不适用,-13.6%,10,10,100,High,未知,警惕,85,近5年营收增长偏弱
002063,CN,远光软件,-,科技,营收增长、自由现金流、研发投入效率,-,-,9.4%,1.2%,-,15.3%,-,-,未分红/不适用,7.9%,10,10,100,High,未知,通过,100,-
002064,CN,华峰化学,-,通用,ROE、现金流、资产负债率,-,-,17.0%,16.4%,-,25.9%,-,-,未分红/不适用,-3.9%,10,10,100,High,未知,警惕,70,10年ROE波动较大；10年净利润波动较大
002065,CN,东华软件,-,科技,营收增长、自由现金流、研发投入效率,-,-,5.8%,2.3%,-,50.1%,-,-,未分红/不适用,4.4%,10,10,100,High,未知,通过,100,-
002066,CN,瑞泰科技,-,科技,营收增长、自由现金流、研发投入效率,-,-,5.8%,5.8%,-,72.2%,-,-,未分红/不适用,-3.9%,10,10,100,High,未知,警惕,55,科技公司营收增长转负；10年净利润波动较大；资产负债率偏高
002067,CN,景兴纸业,-,通用,ROE、现金流、资产负债率,-,-,15.4%,27.4%,-,26.5%,-,-,未分红/不适用,-0.9%,10,10,100,High,未知,警惕,85,10年ROE波动较大
002068,CN,黑猫股份,-,通用,ROE、现金流、资产负债率,-,-,13.0%,28.2%,-,67.4%,-,-,未分红/不适用,2.3%,10,10,100,High,未知,排除,30,10年内亏损年份过多；10年ROE波动较大；10年净利润波动较大
002069,CN,獐子岛,-,通用,ROE、现金流、资产负债率,-,-,-13.0%,95.1%,-,96.8%,-,-,未分红/不适用,-11.5%,10,10,100,High,未知,排除,0,10年内亏损年份过多；10年ROE波动较大；10年净利润波动较大；长期ROE低于5%；资产负债率过高；近5年营收增长偏弱
002072,CN,凯瑞德,-,通用,ROE、现金流、资产负债率,-,-,-9.3%,23.5%,-,8.9%,-,-,未分红/不适用,38.3%,10,10,100,High,未知,排除,0,10年内亏损年份过多；10年ROE波动较大；10年净利润波动较大；长期ROE低于5%
002073,CN,软控股份,-,通用,ROE、现金流、资产负债率,-,-,1.0%,8.2%,-,67.3%,-,-,未分红/不适用,11.1%,10,10,100,High,未知,排除,45,10年净利润波动较大；长期ROE低于5%
002074,CN,国轩高科,-,通用,ROE、现金流、资产负债率,-,-,19.7%,23.4%,-,71.0%,-,-,未分红/不适用,44.4%,10,10,100,High,未知,警惕,55,10年ROE波动较大；10年净利润波动较大；资产负债率偏高
002075,CN,沙钢股份,-,通用,ROE、现金流、资产负债率,-,-,12.3%,9.2%,-,53.6%,-,-,未分红/不适用,-8.2%,10,10,100,High,未知,警惕,85,近5年营收增长偏弱
002077,CN,大港股份,-,通用,ROE、现金流、资产负债率,-,-,14.3%,35.4%,-,17.0%,-,-,未分红/不适用,-15.1%,10,10,100,High,未知,排除,30,10年ROE波动较大；10年净利润波动较大；近5年营收明显下滑
002078,CN,太阳纸业,-,通用,ROE、现金流、资产负债率,-,-,15.0%,3.8%,-,47.8%,-,-,未分红/不适用,5.1%,10,10,100,High,未知,通过,100,-
002079,CN,苏州固锝,-,通用,ROE、现金流、资产负债率,-,-,6.7%,3.6%,-,17.6%,-,-,未分红/不适用,12.5%,10,10,100,High,未知,通过,100,-
002080,CN,中材科技,-,科技,营收增长、自由现金流、研发投入效率,-,-,12.7%,6.7%,-,56.8%,-,-,未分红/不适用,10.4%,10,10,100,High,未知,通过,100,-
002081,CN,金 螳 螂,-,通用,ROE、现金流、资产负债率,-,-,7.5%,16.1%,-,58.1%,-,-,未分红/不适用,-9.1%,10,10,100,High,未知,警惕,55,10年ROE波动较大；10年净利润波动较大；近5年营收增长偏弱
002083,CN,孚日股份,-,通用,ROE、现金流、资产负债率,-,-,9.2%,2.7%,-,35.5%,-,-,未分红/不适用,0.3%,10,10,100,High,未知,通过,100,-
002084,CN,海鸥住工,-,通用,ROE、现金流、资产负债率,-,-,1.2%,8.1%,-,50.4%,-,-,未分红/不适用,-10.7%,10,10,100,High,未知,排除,0,10年内亏损年份过多；10年净利润波动较大；长期ROE低于5%；近5年营收增长偏弱
002085,CN,万丰奥威,-,通用,ROE、现金流、资产负债率,-,-,12.5%,4.0%,-,44.8%,-,-,未分红/不适用,6.5%,10,10,100,High,未知,通过,100,-
002086,CN,东方海洋,-,通用,ROE、现金流、资产负债率,-,-,-21.9%,34.8%,-,20.4%,-,-,未分红/不适用,-2.2%,10,10,100,High,未知,排除,0,10年内亏损年份过多；10年ROE波动较大；10年净利润波动较大；长期ROE低于5%
002088,CN,鲁阳节能,-,通用,ROE、现金流、资产负债率,-,-,14.4%,6.2%,-,23.8%,-,-,未分红/不适用,-5.9%,10,10,100,High,未知,警惕,85,近5年营收增长偏弱
002090,CN,金智科技,-,科技,营收增长、自由现金流、研发投入效率,-,-,7.0%,3.4%,-,51.3%,-,-,未分红/不适用,-1.2%,10,10,100,High,未知,警惕,85,科技公司营收增长转负
002091,CN,江苏国泰,-,通用,ROE、现金流、资产负债率,-,-,12.0%,3.3%,-,51.4%,-,-,未分红/不适用,0.0%,10,10,100,High,未知,通过,100,-
002092,CN,中泰化学,-,通用,ROE、现金流、资产负债率,-,-,10.8%,21.4%,-,65.7%,-,-,未分红/不适用,-17.8%,10,10,100,High,未知,排除,0,10年内亏损年份过多；10年ROE波动较大；10年净利润波动较大；近5年营收明显下滑
002093,CN,国脉科技,-,科技,营收增长、自由现金流、研发投入效率,-,-,3.8%,1.3%,-,15.3%,-,-,未分红/不适用,5.2%,10,10,100,High,未知,排除,60,长期ROE低于5%
002094,CN,青岛金王,-,通用,ROE、现金流、资产负债率,-,-,19.3%,39.6%,-,52.9%,-,-,未分红/不适用,-14.6%,10,10,100,High,未知,警惕,55,10年ROE波动较大；10年净利润波动较大；近5年营收增长偏弱
002095,CN,生 意 宝,-,通用,ROE、现金流、资产负债率,-,-,2.0%,2.3%,-,28.9%,-,-,未分红/不适用,2.4%,10,10,100,High,未知,排除,45,10年净利润波动较大；长期ROE低于5%
002096,CN,易普力,-,通用,ROE、现金流、资产负债率,-,-,7.0%,8.5%,-,30.3%,-,-,未分红/不适用,50.2%,10,10,100,High,未知,警惕,85,10年净利润波动较大
002097,CN,山河智能,-,通用,ROE、现金流、资产负债率,-,-,2.6%,9.3%,-,75.5%,-,-,未分红/不适用,-10.5%,10,10,100,High,未知,排除,15,10年净利润波动较大；长期ROE低于5%；资产负债率偏高；近5年营收增长偏弱
002098,CN,浔兴股份,-,通用,ROE、现金流、资产负债率,-,-,5.0%,28.0%,-,34.0%,-,-,未分红/不适用,5.2%,10,10,100,High,未知,警惕,70,10年ROE波动较大；10年净利润波动较大
002099,CN,海翔药业,-,通用,ROE、现金流、资产负债率,-,-,3.2%,7.0%,-,31.4%,-,-,未分红/不适用,-7.0%,10,10,100,High,未知,排除,0,10年内亏损年份过多；10年净利润波动较大；长期ROE低于5%；近5年营收增长偏弱
002100,CN,天康生物,-,通用,ROE、现金流、资产负债率,-,-,7.4%,14.7%,-,50.9%,-,-,未分红/不适用,2.0%,10,10,100,High,未知,警惕,70,10年ROE波动较大；10年净利润波动较大
002101,CN,广东鸿图,-,通用,ROE、现金流、资产负债率,-,-,12.2%,17.2%,-,44.2%,-,-,未分红/不适用,11.3%,10,10,100,High,未知,警惕,85,10年ROE波动较大
002103,CN,广博股份,-,通用,ROE、现金流、资产负债率,-,-,-1.3%,21.0%,-,47.7%,-,-,未分红/不适用,-0.9%,10,10,100,High,未知,排除,0,10年内亏损年份过多；10年ROE波动较大；10年净利润波动较大；长期ROE低于5%
002104,CN,恒宝股份,-,通用,ROE、现金流、资产负债率,-,-,6.2%,2.7%,-,9.5%,-,-,未分红/不适用,-2.5%,10,10,100,High,未知,通过,100,-
002105,CN,信隆健康,-,通用,ROE、现金流、资产负债率,-,-,10.2%,13.7%,-,47.6%,-,-,未分红/不适用,-18.1%,10,10,100,High,未知,排除,30,10年ROE波动较大；10年净利润波动较大；近5年营收明显下滑
002106,CN,莱宝高科,-,通用,ROE、现金流、资产负债率,-,-,7.1%,2.2%,-,46.7%,-,-,未分红/不适用,-6.0%,10,10,100,High,未知,警惕,85,近5年营收增长偏弱
002107,CN,沃华医药,-,通用,ROE、现金流、资产负债率,-,-,12.9%,6.0%,-,26.2%,-,-,未分红/不适用,-3.5%,10,10,100,High,未知,通过,100,-
002108,CN,沧州明珠,-,通用,ROE、现金流、资产负债率,-,-,9.4%,6.9%,-,38.7%,-,-,未分红/不适用,-0.3%,10,10,100,High,未知,通过,100,-
002110,CN,三钢闽光,-,通用,ROE、现金流、资产负债率,-,-,23.7%,22.6%,-,60.7%,-,-,未分红/不适用,-9.0%,10,10,100,High,未知,警惕,55,10年ROE波动较大；10年净利润波动较大；近5年营收增长偏弱
002111,CN,威海广泰,-,通用,ROE、现金流、资产负债率,-,-,6.5%,3.7%,-,48.6%,-,-,未分红/不适用,0.6%,10,10,100,High,未知,通过,100,-
002112,CN,三变科技,-,科技,营收增长、自由现金流、研发投入效率,-,-,3.2%,12.3%,-,66.1%,-,-,未分红/不适用,16.0%,10,10,100,High,未知,排除,30,10年ROE波动较大；10年净利润波动较大；长期ROE低于5%
002114,CN,罗平锌电,-,通用,ROE、现金流、资产负债率,-,-,-7.2%,10.8%,-,65.7%,-,-,未分红/不适用,-5.7%,10,10,100,High,未知,排除,0,10年内亏损年份过多；10年净利润波动较大；长期ROE低于5%；近5年营收增长偏弱
002115,CN,三维通信,-,科技,营收增长、自由现金流、研发投入效率,-,-,-0.6%,34.0%,-,53.3%,-,-,未分红/不适用,3.9%,10,10,100,High,未知,排除,0,10年内亏损年份过多；10年ROE波动较大；10年净利润波动较大；长期ROE低于5%
002116,CN,中国海诚,-,通用,ROE、现金流、资产负债率,-,-,11.9%,4.4%,-,54.9%,-,-,未分红/不适用,7.2%,10,10,100,High,未知,通过,100,-
002117,CN,东港股份,-,通用,ROE、现金流、资产负债率,-,-,12.7%,3.1%,-,29.6%,-,-,未分红/不适用,-0.3%,10,10,100,High,未知,通过,100,-
002119,CN,康强电子,-,科技,营收增长、自由现金流、研发投入效率,-,-,8.2%,4.9%,-,47.5%,-,-,未分红/不适用,0.1%,10,10,100,High,未知,通过,100,-
002120,CN,韵达股份,-,通用,ROE、现金流、资产负债率,-,-,17.6%,12.2%,-,43.0%,-,-,未分红/不适用,5.4%,10,10,100,High,未知,警惕,85,10年ROE波动较大
002121,CN,科陆电子,-,科技,营收增长、自由现金流、研发投入效率,-,-,-33.1%,38.3%,-,95.2%,-,-,未分红/不适用,18.5%,10,10,100,High,未知,排除,0,10年内亏损年份过多；10年ROE波动较大；10年净利润波动较大；长期ROE低于5%；资产负债率过高
002123,CN,梦网科技,-,科技,营收增长、自由现金流、研发投入效率,-,-,-10.0%,23.1%,-,48.0%,-,-,未分红/不适用,-4.8%,10,10,100,High,未知,排除,0,科技公司营收增长转负；10年内亏损年份过多；10年ROE波动较大；10年净利润波动较大；长期ROE低于5%
002124,CN,天邦食品,-,消费,ROE、毛利率稳定性、分红稳定性,-,-,-8.7%,55.5%,-,79.8%,-,-,未分红/不适用,-4.6%,10,10,100,High,未知,排除,0,消费公司长期ROE不够突出；10年内亏损年份过多；10年ROE波动较大；10年净利润波动较大；长期ROE低于5%；资产负债率偏高
002125,CN,湘潭电化,-,通用,ROE、现金流、资产负债率,-,-,8.3%,5.4%,-,36.5%,-,-,未分红/不适用,0.7%,10,10,100,High,未知,警惕,85,10年净利润波动较大
002126,CN,银轮股份,-,通用,ROE、现金流、资产负债率,-,-,10.3%,2.7%,-,62.0%,-,-,未分红/不适用,19.0%,10,10,100,High,未知,通过,100,-
002127,CN,南极电商,-,通用,ROE、现金流、资产负债率,-,-,11.9%,14.9%,-,14.1%,-,-,未分红/不适用,-9.6%,10,10,100,High,未知,排除,15,10年内亏损年份过多；10年ROE波动较大；10年净利润波动较大；近5年营收增长偏弱
002128,CN,电投能源,-,通用,ROE、现金流、资产负债率,-,-,15.4%,2.9%,-,22.8%,-,-,未分红/不适用,5.1%,10,10,100,High,未知,通过,100,-
002129,CN,TCL中环,-,通用,ROE、现金流、资产负债率,-,-,1.3%,18.0%,-,66.7%,-,-,未分红/不适用,-8.3%,10,10,100,High,未知,排除,15,10年ROE波动较大；10年净利润波动较大；长期ROE低于5%；近5年营收增长偏弱
002130,CN,沃尔核材,-,通用,ROE、现金流、资产负债率,-,-,18.9%,20.2%,-,44.8%,-,-,未分红/不适用,11.8%,10,10,100,High,未知,警惕,85,10年ROE波动较大
002131,CN,利欧股份,-,通用,ROE、现金流、资产负债率,-,-,6.6%,19.7%,-,40.8%,-,-,未分红/不适用,-0.3%,10,10,100,High,未知,排除,30,10年内亏损年份过多；10年ROE波动较大；10年净利润波动较大
002132,CN,恒星科技,-,科技,营收增长、自由现金流、研发投入效率,-,-,11.2%,18.7%,-,54.3%,-,-,未分红/不适用,10.9%,10,10,100,High,未知,警惕,70,10年ROE波动较大；10年净利润波动较大
002133,CN,广宇集团,-,通用,ROE、现金流、资产负债率,-,-,11.8%,31.8%,-,56.6%,-,-,未分红/不适用,-13.7%,10,10,100,High,未知,警惕,55,10年ROE波动较大；10年净利润波动较大；近5年营收增长偏弱
002134,CN,天津普林,-,通用,ROE、现金流、资产负债率,-,-,9.5%,32.8%,-,65.9%,-,-,未分红/不适用,18.5%,10,10,100,High,未知,警惕,70,10年ROE波动较大；10年净利润波动较大
002135,CN,东南网架,-,通用,ROE、现金流、资产负债率,-,-,12.2%,22.5%,-,66.6%,-,-,未分红/不适用,-4.5%,10,10,100,High,未知,警惕,85,10年ROE波动较大
002136,CN,安 纳 达,-,通用,ROE、现金流、资产负债率,-,-,19.8%,29.0%,-,39.6%,-,-,未分红/不适用,-4.7%,10,10,100,High,未知,警惕,70,10年ROE波动较大；10年净利润波动较大
002137,CN,实益达,-,通用,ROE、现金流、资产负债率,-,-,7.3%,23.9%,-,18.7%,-,-,未分红/不适用,-7.4%,10,10,100,High,未知,排除,15,10年内亏损年份过多；10年ROE波动较大；10年净利润波动较大；近5年营收增长偏弱
002138,CN,顺络电子,-,科技,营收增长、自由现金流、研发投入效率,-,-,12.2%,2.6%,-,44.2%,-,-,未分红/不适用,10.2%,10,10,100,High,未知,通过,100,-
002139,CN,拓邦股份,-,通用,ROE、现金流、资产负债率,-,-,11.4%,3.6%,-,48.5%,-,-,未分红/不适用,9.3%,10,10,100,High,未知,通过,100,-
002140,CN,东华科技,-,科技,营收增长、自由现金流、研发投入效率,-,-,7.6%,4.3%,-,66.5%,-,-,未分红/不适用,13.7%,10,10,100,High,未知,通过,100,-
002141,CN,贤丰控股,-,通用,ROE、现金流、资产负债率,-,-,22.7%,43.2%,-,30.4%,-,-,未分红/不适用,-5.8%,10,10,100,High,未知,排除,15,10年内亏损年份过多；10年ROE波动较大；10年净利润波动较大；近5年营收增长偏弱
002142,CN,宁波银行,-,银行,不良率、拨备覆盖、资本充足率,-,-,16.1%,2.0%,-,93.1%,-,-,未分红/不适用,8.1%,10,20,100,High,未知,排除,45,银行需补充不良率/拨备/资本充足率专项数据；资产负债率过高
002144,CN,宏达高科,-,通用,ROE、现金流、资产负债率,-,-,4.1%,1.5%,-,7.7%,-,-,未分红/不适用,-4.8%,10,10,100,High,未知,排除,60,长期ROE低于5%
002145,CN,钛能化学,-,通用,ROE、现金流、资产负债率,-,-,9.4%,5.5%,-,37.8%,-,-,未分红/不适用,9.7%,10,10,100,High,未知,通过,100,-
002146,CN,荣盛发展,-,通用,ROE、现金流、资产负债率,-,-,-11.2%,42.6%,-,93.7%,-,-,未分红/不适用,-13.3%,10,10,100,High,未知,排除,0,10年内亏损年份过多；10年ROE波动较大；10年净利润波动较大；长期ROE低于5%；资产负债率过高；近5年营收增长偏弱
002148,CN,北纬科技,-,科技,营收增长、自由现金流、研发投入效率,-,-,-1.4%,16.1%,-,10.4%,-,-,未分红/不适用,15.0%,10,10,100,High,未知,排除,30,10年ROE波动较大；10年净利润波动较大；长期ROE低于5%
002149,CN,西部材料,-,周期,利润波动、ROE波动、资本开支周期,-,-,4.4%,1.7%,-,49.1%,-,-,未分红/不适用,7.8%,10,10,100,High,未知,排除,60,长期ROE低于5%
002150,CN,正泰电源,-,通用,ROE、现金流、资产负债率,-,-,10.4%,3.2%,-,54.1%,-,-,未分红/不适用,20.6%,10,10,100,High,未知,通过,100,-
002151,CN,北斗星通,-,通用,ROE、现金流、资产负债率,-,-,-0.8%,7.1%,-,21.4%,-,-,未分红/不适用,-12.9%,10,10,100,High,未知,排除,0,10年内亏损年份过多；10年净利润波动较大；长期ROE低于5%；近5年营收增长偏弱
002152,CN,广电运通,-,通用,ROE、现金流、资产负债率,-,-,8.3%,1.5%,-,48.1%,-,-,未分红/不适用,15.5%,10,10,100,High,未知,通过,100,-
002153,CN,石基信息,-,通用,ROE、现金流、资产负债率,-,-,-7.4%,25.9%,-,17.1%,-,-,未分红/不适用,-3.5%,10,10,100,High,未知,排除,0,10年内亏损年份过多；10年ROE波动较大；10年净利润波动较大；长期ROE低于5%
002154,CN,报 喜 鸟,-,通用,ROE、现金流、资产负债率,-,-,6.9%,9.1%,-,33.6%,-,-,未分红/不适用,3.8%,10,10,100,High,未知,警惕,85,10年净利润波动较大
002155,CN,湖南黄金,-,通用,ROE、现金流、资产负债率,-,-,7.9%,4.7%,-,13.5%,-,-,未分红/不适用,26.1%,10,10,100,High,未知,警惕,85,10年净利润波动较大
002156,CN,通富微电,-,通用,ROE、现金流、资产负债率,-,-,7.4%,8.7%,-,63.7%,-,-,未分红/不适用,15.3%,10,10,100,High,未知,警惕,85,10年净利润波动较大
002157,CN,正邦科技,-,科技,营收增长、自由现金流、研发投入效率,-,-,-376.2%,1298.5%,-,50.1%,-,-,未分红/不适用,-25.4%,10,10,100,High,未知,排除,0,科技公司营收增长转负；10年内亏损年份过多；10年ROE波动较大；10年净利润波动较大；长期ROE低于5%；近5年营收明显下滑
002158,CN,汉钟精机,-,通用,ROE、现金流、资产负债率,-,-,16.3%,5.9%,-,29.6%,-,-,未分红/不适用,-0.5%,10,10,100,High,未知,通过,100,-
002159,CN,三特索道,-,通用,ROE、现金流、资产负债率,-,-,9.2%,22.3%,-,20.0%,-,-,未分红/不适用,10.1%,10,10,100,High,未知,排除,30,10年内亏损年份过多；10年ROE波动较大；10年净利润波动较大
002160,CN,常铝股份,-,通用,ROE、现金流、资产负债率,-,-,18.1%,33.1%,-,57.2%,-,-,未分红/不适用,8.0%,10,10,100,High,未知,警惕,70,10年ROE波动较大；10年净利润波动较大
002161,CN,远 望 谷,-,通用,ROE、现金流、资产负债率,-,-,10.2%,35.7%,-,40.4%,-,-,未分红/不适用,5.2%,10,10,100,High,未知,排除,30,10年内亏损年份过多；10年ROE波动较大；10年净利润波动较大
002162,CN,悦心健康,-,通用,ROE、现金流、资产负债率,-,-,6.7%,28.4%,-,56.8%,-,-,未分红/不适用,-4.2%,10,10,100,High,未知,警惕,70,10年ROE波动较大；10年净利润波动较大
002163,CN,海南发展,-,通用,ROE、现金流、资产负债率,-,-,2.4%,34.2%,-,85.2%,-,-,未分红/不适用,-5.4%,10,10,100,High,未知,排除,0,10年内亏损年份过多；10年ROE波动较大；10年净利润波动较大；长期ROE低于5%；资产负债率过高；近5年营收增长偏弱
002164,CN,宁波东力,-,通用,ROE、现金流、资产负债率,-,-,20.3%,91.3%,-,41.6%,-,-,未分红/不适用,-2.3%,10,10,100,High,未知,警惕,70,10年ROE波动较大；10年净利润波动较大
002165,CN,红 宝 丽,-,通用,ROE、现金流、资产负债率,-,-,11.5%,26.1%,-,60.3%,-,-,未分红/不适用,-5.0%,10,10,100,High,未知,警惕,55,10年ROE波动较大；10年净利润波动较大；近5年营收增长偏弱
002166,CN,莱茵生物,-,通用,ROE、现金流、资产负债率,-,-,7.6%,5.3%,-,39.8%,-,-,未分红/不适用,18.0%,10,10,100,High,未知,通过,100,-
002167,CN,东方锆业,-,通用,ROE、现金流、资产负债率,-,-,-1.5%,12.1%,-,15.6%,-,-,未分红/不适用,-0.8%,10,10,100,High,未知,排除,0,10年内亏损年份过多；10年ROE波动较大；10年净利润波动较大；长期ROE低于5%
002169,CN,智光电气,-,通用,ROE、现金流、资产负债率,-,-,2.7%,6.5%,-,68.3%,-,-,未分红/不适用,19.3%,10,10,100,High,未知,排除,45,10年净利润波动较大；长期ROE低于5%
002170,CN,芭田股份,-,通用,ROE、现金流、资产负债率,-,-,11.4%,15.5%,-,35.1%,-,-,未分红/不适用,19.4%,10,10,100,High,未知,警惕,70,10年ROE波动较大；10年净利润波动较大
002171,CN,楚江新材,-,通用,ROE、现金流、资产负债率,-,-,7.6%,3.4%,-,57.0%,-,-,未分红/不适用,12.9%,10,10,100,High,未知,通过,100,-
002172,CN,澳洋健康,-,通用,ROE、现金流、资产负债率,-,-,-9.9%,89.3%,-,91.2%,-,-,未分红/不适用,-12.1%,10,10,100,High,未知,排除,0,10年内亏损年份过多；10年ROE波动较大；10年净利润波动较大；长期ROE低于5%；资产负债率过高；近5年营收增长偏弱
002173,CN,创新医疗,-,通用,ROE、现金流、资产负债率,-,-,2.0%,30.5%,-,19.0%,-,-,未分红/不适用,2.4%,10,10,100,High,未知,排除,0,10年内亏损年份过多；10年ROE波动较大；10年净利润波动较大；长期ROE低于5%
002174,CN,游族网络,-,通用,ROE、现金流、资产负债率,-,-,4.6%,13.9%,-,16.8%,-,-,未分红/不适用,-18.7%,10,10,100,High,未知,排除,0,10年内亏损年份过多；10年ROE波动较大；10年净利润波动较大；长期ROE低于5%；近5年营收明显下滑
002176,CN,江特电机,-,通用,ROE、现金流、资产负债率,-,-,4.0%,51.1%,-,50.3%,-,-,未分红/不适用,-10.0%,10,10,100,High,未知,排除,0,10年内亏损年份过多；10年ROE波动较大；10年净利润波动较大；长期ROE低于5%；近5年营收增长偏弱
002177,CN,御银股份,-,通用,ROE、现金流、资产负债率,-,-,31.7%,40.8%,-,1.4%,-,-,未分红/不适用,-9.0%,10,10,100,High,未知,警惕,55,10年ROE波动较大；10年净利润波动较大；近5年营收增长偏弱
002178,CN,延华智能,-,通用,ROE、现金流、资产负债率,-,-,-8.3%,16.6%,-,60.0%,-,-,未分红/不适用,-15.0%,10,10,100,High,未知,排除,0,10年内亏损年份过多；10年ROE波动较大；10年净利润波动较大；长期ROE低于5%；近5年营收明显下滑
002179,CN,中航光电,-,通用,ROE、现金流、资产负债率,-,-,16.5%,2.9%,-,38.5%,-,-,未分红/不适用,13.5%,10,10,100,High,未知,通过,100,-
002180,CN,奔图科技,-,科技,营收增长、自由现金流、研发投入效率,-,-,5.7%,23.2%,-,45.7%,-,-,未分红/不适用,-7.7%,10,10,100,High,未知,警惕,40,科技公司营收增长转负；10年ROE波动较大；10年净利润波动较大；近5年营收增长偏弱
002181,CN,粤 传 媒,-,通用,ROE、现金流、资产负债率,-,-,20.3%,32.5%,-,16.8%,-,-,未分红/不适用,2.1%,10,10,100,High,未知,警惕,70,10年ROE波动较大；10年净利润波动较大
002182,CN,宝武镁业,-,通用,ROE、现金流、资产负债率,-,-,10.1%,18.9%,-,59.7%,-,-,未分红/不适用,5.1%,10,10,100,High,未知,警惕,70,10年ROE波动较大；10年净利润波动较大
002183,CN,怡 亚 通,-,通用,ROE、现金流、资产负债率,-,-,3.7%,4.3%,-,82.4%,-,-,未分红/不适用,-0.7%,10,10,100,High,未知,排除,30,10年净利润波动较大；长期ROE低于5%；资产负债率偏高
002184,CN,海得控制,-,通用,ROE、现金流、资产负债率,-,-,1.2%,11.2%,-,42.1%,-,-,未分红/不适用,0.4%,10,10,100,High,未知,排除,5,10年内亏损年份过多；10年净利润波动较大；长期ROE低于5%
002185,CN,华天科技,-,科技,营收增长、自由现金流、研发投入效率,-,-,6.6%,3.7%,-,50.2%,-,-,未分红/不适用,9.2%,10,10,100,High,未知,通过,100,-
002186,CN,全 聚 德,-,通用,ROE、现金流、资产负债率,-,-,6.6%,33.1%,-,41.2%,-,-,未分红/不适用,7.3%,10,10,100,High,未知,排除,30,10年内亏损年份过多；10年ROE波动较大；10年净利润波动较大
002187,CN,广百股份,-,通用,ROE、现金流、资产负债率,-,-,12.1%,28.0%,-,46.0%,-,-,未分红/不适用,-13.1%,10,10,100,High,未知,警惕,55,10年ROE波动较大；10年净利润波动较大；近5年营收增长偏弱
002188,CN,中天服务,-,通用,ROE、现金流、资产负债率,-,-,-86.0%,211.6%,-,41.9%,-,-,未分红/不适用,10.0%,10,10,100,High,未知,排除,0,10年内亏损年份过多；10年ROE波动较大；10年净利润波动较大；长期ROE低于5%
002189,CN,中光学,-,通用,ROE、现金流、资产负债率,-,-,-6.7%,23.8%,-,78.4%,-,-,未分红/不适用,-22.3%,10,10,100,High,未知,排除,0,10年内亏损年份过多；10年ROE波动较大；10年净利润波动较大；长期ROE低于5%；资产负债率偏高；近5年营收明显下滑
002190,CN,成飞集成,-,通用,ROE、现金流、资产负债率,-,-,6.7%,16.7%,-,35.1%,-,-,未分红/不适用,16.2%,10,10,100,High,未知,排除,30,10年内亏损年份过多；10年ROE波动较大；10年净利润波动较大
002191,CN,劲嘉股份,-,通用,ROE、现金流、资产负债率,-,-,7.4%,6.8%,-,24.3%,-,-,未分红/不适用,-12.4%,10,10,100,High,未知,警惕,70,10年净利润波动较大；近5年营收增长偏弱
002192,CN,融捷股份,-,通用,ROE、现金流、资产负债率,-,-,10.3%,60.7%,-,27.1%,-,-,未分红/不适用,-2.3%,10,10,100,High,未知,警惕,70,10年ROE波动较大；10年净利润波动较大
002194,CN,武汉凡谷,-,通用,ROE、现金流、资产负债率,-,-,-2.2%,20.6%,-,15.8%,-,-,未分红/不适用,-7.4%,10,10,100,High,未知,排除,0,10年内亏损年份过多；10年ROE波动较大；10年净利润波动较大；长期ROE低于5%；近5年营收增长偏弱
002195,CN,岩山科技,-,科技,营收增长、自由现金流、研发投入效率,-,-,17.6%,29.0%,-,2.8%,-,-,未分红/不适用,-8.5%,10,10,100,High,未知,警惕,40,科技公司营收增长转负；10年ROE波动较大；10年净利润波动较大；近5年营收增长偏弱
002196,CN,方正电机,-,通用,ROE、现金流、资产负债率,-,-,2.6%,31.0%,-,69.8%,-,-,未分红/不适用,11.4%,10,10,100,High,未知,排除,0,10年内亏损年份过多；10年ROE波动较大；10年净利润波动较大；长期ROE低于5%
002197,CN,证通电子,-,科技,营收增长、自由现金流、研发投入效率,-,-,10.0%,38.2%,-,67.1%,-,-,未分红/不适用,-5.7%,10,10,100,High,未知,排除,0,科技公司营收增长转负；10年内亏损年份过多；10年ROE波动较大；10年净利润波动较大；近5年营收增长偏弱
002201,CN,九鼎新材,-,通用,ROE、现金流、资产负债率,-,-,4.9%,21.4%,-,65.2%,-,-,未分红/不适用,4.6%,10,10,100,High,未知,排除,45,10年ROE波动较大；长期ROE低于5%
002202,CN,金风科技,-,科技,营收增长、自由现金流、研发投入效率,-,-,9.7%,4.5%,-,71.7%,-,-,未分红/不适用,9.4%,10,10,100,High,未知,警惕,85,资产负债率偏高
002203,CN,海亮股份,-,通用,ROE、现金流、资产负债率,-,-,10.2%,3.5%,-,59.7%,-,-,未分红/不适用,7.0%,10,10,100,High,未知,通过,100,-
002204,CN,大连重工,-,通用,ROE、现金流、资产负债率,-,-,27.4%,27.7%,-,71.0%,-,-,未分红/不适用,14.2%,10,10,100,High,未知,警惕,55,10年ROE波动较大；10年净利润波动较大；资产负债率偏高
002205,CN,国统股份,-,通用,ROE、现金流、资产负债率,-,-,6.2%,44.9%,-,90.0%,-,-,未分红/不适用,-12.5%,10,10,100,High,未知,排除,0,10年内亏损年份过多；10年ROE波动较大；10年净利润波动较大；资产负债率过高；近5年营收增长偏弱
002206,CN,海 利 得,-,通用,ROE、现金流、资产负债率,-,-,11.6%,2.9%,-,48.0%,-,-,未分红/不适用,3.6%,10,10,100,High,未知,通过,100,-
002208,CN,合肥城建,-,通用,ROE、现金流、资产负债率,-,-,-1.0%,31.2%,-,71.6%,-,-,未分红/不适用,7.5%,10,10,100,High,未知,排除,15,10年ROE波动较大；10年净利润波动较大；长期ROE低于5%；资产负债率偏高
002209,CN,达 意 隆,-,通用,ROE、现金流、资产负债率,-,-,2.4%,7.8%,-,75.7%,-,-,未分红/不适用,14.9%,10,10,100,High,未知,排除,0,10年内亏损年份过多；10年净利润波动较大；长期ROE低于5%；资产负债率偏高
002210,CN,飞马国际,-,通用,ROE、现金流、资产负债率,-,-,644.3%,2024.6%,-,32.3%,-,-,未分红/不适用,0.0%,10,10,100,High,未知,警惕,70,10年ROE波动较大；10年净利润波动较大
002212,CN,天融信,-,通用,ROE、现金流、资产负债率,-,-,19.0%,33.7%,-,14.2%,-,-,未分红/不适用,-6.4%,10,10,100,High,未知,警惕,55,10年ROE波动较大；10年净利润波动较大；近5年营收增长偏弱
002213,CN,大为股份,-,通用,ROE、现金流、资产负债率,-,-,6.7%,16.9%,-,23.0%,-,-,未分红/不适用,9.3%,10,10,100,High,未知,排除,30,10年内亏损年份过多；10年ROE波动较大；10年净利润波动较大
002215,CN,诺 普 信,-,通用,ROE、现金流、资产负债率,-,-,9.4%,9.9%,-,63.3%,-,-,未分红/不适用,6.5%,10,10,100,High,未知,警惕,85,10年净利润波动较大
002216,CN,三全食品,-,消费,ROE、毛利率稳定性、分红稳定性,-,-,13.7%,9.0%,-,42.8%,-,-,未分红/不适用,-1.5%,10,10,100,High,未知,通过,100,-
002217,CN,合力泰,-,通用,ROE、现金流、资产负债率,-,-,3.4%,36.0%,-,24.4%,-,-,未分红/不适用,-43.2%,10,10,100,High,未知,排除,0,10年内亏损年份过多；10年ROE波动较大；10年净利润波动较大；长期ROE低于5%；近5年营收明显下滑
002218,CN,拓日新能,-,通用,ROE、现金流、资产负债率,-,-,10.5%,17.5%,-,38.9%,-,-,未分红/不适用,-7.8%,10,10,100,High,未知,警惕,55,10年ROE波动较大；10年净利润波动较大；近5年营收增长偏弱
002219,CN,新里程,-,通用,ROE、现金流、资产负债率,-,-,-50.7%,129.5%,-,69.7%,-,-,未分红/不适用,0.3%,10,10,100,High,未知,排除,0,10年内亏损年份过多；10年ROE波动较大；10年净利润波动较大；长期ROE低于5%
002221,CN,东华能源,-,通用,ROE、现金流、资产负债率,-,-,11.3%,12.5%,-,72.2%,-,-,未分红/不适用,-1.0%,10,10,100,High,未知,警惕,55,10年ROE波动较大；10年净利润波动较大；资产负债率偏高
002222,CN,福晶科技,-,科技,营收增长、自由现金流、研发投入效率,-,-,15.7%,2.4%,-,21.4%,-,-,未分红/不适用,13.9%,10,10,100,High,未知,通过,100,-
002223,CN,鱼跃医疗,-,通用,ROE、现金流、资产负债率,-,-,16.4%,4.9%,-,17.0%,-,-,未分红/不适用,3.6%,10,10,100,High,未知,通过,100,-
002224,CN,三 力 士,-,通用,ROE、现金流、资产负债率,-,-,11.1%,16.6%,-,23.9%,-,-,未分红/不适用,1.8%,10,10,100,High,未知,警惕,85,10年ROE波动较大
002225,CN,濮耐股份,-,通用,ROE、现金流、资产负债率,-,-,13.9%,28.3%,-,53.3%,-,-,未分红/不适用,5.8%,10,10,100,High,未知,警惕,70,10年ROE波动较大；10年净利润波动较大
002226,CN,江南化工,-,周期,利润波动、ROE波动、资本开支周期,-,-,6.7%,3.3%,-,46.4%,-,-,未分红/不适用,11.4%,10,10,100,High,未知,通过,100,-
002228,CN,合兴包装,-,通用,ROE、现金流、资产负债率,-,-,6.0%,2.5%,-,58.4%,-,-,未分红/不适用,-12.7%,10,10,100,High,未知,警惕,85,近5年营收增长偏弱
002229,CN,鸿博股份,-,通用,ROE、现金流、资产负债率,-,-,11.4%,28.8%,-,44.8%,-,-,未分红/不适用,15.2%,10,10,100,High,未知,排除,30,10年内亏损年份过多；10年ROE波动较大；10年净利润波动较大
002230,CN,科大讯飞,-,通用,ROE、现金流、资产负债率,-,-,6.5%,2.9%,-,55.7%,-,-,未分红/不适用,10.3%,10,10,100,High,未知,通过,100,-
002232,CN,启明信息,-,通用,ROE、现金流、资产负债率,-,-,7.6%,7.9%,-,28.4%,-,-,未分红/不适用,-7.4%,10,10,100,High,未知,警惕,85,近5年营收增长偏弱
002233,CN,塔牌集团,-,通用,ROE、现金流、资产负债率,-,-,11.5%,6.6%,-,10.2%,-,-,未分红/不适用,-14.6%,10,10,100,High,未知,警惕,85,近5年营收增长偏弱
002234,CN,民和股份,-,通用,ROE、现金流、资产负债率,-,-,5.5%,34.2%,-,51.8%,-,-,未分红/不适用,5.0%,10,10,100,High,未知,排除,30,10年内亏损年份过多；10年ROE波动较大；10年净利润波动较大
002235,CN,安妮股份,-,通用,ROE、现金流、资产负债率,-,-,-9.2%,15.9%,-,35.4%,-,-,未分红/不适用,0.8%,10,10,100,High,未知,排除,0,10年内亏损年份过多；10年ROE波动较大；10年净利润波动较大；长期ROE低于5%
002236,CN,大华股份,-,通用,ROE、现金流、资产负债率,-,-,18.3%,6.7%,-,26.8%,-,-,未分红/不适用,-0.1%,10,10,100,High,未知,通过,100,-
002237,CN,恒邦股份,-,通用,ROE、现金流、资产负债率,-,-,6.9%,1.4%,-,64.0%,-,-,未分红/不适用,28.4%,10,10,100,High,未知,通过,100,-
002238,CN,天威视讯,-,通用,ROE、现金流、资产负债率,-,-,6.0%,5.8%,-,44.0%,-,-,未分红/不适用,-7.7%,10,10,100,High,未知,警惕,70,10年净利润波动较大；近5年营收增长偏弱
002239,CN,奥特佳,-,通用,ROE、现金流、资产负债率,-,-,9.7%,24.1%,-,48.2%,-,-,未分红/不适用,12.4%,10,10,100,High,未知,警惕,70,10年ROE波动较大；10年净利润波动较大
002240,CN,盛新锂能,-,通用,ROE、现金流、资产负债率,-,-,17.7%,33.5%,-,48.4%,-,-,未分红/不适用,13.8%,10,10,100,High,未知,排除,30,10年内亏损年份过多；10年ROE波动较大；10年净利润波动较大
002241,CN,歌尔股份,-,通用,ROE、现金流、资产负债率,-,-,11.0%,5.3%,-,58.9%,-,-,未分红/不适用,5.4%,10,10,100,High,未知,通过,100,-
002242,CN,九阳股份,-,通用,ROE、现金流、资产负债率,-,-,15.5%,7.3%,-,53.8%,-,-,未分红/不适用,-6.1%,10,10,100,High,未知,警惕,85,近5年营收增长偏弱
002243,CN,力合科创,-,通用,ROE、现金流、资产负债率,-,-,6.3%,3.8%,-,50.0%,-,-,未分红/不适用,-5.9%,10,10,100,High,未知,警惕,85,近5年营收增长偏弱
002244,CN,滨江集团,-,通用,ROE、现金流、资产负债率,-,-,11.6%,3.1%,-,76.4%,-,-,未分红/不适用,21.5%,10,10,100,High,未知,警惕,85,资产负债率偏高
002245,CN,蔚蓝锂芯,-,通用,ROE、现金流、资产负债率,-,-,10.2%,5.4%,-,36.8%,-,-,未分红/不适用,5.0%,10,10,100,High,未知,通过,100,-
002246,CN,北化股份,-,通用,ROE、现金流、资产负债率,-,-,-5.2%,33.0%,-,37.9%,-,-,未分红/不适用,1.1%,10,10,100,High,未知,排除,45,10年ROE波动较大；长期ROE低于5%
002247,CN,聚力文化,-,通用,ROE、现金流、资产负债率,-,-,-14.6%,55.7%,-,27.3%,-,-,未分红/不适用,-9.1%,10,10,100,High,未知,排除,0,10年内亏损年份过多；10年ROE波动较大；10年净利润波动较大；长期ROE低于5%；近5年营收增长偏弱
002248,CN,华东数控,-,通用,ROE、现金流、资产负债率,-,-,-18.6%,62.6%,-,77.2%,-,-,未分红/不适用,1.9%,10,10,100,High,未知,排除,0,10年内亏损年份过多；10年ROE波动较大；10年净利润波动较大；长期ROE低于5%；资产负债率偏高
002249,CN,大洋电机,-,通用,ROE、现金流、资产负债率,-,-,10.1%,27.9%,-,46.2%,-,-,未分红/不适用,5.1%,10,10,100,High,未知,警惕,70,10年ROE波动较大；10年净利润波动较大
002250,CN,联化科技,-,科技,营收增长、自由现金流、研发投入效率,-,-,9.6%,20.3%,-,47.6%,-,-,未分红/不适用,-0.6%,10,10,100,High,未知,警惕,55,科技公司营收增长转负；10年ROE波动较大；10年净利润波动较大
002251,CN,步步高,-,通用,ROE、现金流、资产负债率,-,-,-4.6%,20.5%,-,59.8%,-,-,未分红/不适用,-25.0%,10,10,100,High,未知,排除,0,10年内亏损年份过多；10年ROE波动较大；10年净利润波动较大；长期ROE低于5%；近5年营收明显下滑
002252,CN,上海莱士,-,通用,ROE、现金流、资产负债率,-,-,4.9%,6.8%,-,14.1%,-,-,未分红/不适用,14.4%,10,10,100,High,未知,排除,45,10年净利润波动较大；长期ROE低于5%
002254,CN,泰和新材,-,通用,ROE、现金流、资产负债率,-,-,13.6%,17.1%,-,49.6%,-,-,未分红/不适用,-4.9%,10,10,100,High,未知,警惕,70,10年ROE波动较大；10年净利润波动较大
002255,CN,海陆重工,-,通用,ROE、现金流、资产负债率,-,-,2.2%,25.7%,-,31.2%,-,-,未分红/不适用,-2.1%,10,10,100,High,未知,排除,30,10年ROE波动较大；10年净利润波动较大；长期ROE低于5%
002256,CN,兆新股份,-,通用,ROE、现金流、资产负债率,-,-,-6.2%,13.2%,-,32.4%,-,-,未分红/不适用,9.9%,10,10,100,High,未知,排除,0,10年内亏损年份过多；10年ROE波动较大；10年净利润波动较大；长期ROE低于5%
002258,CN,利尔化学,-,通用,ROE、现金流、资产负债率,-,-,14.9%,8.9%,-,42.6%,-,-,未分红/不适用,8.5%,10,10,100,High,未知,通过,100,-
002259,CN,升达林业,-,通用,ROE、现金流、资产负债率,-,-,-29.6%,180.9%,-,52.0%,-,-,未分红/不适用,-9.8%,10,10,100,High,未知,排除,0,10年内亏损年份过多；10年ROE波动较大；10年净利润波动较大；长期ROE低于5%；近5年营收增长偏弱
002261,CN,拓维信息,-,通用,ROE、现金流、资产负债率,-,-,2.4%,34.6%,-,34.9%,-,-,未分红/不适用,9.2%,10,10,100,High,未知,排除,0,10年内亏损年份过多；10年ROE波动较大；10年净利润波动较大；长期ROE低于5%
002262,CN,恩华药业,-,通用,ROE、现金流、资产负债率,-,-,17.4%,1.8%,-,13.0%,-,-,未分红/不适用,10.7%,10,10,100,High,未知,通过,100,-
002263,CN,大东南,-,通用,ROE、现金流、资产负债率,-,-,20.5%,35.4%,-,6.4%,-,-,未分红/不适用,-7.4%,10,10,100,High,未知,警惕,55,10年ROE波动较大；10年净利润波动较大；近5年营收增长偏弱
002264,CN,新 华 都,-,通用,ROE、现金流、资产负债率,-,-,1.7%,22.7%,-,44.4%,-,-,未分红/不适用,-10.8%,10,10,100,High,未知,排除,15,10年ROE波动较大；10年净利润波动较大；长期ROE低于5%；近5年营收增长偏弱
002265,CN,建设工业,-,通用,ROE、现金流、资产负债率,-,-,11.4%,24.3%,-,53.5%,-,-,未分红/不适用,-0.1%,10,10,100,High,未知,警惕,70,10年ROE波动较大；10年净利润波动较大
002266,CN,浙富控股,-,通用,ROE、现金流、资产负债率,-,-,10.4%,7.5%,-,55.8%,-,-,未分红/不适用,13.2%,10,10,100,High,未知,警惕,85,10年净利润波动较大
002267,CN,陕天然气,-,通用,ROE、现金流、资产负债率,-,-,8.0%,1.4%,-,53.0%,-,-,未分红/不适用,3.3%,10,10,100,High,未知,通过,100,-
002268,CN,电科网安,-,通用,ROE、现金流、资产负债率,-,-,4.7%,2.7%,-,23.4%,-,-,未分红/不适用,-6.4%,10,10,100,High,未知,排除,45,长期ROE低于5%；近5年营收增长偏弱
002269,CN,美邦服饰,-,消费,ROE、毛利率稳定性、分红稳定性,-,-,-30.3%,62.3%,-,88.7%,-,-,未分红/不适用,-35.7%,10,10,100,High,未知,排除,0,消费公司长期ROE不够突出；10年内亏损年份过多；10年ROE波动较大；10年净利润波动较大；长期ROE低于5%；资产负债率过高；近5年营收明显下滑
002270,CN,华明装备,-,通用,ROE、现金流、资产负债率,-,-,13.7%,4.8%,-,39.1%,-,-,未分红/不适用,12.2%,10,10,100,High,未知,通过,100,-
002271,CN,东方雨虹,-,通用,ROE、现金流、资产负债率,-,-,24.2%,13.0%,-,51.1%,-,-,未分红/不适用,-3.6%,10,10,100,High,未知,警惕,85,10年ROE波动较大
002272,CN,川润股份,-,通用,ROE、现金流、资产负债率,-,-,14.2%,29.6%,-,56.3%,-,-,未分红/不适用,3.4%,10,10,100,High,未知,排除,30,10年内亏损年份过多；10年ROE波动较大；10年净利润波动较大
002273,CN,水晶光电,-,通用,ROE、现金流、资产负债率,-,-,9.9%,2.5%,-,20.4%,-,-,未分红/不适用,16.1%,10,10,100,High,未知,通过,100,-
002274,CN,华昌化工,-,周期,利润波动、ROE波动、资本开支周期,-,-,10.7%,13.9%,-,31.3%,-,-,未分红/不适用,-8.8%,10,10,100,High,未知,警惕,40,周期行业利润弹性过大；10年ROE波动较大；10年净利润波动较大；近5年营收增长偏弱
002275,CN,桂林三金,-,通用,ROE、现金流、资产负债率,-,-,14.6%,3.1%,-,25.1%,-,-,未分红/不适用,4.1%,10,10,100,High,未知,通过,100,-
002276,CN,万马股份,-,通用,ROE、现金流、资产负债率,-,-,6.1%,2.4%,-,62.6%,-,-,未分红/不适用,10.8%,10,10,100,High,未知,通过,100,-
002277,CN,友阿股份,-,通用,ROE、现金流、资产负债率,-,-,19.2%,26.2%,-,53.8%,-,-,未分红/不适用,-21.1%,10,10,100,High,未知,排除,30,10年ROE波动较大；10年净利润波动较大；近5年营收明显下滑
002278,CN,神开股份,-,通用,ROE、现金流、资产负债率,-,-,10.9%,31.2%,-,30.0%,-,-,未分红/不适用,3.0%,10,10,100,High,未知,警惕,70,10年ROE波动较大；10年净利润波动较大
002279,CN,久其软件,-,科技,营收增长、自由现金流、研发投入效率,-,-,-3.8%,18.4%,-,39.2%,-,-,未分红/不适用,-1.1%,10,10,100,High,未知,排除,0,科技公司营收增长转负；10年内亏损年份过多；10年ROE波动较大；10年净利润波动较大；长期ROE低于5%
002281,CN,光迅科技,-,科技,营收增长、自由现金流、研发投入效率,-,-,9.7%,1.2%,-,37.9%,-,-,未分红/不适用,16.5%,10,10,100,High,未知,通过,100,-
002282,CN,博深股份,-,通用,ROE、现金流、资产负债率,-,-,4.5%,1.5%,-,9.5%,-,-,未分红/不适用,1.7%,10,10,100,High,未知,排除,60,长期ROE低于5%
002283,CN,天润工业,-,通用,ROE、现金流、资产负债率,-,-,7.4%,2.2%,-,26.5%,-,-,未分红/不适用,-3.6%,10,10,100,High,未知,通过,100,-
002284,CN,亚太股份,-,通用,ROE、现金流、资产负债率,-,-,12.6%,19.5%,-,60.8%,-,-,未分红/不适用,11.5%,10,10,100,High,未知,警惕,70,10年ROE波动较大；10年净利润波动较大
002285,CN,世联行,-,通用,ROE、现金流、资产负债率,-,-,-2.5%,16.5%,-,32.6%,-,-,未分红/不适用,-24.7%,10,10,100,High,未知,排除,0,10年内亏损年份过多；10年ROE波动较大；10年净利润波动较大；长期ROE低于5%；近5年营收明显下滑
002286,CN,保龄宝,-,通用,ROE、现金流、资产负债率,-,-,4.9%,3.0%,-,19.7%,-,-,未分红/不适用,-0.1%,10,10,100,High,未知,排除,60,长期ROE低于5%
002287,CN,奇正藏药,-,通用,ROE、现金流、资产负债率,-,-,16.9%,2.5%,-,27.8%,-,-,未分红/不适用,8.1%,10,10,100,High,未知,通过,100,-
002290,CN,禾盛新材,-,通用,ROE、现金流、资产负债率,-,-,-7.5%,63.9%,-,52.1%,-,-,未分红/不适用,3.0%,10,10,100,High,未知,排除,30,10年ROE波动较大；10年净利润波动较大；长期ROE低于5%
002291,CN,遥望科技,-,科技,营收增长、自由现金流、研发投入效率,-,-,2.7%,35.4%,-,41.4%,-,-,未分红/不适用,4.1%,10,10,100,High,未知,排除,0,10年内亏损年份过多；10年ROE波动较大；10年净利润波动较大；长期ROE低于5%
002292,CN,奥飞娱乐,-,通用,ROE、现金流、资产负债率,-,-,-5.6%,13.7%,-,28.3%,-,-,未分红/不适用,-1.7%,10,10,100,High,未知,排除,0,10年内亏损年份过多；10年ROE波动较大；10年净利润波动较大；长期ROE低于5%
002293,CN,罗莱生活,-,通用,ROE、现金流、资产负债率,-,-,13.6%,1.7%,-,32.2%,-,-,未分红/不适用,-4.3%,10,10,100,High,未知,通过,100,-
002294,CN,信立泰,-,通用,ROE、现金流、资产负债率,-,-,12.8%,9.5%,-,19.9%,-,-,未分红/不适用,9.2%,10,10,100,High,未知,通过,100,-
002295,CN,精艺股份,-,通用,ROE、现金流、资产负债率,-,-,11.1%,26.8%,-,41.3%,-,-,未分红/不适用,-8.8%,10,10,100,High,未知,警惕,55,10年ROE波动较大；10年净利润波动较大；近5年营收增长偏弱
002296,CN,辉煌科技,-,科技,营收增长、自由现金流、研发投入效率,-,-,5.1%,6.1%,-,22.8%,-,-,未分红/不适用,4.5%,10,10,100,High,未知,警惕,85,10年净利润波动较大
002297,CN,博云新材,-,通用,ROE、现金流、资产负债率,-,-,3.7%,15.1%,-,30.3%,-,-,未分红/不适用,17.4%,10,10,100,High,未知,排除,0,10年内亏损年份过多；10年ROE波动较大；10年净利润波动较大；长期ROE低于5%
002298,CN,中电鑫龙,-,通用,ROE、现金流、资产负债率,-,-,-8.1%,20.1%,-,54.6%,-,-,未分红/不适用,-10.3%,10,10,100,High,未知,排除,0,10年内亏损年份过多；10年ROE波动较大；10年净利润波动较大；长期ROE低于5%；近5年营收增长偏弱
002299,CN,圣农发展,-,通用,ROE、现金流、资产负债率,-,-,14.1%,12.9%,-,51.7%,-,-,未分红/不适用,8.5%,10,10,100,High,未知,警惕,70,10年ROE波动较大；10年净利润波动较大
002300,CN,太阳电缆,-,通用,ROE、现金流、资产负债率,-,-,9.5%,3.2%,-,64.2%,-,-,未分红/不适用,1.7%,10,10,100,High,未知,通过,100,-
002301,CN,齐心集团,-,通用,ROE、现金流、资产负债率,-,-,3.1%,7.7%,-,64.2%,-,-,未分红/不适用,9.8%,10,10,100,High,未知,排除,45,10年净利润波动较大；长期ROE低于5%
002302,CN,西部建设,-,通用,ROE、现金流、资产负债率,-,-,4.6%,6.3%,-,69.4%,-,-,未分红/不适用,-9.4%,10,10,100,High,未知,排除,30,10年净利润波动较大；长期ROE低于5%；近5年营收增长偏弱
002303,CN,美盈森,-,通用,ROE、现金流、资产负债率,-,-,6.2%,3.1%,-,36.9%,-,-,未分红/不适用,2.4%,10,10,100,High,未知,通过,100,-
002304,CN,洋河股份,-,通用,ROE、现金流、资产负债率,-,-,19.2%,6.4%,-,20.0%,-,-,未分红/不适用,-6.7%,10,10,100,High,未知,警惕,85,近5年营收增长偏弱
002307,CN,北新路桥,-,通用,ROE、现金流、资产负债率,-,-,9.6%,30.1%,-,86.4%,-,-,未分红/不适用,-2.1%,10,10,100,High,未知,排除,30,10年ROE波动较大；10年净利润波动较大；资产负债率过高
002309,CN,中利集团,-,通用,ROE、现金流、资产负债率,-,-,-2.7%,57.1%,-,60.5%,-,-,未分红/不适用,-31.1%,10,10,100,High,未知,排除,0,10年内亏损年份过多；10年ROE波动较大；10年净利润波动较大；长期ROE低于5%；近5年营收明显下滑
002310,CN,东方新能,-,通用,ROE、现金流、资产负债率,-,-,17.9%,71.9%,-,45.1%,-,-,未分红/不适用,-57.5%,10,10,100,High,未知,排除,0,10年内亏损年份过多；10年ROE波动较大；10年净利润波动较大；近5年营收明显下滑
002311,CN,海大集团,-,通用,ROE、现金流、资产负债率,-,-,18.3%,3.5%,-,46.4%,-,-,未分红/不适用,10.5%,10,10,100,High,未知,通过,100,-
002312,CN,川发龙蟒,-,通用,ROE、现金流、资产负债率,-,-,2.9%,14.9%,-,49.9%,-,-,未分红/不适用,10.6%,10,10,100,High,未知,排除,30,10年ROE波动较大；10年净利润波动较大；长期ROE低于5%
002313,CN,日海智能,-,通用,ROE、现金流、资产负债率,-,-,19.1%,167.7%,-,98.1%,-,-,未分红/不适用,-12.6%,10,10,100,High,未知,排除,0,10年内亏损年份过多；10年ROE波动较大；10年净利润波动较大；资产负债率过高；近5年营收增长偏弱
002314,CN,南山控股,-,通用,ROE、现金流、资产负债率,-,-,1.5%,12.9%,-,76.7%,-,-,未分红/不适用,4.0%,10,10,100,High,未知,排除,15,10年ROE波动较大；10年净利润波动较大；长期ROE低于5%；资产负债率偏高
002315,CN,焦点科技,-,科技,营收增长、自由现金流、研发投入效率,-,-,11.1%,6.2%,-,42.5%,-,-,未分红/不适用,6.8%,10,10,100,High,未知,通过,100,-
002316,CN,亚联发展,-,通用,ROE、现金流、资产负债率,-,-,-2.4%,46.0%,-,84.7%,-,-,未分红/不适用,-26.0%,10,10,100,High,未知,排除,0,10年内亏损年份过多；10年ROE波动较大；10年净利润波动较大；长期ROE低于5%；资产负债率偏高；近5年营收明显下滑
002317,CN,众生药业,-,通用,ROE、现金流、资产负债率,-,-,5.9%,8.6%,-,19.1%,-,-,未分红/不适用,1.0%,10,10,100,High,未知,警惕,85,10年净利润波动较大
002318,CN,久立特材,-,通用,ROE、现金流、资产负债率,-,-,15.9%,6.5%,-,36.3%,-,-,未分红/不适用,19.2%,10,10,100,High,未知,通过,100,-
002319,CN,乐通股份,-,通用,ROE、现金流、资产负债率,-,-,-16.1%,35.7%,-,70.2%,-,-,未分红/不适用,1.2%,10,10,100,High,未知,排除,0,10年内亏损年份过多；10年ROE波动较大；10年净利润波动较大；长期ROE低于5%；资产负债率偏高
002320,CN,海峡股份,-,通用,ROE、现金流、资产负债率,-,-,5.9%,2.0%,-,35.0%,-,-,未分红/不适用,38.3%,10,10,100,High,未知,通过,100,-
002321,CN,华英农业,-,通用,ROE、现金流、资产负债率,-,-,-185.9%,552.4%,-,63.4%,-,-,未分红/不适用,14.3%,10,10,100,High,未知,排除,0,10年内亏损年份过多；10年ROE波动较大；10年净利润波动较大；长期ROE低于5%
002322,CN,理工能科,-,通用,ROE、现金流、资产负债率,-,-,7.5%,2.3%,-,11.8%,-,-,未分红/不适用,-0.6%,10,10,100,High,未知,通过,100,-
002324,CN,普利特,-,通用,ROE、现金流、资产负债率,-,-,17.0%,26.0%,-,62.1%,-,-,未分红/不适用,19.4%,10,10,100,High,未知,警惕,85,10年ROE波动较大
002326,CN,永太科技,-,科技,营收增长、自由现金流、研发投入效率,-,-,3.6%,12.5%,-,74.4%,-,-,未分红/不适用,3.9%,10,10,100,High,未知,排除,0,10年内亏损年份过多；10年ROE波动较大；10年净利润波动较大；长期ROE低于5%；资产负债率偏高
002327,CN,富安娜,-,通用,ROE、现金流、资产负债率,-,-,14.4%,2.4%,-,21.2%,-,-,未分红/不适用,-5.0%,10,10,100,High,未知,警惕,85,近5年营收增长偏弱
002328,CN,新朋股份,-,通用,ROE、现金流、资产负债率,-,-,6.2%,3.5%,-,29.8%,-,-,未分红/不适用,-5.0%,10,10,100,High,未知,警惕,85,近5年营收增长偏弱
002329,CN,皇氏集团,-,通用,ROE、现金流、资产负债率,-,-,-7.7%,38.8%,-,86.3%,-,-,未分红/不适用,-8.6%,10,10,100,High,未知,排除,0,10年内亏损年份过多；10年ROE波动较大；10年净利润波动较大；长期ROE低于5%；资产负债率过高；近5年营收增长偏弱
002330,CN,得利斯,-,通用,ROE、现金流、资产负债率,-,-,27.5%,31.3%,-,37.2%,-,-,未分红/不适用,0.1%,10,10,100,High,未知,警惕,70,10年ROE波动较大；10年净利润波动较大
002331,CN,皖通科技,-,科技,营收增长、自由现金流、研发投入效率,-,-,-1.6%,9.0%,-,49.7%,-,-,未分红/不适用,7.5%,10,10,100,High,未知,排除,5,10年内亏损年份过多；10年净利润波动较大；长期ROE低于5%
002332,CN,仙琚制药,-,通用,ROE、现金流、资产负债率,-,-,11.0%,3.4%,-,16.2%,-,-,未分红/不适用,-3.6%,10,10,100,High,未知,通过,100,-
002333,CN,罗普斯金,-,通用,ROE、现金流、资产负债率,-,-,0.9%,5.4%,-,37.5%,-,-,未分红/不适用,1.7%,10,10,100,High,未知,排除,5,10年内亏损年份过多；10年净利润波动较大；长期ROE低于5%
002334,CN,英威腾,-,通用,ROE、现金流、资产负债率,-,-,7.7%,9.4%,-,51.1%,-,-,未分红/不适用,10.4%,10,10,100,High,未知,警惕,85,10年净利润波动较大
002335,CN,科华数据,-,通用,ROE、现金流、资产负债率,-,-,8.7%,3.7%,-,53.6%,-,-,未分红/不适用,13.8%,10,10,100,High,未知,通过,100,-
002337,CN,赛象科技,-,科技,营收增长、自由现金流、研发投入效率,-,-,16.5%,32.1%,-,31.3%,-,-,未分红/不适用,-1.5%,10,10,100,High,未知,警惕,55,科技公司营收增长转负；10年ROE波动较大；10年净利润波动较大
002338,CN,奥普光电,-,通用,ROE、现金流、资产负债率,-,-,6.0%,1.0%,-,33.7%,-,-,未分红/不适用,10.0%,10,10,100,High,未知,通过,100,-
002339,CN,积成电子,-,科技,营收增长、自由现金流、研发投入效率,-,-,2.1%,2.5%,-,50.4%,-,-,未分红/不适用,10.9%,10,10,100,High,未知,排除,45,10年净利润波动较大；长期ROE低于5%
002340,CN,格林美,-,通用,ROE、现金流、资产负债率,-,-,6.5%,2.0%,-,65.8%,-,-,未分红/不适用,17.8%,10,10,100,High,未知,通过,100,-
002342,CN,巨力索具,-,通用,ROE、现金流、资产负债率,-,-,33.2%,57.4%,-,54.3%,-,-,未分红/不适用,1.0%,10,10,100,High,未知,排除,30,10年内亏损年份过多；10年ROE波动较大；10年净利润波动较大
002343,CN,慈文传媒,-,通用,ROE、现金流、资产负债率,-,-,-3.8%,24.3%,-,43.4%,-,-,未分红/不适用,-0.5%,10,10,100,High,未知,排除,0,10年内亏损年份过多；10年ROE波动较大；10年净利润波动较大；长期ROE低于5%
002344,CN,海宁皮城,-,通用,ROE、现金流、资产负债率,-,-,12.0%,25.4%,-,34.1%,-,-,未分红/不适用,-7.7%,10,10,100,High,未知,警惕,70,10年ROE波动较大；近5年营收增长偏弱
002345,CN,潮宏基,-,通用,ROE、现金流、资产负债率,-,-,7.0%,3.7%,-,49.5%,-,-,未分红/不适用,19.1%,10,10,100,High,未知,通过,100,-
002346,CN,柘中股份,-,通用,ROE、现金流、资产负债率,-,-,9.6%,6.7%,-,30.1%,-,-,未分红/不适用,5.3%,10,10,100,High,未知,通过,100,-
002347,CN,泰尔股份,-,通用,ROE、现金流、资产负债率,-,-,7.5%,28.2%,-,53.0%,-,-,未分红/不适用,0.7%,10,10,100,High,未知,排除,30,10年内亏损年份过多；10年ROE波动较大；10年净利润波动较大
002348,CN,高乐股份,-,通用,ROE、现金流、资产负债率,-,-,-2.6%,30.7%,-,41.3%,-,-,未分红/不适用,-7.5%,10,10,100,High,未知,排除,0,10年内亏损年份过多；10年ROE波动较大；10年净利润波动较大；长期ROE低于5%；近5年营收增长偏弱
002349,CN,精华制药,-,通用,ROE、现金流、资产负债率,-,-,5.5%,8.7%,-,11.8%,-,-,未分红/不适用,1.8%,10,10,100,High,未知,警惕,85,10年净利润波动较大
002350,CN,北京科锐,-,通用,ROE、现金流、资产负债率,-,-,11.1%,25.7%,-,40.9%,-,-,未分红/不适用,-2.0%,10,10,100,High,未知,警惕,70,10年ROE波动较大；10年净利润波动较大
002351,CN,漫步者,-,通用,ROE、现金流、资产负债率,-,-,11.0%,5.3%,-,15.8%,-,-,未分红/不适用,5.0%,10,10,100,High,未知,通过,100,-
002352,CN,顺丰控股,-,通用,ROE、现金流、资产负债率,-,-,13.0%,4.9%,-,49.0%,-,-,未分红/不适用,10.4%,10,10,100,High,未知,通过,100,-
002353,CN,杰瑞股份,-,通用,ROE、现金流、资产负债率,-,-,19.3%,23.8%,-,38.9%,-,-,未分红/不适用,16.6%,10,10,100,High,未知,警惕,85,10年ROE波动较大
002354,CN,天娱数科,-,通用,ROE、现金流、资产负债率,-,-,-25.2%,48.5%,-,33.9%,-,-,未分红/不适用,4.2%,10,10,100,High,未知,排除,0,10年内亏损年份过多；10年ROE波动较大；10年净利润波动较大；长期ROE低于5%
002355,CN,兴民智通,-,通用,ROE、现金流、资产负债率,-,-,-7.4%,23.8%,-,59.0%,-,-,未分红/不适用,-10.5%,10,10,100,High,未知,排除,0,10年内亏损年份过多；10年ROE波动较大；10年净利润波动较大；长期ROE低于5%；近5年营收增长偏弱
002356,CN,赫美集团,-,通用,ROE、现金流、资产负债率,-,-,-17.4%,54.9%,-,13.1%,-,-,未分红/不适用,15.0%,10,10,100,High,未知,排除,0,10年内亏损年份过多；10年ROE波动较大；10年净利润波动较大；长期ROE低于5%
002357,CN,富临运业,-,通用,ROE、现金流、资产负债率,-,-,7.6%,2.6%,-,39.2%,-,-,未分红/不适用,4.0%,10,10,100,High,未知,通过,100,-
002358,CN,森源电气,-,通用,ROE、现金流、资产负债率,-,-,1.4%,12.4%,-,51.9%,-,-,未分红/不适用,14.3%,10,10,100,High,未知,排除,30,10年ROE波动较大；10年净利润波动较大；长期ROE低于5%
002361,CN,神剑股份,-,通用,ROE、现金流、资产负债率,-,-,9.9%,17.5%,-,51.4%,-,-,未分红/不适用,-1.7%,10,10,100,High,未知,警惕,85,10年ROE波动较大
002362,CN,汉王科技,-,科技,营收增长、自由现金流、研发投入效率,-,-,-1.8%,9.4%,-,43.3%,-,-,未分红/不适用,4.0%,10,10,100,High,未知,排除,5,10年内亏损年份过多；10年净利润波动较大；长期ROE低于5%
002363,CN,隆基机械,-,通用,ROE、现金流、资产负债率,-,-,2.5%,0.7%,-,28.2%,-,-,未分红/不适用,1.0%,10,10,100,High,未知,排除,60,长期ROE低于5%
002364,CN,中恒电气,-,通用,ROE、现金流、资产负债率,-,-,3.7%,3.1%,-,40.8%,-,-,未分红/不适用,4.1%,10,10,100,High,未知,排除,60,长期ROE低于5%
002366,CN,融发核电,-,通用,ROE、现金流、资产负债率,-,-,-4.5%,38.4%,-,35.4%,-,-,未分红/不适用,22.0%,10,10,100,High,未知,排除,0,10年内亏损年份过多；10年ROE波动较大；10年净利润波动较大；长期ROE低于5%
002367,CN,康力电梯,-,通用,ROE、现金流、资产负债率,-,-,14.5%,10.7%,-,51.0%,-,-,未分红/不适用,-3.7%,10,10,100,High,未知,通过,100,-
002368,CN,太极股份,-,通用,ROE、现金流、资产负债率,-,-,7.2%,8.8%,-,70.4%,-,-,未分红/不适用,-7.2%,10,10,100,High,未知,警惕,55,10年净利润波动较大；资产负债率偏高；近5年营收增长偏弱
002369,CN,卓翼科技,-,科技,营收增长、自由现金流、研发投入效率,-,-,-22.0%,26.2%,-,91.9%,-,-,未分红/不适用,-9.1%,10,10,100,High,未知,排除,0,科技公司营收增长转负；10年内亏损年份过多；10年ROE波动较大；10年净利润波动较大；长期ROE低于5%；资产负债率过高；近5年营收增长偏弱
002370,CN,亚太药业,-,通用,ROE、现金流、资产负债率,-,-,-15.9%,42.9%,-,12.5%,-,-,未分红/不适用,0.6%,10,10,100,High,未知,排除,0,10年内亏损年份过多；10年ROE波动较大；10年净利润波动较大；长期ROE低于5%
002371,CN,北方华创,-,通用,ROE、现金流、资产负债率,-,-,11.1%,5.9%,-,51.1%,-,-,未分红/不适用,42.0%,10,10,100,High,未知,警惕,85,10年净利润波动较大
002372,CN,伟星新材,-,通用,ROE、现金流、资产负债率,-,-,25.3%,4.9%,-,23.1%,-,-,未分红/不适用,-4.2%,10,10,100,High,未知,通过,100,-
002373,CN,千方科技,-,科技,营收增长、自由现金流、研发投入效率,-,-,5.4%,7.4%,-,33.6%,-,-,未分红/不适用,-5.4%,10,10,100,High,未知,警惕,55,科技公司营收增长转负；10年净利润波动较大；近5年营收增长偏弱
002374,CN,中锐股份,-,通用,ROE、现金流、资产负债率,-,-,-16.1%,16.5%,-,79.6%,-,-,未分红/不适用,-4.9%,10,10,100,High,未知,排除,0,10年内亏损年份过多；10年ROE波动较大；10年净利润波动较大；长期ROE低于5%；资产负债率偏高
002375,CN,亚厦股份,-,通用,ROE、现金流、资产负债率,-,-,2.6%,5.0%,-,61.2%,-,-,未分红/不适用,-6.8%,10,10,100,High,未知,排除,30,10年净利润波动较大；长期ROE低于5%；近5年营收增长偏弱
002376,CN,新北洋,-,通用,ROE、现金流、资产负债率,-,-,4.4%,32.1%,-,31.3%,-,-,未分红/不适用,1.3%,10,10,100,High,未知,排除,30,10年ROE波动较大；10年净利润波动较大；长期ROE低于5%
002377,CN,国创高新,-,通用,ROE、现金流、资产负债率,-,-,-15.5%,44.2%,-,73.4%,-,-,未分红/不适用,-12.7%,10,10,100,High,未知,排除,0,10年内亏损年份过多；10年ROE波动较大；10年净利润波动较大；长期ROE低于5%；资产负债率偏高；近5年营收增长偏弱
002378,CN,章源钨业,-,通用,ROE、现金流、资产负债率,-,-,4.1%,8.1%,-,65.1%,-,-,未分红/不适用,18.2%,10,10,100,High,未知,排除,45,10年净利润波动较大；长期ROE低于5%
002379,CN,宏桥控股,-,通用,ROE、现金流、资产负债率,-,-,14.2%,25.7%,-,59.1%,-,-,未分红/不适用,164.7%,10,10,100,High,未知,排除,30,10年内亏损年份过多；10年ROE波动较大；10年净利润波动较大
002380,CN,科远智慧,-,通用,ROE、现金流、资产负债率,-,-,3.4%,9.4%,-,38.6%,-,-,未分红/不适用,13.1%,10,10,100,High,未知,排除,45,10年净利润波动较大；长期ROE低于5%
002381,CN,双箭股份,-,通用,ROE、现金流、资产负债率,-,-,8.6%,4.5%,-,44.1%,-,-,未分红/不适用,8.7%,10,10,100,High,未知,通过,100,-
002382,CN,蓝帆医疗,-,通用,ROE、现金流、资产负债率,-,-,4.9%,10.2%,-,43.6%,-,-,未分红/不适用,-8.3%,10,10,100,High,未知,排除,0,10年内亏损年份过多；10年净利润波动较大；长期ROE低于5%；近5年营收增长偏弱
002383,CN,合众思壮,-,通用,ROE、现金流、资产负债率,-,-,-7.9%,21.7%,-,47.4%,-,-,未分红/不适用,-10.2%,10,10,100,High,未知,排除,0,10年内亏损年份过多；10年ROE波动较大；10年净利润波动较大；长期ROE低于5%；近5年营收增长偏弱
002384,CN,东山精密,-,通用,ROE、现金流、资产负债率,-,-,10.0%,3.6%,-,64.0%,-,-,未分红/不适用,6.0%,10,10,100,High,未知,通过,100,-
002385,CN,大北农,-,通用,ROE、现金流、资产负债率,-,-,6.9%,18.6%,-,67.0%,-,-,未分红/不适用,-1.8%,10,10,100,High,未知,排除,30,10年内亏损年份过多；10年ROE波动较大；10年净利润波动较大
002386,CN,天原股份,-,通用,ROE、现金流、资产负债率,-,-,8.1%,16.5%,-,61.4%,-,-,未分红/不适用,-12.0%,10,10,100,High,未知,警惕,55,10年ROE波动较大；10年净利润波动较大；近5年营收增长偏弱
002387,CN,维信诺,-,通用,ROE、现金流、资产负债率,-,-,-8.0%,29.9%,-,85.2%,-,-,未分红/不适用,7.0%,10,10,100,High,未知,排除,0,10年内亏损年份过多；10年ROE波动较大；10年净利润波动较大；长期ROE低于5%；资产负债率过高
002388,CN,新亚制程,-,通用,ROE、现金流、资产负债率,-,-,2.4%,16.9%,-,59.2%,-,-,未分红/不适用,-3.9%,10,10,100,High,未知,排除,0,10年内亏损年份过多；10年ROE波动较大；10年净利润波动较大；长期ROE低于5%
002389,CN,航天彩虹,-,通用,ROE、现金流、资产负债率,-,-,7.3%,9.9%,-,29.7%,-,-,未分红/不适用,0.1%,10,10,100,High,未知,通过,100,-
002390,CN,信邦制药,-,通用,ROE、现金流、资产负债率,-,-,1.1%,8.4%,-,18.1%,-,-,未分红/不适用,-3.5%,10,10,100,High,未知,排除,45,10年净利润波动较大；长期ROE低于5%
002391,CN,长青股份,-,通用,ROE、现金流、资产负债率,-,-,14.5%,28.9%,-,51.3%,-,-,未分红/不适用,-0.5%,10,10,100,High,未知,警惕,70,10年ROE波动较大；10年净利润波动较大
002392,CN,北京利尔,-,通用,ROE、现金流、资产负债率,-,-,7.9%,2.5%,-,43.5%,-,-,未分红/不适用,9.2%,10,10,100,High,未知,通过,100,-
002393,CN,力生制药,-,通用,ROE、现金流、资产负债率,-,-,6.3%,5.3%,-,16.5%,-,-,未分红/不适用,6.3%,10,10,100,High,未知,通过,100,-
002394,CN,联发股份,-,通用,ROE、现金流、资产负债率,-,-,8.9%,4.2%,-,26.4%,-,-,未分红/不适用,0.8%,10,10,100,High,未知,通过,100,-
002396,CN,星网锐捷,-,通用,ROE、现金流、资产负债率,-,-,11.2%,3.9%,-,42.4%,-,-,未分红/不适用,9.0%,10,10,100,High,未知,通过,100,-
002397,CN,梦洁股份,-,通用,ROE、现金流、资产负债率,-,-,-1.2%,11.7%,-,51.6%,-,-,未分红/不适用,-9.1%,10,10,100,High,未知,排除,30,10年净利润波动较大；长期ROE低于5%；近5年营收增长偏弱
002398,CN,垒知集团,-,通用,ROE、现金流、资产负债率,-,-,7.6%,4.5%,-,37.0%,-,-,未分红/不适用,-16.7%,10,10,100,High,未知,排除,60,近5年营收明显下滑
002399,CN,海普瑞,-,通用,ROE、现金流、资产负债率,-,-,5.3%,6.0%,-,27.4%,-,-,未分红/不适用,-3.7%,10,10,100,High,未知,警惕,85,10年净利润波动较大
002400,CN,省广集团,-,通用,ROE、现金流、资产负债率,-,-,1.7%,9.1%,-,61.5%,-,-,未分红/不适用,13.2%,10,10,100,High,未知,排除,45,10年净利润波动较大；长期ROE低于5%
002401,CN,中远海科,-,通用,ROE、现金流、资产负债率,-,-,10.2%,4.5%,-,44.7%,-,-,未分红/不适用,1.4%,10,10,100,High,未知,通过,100,-
002402,CN,和而泰,-,通用,ROE、现金流、资产负债率,-,-,13.0%,3.5%,-,49.1%,-,-,未分红/不适用,15.7%,10,10,100,High,未知,通过,100,-
002403,CN,爱仕达,-,通用,ROE、现金流、资产负债率,-,-,8.0%,30.4%,-,69.6%,-,-,未分红/不适用,-6.5%,10,10,100,High,未知,排除,15,10年内亏损年份过多；10年ROE波动较大；10年净利润波动较大；近5年营收增长偏弱
002404,CN,嘉欣丝绸,-,通用,ROE、现金流、资产负债率,-,-,9.3%,1.6%,-,37.0%,-,-,未分红/不适用,6.5%,10,10,100,High,未知,通过,100,-
002405,CN,四维图新,-,通用,ROE、现金流、资产负债率,-,-,-0.6%,6.8%,-,23.2%,-,-,未分红/不适用,7.7%,10,10,100,High,未知,排除,5,10年内亏损年份过多；10年净利润波动较大；长期ROE低于5%
002406,CN,远东传动,-,通用,ROE、现金流、资产负债率,-,-,6.5%,3.5%,-,19.8%,-,-,未分红/不适用,-6.0%,10,10,100,High,未知,警惕,85,近5年营收增长偏弱
002407,CN,多氟多,-,通用,ROE、现金流、资产负债率,-,-,9.1%,14.8%,-,55.9%,-,-,未分红/不适用,4.8%,10,10,100,High,未知,警惕,70,10年ROE波动较大；10年净利润波动较大
002408,CN,齐翔腾达,-,通用,ROE、现金流、资产负债率,-,-,10.3%,10.4%,-,54.2%,-,-,未分红/不适用,-9.2%,10,10,100,High,未知,警惕,70,10年净利润波动较大；近5年营收增长偏弱
002409,CN,雅克科技,-,科技,营收增长、自由现金流、研发投入效率,-,-,7.3%,3.0%,-,42.6%,-,-,未分红/不适用,22.8%,10,10,100,High,未知,通过,100,-
002410,CN,广联达,-,通用,ROE、现金流、资产负债率,-,-,9.9%,5.2%,-,39.0%,-,-,未分红/不适用,2.1%,10,10,100,High,未知,通过,100,-
002413,CN,雷科防务,-,通用,ROE、现金流、资产负债率,-,-,-3.1%,8.7%,-,36.2%,-,-,未分红/不适用,-2.7%,10,10,100,High,未知,排除,5,10年内亏损年份过多；10年净利润波动较大；长期ROE低于5%
002414,CN,高德红外,-,通用,ROE、现金流、资产负债率,-,-,16.6%,29.9%,-,35.5%,-,-,未分红/不适用,7.2%,10,10,100,High,未知,警惕,70,10年ROE波动较大；10年净利润波动较大
002415,CN,海康威视,-,通用,ROE、现金流、资产负债率,-,-,26.3%,7.6%,-,33.9%,-,-,未分红/不适用,3.2%,10,10,100,High,未知,通过,100,-
002416,CN,爱施德,-,通用,ROE、现金流、资产负债率,-,-,8.5%,5.2%,-,55.5%,-,-,未分红/不适用,-12.7%,10,10,100,High,未知,警惕,85,近5年营收增长偏弱
002418,CN,康盛股份,-,通用,ROE、现金流、资产负债率,-,-,-9.1%,25.7%,-,51.1%,-,-,未分红/不适用,4.5%,10,10,100,High,未知,排除,0,10年内亏损年份过多；10年ROE波动较大；10年净利润波动较大；长期ROE低于5%
002419,CN,天虹股份,-,通用,ROE、现金流、资产负债率,-,-,7.1%,4.8%,-,84.2%,-,-,未分红/不适用,-1.5%,10,10,100,High,未知,警惕,70,10年净利润波动较大；资产负债率偏高
002420,CN,毅昌科技,-,科技,营收增长、自由现金流、研发投入效率,-,-,-6.5%,41.6%,-,69.3%,-,-,未分红/不适用,-5.6%,10,10,100,High,未知,排除,0,科技公司营收增长转负；10年内亏损年份过多；10年ROE波动较大；10年净利润波动较大；长期ROE低于5%；近5年营收增长偏弱
002421,CN,达实智能,-,通用,ROE、现金流、资产负债率,-,-,7.6%,26.9%,-,62.9%,-,-,未分红/不适用,-10.6%,10,10,100,High,未知,排除,15,10年内亏损年份过多；10年ROE波动较大；10年净利润波动较大；近5年营收增长偏弱
002422,CN,科伦药业,-,通用,ROE、现金流、资产负债率,-,-,9.0%,3.2%,-,26.5%,-,-,未分红/不适用,1.7%,10,10,100,High,未知,通过,100,-
002423,CN,中粮资本,-,通用,ROE、现金流、资产负债率,-,-,6.1%,10.6%,-,79.2%,-,-,未分红/不适用,-16.5%,10,17,100,High,未知,排除,30,10年净利润波动较大；资产负债率偏高；近5年营收明显下滑
002425,CN,凯撒文化,-,通用,ROE、现金流、资产负债率,-,-,-4.2%,12.0%,-,13.5%,-,-,未分红/不适用,-12.4%,10,10,100,High,未知,排除,0,10年内亏损年份过多；10年ROE波动较大；10年净利润波动较大；长期ROE低于5%；近5年营收增长偏弱
002426,CN,胜利精密,-,通用,ROE、现金流、资产负债率,-,-,-4.5%,37.4%,-,71.4%,-,-,未分红/不适用,-8.2%,10,10,100,High,未知,排除,0,10年内亏损年份过多；10年ROE波动较大；10年净利润波动较大；长期ROE低于5%；资产负债率偏高；近5年营收增长偏弱
002427,CN,尤夫股份,-,通用,ROE、现金流、资产负债率,-,-,-57.4%,115.2%,-,60.0%,-,-,未分红/不适用,-6.2%,10,10,100,High,未知,排除,0,10年内亏损年份过多；10年ROE波动较大；10年净利润波动较大；长期ROE低于5%；近5年营收增长偏弱
002428,CN,云南锗业,-,通用,ROE、现金流、资产负债率,-,-,25.0%,36.3%,-,55.3%,-,-,未分红/不适用,17.6%,10,10,100,High,未知,排除,30,10年内亏损年份过多；10年ROE波动较大；10年净利润波动较大
002429,CN,兆驰股份,-,通用,ROE、现金流、资产负债率,-,-,9.0%,3.9%,-,36.0%,-,-,未分红/不适用,-5.7%,10,10,100,High,未知,警惕,85,近5年营收增长偏弱
002430,CN,杭氧股份,-,通用,ROE、现金流、资产负债率,-,-,11.0%,7.2%,-,54.3%,-,-,未分红/不适用,6.2%,10,10,100,High,未知,通过,100,-
002432,CN,九安医疗,-,通用,ROE、现金流、资产负债率,-,-,29.6%,47.8%,-,24.8%,-,-,未分红/不适用,-13.1%,10,10,100,High,未知,警惕,55,10年ROE波动较大；10年净利润波动较大；近5年营收增长偏弱
002434,CN,万里扬,-,通用,ROE、现金流、资产负债率,-,-,5.1%,7.0%,-,39.8%,-,-,未分红/不适用,-0.2%,10,10,100,High,未知,警惕,85,10年净利润波动较大
002436,CN,兴森科技,-,科技,营收增长、自由现金流、研发投入效率,-,-,8.3%,6.6%,-,61.9%,-,-,未分红/不适用,9.3%,10,10,100,High,未知,警惕,85,10年净利润波动较大
002437,CN,誉衡药业,-,通用,ROE、现金流、资产负债率,-,-,-1.3%,33.6%,-,26.3%,-,-,未分红/不适用,-9.2%,10,10,100,High,未知,排除,15,10年ROE波动较大；10年净利润波动较大；长期ROE低于5%；近5年营收增长偏弱
002438,CN,江苏神通,-,通用,ROE、现金流、资产负债率,-,-,7.9%,2.4%,-,40.2%,-,-,未分红/不适用,2.8%,10,10,100,High,未知,通过,100,-
002439,CN,启明星辰,-,通用,ROE、现金流、资产负债率,-,-,10.2%,7.8%,-,16.7%,-,-,未分红/不适用,-14.6%,10,10,100,High,未知,警惕,70,10年净利润波动较大；近5年营收增长偏弱
002440,CN,闰土股份,-,通用,ROE、现金流、资产负债率,-,-,14.0%,12.8%,-,11.8%,-,-,未分红/不适用,0.7%,10,10,100,High,未知,警惕,85,10年ROE波动较大
002441,CN,众业达,-,通用,ROE、现金流、资产负债率,-,-,5.8%,1.7%,-,31.6%,-,-,未分红/不适用,-3.7%,10,10,100,High,未知,通过,100,-
002442,CN,龙星科技,-,科技,营收增长、自由现金流、研发投入效率,-,-,6.2%,3.6%,-,56.7%,-,-,未分红/不适用,5.7%,10,10,100,High,未知,通过,100,-
002443,CN,金洲管道,-,通用,ROE、现金流、资产负债率,-,-,9.3%,5.4%,-,23.3%,-,-,未分红/不适用,-11.8%,10,10,100,High,未知,警惕,85,近5年营收增长偏弱
002444,CN,巨星科技,-,科技,营收增长、自由现金流、研发投入效率,-,-,12.7%,2.0%,-,19.0%,-,-,未分红/不适用,7.7%,10,10,100,High,未知,通过,100,-
002445,CN,中南文化,-,通用,ROE、现金流、资产负债率,-,-,-11.5%,54.7%,-,20.4%,-,-,未分红/不适用,24.8%,10,10,100,High,未知,排除,30,10年ROE波动较大；10年净利润波动较大；长期ROE低于5%
002446,CN,盛路通信,-,科技,营收增长、自由现金流、研发投入效率,-,-,-2.4%,12.9%,-,32.4%,-,-,未分红/不适用,5.8%,10,10,100,High,未知,排除,0,10年内亏损年份过多；10年ROE波动较大；10年净利润波动较大；长期ROE低于5%
002448,CN,中原内配,-,通用,ROE、现金流、资产负债率,-,-,8.2%,2.9%,-,35.8%,-,-,未分红/不适用,12.5%,10,10,100,High,未知,通过,100,-
002449,CN,国星光电,-,通用,ROE、现金流、资产负债率,-,-,2.5%,13.6%,-,37.9%,-,-,未分红/不适用,-5.1%,10,10,100,High,未知,排除,30,10年ROE波动较大；长期ROE低于5%；近5年营收增长偏弱
002451,CN,摩恩电气,-,通用,ROE、现金流、资产负债率,-,-,2.8%,2.5%,-,54.2%,-,-,未分红/不适用,8.4%,10,10,100,High,未知,排除,45,10年净利润波动较大；长期ROE低于5%
002452,CN,长高电新,-,通用,ROE、现金流、资产负债率,-,-,7.3%,10.4%,-,27.5%,-,-,未分红/不适用,2.3%,10,10,100,High,未知,警惕,85,10年净利润波动较大
002453,CN,华软科技,-,科技,营收增长、自由现金流、研发投入效率,-,-,-15.0%,15.3%,-,41.0%,-,-,未分红/不适用,-44.6%,10,10,100,High,未知,排除,0,科技公司营收增长转负；10年内亏损年份过多；10年ROE波动较大；10年净利润波动较大；长期ROE低于5%；近5年营收明显下滑
002454,CN,松芝股份,-,通用,ROE、现金流、资产负债率,-,-,5.7%,3.1%,-,47.5%,-,-,未分红/不适用,8.1%,10,10,100,High,未知,通过,100,-
002455,CN,百川股份,-,通用,ROE、现金流、资产负债率,-,-,3.6%,10.4%,-,83.6%,-,-,未分红/不适用,7.7%,10,10,100,High,未知,排除,30,10年净利润波动较大；长期ROE低于5%；资产负债率偏高
002456,CN,欧菲光,-,通用,ROE、现金流、资产负债率,-,-,-12.1%,30.6%,-,76.9%,-,-,未分红/不适用,-0.8%,10,10,100,High,未知,排除,0,10年内亏损年份过多；10年ROE波动较大；10年净利润波动较大；长期ROE低于5%；资产负债率偏高
002457,CN,青龙管业,-,通用,ROE、现金流、资产负债率,-,-,5.4%,3.6%,-,40.9%,-,-,未分红/不适用,1.9%,10,10,100,High,未知,通过,100,-
002458,CN,益生股份,-,通用,ROE、现金流、资产负债率,-,-,25.1%,38.7%,-,35.7%,-,-,未分红/不适用,8.9%,10,10,100,High,未知,警惕,70,10年ROE波动较大；10年净利润波动较大
002459,CN,晶澳科技,-,科技,营收增长、自由现金流、研发投入效率,-,-,7.7%,14.9%,-,78.6%,-,-,未分红/不适用,4.4%,10,10,100,High,未知,警惕,55,10年ROE波动较大；10年净利润波动较大；资产负债率偏高
002460,CN,赣锋锂业,-,通用,ROE、现金流、资产负债率,-,-,21.2%,20.6%,-,54.2%,-,-,未分红/不适用,19.9%,10,10,100,High,未知,警惕,70,10年ROE波动较大；10年净利润波动较大
002461,CN,珠江啤酒,-,通用,ROE、现金流、资产负债率,-,-,5.9%,1.9%,-,30.9%,-,-,未分红/不适用,6.7%,10,10,100,High,未知,通过,100,-
002462,CN,嘉事堂,-,通用,ROE、现金流、资产负债率,-,-,9.0%,4.0%,-,53.9%,-,-,未分红/不适用,-6.6%,10,10,100,High,未知,警惕,85,近5年营收增长偏弱
002463,CN,沪电股份,-,通用,ROE、现金流、资产负债率,-,-,17.9%,8.3%,-,46.5%,-,-,未分红/不适用,26.4%,10,10,100,High,未知,警惕,85,10年净利润波动较大
002465,CN,海格通信,-,科技,营收增长、自由现金流、研发投入效率,-,-,8.4%,12.5%,-,43.8%,-,-,未分红/不适用,-5.4%,10,10,100,High,未知,警惕,40,科技公司营收增长转负；10年ROE波动较大；10年净利润波动较大；近5年营收增长偏弱
002466,CN,天齐锂业,-,通用,ROE、现金流、资产负债率,-,-,8.6%,44.9%,-,28.0%,-,-,未分红/不适用,7.8%,10,10,100,High,未知,排除,30,10年内亏损年份过多；10年ROE波动较大；10年净利润波动较大
002467,CN,二六三,-,通用,ROE、现金流、资产负债率,-,-,-1.1%,11.3%,-,19.7%,-,-,未分红/不适用,-2.8%,10,10,100,High,未知,排除,5,10年内亏损年份过多；10年净利润波动较大；长期ROE低于5%
002468,CN,申通快递,-,通用,ROE、现金流、资产负债率,-,-,21.6%,27.6%,-,62.7%,-,-,未分红/不适用,21.8%,10,10,100,High,未知,警惕,70,10年ROE波动较大；10年净利润波动较大
002469,CN,三维化学,-,通用,ROE、现金流、资产负债率,-,-,19.5%,28.7%,-,25.0%,-,-,未分红/不适用,-0.3%,10,10,100,High,未知,警惕,85,10年ROE波动较大
002470,CN,金正大,-,通用,ROE、现金流、资产负债率,-,-,-11.0%,21.6%,-,82.3%,-,-,未分红/不适用,1.6%,10,10,100,High,未知,排除,0,10年内亏损年份过多；10年ROE波动较大；10年净利润波动较大；长期ROE低于5%；资产负债率偏高
002471,CN,中超控股,-,通用,ROE、现金流、资产负债率,-,-,7.7%,26.4%,-,65.0%,-,-,未分红/不适用,-3.1%,10,10,100,High,未知,排除,30,10年内亏损年份过多；10年ROE波动较大；10年净利润波动较大
002472,CN,双环传动,-,通用,ROE、现金流、资产负债率,-,-,7.8%,4.0%,-,44.0%,-,-,未分红/不适用,14.0%,10,10,100,High,未知,警惕,85,10年净利润波动较大
002474,CN,榕基软件,-,科技,营收增长、自由现金流、研发投入效率,-,-,7.6%,26.5%,-,45.2%,-,-,未分红/不适用,-9.6%,10,10,100,High,未知,排除,0,科技公司营收增长转负；10年内亏损年份过多；10年ROE波动较大；10年净利润波动较大；近5年营收增长偏弱
002475,CN,立讯精密,-,通用,ROE、现金流、资产负债率,-,-,21.4%,4.7%,-,66.1%,-,-,未分红/不适用,21.2%,10,10,100,High,未知,通过,100,-
002476,CN,宝莫股份,-,通用,ROE、现金流、资产负债率,-,-,14.3%,33.0%,-,16.4%,-,-,未分红/不适用,-2.1%,10,10,100,High,未知,警惕,70,10年ROE波动较大；10年净利润波动较大
002478,CN,常宝股份,-,通用,ROE、现金流、资产负债率,-,-,8.8%,4.9%,-,32.3%,-,-,未分红/不适用,8.7%,10,10,100,High,未知,通过,100,-
002479,CN,富春环保,-,通用,ROE、现金流、资产负债率,-,-,7.0%,2.6%,-,47.0%,-,-,未分红/不适用,4.0%,10,10,100,High,未知,通过,100,-
002480,CN,新筑股份,-,通用,ROE、现金流、资产负债率,-,-,8.4%,40.0%,-,84.5%,-,-,未分红/不适用,-3.6%,10,10,100,High,未知,排除,15,10年内亏损年份过多；10年ROE波动较大；10年净利润波动较大；资产负债率偏高
002481,CN,双塔食品,-,消费,ROE、毛利率稳定性、分红稳定性,-,-,3.2%,6.5%,-,47.6%,-,-,未分红/不适用,-0.5%,10,10,100,High,未知,排除,30,消费公司长期ROE不够突出；10年净利润波动较大；长期ROE低于5%
002482,CN,广田集团,-,通用,ROE、现金流、资产负债率,-,-,17.6%,111.1%,-,83.5%,-,-,未分红/不适用,-33.2%,10,10,100,High,未知,排除,0,10年内亏损年份过多；10年ROE波动较大；10年净利润波动较大；资产负债率偏高；近5年营收明显下滑
002483,CN,润邦股份,-,通用,ROE、现金流、资产负债率,-,-,5.3%,3.4%,-,60.3%,-,-,未分红/不适用,15.5%,10,10,100,High,未知,警惕,85,10年净利润波动较大
002484,CN,江海股份,-,通用,ROE、现金流、资产负债率,-,-,10.0%,2.8%,-,26.5%,-,-,未分红/不适用,11.5%,10,10,100,High,未知,通过,100,-
002486,CN,嘉麟杰,-,通用,ROE、现金流、资产负债率,-,-,2.9%,3.0%,-,18.1%,-,-,未分红/不适用,2.3%,10,10,100,High,未知,排除,45,10年净利润波动较大；长期ROE低于5%
002487,CN,大金重工,-,通用,ROE、现金流、资产负债率,-,-,10.2%,6.9%,-,42.9%,-,-,未分红/不适用,8.6%,10,10,100,High,未知,警惕,85,10年净利润波动较大
002488,CN,金固股份,-,通用,ROE、现金流、资产负债率,-,-,19.1%,32.0%,-,55.5%,-,-,未分红/不适用,8.8%,10,10,100,High,未知,警惕,70,10年ROE波动较大；10年净利润波动较大
002489,CN,浙江永强,-,通用,ROE、现金流、资产负债率,-,-,6.3%,6.1%,-,45.6%,-,-,未分红/不适用,-8.7%,10,10,100,High,未知,警惕,70,10年净利润波动较大；近5年营收增长偏弱
002490,CN,山东墨龙,-,通用,ROE、现金流、资产负债率,-,-,-17.9%,26.1%,-,81.4%,-,-,未分红/不适用,-17.1%,10,10,100,High,未知,排除,0,10年内亏损年份过多；10年ROE波动较大；10年净利润波动较大；长期ROE低于5%；资产负债率偏高；近5年营收明显下滑
002491,CN,通鼎互联,-,通用,ROE、现金流、资产负债率,-,-,-1.7%,21.3%,-,53.3%,-,-,未分红/不适用,3.5%,10,10,100,High,未知,排除,0,10年内亏损年份过多；10年ROE波动较大；10年净利润波动较大；长期ROE低于5%
002492,CN,恒基达鑫,-,通用,ROE、现金流、资产负债率,-,-,4.9%,3.6%,-,27.0%,-,-,未分红/不适用,-4.9%,10,10,100,High,未知,排除,45,10年净利润波动较大；长期ROE低于5%
002493,CN,荣盛石化,-,通用,ROE、现金流、资产负债率,-,-,11.8%,10.0%,-,74.9%,-,-,未分红/不适用,13.9%,10,10,100,High,未知,警惕,70,10年净利润波动较大；资产负债率偏高
002494,CN,华斯股份,-,通用,ROE、现金流、资产负债率,-,-,23.4%,48.4%,-,15.9%,-,-,未分红/不适用,3.0%,10,10,100,High,未知,排除,30,10年内亏损年份过多；10年ROE波动较大；10年净利润波动较大
002495,CN,佳隆股份,-,通用,ROE、现金流、资产负债率,-,-,9.0%,25.8%,-,7.7%,-,-,未分红/不适用,-3.0%,10,10,100,High,未知,警惕,70,10年ROE波动较大；10年净利润波动较大
002497,CN,雅化集团,-,通用,ROE、现金流、资产负债率,-,-,15.1%,16.8%,-,26.2%,-,-,未分红/不适用,13.0%,10,10,100,High,未知,警惕,70,10年ROE波动较大；10年净利润波动较大
002498,CN,汉缆股份,-,通用,ROE、现金流、资产负债率,-,-,9.0%,2.7%,-,28.8%,-,-,未分红/不适用,3.8%,10,10,100,High,未知,通过,100,-
002500,CN,山西证券,-,通用,ROE、现金流、资产负债率,-,-,3.9%,1.0%,-,69.0%,-,-,未分红/不适用,-4.3%,10,20,100,High,未知,排除,60,长期ROE低于5%
002506,CN,协鑫集成,-,通用,ROE、现金流、资产负债率,-,-,-21.6%,46.8%,-,93.8%,-,-,未分红/不适用,34.4%,10,10,100,High,未知,排除,0,10年内亏损年份过多；10年ROE波动较大；10年净利润波动较大；长期ROE低于5%；资产负债率过高
002507,CN,涪陵榨菜,-,通用,ROE、现金流、资产负债率,-,-,17.2%,7.6%,-,9.6%,-,-,未分红/不适用,-0.9%,10,10,100,High,未知,通过,100,-
002508,CN,老板电器,-,通用,ROE、现金流、资产负债率,-,-,21.4%,7.6%,-,32.8%,-,-,未分红/不适用,-0.1%,10,10,100,High,未知,通过,100,-
002510,CN,天汽模,-,通用,ROE、现金流、资产负债率,-,-,-0.6%,13.3%,-,60.3%,-,-,未分红/不适用,6.1%,10,10,100,High,未知,排除,30,10年ROE波动较大；10年净利润波动较大；长期ROE低于5%
002511,CN,中顺洁柔,-,通用,ROE、现金流、资产负债率,-,-,10.4%,5.4%,-,38.8%,-,-,未分红/不适用,-1.0%,10,10,100,High,未知,通过,100,-
002513,CN,蓝丰生化,-,通用,ROE、现金流、资产负债率,-,-,-64.6%,79.5%,-,92.1%,-,-,未分红/不适用,12.9%,10,10,100,High,未知,排除,0,10年内亏损年份过多；10年ROE波动较大；10年净利润波动较大；长期ROE低于5%；资产负债率过高
002515,CN,金字火腿,-,通用,ROE、现金流、资产负债率,-,-,6.8%,36.8%,-,4.2%,-,-,未分红/不适用,-11.0%,10,10,100,High,未知,警惕,70,10年ROE波动较大；近5年营收增长偏弱
002516,CN,旷达科技,-,科技,营收增长、自由现金流、研发投入效率,-,-,6.4%,2.6%,-,19.0%,-,-,未分红/不适用,7.2%,10,10,100,High,未知,通过,100,-
002517,CN,恺英网络,-,通用,ROE、现金流、资产负债率,-,-,17.1%,26.9%,-,24.3%,-,-,未分红/不适用,22.4%,10,10,100,High,未知,警惕,70,10年ROE波动较大；10年净利润波动较大
002518,CN,科士达,-,通用,ROE、现金流、资产负债率,-,-,14.5%,4.3%,-,37.5%,-,-,未分红/不适用,17.1%,10,10,100,High,未知,通过,100,-
002519,CN,银河电子,-,科技,营收增长、自由现金流、研发投入效率,-,-,2.6%,23.4%,-,34.5%,-,-,未分红/不适用,-21.3%,10,10,100,High,未知,排除,0,科技公司营收增长转负；10年内亏损年份过多；10年ROE波动较大；10年净利润波动较大；长期ROE低于5%；近5年营收明显下滑
002520,CN,日发精机,-,通用,ROE、现金流、资产负债率,-,-,-21.2%,32.8%,-,84.9%,-,-,未分红/不适用,-14.4%,10,10,100,High,未知,排除,0,10年内亏损年份过多；10年ROE波动较大；10年净利润波动较大；长期ROE低于5%；资产负债率偏高；近5年营收增长偏弱
002521,CN,齐峰新材,-,通用,ROE、现金流、资产负债率,-,-,6.1%,6.4%,-,26.1%,-,-,未分红/不适用,-2.4%,10,10,100,High,未知,通过,100,-
002522,CN,浙江众成,-,通用,ROE、现金流、资产负债率,-,-,5.3%,2.7%,-,32.9%,-,-,未分红/不适用,-2.7%,10,10,100,High,未知,通过,100,-
002523,CN,天桥起重,-,通用,ROE、现金流、资产负债率,-,-,3.7%,1.7%,-,46.3%,-,-,未分红/不适用,4.0%,10,10,100,High,未知,排除,60,长期ROE低于5%
002524,CN,光正眼科,-,通用,ROE、现金流、资产负债率,-,-,2.5%,45.0%,-,91.5%,-,-,未分红/不适用,-4.1%,10,10,100,High,未知,排除,0,10年内亏损年份过多；10年ROE波动较大；10年净利润波动较大；长期ROE低于5%；资产负债率过高
002526,CN,山东矿机,-,通用,ROE、现金流、资产负债率,-,-,10.5%,18.5%,-,37.4%,-,-,未分红/不适用,-1.8%,10,10,100,High,未知,警惕,85,10年ROE波动较大
002527,CN,新时达,-,通用,ROE、现金流、资产负债率,-,-,-2.9%,23.2%,-,67.6%,-,-,未分红/不适用,-4.6%,10,10,100,High,未知,排除,0,10年内亏损年份过多；10年ROE波动较大；10年净利润波动较大；长期ROE低于5%
002530,CN,金财互联,-,通用,ROE、现金流、资产负债率,-,-,-16.2%,25.9%,-,32.7%,-,-,未分红/不适用,-3.4%,10,10,100,High,未知,排除,0,10年内亏损年份过多；10年ROE波动较大；10年净利润波动较大；长期ROE低于5%
002531,CN,天顺风能,-,通用,ROE、现金流、资产负债率,-,-,9.9%,6.4%,-,63.8%,-,-,未分红/不适用,-9.9%,10,10,100,High,未知,警惕,85,近5年营收增长偏弱
002532,CN,天山铝业,-,通用,ROE、现金流、资产负债率,-,-,13.0%,3.6%,-,45.4%,-,-,未分红/不适用,0.7%,10,10,100,High,未知,警惕,85,10年净利润波动较大
002533,CN,金杯电工,-,通用,ROE、现金流、资产负债率,-,-,9.8%,3.4%,-,58.0%,-,-,未分红/不适用,12.2%,10,10,100,High,未知,通过,100,-
002534,CN,西子洁能,-,通用,ROE、现金流、资产负债率,-,-,9.8%,4.3%,-,57.3%,-,-,未分红/不适用,-1.3%,10,10,100,High,未知,通过,100,-
002535,CN,林州重机,-,通用,ROE、现金流、资产负债率,-,-,-15.5%,42.4%,-,84.2%,-,-,未分红/不适用,25.5%,10,10,100,High,未知,排除,0,10年内亏损年份过多；10年ROE波动较大；10年净利润波动较大；长期ROE低于5%；资产负债率偏高
002536,CN,飞龙股份,-,通用,ROE、现金流、资产负债率,-,-,7.9%,3.3%,-,44.2%,-,-,未分红/不适用,9.9%,10,10,100,High,未知,通过,100,-
002537,CN,海联金汇,-,通用,ROE、现金流、资产负债率,-,-,-0.7%,16.6%,-,51.7%,-,-,未分红/不适用,-1.3%,10,10,100,High,未知,排除,30,10年ROE波动较大；10年净利润波动较大；长期ROE低于5%
002539,CN,云图控股,-,通用,ROE、现金流、资产负债率,-,-,12.7%,10.1%,-,65.5%,-,-,未分红/不适用,9.5%,10,10,100,High,未知,通过,100,-
002540,CN,亚太科技,-,科技,营收增长、自由现金流、研发投入效率,-,-,9.1%,1.7%,-,35.0%,-,-,未分红/不适用,8.5%,10,10,100,High,未知,通过,100,-
002541,CN,鸿路钢构,-,通用,ROE、现金流、资产负债率,-,-,10.8%,4.5%,-,64.4%,-,-,未分红/不适用,3.1%,10,10,100,High,未知,通过,100,-
002543,CN,万和电气,-,通用,ROE、现金流、资产负债率,-,-,12.9%,3.7%,-,40.8%,-,-,未分红/不适用,-1.0%,10,10,100,High,未知,通过,100,-
002544,CN,普天科技,-,科技,营收增长、自由现金流、研发投入效率,-,-,29.4%,34.0%,-,58.8%,-,-,未分红/不适用,-7.1%,10,10,100,High,未知,警惕,40,科技公司营收增长转负；10年ROE波动较大；10年净利润波动较大；近5年营收增长偏弱
002545,CN,东方铁塔,-,通用,ROE、现金流、资产负债率,-,-,6.4%,3.1%,-,30.8%,-,-,未分红/不适用,15.1%,10,10,100,High,未知,通过,100,-
002546,CN,新联电子,-,科技,营收增长、自由现金流、研发投入效率,-,-,9.4%,9.8%,-,7.7%,-,-,未分红/不适用,10.3%,10,10,100,High,未知,警惕,85,10年净利润波动较大
002548,CN,金新农,-,通用,ROE、现金流、资产负债率,-,-,-8.6%,19.5%,-,75.7%,-,-,未分红/不适用,-0.6%,10,10,100,High,未知,排除,0,10年内亏损年份过多；10年ROE波动较大；10年净利润波动较大；长期ROE低于5%；资产负债率偏高
002549,CN,凯美特气,-,通用,ROE、现金流、资产负债率,-,-,6.3%,5.8%,-,27.4%,-,-,未分红/不适用,-1.6%,10,10,100,High,未知,警惕,85,10年净利润波动较大
002550,CN,千红制药,-,通用,ROE、现金流、资产负债率,-,-,9.1%,6.1%,-,10.4%,-,-,未分红/不适用,-4.3%,10,10,100,High,未知,通过,100,-
002551,CN,尚荣医疗,-,通用,ROE、现金流、资产负债率,-,-,1.1%,6.4%,-,21.5%,-,-,未分红/不适用,-11.9%,10,10,100,High,未知,排除,0,10年内亏损年份过多；10年净利润波动较大；长期ROE低于5%；近5年营收增长偏弱
002552,CN,宝鼎科技,-,科技,营收增长、自由现金流、研发投入效率,-,-,10.6%,32.4%,-,57.9%,-,-,未分红/不适用,72.8%,10,10,100,High,未知,警惕,70,10年ROE波动较大；10年净利润波动较大
002553,CN,南方精工,-,通用,ROE、现金流、资产负债率,-,-,13.9%,13.5%,-,17.9%,-,-,未分红/不适用,9.4%,10,10,100,High,未知,警惕,70,10年ROE波动较大；10年净利润波动较大
002554,CN,惠博普,-,通用,ROE、现金流、资产负债率,-,-,-3.2%,11.6%,-,64.1%,-,-,未分红/不适用,9.9%,10,10,100,High,未知,排除,5,10年内亏损年份过多；10年净利润波动较大；长期ROE低于5%
002555,CN,三七互娱,-,通用,ROE、现金流、资产负债率,-,-,25.8%,5.8%,-,38.7%,-,-,未分红/不适用,-0.4%,10,10,100,High,未知,通过,100,-
002556,CN,辉隆股份,-,通用,ROE、现金流、资产负债率,-,-,7.2%,3.7%,-,64.9%,-,-,未分红/不适用,-5.6%,10,10,100,High,未知,警惕,85,近5年营收增长偏弱
002557,CN,洽洽食品,-,消费,ROE、毛利率稳定性、分红稳定性,-,-,14.9%,4.6%,-,44.5%,-,-,未分红/不适用,2.4%,10,10,100,High,未知,通过,100,-
002558,CN,巨人网络,-,通用,ROE、现金流、资产负债率,-,-,12.0%,3.8%,-,18.7%,-,-,未分红/不适用,24.2%,10,10,100,High,未知,通过,100,-
002559,CN,亚威股份,-,通用,ROE、现金流、资产负债率,-,-,10.2%,11.6%,-,61.8%,-,-,未分红/不适用,3.4%,10,10,100,High,未知,通过,100,-
002560,CN,通达股份,-,通用,ROE、现金流、资产负债率,-,-,13.7%,47.5%,-,50.7%,-,-,未分红/不适用,35.6%,10,10,100,High,未知,警惕,85,10年ROE波动较大
002561,CN,徐家汇,-,通用,ROE、现金流、资产负债率,-,-,0.4%,25.7%,-,14.8%,-,-,未分红/不适用,-12.4%,10,10,100,High,未知,排除,15,10年ROE波动较大；10年净利润波动较大；长期ROE低于5%；近5年营收增长偏弱
002562,CN,兄弟科技,-,科技,营收增长、自由现金流、研发投入效率,-,-,23.3%,38.7%,-,40.5%,-,-,未分红/不适用,7.2%,10,10,100,High,未知,警惕,70,10年ROE波动较大；10年净利润波动较大
002563,CN,森马服饰,-,消费,ROE、毛利率稳定性、分红稳定性,-,-,10.9%,3.5%,-,39.0%,-,-,未分红/不适用,-0.5%,10,10,100,High,未知,通过,100,-
002564,CN,天沃科技,-,科技,营收增长、自由现金流、研发投入效率,-,-,44.6%,115.5%,-,92.3%,-,-,未分红/不适用,-24.1%,10,10,100,High,未知,排除,0,科技公司营收增长转负；10年内亏损年份过多；10年ROE波动较大；10年净利润波动较大；资产负债率过高；近5年营收明显下滑
002565,CN,顺灏股份,-,通用,ROE、现金流、资产负债率,-,-,1.1%,4.7%,-,23.6%,-,-,未分红/不适用,-6.4%,10,10,100,High,未知,排除,0,10年内亏损年份过多；10年净利润波动较大；长期ROE低于5%；近5年营收增长偏弱
002566,CN,益盛药业,-,通用,ROE、现金流、资产负债率,-,-,10.8%,22.9%,-,21.3%,-,-,未分红/不适用,-7.6%,10,10,100,High,未知,警惕,70,10年ROE波动较大；近5年营收增长偏弱
002567,CN,唐人神,-,通用,ROE、现金流、资产负债率,-,-,-0.5%,16.5%,-,66.4%,-,-,未分红/不适用,2.7%,10,10,100,High,未知,排除,0,10年内亏损年份过多；10年ROE波动较大；10年净利润波动较大；长期ROE低于5%
002568,CN,百润股份,-,通用,ROE、现金流、资产负债率,-,-,12.4%,11.1%,-,42.3%,-,-,未分红/不适用,3.2%,10,10,100,High,未知,通过,100,-
002570,CN,贝因美,-,通用,ROE、现金流、资产负债率,-,-,-8.0%,17.3%,-,57.0%,-,-,未分红/不适用,4.3%,10,10,100,High,未知,排除,0,10年内亏损年份过多；10年ROE波动较大；10年净利润波动较大；长期ROE低于5%
002571,CN,德力股份,-,通用,ROE、现金流、资产负债率,-,-,12.4%,38.8%,-,70.6%,-,-,未分红/不适用,13.4%,10,10,100,High,未知,排除,15,10年内亏损年份过多；10年ROE波动较大；10年净利润波动较大；资产负债率偏高
002572,CN,索菲亚,-,通用,ROE、现金流、资产负债率,-,-,18.0%,6.3%,-,43.2%,-,-,未分红/不适用,-2.6%,10,10,100,High,未知,通过,100,-
002573,CN,清新环境,-,通用,ROE、现金流、资产负债率,-,-,6.9%,9.4%,-,71.5%,-,-,未分红/不适用,7.3%,10,10,100,High,未知,警惕,70,10年净利润波动较大；资产负债率偏高
002574,CN,明牌珠宝,-,通用,ROE、现金流、资产负债率,-,-,5.1%,19.5%,-,58.1%,-,-,未分红/不适用,-2.2%,10,10,100,High,未知,排除,30,10年内亏损年份过多；10年ROE波动较大；10年净利润波动较大
002575,CN,群兴玩具,-,通用,ROE、现金流、资产负债率,-,-,7.1%,24.8%,-,10.0%,-,-,未分红/不适用,74.1%,10,10,100,High,未知,排除,30,10年内亏损年份过多；10年ROE波动较大；10年净利润波动较大
002576,CN,通达动力,-,通用,ROE、现金流、资产负债率,-,-,15.4%,19.3%,-,36.3%,-,-,未分红/不适用,-3.2%,10,10,100,High,未知,警惕,85,10年ROE波动较大
002577,CN,雷柏科技,-,科技,营收增长、自由现金流、研发投入效率,-,-,3.3%,26.7%,-,12.7%,-,-,未分红/不适用,-1.6%,10,10,100,High,未知,排除,15,科技公司营收增长转负；10年ROE波动较大；10年净利润波动较大；长期ROE低于5%
002578,CN,闽发铝业,-,通用,ROE、现金流、资产负债率,-,-,2.3%,1.8%,-,39.8%,-,-,未分红/不适用,-4.1%,10,10,100,High,未知,排除,45,10年净利润波动较大；长期ROE低于5%
002579,CN,中京电子,-,科技,营收增长、自由现金流、研发投入效率,-,-,4.0%,7.7%,-,61.6%,-,-,未分红/不适用,1.6%,10,10,100,High,未知,排除,5,10年内亏损年份过多；10年净利润波动较大；长期ROE低于5%
002580,CN,圣阳股份,-,通用,ROE、现金流、资产负债率,-,-,4.9%,3.3%,-,42.5%,-,-,未分红/不适用,13.1%,10,10,100,High,未知,排除,45,10年净利润波动较大；长期ROE低于5%
002582,CN,好想你,-,通用,ROE、现金流、资产负债率,-,-,8.0%,16.1%,-,29.9%,-,-,未分红/不适用,0.9%,10,10,100,High,未知,排除,30,10年内亏损年份过多；10年ROE波动较大；10年净利润波动较大
002583,CN,海能达,-,通用,ROE、现金流、资产负债率,-,-,-7.8%,28.1%,-,79.1%,-,-,未分红/不适用,1.2%,10,10,100,High,未知,排除,0,10年内亏损年份过多；10年ROE波动较大；10年净利润波动较大；长期ROE低于5%；资产负债率偏高
002584,CN,西陇科学,-,通用,ROE、现金流、资产负债率,-,-,3.3%,3.2%,-,55.7%,-,-,未分红/不适用,8.0%,10,10,100,High,未知,排除,45,10年净利润波动较大；长期ROE低于5%
002585,CN,双星新材,-,通用,ROE、现金流、资产负债率,-,-,3.0%,6.5%,-,33.0%,-,-,未分红/不适用,-3.7%,10,10,100,High,未知,排除,5,10年内亏损年份过多；10年净利润波动较大；长期ROE低于5%
002587,CN,奥拓电子,-,科技,营收增长、自由现金流、研发投入效率,-,-,22.6%,37.3%,-,33.8%,-,-,未分红/不适用,-6.0%,10,10,100,High,未知,警惕,40,科技公司营收增长转负；10年ROE波动较大；10年净利润波动较大；近5年营收增长偏弱
002588,CN,史丹利,-,通用,ROE、现金流、资产负债率,-,-,9.0%,4.1%,-,46.3%,-,-,未分红/不适用,17.5%,10,10,100,High,未知,通过,100,-
002589,CN,瑞康医药,-,通用,ROE、现金流、资产负债率,-,-,9.0%,19.4%,-,62.3%,-,-,未分红/不适用,-23.3%,10,10,100,High,未知,排除,30,10年ROE波动较大；10年净利润波动较大；近5年营收明显下滑
002590,CN,万安科技,-,科技,营收增长、自由现金流、研发投入效率,-,-,5.8%,4.6%,-,50.1%,-,-,未分红/不适用,16.3%,10,10,100,High,未知,警惕,85,10年净利润波动较大
002591,CN,恒大高新,-,通用,ROE、现金流、资产负债率,-,-,-5.4%,16.3%,-,28.3%,-,-,未分红/不适用,-8.0%,10,10,100,High,未知,排除,0,10年内亏损年份过多；10年ROE波动较大；10年净利润波动较大；长期ROE低于5%；近5年营收增长偏弱
002593,CN,日上集团,-,通用,ROE、现金流、资产负债率,-,-,3.6%,1.2%,-,48.1%,-,-,未分红/不适用,-0.8%,10,10,100,High,未知,排除,60,长期ROE低于5%
002594,CN,比亚迪,-,通用,ROE、现金流、资产负债率,-,-,12.1%,8.3%,-,70.7%,-,-,未分红/不适用,38.9%,10,10,100,High,未知,警惕,70,10年净利润波动较大；资产负债率偏高
002595,CN,豪迈科技,-,科技,营收增长、自由现金流、研发投入效率,-,-,19.4%,1.9%,-,18.5%,-,-,未分红/不适用,16.5%,10,10,100,High,未知,通过,100,-
002596,CN,海南瑞泽,-,通用,ROE、现金流、资产负债率,-,-,-17.0%,20.1%,-,84.2%,-,-,未分红/不适用,-19.5%,10,10,100,High,未知,排除,0,10年内亏损年份过多；10年ROE波动较大；10年净利润波动较大；长期ROE低于5%；资产负债率偏高；近5年营收明显下滑
002597,CN,金禾实业,-,通用,ROE、现金流、资产负债率,-,-,19.2%,9.8%,-,23.9%,-,-,未分红/不适用,-4.3%,10,10,100,High,未知,通过,100,-
002599,CN,盛通股份,-,通用,ROE、现金流、资产负债率,-,-,12.2%,24.1%,-,41.5%,-,-,未分红/不适用,-4.1%,10,10,100,High,未知,警惕,70,10年ROE波动较大；10年净利润波动较大
002600,CN,领益智造,-,通用,ROE、现金流、资产负债率,-,-,13.3%,14.9%,-,57.9%,-,-,未分红/不适用,14.1%,10,10,100,High,未知,警惕,85,10年ROE波动较大
002601,CN,龙佰集团,-,通用,ROE、现金流、资产负债率,-,-,15.4%,6.2%,-,57.5%,-,-,未分红/不适用,6.0%,10,10,100,High,未知,通过,100,-
002602,CN,世纪华通,-,通用,ROE、现金流、资产负债率,-,-,6.8%,12.6%,-,29.7%,-,-,未分红/不适用,28.0%,10,10,100,High,未知,警惕,70,10年ROE波动较大；10年净利润波动较大
002603,CN,以岭药业,-,通用,ROE、现金流、资产负债率,-,-,10.5%,7.6%,-,19.7%,-,-,未分红/不适用,-6.2%,10,10,100,High,未知,警惕,70,10年净利润波动较大；近5年营收增长偏弱
002605,CN,姚记科技,-,科技,营收增长、自由现金流、研发投入效率,-,-,18.9%,15.9%,-,29.0%,-,-,未分红/不适用,-4.4%,10,10,100,High,未知,警惕,70,科技公司营收增长转负；10年ROE波动较大
002606,CN,大连电瓷,-,通用,ROE、现金流、资产负债率,-,-,8.5%,5.1%,-,40.3%,-,-,未分红/不适用,17.5%,10,10,100,High,未知,通过,100,-
002607,CN,中公教育,-,通用,ROE、现金流、资产负债率,-,-,11.5%,58.6%,-,86.7%,-,-,未分红/不适用,-24.6%,10,10,100,High,未知,排除,0,10年内亏损年份过多；10年ROE波动较大；10年净利润波动较大；资产负债率过高；近5年营收明显下滑
002608,CN,江苏国信,-,通用,ROE、现金流、资产负债率,-,-,9.9%,5.5%,-,51.1%,-,-,未分红/不适用,5.3%,10,10,100,High,未知,通过,100,-
002609,CN,捷顺科技,-,科技,营收增长、自由现金流、研发投入效率,-,-,13.9%,22.9%,-,39.1%,-,-,未分红/不适用,3.8%,10,10,100,High,未知,警惕,85,10年ROE波动较大
002611,CN,东方精工,-,通用,ROE、现金流、资产负债率,-,-,4.9%,27.0%,-,30.8%,-,-,未分红/不适用,10.4%,10,10,100,High,未知,排除,30,10年ROE波动较大；10年净利润波动较大；长期ROE低于5%
002612,CN,朗姿股份,-,通用,ROE、现金流、资产负债率,-,-,15.2%,21.2%,-,52.9%,-,-,未分红/不适用,11.9%,10,10,100,High,未知,警惕,70,10年ROE波动较大；10年净利润波动较大
002613,CN,北玻股份,-,通用,ROE、现金流、资产负债率,-,-,10.8%,27.9%,-,21.4%,-,-,未分红/不适用,-1.9%,10,10,100,High,未知,警惕,70,10年ROE波动较大；10年净利润波动较大
002614,CN,奥佳华,-,通用,ROE、现金流、资产负债率,-,-,10.1%,7.8%,-,40.8%,-,-,未分红/不适用,-10.5%,10,10,100,High,未知,警惕,85,近5年营收增长偏弱
002615,CN,哈尔斯,-,通用,ROE、现金流、资产负债率,-,-,12.1%,7.4%,-,58.5%,-,-,未分红/不适用,7.9%,10,10,100,High,未知,通过,100,-
002616,CN,长青集团,-,通用,ROE、现金流、资产负债率,-,-,6.6%,5.9%,-,62.4%,-,-,未分红/不适用,4.4%,10,10,100,High,未知,警惕,85,10年净利润波动较大
002617,CN,露笑科技,-,科技,营收增长、自由现金流、研发投入效率,-,-,-0.3%,11.7%,-,39.8%,-,-,未分红/不适用,0.8%,10,10,100,High,未知,排除,45,10年净利润波动较大；长期ROE低于5%
002622,CN,皓宸医疗,-,通用,ROE、现金流、资产负债率,-,-,-6.7%,27.4%,-,77.1%,-,-,未分红/不适用,43.0%,10,10,100,High,未知,排除,0,10年内亏损年份过多；10年ROE波动较大；10年净利润波动较大；长期ROE低于5%；资产负债率偏高
002623,CN,亚玛顿,-,通用,ROE、现金流、资产负债率,-,-,9.2%,27.9%,-,50.5%,-,-,未分红/不适用,0.1%,10,10,100,High,未知,排除,30,10年内亏损年份过多；10年ROE波动较大；10年净利润波动较大
002624,CN,完美世界,-,通用,ROE、现金流、资产负债率,-,-,11.6%,12.1%,-,33.7%,-,-,未分红/不适用,-6.0%,10,10,100,High,未知,警惕,55,10年ROE波动较大；10年净利润波动较大；近5年营收增长偏弱
002625,CN,光启技术,-,通用,ROE、现金流、资产负债率,-,-,13.9%,28.0%,-,19.0%,-,-,未分红/不适用,24.2%,10,10,100,High,未知,警惕,70,10年ROE波动较大；10年净利润波动较大
002626,CN,金达威,-,通用,ROE、现金流、资产负债率,-,-,16.0%,8.4%,-,41.7%,-,-,未分红/不适用,-1.8%,10,10,100,High,未知,通过,100,-
002627,CN,三峡旅游,-,通用,ROE、现金流、资产负债率,-,-,5.5%,3.6%,-,18.3%,-,-,未分红/不适用,-23.2%,10,10,100,High,未知,排除,60,近5年营收明显下滑
002628,CN,成都路桥,-,通用,ROE、现金流、资产负债率,-,-,21.2%,33.4%,-,56.8%,-,-,未分红/不适用,-15.8%,10,10,100,High,未知,排除,30,10年ROE波动较大；10年净利润波动较大；近5年营收明显下滑
002629,CN,仁智股份,-,通用,ROE、现金流、资产负债率,-,-,-24.3%,86.1%,-,78.9%,-,-,未分红/不适用,23.6%,10,10,100,High,未知,排除,0,10年内亏损年份过多；10年ROE波动较大；10年净利润波动较大；长期ROE低于5%；资产负债率偏高
002631,CN,德尔未来,-,通用,ROE、现金流、资产负债率,-,-,1.6%,6.2%,-,31.9%,-,-,未分红/不适用,-13.0%,10,10,100,High,未知,排除,0,10年内亏损年份过多；10年净利润波动较大；长期ROE低于5%；近5年营收增长偏弱
002632,CN,道明光学,-,通用,ROE、现金流、资产负债率,-,-,8.2%,3.4%,-,23.5%,-,-,未分红/不适用,3.8%,10,10,100,High,未知,通过,100,-
002633,CN,申科股份,-,通用,ROE、现金流、资产负债率,-,-,4.9%,25.9%,-,36.0%,-,-,未分红/不适用,10.1%,10,10,100,High,未知,排除,0,10年内亏损年份过多；10年ROE波动较大；10年净利润波动较大；长期ROE低于5%
002635,CN,安洁科技,-,科技,营收增长、自由现金流、研发投入效率,-,-,4.9%,6.6%,-,29.0%,-,-,未分红/不适用,5.2%,10,10,100,High,未知,排除,45,10年净利润波动较大；长期ROE低于5%
002636,CN,金安国纪,-,通用,ROE、现金流、资产负债率,-,-,10.5%,9.9%,-,44.8%,-,-,未分红/不适用,-6.6%,10,10,100,High,未知,警惕,70,10年净利润波动较大；近5年营收增长偏弱
002637,CN,赞宇科技,-,科技,营收增长、自由现金流、研发投入效率,-,-,8.3%,6.8%,-,55.9%,-,-,未分红/不适用,4.1%,10,10,100,High,未知,警惕,85,10年净利润波动较大
002638,CN,勤上股份,-,通用,ROE、现金流、资产负债率,-,-,-10.2%,11.8%,-,14.2%,-,-,未分红/不适用,-22.1%,10,10,100,High,未知,排除,0,10年内亏损年份过多；10年净利润波动较大；长期ROE低于5%；近5年营收明显下滑
002639,CN,雪人集团,-,通用,ROE、现金流、资产负债率,-,-,-1.6%,32.6%,-,47.8%,-,-,未分红/不适用,5.9%,10,10,100,High,未知,排除,0,10年内亏损年份过多；10年ROE波动较大；10年净利润波动较大；长期ROE低于5%
002640,CN,跨境通,-,通用,ROE、现金流、资产负债率,-,-,-19.0%,41.5%,-,84.2%,-,-,未分红/不适用,-11.4%,10,10,100,High,未知,排除,0,10年内亏损年份过多；10年ROE波动较大；10年净利润波动较大；长期ROE低于5%；资产负债率偏高；近5年营收增长偏弱
002641,CN,公元股份,-,通用,ROE、现金流、资产负债率,-,-,8.7%,6.2%,-,31.6%,-,-,未分红/不适用,-8.7%,10,10,100,High,未知,警惕,85,近5年营收增长偏弱
002642,CN,荣联科技,-,科技,营收增长、自由现金流、研发投入效率,-,-,-2.8%,36.1%,-,53.6%,-,-,未分红/不适用,-14.1%,10,10,100,High,未知,排除,0,科技公司营收增长转负；10年内亏损年份过多；10年ROE波动较大；10年净利润波动较大；长期ROE低于5%；近5年营收增长偏弱
002643,CN,万润股份,-,通用,ROE、现金流、资产负债率,-,-,9.5%,3.1%,-,26.0%,-,-,未分红/不适用,-3.9%,10,10,100,High,未知,通过,100,-
002644,CN,佛慈制药,-,通用,ROE、现金流、资产负债率,-,-,5.0%,1.3%,-,27.2%,-,-,未分红/不适用,2.9%,10,10,100,High,未知,排除,60,长期ROE低于5%
002645,CN,华宏科技,-,科技,营收增长、自由现金流、研发投入效率,-,-,5.8%,7.6%,-,39.8%,-,-,未分红/不适用,3.7%,10,10,100,High,未知,警惕,85,10年净利润波动较大
002646,CN,天佑德酒,-,通用,ROE、现金流、资产负债率,-,-,3.1%,5.8%,-,11.8%,-,-,未分红/不适用,1.1%,10,10,100,High,未知,排除,45,10年净利润波动较大；长期ROE低于5%
002647,CN,仁东控股,-,通用,ROE、现金流、资产负债率,-,-,-6.5%,85.5%,-,89.0%,-,-,未分红/不适用,-16.9%,10,10,100,High,未知,排除,0,10年内亏损年份过多；10年ROE波动较大；10年净利润波动较大；长期ROE低于5%；资产负债率过高；近5年营收明显下滑
002648,CN,卫星化学,-,通用,ROE、现金流、资产负债率,-,-,18.1%,7.4%,-,51.7%,-,-,未分红/不适用,12.7%,10,10,100,High,未知,通过,100,-
002649,CN,博彦科技,-,科技,营收增长、自由现金流、研发投入效率,-,-,8.0%,3.5%,-,26.2%,-,-,未分红/不适用,4.8%,10,10,100,High,未知,通过,100,-
002651,CN,利君股份,-,通用,ROE、现金流、资产负债率,-,-,6.3%,2.3%,-,23.8%,-,-,未分红/不适用,-6.6%,10,10,100,High,未知,警惕,85,近5年营收增长偏弱
002652,CN,扬子新材,-,通用,ROE、现金流、资产负债率,-,-,-8.4%,22.0%,-,46.1%,-,-,未分红/不适用,-15.9%,10,10,100,High,未知,排除,0,10年内亏损年份过多；10年ROE波动较大；10年净利润波动较大；长期ROE低于5%；近5年营收明显下滑
002653,CN,海思科,-,通用,ROE、现金流、资产负债率,-,-,14.2%,6.5%,-,38.8%,-,-,未分红/不适用,12.2%,10,10,100,High,未知,通过,100,-
002654,CN,万润科技,-,科技,营收增长、自由现金流、研发投入效率,-,-,-4.6%,16.5%,-,66.0%,-,-,未分红/不适用,6.0%,10,10,100,High,未知,排除,0,10年内亏损年份过多；10年ROE波动较大；10年净利润波动较大；长期ROE低于5%
002655,CN,共达电声,-,通用,ROE、现金流、资产负债率,-,-,4.1%,12.8%,-,57.8%,-,-,未分红/不适用,11.4%,10,10,100,High,未知,排除,30,10年ROE波动较大；10年净利润波动较大；长期ROE低于5%
002657,CN,中科金财,-,通用,ROE、现金流、资产负债率,-,-,2.3%,16.4%,-,27.9%,-,-,未分红/不适用,-14.6%,10,10,100,High,未知,排除,0,10年内亏损年份过多；10年ROE波动较大；10年净利润波动较大；长期ROE低于5%；近5年营收增长偏弱
002658,CN,雪迪龙,-,通用,ROE、现金流、资产负债率,-,-,8.7%,2.3%,-,14.7%,-,-,未分红/不适用,0.3%,10,10,100,High,未知,通过,100,-
002659,CN,凯文教育,-,通用,ROE、现金流、资产负债率,-,-,-10.7%,24.2%,-,27.5%,-,-,未分红/不适用,5.1%,10,10,100,High,未知,排除,0,10年内亏损年份过多；10年ROE波动较大；10年净利润波动较大；长期ROE低于5%
002660,CN,茂硕电源,-,通用,ROE、现金流、资产负债率,-,-,-2.2%,16.8%,-,43.5%,-,-,未分红/不适用,-6.8%,10,10,100,High,未知,排除,0,10年内亏损年份过多；10年ROE波动较大；10年净利润波动较大；长期ROE低于5%；近5年营收增长偏弱
002661,CN,克明食品,-,消费,ROE、毛利率稳定性、分红稳定性,-,-,5.7%,4.0%,-,56.1%,-,-,未分红/不适用,0.0%,10,10,100,High,未知,警惕,85,消费公司长期ROE不够突出
002662,CN,峰璟股份,-,通用,ROE、现金流、资产负债率,-,-,1.8%,19.0%,-,27.4%,-,-,未分红/不适用,-4.6%,10,10,100,High,未知,排除,30,10年ROE波动较大；10年净利润波动较大；长期ROE低于5%
002663,CN,普邦股份,-,通用,ROE、现金流、资产负债率,-,-,4.3%,34.5%,-,53.8%,-,-,未分红/不适用,-9.8%,10,10,100,High,未知,排除,0,10年内亏损年份过多；10年ROE波动较大；10年净利润波动较大；长期ROE低于5%；近5年营收增长偏弱
002664,CN,信质集团,-,通用,ROE、现金流、资产负债率,-,-,15.4%,16.8%,-,67.7%,-,-,未分红/不适用,16.1%,10,10,100,High,未知,警惕,85,10年ROE波动较大
002666,CN,德联集团,-,通用,ROE、现金流、资产负债率,-,-,4.4%,2.7%,-,33.2%,-,-,未分红/不适用,2.3%,10,10,100,High,未知,排除,60,长期ROE低于5%
002668,CN,TCL智家,-,通用,ROE、现金流、资产负债率,-,-,11.2%,43.9%,-,68.9%,-,-,未分红/不适用,16.3%,10,10,100,High,未知,排除,30,10年内亏损年份过多；10年ROE波动较大；10年净利润波动较大
002669,CN,康达新材,-,通用,ROE、现金流、资产负债率,-,-,12.9%,29.7%,-,66.2%,-,-,未分红/不适用,23.2%,10,10,100,High,未知,警惕,70,10年ROE波动较大；10年净利润波动较大
002670,CN,国盛证券,-,通用,ROE、现金流、资产负债率,-,-,11.1%,31.0%,-,59.0%,-,-,未分红/不适用,2.3%,2,44,25,Low,未知,数据不足,0,10年ROE波动较大；数据年数不足，无法进行可靠筛选
002671,CN,龙泉股份,-,通用,ROE、现金流、资产负债率,-,-,8.6%,30.2%,-,43.6%,-,-,未分红/不适用,1.5%,10,10,100,High,未知,排除,30,10年内亏损年份过多；10年ROE波动较大；10年净利润波动较大
002672,CN,东江环保,-,通用,ROE、现金流、资产负债率,-,-,-3.0%,19.1%,-,71.5%,-,-,未分红/不适用,-3.7%,10,10,100,High,未知,排除,0,10年内亏损年份过多；10年ROE波动较大；10年净利润波动较大；长期ROE低于5%；资产负债率偏高
002673,CN,西部证券,-,通用,ROE、现金流、资产负债率,-,-,4.7%,2.3%,-,64.0%,-,-,未分红/不适用,-3.0%,10,20,100,High,未知,排除,60,长期ROE低于5%
002674,CN,兴业科技,-,科技,营收增长、自由现金流、研发投入效率,-,-,5.3%,1.9%,-,42.7%,-,-,未分红/不适用,14.7%,10,10,100,High,未知,通过,100,-
002675,CN,东诚药业,-,通用,ROE、现金流、资产负债率,-,-,5.6%,2.0%,-,40.8%,-,-,未分红/不适用,-8.5%,10,10,100,High,未知,警惕,85,近5年营收增长偏弱
002676,CN,顺威股份,-,通用,ROE、现金流、资产负债率,-,-,16.5%,30.2%,-,61.0%,-,-,未分红/不适用,8.0%,10,10,100,High,未知,警惕,70,10年ROE波动较大；10年净利润波动较大
002677,CN,浙江美大,-,通用,ROE、现金流、资产负债率,-,-,30.6%,18.0%,-,9.3%,-,-,未分红/不适用,-32.3%,10,10,100,High,未知,排除,45,10年ROE波动较大；近5年营收明显下滑
002678,CN,珠江钢琴,-,通用,ROE、现金流、资产负债率,-,-,3.7%,7.6%,-,18.2%,-,-,未分红/不适用,-27.1%,10,10,100,High,未知,排除,5,10年净利润波动较大；长期ROE低于5%；近5年营收明显下滑
002679,CN,福建金森,-,通用,ROE、现金流、资产负债率,-,-,8.3%,17.6%,-,61.7%,-,-,未分红/不适用,-5.9%,10,10,100,High,未知,警惕,55,10年ROE波动较大；10年净利润波动较大；近5年营收增长偏弱
002681,CN,奋达科技,-,科技,营收增长、自由现金流、研发投入效率,-,-,-2.1%,31.4%,-,52.3%,-,-,未分红/不适用,-10.2%,10,10,100,High,未知,排除,0,科技公司营收增长转负；10年内亏损年份过多；10年ROE波动较大；10年净利润波动较大；长期ROE低于5%；近5年营收增长偏弱
002682,CN,龙洲股份,-,通用,ROE、现金流、资产负债率,-,-,-8.1%,31.9%,-,87.8%,-,-,未分红/不适用,-16.7%,10,10,100,High,未知,排除,0,10年内亏损年份过多；10年ROE波动较大；10年净利润波动较大；长期ROE低于5%；资产负债率过高；近5年营收明显下滑
002683,CN,广东宏大,-,通用,ROE、现金流、资产负债率,-,-,9.1%,3.5%,-,55.4%,-,-,未分红/不适用,24.3%,10,10,100,High,未知,通过,100,-
002685,CN,华东重机,-,通用,ROE、现金流、资产负债率,-,-,-8.7%,21.4%,-,42.5%,-,-,未分红/不适用,-41.9%,10,10,100,High,未知,排除,0,10年内亏损年份过多；10年ROE波动较大；10年净利润波动较大；长期ROE低于5%；近5年营收明显下滑
002686,CN,亿利达,-,通用,ROE、现金流、资产负债率,-,-,0.2%,13.0%,-,38.7%,-,-,未分红/不适用,-3.8%,10,10,100,High,未知,排除,30,10年ROE波动较大；10年净利润波动较大；长期ROE低于5%
002687,CN,乔治白,-,通用,ROE、现金流、资产负债率,-,-,10.1%,3.6%,-,26.2%,-,-,未分红/不适用,-0.8%,10,10,100,High,未知,通过,100,-
002688,CN,金河生物,-,通用,ROE、现金流、资产负债率,-,-,6.7%,4.1%,-,55.7%,-,-,未分红/不适用,8.5%,10,10,100,High,未知,通过,100,-
002690,CN,美亚光电,-,通用,ROE、现金流、资产负债率,-,-,22.6%,4.6%,-,18.9%,-,-,未分红/不适用,7.3%,10,10,100,High,未知,通过,100,-
002692,CN,远程股份,-,通用,ROE、现金流、资产负债率,-,-,8.2%,27.9%,-,62.0%,-,-,未分红/不适用,10.3%,10,10,100,High,未知,警惕,70,10年ROE波动较大；10年净利润波动较大
002695,CN,煌上煌,-,通用,ROE、现金流、资产负债率,-,-,6.1%,4.0%,-,24.8%,-,-,未分红/不适用,-7.9%,10,10,100,High,未知,警惕,85,近5年营收增长偏弱
002696,CN,百洋股份,-,通用,ROE、现金流、资产负债率,-,-,1.2%,6.1%,-,60.9%,-,-,未分红/不适用,8.7%,10,10,100,High,未知,排除,5,10年内亏损年份过多；10年净利润波动较大；长期ROE低于5%
002697,CN,红旗连锁,-,通用,ROE、现金流、资产负债率,-,-,12.3%,3.5%,-,42.3%,-,-,未分红/不适用,0.5%,10,10,100,High,未知,通过,100,-
002698,CN,博实股份,-,通用,ROE、现金流、资产负债率,-,-,13.1%,4.2%,-,40.4%,-,-,未分红/不适用,7.6%,10,10,100,High,未知,通过,100,-
002700,CN,万憬能源,-,通用,ROE、现金流、资产负债率,-,-,2.8%,13.5%,-,13.6%,-,-,未分红/不适用,3.9%,10,10,100,High,未知,排除,30,10年ROE波动较大；10年净利润波动较大；长期ROE低于5%
002701,CN,奥瑞金,-,通用,ROE、现金流、资产负债率,-,-,11.5%,5.4%,-,65.8%,-,-,未分红/不适用,14.5%,10,10,100,High,未知,通过,100,-
002702,CN,海欣食品,-,消费,ROE、毛利率稳定性、分红稳定性,-,-,11.7%,27.5%,-,45.3%,-,-,未分红/不适用,-0.5%,10,10,100,High,未知,排除,30,10年内亏损年份过多；10年ROE波动较大；10年净利润波动较大
002703,CN,浙江世宝,-,通用,ROE、现金流、资产负债率,-,-,7.2%,15.8%,-,45.2%,-,-,未分红/不适用,31.7%,10,10,100,High,未知,警惕,70,10年ROE波动较大；10年净利润波动较大
002705,CN,新宝股份,-,通用,ROE、现金流、资产负债率,-,-,14.9%,3.6%,-,44.0%,-,-,未分红/不适用,2.1%,10,10,100,High,未知,通过,100,-
002706,CN,良信股份,-,通用,ROE、现金流、资产负债率,-,-,11.7%,4.4%,-,27.7%,-,-,未分红/不适用,2.7%,10,10,100,High,未知,通过,100,-
002707,CN,众信旅游,-,通用,ROE、现金流、资产负债率,-,-,-2.2%,64.3%,-,71.6%,-,-,未分红/不适用,75.8%,10,10,100,High,未知,排除,0,10年内亏损年份过多；10年ROE波动较大；10年净利润波动较大；长期ROE低于5%；资产负债率偏高
002708,CN,光洋股份,-,通用,ROE、现金流、资产负债率,-,-,13.9%,35.6%,-,55.4%,-,-,未分红/不适用,13.8%,10,10,100,High,未知,排除,30,10年内亏损年份过多；10年ROE波动较大；10年净利润波动较大
002709,CN,天赐材料,-,周期,利润波动、ROE波动、资本开支周期,-,-,26.4%,19.6%,-,33.0%,-,-,未分红/不适用,10.7%,10,10,100,High,未知,警惕,40,周期行业ROE波动显著；周期行业利润弹性过大；10年ROE波动较大；10年净利润波动较大
002712,CN,思美传媒,-,通用,ROE、现金流、资产负债率,-,-,3.7%,36.6%,-,48.0%,-,-,未分红/不适用,14.6%,10,10,100,High,未知,排除,0,10年内亏损年份过多；10年ROE波动较大；10年净利润波动较大；长期ROE低于5%
002714,CN,牧原股份,-,通用,ROE、现金流、资产负债率,-,-,26.5%,23.2%,-,54.2%,-,-,未分红/不适用,16.3%,10,10,100,High,未知,警惕,70,10年ROE波动较大；10年净利润波动较大
002715,CN,登云股份,-,通用,ROE、现金流、资产负债率,-,-,6.2%,26.5%,-,44.5%,-,-,未分红/不适用,1.9%,10,10,100,High,未知,警惕,70,10年ROE波动较大；10年净利润波动较大
002716,CN,湖南白银,-,通用,ROE、现金流、资产负债率,-,-,10.3%,23.8%,-,48.0%,-,-,未分红/不适用,58.1%,10,10,100,High,未知,排除,30,10年内亏损年份过多；10年ROE波动较大；10年净利润波动较大
002718,CN,友邦吊顶,-,通用,ROE、现金流、资产负债率,-,-,2.8%,13.3%,-,26.9%,-,-,未分红/不适用,-15.5%,10,10,100,High,未知,排除,0,10年ROE波动较大；10年净利润波动较大；长期ROE低于5%；近5年营收明显下滑
002721,CN,金一文化,-,通用,ROE、现金流、资产负债率,-,-,-12.9%,50.0%,-,8.3%,-,-,未分红/不适用,-26.2%,10,10,100,High,未知,排除,0,10年内亏损年份过多；10年ROE波动较大；10年净利润波动较大；长期ROE低于5%；近5年营收明显下滑
002722,CN,物产金轮,-,通用,ROE、现金流、资产负债率,-,-,5.4%,1.8%,-,17.3%,-,-,未分红/不适用,-6.5%,10,10,100,High,未知,警惕,85,近5年营收增长偏弱
002723,CN,小崧股份,-,通用,ROE、现金流、资产负债率,-,-,-2.2%,35.5%,-,50.6%,-,-,未分红/不适用,-6.6%,10,10,100,High,未知,排除,0,10年内亏损年份过多；10年ROE波动较大；10年净利润波动较大；长期ROE低于5%；近5年营收增长偏弱
002724,CN,海洋王,-,通用,ROE、现金流、资产负债率,-,-,7.1%,6.1%,-,22.1%,-,-,未分红/不适用,-5.0%,10,10,100,High,未知,警惕,85,10年净利润波动较大
002725,CN,跃岭股份,-,通用,ROE、现金流、资产负债率,-,-,4.2%,33.2%,-,21.1%,-,-,未分红/不适用,-8.3%,10,10,100,High,未知,排除,15,10年ROE波动较大；10年净利润波动较大；长期ROE低于5%；近5年营收增长偏弱
002727,CN,一心堂,-,通用,ROE、现金流、资产负债率,-,-,11.6%,5.4%,-,52.2%,-,-,未分红/不适用,4.4%,10,10,100,High,未知,通过,100,-
002728,CN,特一药业,-,通用,ROE、现金流、资产负债率,-,-,10.5%,5.4%,-,21.2%,-,-,未分红/不适用,5.1%,10,10,100,High,未知,通过,100,-
002729,CN,好利科技,-,科技,营收增长、自由现金流、研发投入效率,-,-,5.6%,1.8%,-,14.2%,-,-,未分红/不适用,17.6%,10,10,100,High,未知,通过,100,-
002730,CN,电光科技,-,科技,营收增长、自由现金流、研发投入效率,-,-,6.0%,1.4%,-,43.0%,-,-,未分红/不适用,6.2%,10,10,100,High,未知,通过,100,-
002732,CN,燕塘乳业,-,通用,ROE、现金流、资产负债率,-,-,10.2%,3.9%,-,24.2%,-,-,未分红/不适用,-5.5%,10,10,100,High,未知,警惕,85,近5年营收增长偏弱
002733,CN,雄韬股份,-,通用,ROE、现金流、资产负债率,-,-,2.6%,6.6%,-,46.1%,-,-,未分红/不适用,2.8%,10,10,100,High,未知,排除,45,10年净利润波动较大；长期ROE低于5%
002734,CN,利民股份,-,通用,ROE、现金流、资产负债率,-,-,10.7%,5.3%,-,38.6%,-,-,未分红/不适用,-1.1%,10,10,100,High,未知,通过,100,-
002735,CN,王子新材,-,通用,ROE、现金流、资产负债率,-,-,5.6%,6.8%,-,47.3%,-,-,未分红/不适用,5.6%,10,10,100,High,未知,警惕,85,10年净利润波动较大
002736,CN,国信证券,-,通用,ROE、现金流、资产负债率,-,-,9.0%,2.1%,-,71.0%,-,-,未分红/不适用,0.3%,10,20,100,High,未知,警惕,85,资产负债率偏高
002737,CN,葵花药业,-,通用,ROE、现金流、资产负债率,-,-,15.3%,8.7%,-,25.1%,-,-,未分红/不适用,-15.1%,10,10,100,High,未知,排除,60,近5年营收明显下滑
002738,CN,中矿资源,-,通用,ROE、现金流、资产负债率,-,-,14.2%,15.9%,-,31.4%,-,-,未分红/不适用,28.3%,10,10,100,High,未知,警惕,70,10年ROE波动较大；10年净利润波动较大
002739,CN,儒意电影,-,通用,ROE、现金流、资产负债率,-,-,-6.6%,24.8%,-,67.6%,-,-,未分红/不适用,0.3%,10,10,100,High,未知,排除,0,10年内亏损年份过多；10年ROE波动较大；10年净利润波动较大；长期ROE低于5%
002741,CN,光华科技,-,科技,营收增长、自由现金流、研发投入效率,-,-,0.8%,12.6%,-,48.6%,-,-,未分红/不适用,3.5%,10,10,100,High,未知,排除,30,10年ROE波动较大；10年净利润波动较大；长期ROE低于5%
002742,CN,三圣股份,-,通用,ROE、现金流、资产负债率,-,-,-2.6%,37.8%,-,80.0%,-,-,未分红/不适用,-22.5%,10,10,100,High,未知,排除,0,10年内亏损年份过多；10年ROE波动较大；10年净利润波动较大；长期ROE低于5%；资产负债率偏高；近5年营收明显下滑
002743,CN,富煌钢构,-,通用,ROE、现金流、资产负债率,-,-,0.4%,11.4%,-,72.4%,-,-,未分红/不适用,-24.0%,10,10,100,High,未知,排除,0,10年净利润波动较大；长期ROE低于5%；资产负债率偏高；近5年营收明显下滑
002745,CN,木林森,-,通用,ROE、现金流、资产负债率,-,-,4.5%,7.0%,-,49.0%,-,-,未分红/不适用,-1.6%,10,10,100,High,未知,排除,45,10年净利润波动较大；长期ROE低于5%
002746,CN,仙坛股份,-,通用,ROE、现金流、资产负债率,-,-,10.6%,10.4%,-,41.8%,-,-,未分红/不适用,14.9%,10,10,100,High,未知,警惕,85,10年净利润波动较大
002747,CN,埃斯顿,-,通用,ROE、现金流、资产负债率,-,-,1.6%,13.4%,-,78.6%,-,-,未分红/不适用,12.8%,10,10,100,High,未知,排除,15,10年ROE波动较大；10年净利润波动较大；长期ROE低于5%；资产负债率偏高
002748,CN,世龙实业,-,通用,ROE、现金流、资产负债率,-,-,5.4%,9.3%,-,44.7%,-,-,未分红/不适用,-2.0%,10,10,100,High,未知,警惕,85,10年净利润波动较大
002749,CN,国光股份,-,通用,ROE、现金流、资产负债率,-,-,17.8%,5.0%,-,18.0%,-,-,未分红/不适用,10.9%,10,10,100,High,未知,通过,100,-
002752,CN,昇兴股份,-,通用,ROE、现金流、资产负债率,-,-,14.1%,21.0%,-,54.1%,-,-,未分红/不适用,5.9%,10,10,100,High,未知,警惕,85,10年ROE波动较大
002753,CN,永东股份,-,通用,ROE、现金流、资产负债率,-,-,9.3%,7.3%,-,28.7%,-,-,未分红/不适用,0.6%,10,10,100,High,未知,通过,100,-
002755,CN,奥赛康,-,通用,ROE、现金流、资产负债率,-,-,24.5%,29.3%,-,27.5%,-,-,未分红/不适用,-13.0%,10,10,100,High,未知,警惕,55,10年ROE波动较大；10年净利润波动较大；近5年营收增长偏弱
002756,CN,永兴材料,-,周期,利润波动、ROE波动、资本开支周期,-,-,18.4%,20.9%,-,12.0%,-,-,未分红/不适用,0.8%,10,10,100,High,未知,警惕,40,周期行业ROE波动显著；周期行业利润弹性过大；10年ROE波动较大；10年净利润波动较大
002757,CN,南兴股份,-,通用,ROE、现金流、资产负债率,-,-,9.3%,6.7%,-,41.6%,-,-,未分红/不适用,5.3%,10,10,100,High,未知,警惕,85,10年净利润波动较大
002758,CN,浙农股份,-,通用,ROE、现金流、资产负债率,-,-,11.0%,4.4%,-,63.3%,-,-,未分红/不适用,7.6%,10,10,100,High,未知,通过,100,-
002759,CN,天际股份,-,通用,ROE、现金流、资产负债率,-,-,14.2%,41.0%,-,41.9%,-,-,未分红/不适用,7.1%,10,10,100,High,未知,警惕,70,10年ROE波动较大；10年净利润波动较大
002760,CN,凤形股份,-,通用,ROE、现金流、资产负债率,-,-,2.2%,9.6%,-,33.1%,-,-,未分红/不适用,-9.5%,10,10,100,High,未知,排除,0,10年内亏损年份过多；10年净利润波动较大；长期ROE低于5%；近5年营收增长偏弱
002761,CN,浙江建投,-,通用,ROE、现金流、资产负债率,-,-,11.1%,8.6%,-,91.2%,-,-,未分红/不适用,-4.0%,10,10,100,High,未知,排除,60,资产负债率过高
002763,CN,汇洁股份,-,通用,ROE、现金流、资产负债率,-,-,9.3%,3.7%,-,25.4%,-,-,未分红/不适用,2.4%,10,10,100,High,未知,通过,100,-
002765,CN,蓝黛科技,-,科技,营收增长、自由现金流、研发投入效率,-,-,7.9%,14.2%,-,55.9%,-,-,未分红/不适用,5.3%,10,10,100,High,未知,警惕,70,10年ROE波动较大；10年净利润波动较大
002766,CN,索菱股份,-,通用,ROE、现金流、资产负债率,-,-,1.6%,4.3%,-,18.4%,-,-,未分红/不适用,-0.9%,10,10,100,High,未知,排除,5,10年内亏损年份过多；10年净利润波动较大；长期ROE低于5%
002767,CN,先锋电子,-,科技,营收增长、自由现金流、研发投入效率,-,-,13.3%,28.7%,-,33.2%,-,-,未分红/不适用,10.6%,10,10,100,High,未知,警惕,85,10年ROE波动较大
002768,CN,国恩股份,-,通用,ROE、现金流、资产负债率,-,-,17.9%,4.3%,-,61.1%,-,-,未分红/不适用,21.5%,10,10,100,High,未知,通过,100,-
002769,CN,普路通,-,通用,ROE、现金流、资产负债率,-,-,2.5%,7.7%,-,60.1%,-,-,未分红/不适用,-45.6%,10,10,100,High,未知,排除,0,10年内亏损年份过多；10年净利润波动较大；长期ROE低于5%；近5年营收明显下滑
002771,CN,真视通,-,通用,ROE、现金流、资产负债率,-,-,2.5%,7.0%,-,32.6%,-,-,未分红/不适用,-12.8%,10,10,100,High,未知,排除,30,10年净利润波动较大；长期ROE低于5%；近5年营收增长偏弱
002772,CN,众兴菌业,-,通用,ROE、现金流、资产负债率,-,-,5.6%,2.9%,-,50.1%,-,-,未分红/不适用,7.8%,10,10,100,High,未知,通过,100,-
002773,CN,康弘药业,-,通用,ROE、现金流、资产负债率,-,-,13.1%,7.6%,-,6.5%,-,-,未分红/不适用,6.2%,10,10,100,High,未知,通过,100,-
002774,CN,快意电梯,-,通用,ROE、现金流、资产负债率,-,-,10.1%,7.5%,-,42.2%,-,-,未分红/不适用,-7.4%,10,10,100,High,未知,警惕,85,近5年营收增长偏弱
002775,CN,文科股份,-,通用,ROE、现金流、资产负债率,-,-,-51.5%,90.1%,-,98.5%,-,-,未分红/不适用,-30.2%,10,10,100,High,未知,排除,0,10年内亏损年份过多；10年ROE波动较大；10年净利润波动较大；长期ROE低于5%；资产负债率过高；近5年营收明显下滑
002777,CN,久远银海,-,通用,ROE、现金流、资产负债率,-,-,12.8%,5.0%,-,31.8%,-,-,未分红/不适用,-1.4%,10,10,100,High,未知,通过,100,-
002778,CN,中晟高科,-,通用,ROE、现金流、资产负债率,-,-,-1.5%,22.9%,-,51.5%,-,-,未分红/不适用,-34.1%,10,10,100,High,未知,排除,0,10年内亏损年份过多；10年ROE波动较大；10年净利润波动较大；长期ROE低于5%；近5年营收明显下滑
002779,CN,中坚科技,-,科技,营收增长、自由现金流、研发投入效率,-,-,5.2%,6.6%,-,46.5%,-,-,未分红/不适用,17.2%,10,10,100,High,未知,警惕,85,10年净利润波动较大
002780,CN,三夫户外,-,通用,ROE、现金流、资产负债率,-,-,6.9%,26.2%,-,39.7%,-,-,未分红/不适用,14.5%,10,10,100,High,未知,排除,30,10年内亏损年份过多；10年ROE波动较大；10年净利润波动较大
002782,CN,可立克,-,通用,ROE、现金流、资产负债率,-,-,8.9%,5.4%,-,52.5%,-,-,未分红/不适用,35.3%,10,10,100,High,未知,通过,100,-
002783,CN,凯龙股份,-,通用,ROE、现金流、资产负债率,-,-,3.7%,10.8%,-,56.1%,-,-,未分红/不适用,6.5%,10,10,100,High,未知,排除,45,10年净利润波动较大；长期ROE低于5%
002785,CN,万里石,-,通用,ROE、现金流、资产负债率,-,-,-12.6%,30.3%,-,45.8%,-,-,未分红/不适用,2.4%,10,10,100,High,未知,排除,0,10年内亏损年份过多；10年ROE波动较大；10年净利润波动较大；长期ROE低于5%
002786,CN,银宝山新,-,通用,ROE、现金流、资产负债率,-,-,-26.3%,50.0%,-,96.3%,-,-,未分红/不适用,-3.7%,10,10,100,High,未知,排除,0,10年内亏损年份过多；10年ROE波动较大；10年净利润波动较大；长期ROE低于5%；资产负债率过高
002787,CN,华源控股,-,通用,ROE、现金流、资产负债率,-,-,17.1%,24.6%,-,28.6%,-,-,未分红/不适用,-0.4%,10,10,100,High,未知,警惕,85,10年ROE波动较大
002788,CN,鹭燕医药,-,通用,ROE、现金流、资产负债率,-,-,12.1%,2.2%,-,75.2%,-,-,未分红/不适用,4.9%,10,10,100,High,未知,警惕,85,资产负债率偏高
002790,CN,瑞尔特,-,通用,ROE、现金流、资产负债率,-,-,18.3%,24.6%,-,18.3%,-,-,未分红/不适用,-1.0%,10,10,100,High,未知,警惕,85,10年ROE波动较大
002791,CN,坚朗五金,-,通用,ROE、现金流、资产负债率,-,-,9.2%,8.2%,-,37.3%,-,-,未分红/不适用,-10.9%,10,10,100,High,未知,警惕,70,10年净利润波动较大；近5年营收增长偏弱
002792,CN,通宇通讯,-,通用,ROE、现金流、资产负债率,-,-,3.5%,3.1%,-,21.0%,-,-,未分红/不适用,-5.4%,10,10,100,High,未知,排除,45,长期ROE低于5%；近5年营收增长偏弱
002793,CN,罗欣药业,-,通用,ROE、现金流、资产负债率,-,-,-4.4%,25.5%,-,66.8%,-,-,未分红/不适用,-23.0%,10,10,100,High,未知,排除,0,10年内亏损年份过多；10年ROE波动较大；10年净利润波动较大；长期ROE低于5%；近5年营收明显下滑
002795,CN,永和智控,-,通用,ROE、现金流、资产负债率,-,-,-4.7%,20.4%,-,77.0%,-,-,未分红/不适用,-9.2%,10,10,100,High,未知,排除,0,10年内亏损年份过多；10年ROE波动较大；10年净利润波动较大；长期ROE低于5%；资产负债率偏高；近5年营收增长偏弱
002796,CN,世嘉科技,-,科技,营收增长、自由现金流、研发投入效率,-,-,-2.5%,19.1%,-,45.4%,-,-,未分红/不适用,-7.6%,10,10,100,High,未知,排除,0,科技公司营收增长转负；10年内亏损年份过多；10年ROE波动较大；10年净利润波动较大；长期ROE低于5%；近5年营收增长偏弱
002797,CN,第一创业,-,通用,ROE、现金流、资产负债率,-,-,4.8%,2.0%,-,58.9%,-,-,未分红/不适用,3.2%,10,20,100,High,未知,排除,60,长期ROE低于5%
002798,CN,帝欧水华,-,通用,ROE、现金流、资产负债率,-,-,-6.6%,23.1%,-,66.5%,-,-,未分红/不适用,-21.8%,10,10,100,High,未知,排除,0,10年内亏损年份过多；10年ROE波动较大；10年净利润波动较大；长期ROE低于5%；近5年营收明显下滑
002799,CN,环球印务,-,通用,ROE、现金流、资产负债率,-,-,4.8%,9.5%,-,28.8%,-,-,未分红/不适用,-27.6%,10,10,100,High,未知,排除,0,10年内亏损年份过多；10年净利润波动较大；长期ROE低于5%；近5年营收明显下滑
002800,CN,天顺股份,-,通用,ROE、现金流、资产负债率,-,-,9.0%,19.5%,-,49.0%,-,-,未分红/不适用,-3.3%,10,10,100,High,未知,警惕,70,10年ROE波动较大；10年净利润波动较大
002801,CN,微光股份,-,通用,ROE、现金流、资产负债率,-,-,16.2%,4.4%,-,16.5%,-,-,未分红/不适用,7.3%,10,10,100,High,未知,通过,100,-
002802,CN,洪汇新材,-,通用,ROE、现金流、资产负债率,-,-,11.9%,3.1%,-,7.6%,-,-,未分红/不适用,-14.9%,10,10,100,High,未知,警惕,85,近5年营收增长偏弱
002803,CN,吉宏股份,-,通用,ROE、现金流、资产负债率,-,-,18.5%,10.3%,-,36.4%,-,-,未分红/不适用,6.7%,10,10,100,High,未知,通过,100,-
002805,CN,丰元股份,-,通用,ROE、现金流、资产负债率,-,-,-4.1%,14.4%,-,68.6%,-,-,未分红/不适用,30.5%,10,10,100,High,未知,排除,0,10年内亏损年份过多；10年ROE波动较大；10年净利润波动较大；长期ROE低于5%
002806,CN,华锋股份,-,通用,ROE、现金流、资产负债率,-,-,-9.0%,28.6%,-,44.6%,-,-,未分红/不适用,14.6%,10,10,100,High,未知,排除,0,10年内亏损年份过多；10年ROE波动较大；10年净利润波动较大；长期ROE低于5%
002807,CN,江阴银行,-,银行,不良率、拨备覆盖、资本充足率,-,-,10.3%,1.3%,-,91.0%,-,-,未分红/不适用,5.2%,10,20,100,High,未知,排除,45,银行需补充不良率/拨备/资本充足率专项数据；资产负债率过高
002809,CN,红墙股份,-,通用,ROE、现金流、资产负债率,-,-,7.0%,4.4%,-,39.1%,-,-,未分红/不适用,-16.1%,10,10,100,High,未知,排除,60,近5年营收明显下滑
002810,CN,山东赫达,-,通用,ROE、现金流、资产负债率,-,-,14.4%,7.0%,-,44.4%,-,-,未分红/不适用,5.2%,10,10,100,High,未知,通过,100,-
002811,CN,郑中设计,-,通用,ROE、现金流、资产负债率,-,-,4.2%,7.8%,-,47.4%,-,-,未分红/不适用,-7.8%,10,10,100,High,未知,排除,30,10年净利润波动较大；长期ROE低于5%；近5年营收增长偏弱
002812,CN,恩捷股份,-,通用,ROE、现金流、资产负债率,-,-,19.3%,15.6%,-,44.2%,-,-,未分红/不适用,14.3%,10,10,100,High,未知,警惕,70,10年ROE波动较大；10年净利润波动较大
002813,CN,路畅科技,-,科技,营收增长、自由现金流、研发投入效率,-,-,-0.8%,40.1%,-,50.7%,-,-,未分红/不适用,-2.3%,10,10,100,High,未知,排除,0,科技公司营收增长转负；10年内亏损年份过多；10年ROE波动较大；10年净利润波动较大；长期ROE低于5%
002815,CN,崇达技术,-,通用,ROE、现金流、资产负债率,-,-,13.7%,7.8%,-,25.5%,-,-,未分红/不适用,5.9%,10,10,100,High,未知,通过,100,-
002817,CN,黄山胶囊,-,通用,ROE、现金流、资产负债率,-,-,7.2%,2.4%,-,13.2%,-,-,未分红/不适用,4.9%,10,10,100,High,未知,通过,100,-
002818,CN,富森美,-,通用,ROE、现金流、资产负债率,-,-,14.9%,3.0%,-,13.2%,-,-,未分红/不适用,-6.0%,10,10,100,High,未知,警惕,85,近5年营收增长偏弱
002819,CN,东方中科,-,通用,ROE、现金流、资产负债率,-,-,7.3%,9.5%,-,33.5%,-,-,未分红/不适用,15.0%,10,10,100,High,未知,排除,45,10年内亏损年份过多；10年净利润波动较大
002821,CN,凯莱英,-,通用,ROE、现金流、资产负债率,-,-,16.4%,6.3%,-,13.0%,-,-,未分红/不适用,9.5%,10,10,100,High,未知,警惕,85,10年净利润波动较大
002823,CN,凯中精密,-,通用,ROE、现金流、资产负债率,-,-,17.5%,25.6%,-,42.9%,-,-,未分红/不适用,4.6%,10,10,100,High,未知,警惕,85,10年ROE波动较大
002824,CN,和胜股份,-,通用,ROE、现金流、资产负债率,-,-,10.0%,6.7%,-,55.5%,-,-,未分红/不适用,13.6%,10,10,100,High,未知,通过,100,-
002825,CN,纳尔股份,-,通用,ROE、现金流、资产负债率,-,-,11.5%,7.3%,-,39.9%,-,-,未分红/不适用,3.0%,10,10,100,High,未知,警惕,85,10年净利润波动较大
002826,CN,易明医药,-,通用,ROE、现金流、资产负债率,-,-,7.8%,4.7%,-,19.8%,-,-,未分红/不适用,-3.2%,10,10,100,High,未知,通过,100,-
002827,CN,高争民爆,-,通用,ROE、现金流、资产负债率,-,-,12.3%,8.5%,-,53.0%,-,-,未分红/不适用,18.3%,10,10,100,High,未知,通过,100,-
002828,CN,贝肯能源,-,通用,ROE、现金流、资产负债率,-,-,7.9%,27.1%,-,55.0%,-,-,未分红/不适用,-3.8%,10,10,100,High,未知,警惕,70,10年ROE波动较大；10年净利润波动较大
002829,CN,星网宇达,-,通用,ROE、现金流、资产负债率,-,-,6.1%,10.7%,-,27.0%,-,-,未分红/不适用,-16.2%,10,10,100,High,未知,排除,45,10年净利润波动较大；近5年营收明显下滑
002830,CN,名雕股份,-,通用,ROE、现金流、资产负债率,-,-,6.5%,3.8%,-,50.6%,-,-,未分红/不适用,-5.5%,10,10,100,High,未知,警惕,85,近5年营收增长偏弱
002831,CN,裕同科技,-,科技,营收增长、自由现金流、研发投入效率,-,-,17.3%,6.9%,-,45.2%,-,-,未分红/不适用,3.6%,10,10,100,High,未知,通过,100,-
002832,CN,比音勒芬,-,通用,ROE、现金流、资产负债率,-,-,18.8%,4.3%,-,29.6%,-,-,未分红/不适用,12.2%,10,10,100,High,未知,通过,100,-
002833,CN,弘亚数控,-,通用,ROE、现金流、资产负债率,-,-,24.4%,7.6%,-,29.7%,-,-,未分红/不适用,0.6%,10,10,100,High,未知,通过,100,-
002835,CN,同为股份,-,通用,ROE、现金流、资产负债率,-,-,16.5%,16.4%,-,24.0%,-,-,未分红/不适用,2.6%,10,10,100,High,未知,警惕,85,10年ROE波动较大
002836,CN,新宏泽,-,通用,ROE、现金流、资产负债率,-,-,11.6%,6.3%,-,34.4%,-,-,未分红/不适用,31.8%,10,10,100,High,未知,通过,100,-
002837,CN,英维克,-,通用,ROE、现金流、资产负债率,-,-,15.7%,4.8%,-,55.3%,-,-,未分红/不适用,28.5%,10,10,100,High,未知,通过,100,-
002838,CN,道恩股份,-,通用,ROE、现金流、资产负债率,-,-,14.9%,15.4%,-,48.1%,-,-,未分红/不适用,9.2%,10,10,100,High,未知,警惕,70,10年ROE波动较大；10年净利润波动较大
002839,CN,张家港行,-,通用,ROE、现金流、资产负债率,-,-,10.3%,1.1%,-,90.9%,-,-,未分红/不适用,0.7%,10,20,100,High,未知,排除,60,资产负债率过高
002840,CN,华统股份,-,通用,ROE、现金流、资产负债率,-,-,1.9%,12.4%,-,61.4%,-,-,未分红/不适用,-0.8%,10,10,100,High,未知,排除,0,10年内亏损年份过多；10年ROE波动较大；10年净利润波动较大；长期ROE低于5%
002841,CN,视源股份,-,通用,ROE、现金流、资产负债率,-,-,28.0%,19.9%,-,46.9%,-,-,未分红/不适用,3.5%,10,10,100,High,未知,警惕,85,10年ROE波动较大
002842,CN,翔鹭钨业,-,通用,ROE、现金流、资产负债率,-,-,3.3%,10.3%,-,57.0%,-,-,未分红/不适用,12.1%,10,10,100,High,未知,排除,5,10年内亏损年份过多；10年净利润波动较大；长期ROE低于5%
002843,CN,泰嘉股份,-,通用,ROE、现金流、资产负债率,-,-,9.4%,6.2%,-,44.4%,-,-,未分红/不适用,30.5%,10,10,100,High,未知,警惕,85,10年净利润波动较大
002846,CN,英联股份,-,通用,ROE、现金流、资产负债率,-,-,6.1%,7.8%,-,61.2%,-,-,未分红/不适用,5.4%,10,10,100,High,未知,警惕,85,10年净利润波动较大
002847,CN,盐津铺子,-,通用,ROE、现金流、资产负债率,-,-,26.5%,10.9%,-,47.1%,-,-,未分红/不适用,26.1%,10,10,100,High,未知,警惕,85,10年净利润波动较大
002849,CN,威星智能,-,通用,ROE、现金流、资产负债率,-,-,8.7%,5.4%,-,49.0%,-,-,未分红/不适用,9.6%,10,10,100,High,未知,通过,100,-
002850,CN,科达利,-,通用,ROE、现金流、资产负债率,-,-,13.2%,7.3%,-,41.7%,-,-,未分红/不适用,35.8%,10,10,100,High,未知,警惕,85,10年净利润波动较大
002851,CN,麦格米特,-,通用,ROE、现金流、资产负债率,-,-,13.3%,5.1%,-,53.1%,-,-,未分红/不适用,22.6%,10,10,100,High,未知,通过,100,-
002852,CN,道道全,-,通用,ROE、现金流、资产负债率,-,-,5.6%,15.2%,-,44.8%,-,-,未分红/不适用,3.3%,10,10,100,High,未知,排除,30,10年内亏损年份过多；10年ROE波动较大；10年净利润波动较大
002853,CN,皮阿诺,-,通用,ROE、现金流、资产负债率,-,-,2.0%,23.6%,-,36.3%,-,-,未分红/不适用,-25.3%,10,10,100,High,未知,排除,0,10年内亏损年份过多；10年ROE波动较大；10年净利润波动较大；长期ROE低于5%；近5年营收明显下滑
002855,CN,捷荣技术,-,通用,ROE、现金流、资产负债率,-,-,-19.9%,46.6%,-,94.9%,-,-,未分红/不适用,-14.2%,10,10,100,High,未知,排除,0,10年内亏损年份过多；10年ROE波动较大；10年净利润波动较大；长期ROE低于5%；资产负债率过高；近5年营收增长偏弱
002857,CN,三晖电气,-,通用,ROE、现金流、资产负债率,-,-,5.0%,6.9%,-,48.1%,-,-,未分红/不适用,13.4%,10,10,100,High,未知,警惕,85,10年净利润波动较大
002858,CN,力盛体育,-,通用,ROE、现金流、资产负债率,-,-,7.3%,33.1%,-,30.4%,-,-,未分红/不适用,15.3%,10,10,100,High,未知,排除,30,10年内亏损年份过多；10年ROE波动较大；10年净利润波动较大
002859,CN,洁美科技,-,科技,营收增长、自由现金流、研发投入效率,-,-,13.9%,7.4%,-,56.7%,-,-,未分红/不适用,3.1%,10,10,100,High,未知,通过,100,-
002860,CN,星帅尔,-,通用,ROE、现金流、资产负债率,-,-,13.7%,4.9%,-,37.3%,-,-,未分红/不适用,12.0%,10,10,100,High,未知,通过,100,-
002861,CN,瀛通通讯,-,通用,ROE、现金流、资产负债率,-,-,1.8%,9.7%,-,31.2%,-,-,未分红/不适用,-5.3%,10,10,100,High,未知,排除,0,10年内亏损年份过多；10年净利润波动较大；长期ROE低于5%；近5年营收增长偏弱
002862,CN,实丰文化,-,通用,ROE、现金流、资产负债率,-,-,-6.2%,17.7%,-,57.3%,-,-,未分红/不适用,3.4%,10,10,100,High,未知,排除,0,10年内亏损年份过多；10年ROE波动较大；10年净利润波动较大；长期ROE低于5%
002863,CN,今飞凯达,-,通用,ROE、现金流、资产负债率,-,-,6.0%,3.2%,-,68.7%,-,-,未分红/不适用,8.1%,10,10,100,High,未知,通过,100,-
002864,CN,盘龙药业,-,通用,ROE、现金流、资产负债率,-,-,10.5%,2.3%,-,27.3%,-,-,未分红/不适用,6.5%,10,10,100,High,未知,通过,100,-
002865,CN,钧达股份,-,通用,ROE、现金流、资产负债率,-,-,5.3%,27.6%,-,77.7%,-,-,未分红/不适用,27.8%,10,10,100,High,未知,排除,15,10年内亏损年份过多；10年ROE波动较大；10年净利润波动较大；资产负债率偏高
002866,CN,传艺科技,-,科技,营收增长、自由现金流、研发投入效率,-,-,8.3%,7.8%,-,48.2%,-,-,未分红/不适用,2.8%,10,10,100,High,未知,通过,100,-
002867,CN,周大生,-,通用,ROE、现金流、资产负债率,-,-,20.9%,3.4%,-,22.1%,-,-,未分红/不适用,-0.9%,10,10,100,High,未知,通过,100,-
002868,CN,绿康生化,-,通用,ROE、现金流、资产负债率,-,-,17.8%,57.7%,-,91.3%,-,-,未分红/不适用,9.2%,10,10,100,High,未知,排除,0,10年内亏损年份过多；10年ROE波动较大；10年净利润波动较大；资产负债率过高
002869,CN,金溢科技,-,科技,营收增长、自由现金流、研发投入效率,-,-,21.5%,31.3%,-,19.7%,-,-,未分红/不适用,11.4%,10,10,100,High,未知,警惕,70,10年ROE波动较大；10年净利润波动较大
002870,CN,香山股份,-,通用,ROE、现金流、资产负债率,-,-,10.0%,10.8%,-,66.8%,-,-,未分红/不适用,5.4%,10,10,100,High,未知,警惕,85,10年净利润波动较大
002871,CN,伟隆股份,-,通用,ROE、现金流、资产负债率,-,-,13.7%,4.0%,-,22.4%,-,-,未分红/不适用,12.7%,10,10,100,High,未知,通过,100,-
002873,CN,新天药业,-,通用,ROE、现金流、资产负债率,-,-,17.8%,20.6%,-,40.8%,-,-,未分红/不适用,-6.2%,10,10,100,High,未知,警惕,70,10年ROE波动较大；近5年营收增长偏弱
002875,CN,安奈儿,-,通用,ROE、现金流、资产负债率,-,-,-5.6%,18.2%,-,36.7%,-,-,未分红/不适用,-17.7%,10,10,100,High,未知,排除,0,10年内亏损年份过多；10年ROE波动较大；10年净利润波动较大；长期ROE低于5%；近5年营收明显下滑
002876,CN,三利谱,-,通用,ROE、现金流、资产负债率,-,-,7.9%,6.0%,-,60.6%,-,-,未分红/不适用,12.5%,10,10,100,High,未知,警惕,85,10年净利润波动较大
002877,CN,智能自控,-,通用,ROE、现金流、资产负债率,-,-,8.5%,4.1%,-,49.5%,-,-,未分红/不适用,9.2%,10,10,100,High,未知,通过,100,-
002878,CN,元隆雅图,-,通用,ROE、现金流、资产负债率,-,-,11.2%,13.0%,-,46.1%,-,-,未分红/不适用,7.1%,10,10,100,High,未知,警惕,70,10年ROE波动较大；10年净利润波动较大
002879,CN,长缆科技,-,科技,营收增长、自由现金流、研发投入效率,-,-,8.6%,4.5%,-,28.0%,-,-,未分红/不适用,8.0%,10,10,100,High,未知,通过,100,-
002880,CN,卫光生物,-,通用,ROE、现金流、资产负债率,-,-,14.3%,7.6%,-,34.6%,-,-,未分红/不适用,8.7%,10,10,100,High,未知,通过,100,-
002881,CN,美格智能,-,通用,ROE、现金流、资产负债率,-,-,11.5%,6.6%,-,42.6%,-,-,未分红/不适用,17.5%,10,10,100,High,未知,通过,100,-
002882,CN,金龙羽,-,通用,ROE、现金流、资产负债率,-,-,11.1%,5.4%,-,53.3%,-,-,未分红/不适用,0.3%,10,10,100,High,未知,通过,100,-
002884,CN,凌霄泵业,-,通用,ROE、现金流、资产负债率,-,-,20.6%,2.7%,-,7.6%,-,-,未分红/不适用,-4.4%,10,10,100,High,未知,通过,100,-
002885,CN,京泉华,-,通用,ROE、现金流、资产负债率,-,-,8.2%,5.9%,-,53.3%,-,-,未分红/不适用,15.1%,10,10,100,High,未知,通过,100,-
002886,CN,沃特股份,-,通用,ROE、现金流、资产负债率,-,-,10.1%,12.3%,-,50.1%,-,-,未分红/不适用,7.4%,10,10,100,High,未知,警惕,85,10年ROE波动较大
002887,CN,绿茵生态,-,通用,ROE、现金流、资产负债率,-,-,10.6%,7.0%,-,38.7%,-,-,未分红/不适用,-5.1%,10,10,100,High,未知,警惕,85,近5年营收增长偏弱
002888,CN,惠威科技,-,科技,营收增长、自由现金流、研发投入效率,-,-,5.5%,5.5%,-,15.8%,-,-,未分红/不适用,-1.3%,10,10,100,High,未知,警惕,70,科技公司营收增长转负；10年净利润波动较大
002889,CN,东方嘉盛,-,通用,ROE、现金流、资产负债率,-,-,9.7%,2.8%,-,47.1%,-,-,未分红/不适用,7.8%,10,10,100,High,未知,通过,100,-
002890,CN,弘宇股份,-,通用,ROE、现金流、资产负债率,-,-,5.2%,3.8%,-,19.7%,-,-,未分红/不适用,-7.6%,10,10,100,High,未知,警惕,85,近5年营收增长偏弱
002891,CN,中宠股份,-,通用,ROE、现金流、资产负债率,-,-,12.2%,5.5%,-,42.7%,-,-,未分红/不适用,16.0%,10,10,100,High,未知,通过,100,-
002892,CN,科力尔,-,通用,ROE、现金流、资产负债率,-,-,12.0%,8.6%,-,50.5%,-,-,未分红/不适用,6.3%,10,10,100,High,未知,通过,100,-
002893,CN,京能热力,-,通用,ROE、现金流、资产负债率,-,-,7.4%,3.6%,-,52.9%,-,-,未分红/不适用,7.3%,10,10,100,High,未知,通过,100,-
002895,CN,川恒股份,-,通用,ROE、现金流、资产负债率,-,-,11.7%,5.4%,-,36.0%,-,-,未分红/不适用,34.7%,10,10,100,High,未知,警惕,85,10年净利润波动较大
002896,CN,中大力德,-,通用,ROE、现金流、资产负债率,-,-,10.5%,4.4%,-,35.1%,-,-,未分红/不适用,2.2%,10,10,100,High,未知,通过,100,-
002897,CN,意华股份,-,通用,ROE、现金流、资产负债率,-,-,11.1%,5.2%,-,58.7%,-,-,未分红/不适用,9.3%,10,10,100,High,未知,通过,100,-
002899,CN,英派斯,-,通用,ROE、现金流、资产负债率,-,-,7.6%,5.9%,-,38.3%,-,-,未分红/不适用,8.0%,10,10,100,High,未知,通过,100,-
002900,CN,哈三联,-,通用,ROE、现金流、资产负债率,-,-,7.0%,11.4%,-,48.6%,-,-,未分红/不适用,-4.4%,10,10,100,High,未知,警惕,85,10年净利润波动较大
002901,CN,大博医疗,-,通用,ROE、现金流、资产负债率,-,-,23.4%,14.0%,-,25.2%,-,-,未分红/不适用,6.9%,10,10,100,High,未知,警惕,85,10年ROE波动较大
002902,CN,铭普光磁,-,通用,ROE、现金流、资产负债率,-,-,-2.6%,25.5%,-,76.2%,-,-,未分红/不适用,-8.1%,10,10,100,High,未知,排除,0,10年内亏损年份过多；10年ROE波动较大；10年净利润波动较大；长期ROE低于5%；资产负债率偏高；近5年营收增长偏弱
002903,CN,宇环数控,-,通用,ROE、现金流、资产负债率,-,-,15.4%,20.1%,-,31.1%,-,-,未分红/不适用,-1.6%,10,10,100,High,未知,警惕,70,10年ROE波动较大；10年净利润波动较大
002905,CN,金逸影视,-,通用,ROE、现金流、资产负债率,-,-,-15.6%,49.4%,-,96.4%,-,-,未分红/不适用,-4.2%,10,10,100,High,未知,排除,0,10年内亏损年份过多；10年ROE波动较大；10年净利润波动较大；长期ROE低于5%；资产负债率过高
002906,CN,华阳集团,-,通用,ROE、现金流、资产负债率,-,-,12.9%,12.8%,-,51.1%,-,-,未分红/不适用,30.6%,10,10,100,High,未知,警惕,85,10年ROE波动较大
002907,CN,华森制药,-,通用,ROE、现金流、资产负债率,-,-,11.6%,7.7%,-,15.8%,-,-,未分红/不适用,-0.6%,10,10,100,High,未知,通过,100,-
002908,CN,德生科技,-,科技,营收增长、自由现金流、研发投入效率,-,-,17.1%,22.4%,-,22.9%,-,-,未分红/不适用,-6.8%,10,10,100,High,未知,警惕,55,科技公司营收增长转负；10年ROE波动较大；近5年营收增长偏弱
002909,CN,集泰股份,-,通用,ROE、现金流、资产负债率,-,-,8.2%,8.6%,-,61.3%,-,-,未分红/不适用,-10.3%,10,10,100,High,未知,警惕,70,10年净利润波动较大；近5年营收增长偏弱
002910,CN,庄园牧场,-,通用,ROE、现金流、资产负债率,-,-,9.3%,27.7%,-,55.8%,-,-,未分红/不适用,-2.6%,10,10,100,High,未知,排除,30,10年内亏损年份过多；10年ROE波动较大；10年净利润波动较大
002911,CN,佛燃能源,-,通用,ROE、现金流、资产负债率,-,-,17.1%,3.0%,-,49.3%,-,-,未分红/不适用,25.5%,10,10,100,High,未知,通过,100,-
002912,CN,中新赛克,-,通用,ROE、现金流、资产负债率,-,-,10.2%,9.5%,-,19.5%,-,-,未分红/不适用,2.0%,10,10,100,High,未知,警惕,85,10年净利润波动较大
002913,CN,奥士康,-,通用,ROE、现金流、资产负债率,-,-,13.4%,6.0%,-,49.8%,-,-,未分红/不适用,5.7%,10,10,100,High,未知,通过,100,-
002915,CN,中欣氟材,-,通用,ROE、现金流、资产负债率,-,-,3.9%,11.5%,-,54.7%,-,-,未分红/不适用,0.7%,10,10,100,High,未知,排除,5,10年内亏损年份过多；10年净利润波动较大；长期ROE低于5%
002916,CN,深南电路,-,通用,ROE、现金流、资产负债率,-,-,19.6%,5.6%,-,43.8%,-,-,未分红/不适用,14.1%,10,10,100,High,未知,通过,100,-
002917,CN,金奥博,-,通用,ROE、现金流、资产负债率,-,-,11.7%,9.2%,-,37.1%,-,-,未分红/不适用,21.4%,10,10,100,High,未知,通过,100,-
002918,CN,蒙娜丽莎,-,通用,ROE、现金流、资产负债率,-,-,12.7%,13.7%,-,46.6%,-,-,未分红/不适用,-13.4%,10,10,100,High,未知,警惕,55,10年ROE波动较大；10年净利润波动较大；近5年营收增长偏弱
002919,CN,名臣健康,-,通用,ROE、现金流、资产负债率,-,-,10.1%,6.6%,-,37.2%,-,-,未分红/不适用,19.4%,10,10,100,High,未知,通过,100,-
002920,CN,德赛西威,-,通用,ROE、现金流、资产负债率,-,-,23.0%,14.8%,-,47.9%,-,-,未分红/不适用,35.8%,10,10,100,High,未知,警惕,85,10年ROE波动较大
002921,CN,联诚精密,-,通用,ROE、现金流、资产负债率,-,-,9.2%,12.0%,-,41.5%,-,-,未分红/不适用,-1.1%,10,10,100,High,未知,警惕,85,10年净利润波动较大
002922,CN,伊戈尔,-,通用,ROE、现金流、资产负债率,-,-,9.7%,4.4%,-,57.9%,-,-,未分红/不适用,23.9%,10,10,100,High,未知,通过,100,-
002923,CN,润都股份,-,通用,ROE、现金流、资产负债率,-,-,11.5%,8.6%,-,48.8%,-,-,未分红/不适用,-0.3%,10,10,100,High,未知,通过,100,-
002925,CN,盈趣科技,-,科技,营收增长、自由现金流、研发投入效率,-,-,28.7%,26.3%,-,38.2%,-,-,未分红/不适用,-12.5%,10,10,100,High,未知,警惕,55,科技公司营收增长转负；10年ROE波动较大；近5年营收增长偏弱
002926,CN,华西证券,-,通用,ROE、现金流、资产负债率,-,-,6.5%,4.0%,-,62.8%,-,-,未分红/不适用,-2.6%,10,20,100,High,未知,通过,100,-
002927,CN,泰永长征,-,通用,ROE、现金流、资产负债率,-,-,4.8%,21.4%,-,34.4%,-,-,未分红/不适用,-3.0%,10,10,100,High,未知,排除,45,10年ROE波动较大；长期ROE低于5%
002928,CN,华夏航空,-,通用,ROE、现金流、资产负债率,-,-,7.2%,34.9%,-,83.8%,-,-,未分红/不适用,17.1%,10,10,100,High,未知,排除,15,10年内亏损年份过多；10年ROE波动较大；10年净利润波动较大；资产负债率偏高
002929,CN,润建股份,-,通用,ROE、现金流、资产负债率,-,-,16.9%,16.7%,-,69.4%,-,-,未分红/不适用,11.9%,10,10,100,High,未知,警惕,85,10年ROE波动较大
002930,CN,宏川智慧,-,通用,ROE、现金流、资产负债率,-,-,6.3%,8.9%,-,71.1%,-,-,未分红/不适用,2.3%,10,10,100,High,未知,警惕,70,10年净利润波动较大；资产负债率偏高
002931,CN,锋龙股份,-,通用,ROE、现金流、资产负债率,-,-,7.5%,40.6%,-,17.2%,-,-,未分红/不适用,-8.8%,10,10,100,High,未知,警惕,70,10年ROE波动较大；近5年营收增长偏弱
002933,CN,新兴装备,-,通用,ROE、现金流、资产负债率,-,-,14.9%,30.6%,-,35.1%,-,-,未分红/不适用,13.9%,10,10,100,High,未知,警惕,70,10年ROE波动较大；10年净利润波动较大
002936,CN,郑州银行,-,银行,不良率、拨备覆盖、资本充足率,-,-,8.7%,6.3%,-,92.4%,-,-,未分红/不适用,-3.3%,10,20,100,High,未知,排除,45,银行需补充不良率/拨备/资本充足率专项数据；资产负债率过高
002937,CN,兴瑞科技,-,科技,营收增长、自由现金流、研发投入效率,-,-,17.1%,5.1%,-,38.2%,-,-,未分红/不适用,8.9%,10,10,100,High,未知,通过,100,-
002938,CN,鹏鼎控股,-,通用,ROE、现金流、资产负债率,-,-,14.4%,3.5%,-,28.9%,-,-,未分红/不适用,4.1%,10,10,100,High,未知,通过,100,-
002939,CN,长城证券,-,通用,ROE、现金流、资产负债率,-,-,6.3%,1.8%,-,66.5%,-,-,未分红/不适用,-9.5%,10,20,100,High,未知,警惕,85,近5年营收增长偏弱
002940,CN,昂利康,-,通用,ROE、现金流、资产负债率,-,-,15.0%,9.1%,-,36.7%,-,-,未分红/不适用,0.8%,10,10,100,High,未知,通过,100,-
002941,CN,新疆交建,-,通用,ROE、现金流、资产负债率,-,-,11.7%,4.5%,-,71.2%,-,-,未分红/不适用,-5.1%,10,10,100,High,未知,警惕,70,资产负债率偏高；近5年营收增长偏弱
002942,CN,新农股份,-,通用,ROE、现金流、资产负债率,-,-,14.8%,11.2%,-,26.4%,-,-,未分红/不适用,-1.2%,10,10,100,High,未知,通过,100,-
002943,CN,宇晶股份,-,通用,ROE、现金流、资产负债率,-,-,-10.0%,42.3%,-,67.6%,-,-,未分红/不适用,16.3%,10,10,100,High,未知,排除,0,10年内亏损年份过多；10年ROE波动较大；10年净利润波动较大；长期ROE低于5%
002945,CN,华林证券,-,通用,ROE、现金流、资产负债率,-,-,14.2%,13.2%,-,46.1%,-,-,未分红/不适用,5.0%,10,20,100,High,未知,警惕,85,10年ROE波动较大
002946,CN,新乳业,-,通用,ROE、现金流、资产负债率,-,-,15.9%,3.4%,-,56.5%,-,-,未分红/不适用,5.8%,10,10,100,High,未知,通过,100,-
002947,CN,恒铭达,-,通用,ROE、现金流、资产负债率,-,-,17.2%,9.2%,-,29.6%,-,-,未分红/不适用,26.1%,10,10,100,High,未知,警惕,85,10年净利润波动较大
002948,CN,青岛银行,-,银行,不良率、拨备覆盖、资本充足率,-,-,10.2%,1.6%,-,93.8%,-,-,未分红/不适用,7.0%,10,20,100,High,未知,排除,45,银行需补充不良率/拨备/资本充足率专项数据；资产负债率过高
002949,CN,华阳国际,-,通用,ROE、现金流、资产负债率,-,-,14.4%,8.5%,-,43.5%,-,-,未分红/不适用,-19.6%,10,10,100,High,未知,排除,60,近5年营收明显下滑
002950,CN,奥美医疗,-,通用,ROE、现金流、资产负债率,-,-,17.5%,11.0%,-,35.5%,-,-,未分红/不适用,5.8%,10,10,100,High,未知,通过,100,-
002951,CN,金时科技,-,科技,营收增长、自由现金流、研发投入效率,-,-,9.2%,21.1%,-,21.6%,-,-,未分红/不适用,2.7%,10,10,100,High,未知,排除,30,10年内亏损年份过多；10年ROE波动较大；10年净利润波动较大
002952,CN,亚世光电,-,通用,ROE、现金流、资产负债率,-,-,14.9%,13.7%,-,21.8%,-,-,未分红/不适用,11.0%,10,10,100,High,未知,警惕,85,10年ROE波动较大
002953,CN,日丰股份,-,通用,ROE、现金流、资产负债率,-,-,13.2%,6.3%,-,41.3%,-,-,未分红/不适用,8.9%,10,10,100,High,未知,通过,100,-
002955,CN,鸿合科技,-,科技,营收增长、自由现金流、研发投入效率,-,-,15.9%,15.1%,-,25.4%,-,-,未分红/不适用,-13.6%,10,10,100,High,未知,警惕,55,科技公司营收增长转负；10年ROE波动较大；近5年营收增长偏弱
002956,CN,西麦食品,-,消费,ROE、毛利率稳定性、分红稳定性,-,-,15.2%,8.7%,-,28.4%,-,-,未分红/不适用,18.0%,10,10,100,High,未知,通过,100,-
002958,CN,青农商行,-,通用,ROE、现金流、资产负债率,-,-,10.4%,2.7%,-,91.0%,-,-,未分红/不适用,-0.7%,10,20,100,High,未知,排除,60,资产负债率过高
002959,CN,小熊电器,-,通用,ROE、现金流、资产负债率,-,-,38.3%,38.2%,-,45.8%,-,-,未分红/不适用,9.7%,10,10,100,High,未知,警惕,85,10年ROE波动较大
002960,CN,青鸟智控,-,通用,ROE、现金流、资产负债率,-,-,18.6%,11.7%,-,34.2%,-,-,未分红/不适用,5.0%,10,10,100,High,未知,通过,100,-
002961,CN,瑞达期货,-,通用,ROE、现金流、资产负债率,-,-,14.0%,5.1%,-,85.0%,-,-,未分红/不适用,-12.9%,10,20,100,High,未知,排除,45,资产负债率过高；近5年营收增长偏弱
002962,CN,五方光电,-,通用,ROE、现金流、资产负债率,-,-,18.7%,25.6%,-,19.6%,-,-,未分红/不适用,10.6%,10,10,100,High,未知,警惕,85,10年ROE波动较大
002963,CN,豪尔赛,-,通用,ROE、现金流、资产负债率,-,-,14.1%,28.1%,-,26.5%,-,-,未分红/不适用,-18.6%,10,10,100,High,未知,排除,0,10年内亏损年份过多；10年ROE波动较大；10年净利润波动较大；近5年营收明显下滑
002965,CN,祥鑫科技,-,科技,营收增长、自由现金流、研发投入效率,-,-,13.7%,7.5%,-,54.6%,-,-,未分红/不适用,35.2%,10,10,100,High,未知,通过,100,-
002966,CN,苏州银行,-,银行,不良率、拨备覆盖、资本充足率,-,-,10.5%,1.0%,-,92.0%,-,-,未分红/不适用,3.4%,10,20,100,High,未知,排除,45,银行需补充不良率/拨备/资本充足率专项数据；资产负债率过高
002967,CN,广电计量,-,通用,ROE、现金流、资产负债率,-,-,12.3%,5.3%,-,44.6%,-,-,未分红/不适用,12.5%,10,10,100,High,未知,通过,100,-
002968,CN,新大正,-,通用,ROE、现金流、资产负债率,-,-,22.4%,12.1%,-,37.5%,-,-,未分红/不适用,9.6%,10,10,100,High,未知,警惕,85,10年ROE波动较大
002969,CN,嘉美包装,-,通用,ROE、现金流、资产负债率,-,-,14.7%,21.0%,-,41.5%,-,-,未分红/不适用,-5.0%,10,10,100,High,未知,警惕,85,10年ROE波动较大
002970,CN,锐明技术,-,通用,ROE、现金流、资产负债率,-,-,20.4%,17.5%,-,36.5%,-,-,未分红/不适用,9.7%,10,10,100,High,未知,警惕,70,10年ROE波动较大；10年净利润波动较大
002971,CN,和远气体,-,通用,ROE、现金流、资产负债率,-,-,9.0%,3.8%,-,72.3%,-,-,未分红/不适用,13.8%,10,10,100,High,未知,警惕,85,资产负债率偏高
002972,CN,科安达,-,通用,ROE、现金流、资产负债率,-,-,13.8%,6.7%,-,13.6%,-,-,未分红/不适用,-1.4%,10,10,100,High,未知,通过,100,-
002973,CN,侨银股份,-,通用,ROE、现金流、资产负债率,-,-,18.0%,7.8%,-,66.1%,-,-,未分红/不适用,2.0%,10,10,100,High,未知,通过,100,-
002975,CN,博杰股份,-,通用,ROE、现金流、资产负债率,-,-,18.4%,15.0%,-,28.8%,-,-,未分红/不适用,10.9%,10,10,100,High,未知,警惕,70,10年ROE波动较大；10年净利润波动较大
002976,CN,瑞玛精密,-,通用,ROE、现金流、资产负债率,-,-,22.6%,24.8%,-,52.5%,-,-,未分红/不适用,29.3%,10,10,100,High,未知,警惕,85,10年ROE波动较大
002978,CN,安宁股份,-,通用,ROE、现金流、资产负债率,-,-,21.8%,9.8%,-,48.5%,-,-,未分红/不适用,-3.4%,10,10,100,High,未知,通过,100,-
002979,CN,雷赛智能,-,通用,ROE、现金流、资产负债率,-,-,18.2%,4.3%,-,42.4%,-,-,未分红/不适用,11.7%,10,10,100,High,未知,通过,100,-
002980,CN,华盛昌,-,通用,ROE、现金流、资产负债率,-,-,20.1%,13.4%,-,25.0%,-,-,未分红/不适用,2.1%,10,10,100,High,未知,警惕,85,10年ROE波动较大
002981,CN,朝阳科技,-,科技,营收增长、自由现金流、研发投入效率,-,-,12.9%,9.7%,-,34.0%,-,-,未分红/不适用,8.6%,10,10,100,High,未知,通过,100,-
002982,CN,湘佳股份,-,通用,ROE、现金流、资产负债率,-,-,10.2%,11.6%,-,60.2%,-,-,未分红/不适用,10.4%,10,10,100,High,未知,警惕,85,10年净利润波动较大
002983,CN,芯瑞达,-,通用,ROE、现金流、资产负债率,-,-,15.6%,7.5%,-,27.1%,-,-,未分红/不适用,4.8%,10,10,100,High,未知,通过,100,-
002984,CN,森麒麟,-,通用,ROE、现金流、资产负债率,-,-,16.7%,4.7%,-,24.9%,-,-,未分红/不适用,13.6%,10,10,100,High,未知,通过,100,-
002985,CN,北摩高科,-,通用,ROE、现金流、资产负债率,-,-,20.3%,15.5%,-,28.3%,-,-,未分红/不适用,-5.1%,10,10,100,High,未知,警惕,70,10年ROE波动较大；近5年营收增长偏弱
002986,CN,宇新股份,-,通用,ROE、现金流、资产负债率,-,-,8.8%,40.2%,-,59.5%,-,-,未分红/不适用,26.3%,10,10,100,High,未知,警惕,85,10年ROE波动较大
002987,CN,京北方,-,通用,ROE、现金流、资产负债率,-,-,16.2%,6.3%,-,16.3%,-,-,未分红/不适用,12.2%,10,10,100,High,未知,通过,100,-
002988,CN,豪美新材,-,通用,ROE、现金流、资产负债率,-,-,7.0%,4.9%,-,60.5%,-,-,未分红/不适用,8.6%,10,10,100,High,未知,通过,100,-
002989,CN,中天精装,-,通用,ROE、现金流、资产负债率,-,-,12.2%,21.6%,-,29.1%,-,-,未分红/不适用,-39.1%,10,10,100,High,未知,排除,30,10年ROE波动较大；10年净利润波动较大；近5年营收明显下滑
002990,CN,盛视科技,-,科技,营收增长、自由现金流、研发投入效率,-,-,19.1%,14.8%,-,34.5%,-,-,未分红/不适用,6.4%,10,10,100,High,未知,警惕,85,10年ROE波动较大
002991,CN,甘源食品,-,消费,ROE、毛利率稳定性、分红稳定性,-,-,20.9%,9.0%,-,20.9%,-,-,未分红/不适用,12.8%,10,10,100,High,未知,通过,100,-
002992,CN,宝明科技,-,科技,营收增长、自由现金流、研发投入效率,-,-,1.4%,19.1%,-,64.4%,-,-,未分红/不适用,4.1%,10,10,100,High,未知,排除,0,10年内亏损年份过多；10年ROE波动较大；10年净利润波动较大；长期ROE低于5%
002993,CN,奥海科技,-,科技,营收增长、自由现金流、研发投入效率,-,-,19.5%,12.4%,-,49.6%,-,-,未分红/不适用,13.9%,10,10,100,High,未知,警惕,85,10年ROE波动较大
002995,CN,天地在线,-,通用,ROE、现金流、资产负债率,-,-,20.6%,25.6%,-,25.8%,-,-,未分红/不适用,-27.4%,10,10,100,High,未知,排除,0,10年内亏损年份过多；10年ROE波动较大；10年净利润波动较大；近5年营收明显下滑
002996,CN,顺博合金,-,通用,ROE、现金流、资产负债率,-,-,11.6%,5.7%,-,78.2%,-,-,未分红/不适用,12.5%,10,10,100,High,未知,警惕,85,资产负债率偏高
002997,CN,瑞鹄模具,-,通用,ROE、现金流、资产负债率,-,-,19.2%,7.2%,-,60.7%,-,-,未分红/不适用,33.2%,10,10,100,High,未知,通过,100,-
002998,CN,优彩资源,-,通用,ROE、现金流、资产负债率,-,-,9.3%,4.1%,-,28.8%,-,-,未分红/不适用,13.8%,10,10,100,High,未知,通过,100,-
002999,CN,天禾股份,-,通用,ROE、现金流、资产负债率,-,-,8.7%,3.9%,-,78.4%,-,-,未分红/不适用,1.1%,10,10,100,High,未知,警惕,85,资产负债率偏高
003000,CN,劲仔食品,-,消费,ROE、毛利率稳定性、分红稳定性,-,-,17.4%,4.2%,-,36.3%,-,-,未分红/不适用,21.8%,10,10,100,High,未知,通过,100,-
003001,CN,中岩大地,-,通用,ROE、现金流、资产负债率,-,-,14.7%,16.3%,-,32.4%,-,-,未分红/不适用,-18.2%,10,10,100,High,未知,排除,30,10年ROE波动较大；10年净利润波动较大；近5年营收明显下滑
003002,CN,壶化股份,-,通用,ROE、现金流、资产负债率,-,-,11.5%,2.8%,-,29.7%,-,-,未分红/不适用,15.5%,10,10,100,High,未知,通过,100,-
003003,CN,天元股份,-,通用,ROE、现金流、资产负债率,-,-,5.2%,12.8%,-,29.9%,-,-,未分红/不适用,-5.7%,10,10,100,High,未知,警惕,70,10年ROE波动较大；近5年营收增长偏弱
003005,CN,竞业达,-,通用,ROE、现金流、资产负债率,-,-,28.1%,20.8%,-,16.5%,-,-,未分红/不适用,-7.6%,10,10,100,High,未知,警惕,70,10年ROE波动较大；近5年营收增长偏弱
003006,CN,百亚股份,-,通用,ROE、现金流、资产负债率,-,-,17.2%,3.3%,-,31.3%,-,-,未分红/不适用,24.3%,10,10,100,High,未知,通过,100,-
003007,CN,直真科技,-,科技,营收增长、自由现金流、研发投入效率,-,-,9.8%,9.4%,-,60.5%,-,-,未分红/不适用,6.1%,10,10,100,High,未知,警惕,85,10年净利润波动较大
003008,CN,开普检测,-,通用,ROE、现金流、资产负债率,-,-,25.1%,24.3%,-,5.1%,-,-,未分红/不适用,12.8%,10,10,100,High,未知,警惕,85,10年ROE波动较大
003009,CN,中天火箭,-,通用,ROE、现金流、资产负债率,-,-,8.3%,6.6%,-,50.6%,-,-,未分红/不适用,-6.3%,10,10,100,High,未知,警惕,70,10年净利润波动较大；近5年营收增长偏弱
003010,CN,若羽臣,-,通用,ROE、现金流、资产负债率,-,-,13.7%,8.1%,-,67.1%,-,-,未分红/不适用,27.8%,10,10,100,High,未知,通过,100,-
003011,CN,海象新材,-,通用,ROE、现金流、资产负债率,-,-,21.3%,20.9%,-,33.0%,-,-,未分红/不适用,-9.5%,10,10,100,High,未知,警惕,70,10年ROE波动较大；近5年营收增长偏弱
003012,CN,东鹏控股,-,通用,ROE、现金流、资产负债率,-,-,14.0%,11.6%,-,34.0%,-,-,未分红/不适用,-6.6%,10,10,100,High,未知,警惕,85,近5年营收增长偏弱
003013,CN,地铁设计,-,通用,ROE、现金流、资产负债率,-,-,21.9%,3.9%,-,50.3%,-,-,未分红/不适用,1.9%,10,10,100,High,未知,通过,100,-
003015,CN,日久光电,-,通用,ROE、现金流、资产负债率,-,-,9.7%,5.7%,-,13.6%,-,-,未分红/不适用,8.1%,10,10,100,High,未知,通过,100,-
003016,CN,欣贺股份,-,通用,ROE、现金流、资产负债率,-,-,13.7%,19.3%,-,25.3%,-,-,未分红/不适用,-8.4%,10,10,100,High,未知,警惕,70,10年ROE波动较大；近5年营收增长偏弱
003017,CN,大洋生物,-,通用,ROE、现金流、资产负债率,-,-,11.8%,5.1%,-,37.5%,-,-,未分红/不适用,7.5%,10,10,100,High,未知,通过,100,-
003018,CN,金富科技,-,科技,营收增长、自由现金流、研发投入效率,-,-,13.1%,8.0%,-,21.6%,-,-,未分红/不适用,3.6%,10,10,100,High,未知,通过,100,-
003019,CN,宸展光电,-,通用,ROE、现金流、资产负债率,-,-,25.2%,18.4%,-,35.9%,-,-,未分红/不适用,12.2%,10,10,100,High,未知,警惕,85,10年ROE波动较大
003020,CN,立方制药,-,通用,ROE、现金流、资产负债率,-,-,17.3%,5.7%,-,24.5%,-,-,未分红/不适用,-9.1%,10,10,100,High,未知,警惕,85,近5年营收增长偏弱
003021,CN,兆威机电,-,通用,ROE、现金流、资产负债率,-,-,26.4%,25.0%,-,19.3%,-,-,未分红/不适用,10.8%,10,10,100,High,未知,警惕,85,10年ROE波动较大
003022,CN,联泓新科,-,通用,ROE、现金流、资产负债率,-,-,10.8%,6.5%,-,67.0%,-,-,未分红/不适用,-4.4%,10,10,100,High,未知,通过,100,-
003023,CN,彩虹集团,-,通用,ROE、现金流、资产负债率,-,-,11.0%,5.2%,-,22.7%,-,-,未分红/不适用,0.0%,10,10,100,High,未知,通过,100,-
003025,CN,思进智能,-,通用,ROE、现金流、资产负债率,-,-,17.4%,4.7%,-,23.7%,-,-,未分红/不适用,11.3%,10,10,100,High,未知,通过,100,-
003026,CN,中晶科技,-,科技,营收增长、自由现金流、研发投入效率,-,-,14.0%,11.0%,-,46.8%,-,-,未分红/不适用,-0.5%,10,10,100,High,未知,警惕,70,科技公司营收增长转负；10年净利润波动较大
003027,CN,同兴科技,-,科技,营收增长、自由现金流、研发投入效率,-,-,16.2%,14.1%,-,26.7%,-,-,未分红/不适用,-6.2%,10,10,100,High,未知,警惕,55,科技公司营收增长转负；10年ROE波动较大；近5年营收增长偏弱
003028,CN,振邦智能,-,通用,ROE、现金流、资产负债率,-,-,23.0%,12.4%,-,35.1%,-,-,未分红/不适用,0.9%,10,10,100,High,未知,警惕,85,10年ROE波动较大
003029,CN,吉大正元,-,通用,ROE、现金流、资产负债率,-,-,3.9%,11.6%,-,35.7%,-,-,未分红/不适用,-16.0%,10,10,100,High,未知,排除,0,10年内亏损年份过多；10年净利润波动较大；长期ROE低于5%；近5年营收明显下滑
003030,CN,祖名股份,-,通用,ROE、现金流、资产负债率,-,-,9.1%,7.5%,-,54.6%,-,-,未分红/不适用,10.9%,10,10,100,High,未知,通过,100,-
003031,CN,中瓷电子,-,科技,营收增长、自由现金流、研发投入效率,-,-,16.9%,6.6%,-,19.3%,-,-,未分红/不适用,29.8%,10,10,100,High,未知,警惕,85,10年净利润波动较大
003033,CN,征和工业,-,通用,ROE、现金流、资产负债率,-,-,17.7%,6.9%,-,45.0%,-,-,未分红/不适用,9.1%,10,10,100,High,未知,通过,100,-
003035,CN,南网能源,-,通用,ROE、现金流、资产负债率,-,-,-0.4%,30.5%,-,66.2%,-,-,未分红/不适用,8.9%,10,10,100,High,未知,排除,45,10年ROE波动较大；长期ROE低于5%
003036,CN,泰坦股份,-,通用,ROE、现金流、资产负债率,-,-,9.1%,2.9%,-,54.7%,-,-,未分红/不适用,5.0%,10,10,100,High,未知,通过,100,-
003037,CN,三和管桩,-,通用,ROE、现金流、资产负债率,-,-,22.1%,26.6%,-,59.7%,-,-,未分红/不适用,-7.0%,10,10,100,High,未知,警惕,70,10年ROE波动较大；近5年营收增长偏弱
003038,CN,鑫铂股份,-,通用,ROE、现金流、资产负债率,-,-,15.7%,12.7%,-,74.8%,-,-,未分红/不适用,33.5%,9,9,100,High,未知,警惕,55,10年ROE波动较大；10年净利润波动较大；资产负债率偏高
003039,CN,顺控发展,-,通用,ROE、现金流、资产负债率,-,-,12.5%,3.4%,-,52.6%,-,-,未分红/不适用,13.6%,10,10,100,High,未知,通过,100,-
003040,CN,楚天龙,-,通用,ROE、现金流、资产负债率,-,-,13.1%,13.9%,-,26.2%,-,-,未分红/不适用,-6.5%,9,9,100,High,未知,警惕,70,10年ROE波动较大；近5年营收增长偏弱
003041,CN,真爱美家,-,通用,ROE、现金流、资产负债率,-,-,13.9%,5.6%,-,35.2%,-,-,未分红/不适用,1.3%,10,10,100,High,未知,通过,100,-
003042,CN,中农联合,-,通用,ROE、现金流、资产负债率,-,-,9.5%,17.7%,-,68.1%,-,-,未分红/不适用,3.4%,10,10,100,High,未知,排除,30,10年内亏损年份过多；10年ROE波动较大；10年净利润波动较大
003043,CN,华亚智能,-,通用,ROE、现金流、资产负债率,-,-,15.7%,7.1%,-,31.7%,-,-,未分红/不适用,17.3%,10,10,100,High,未知,通过,100,-
003816,CN,中国广核,-,通用,ROE、现金流、资产负债率,-,-,11.2%,2.2%,-,65.2%,-,-,未分红/不适用,-1.6%,10,10,100,High,未知,通过,100,-
300001,CN,特锐德,-,通用,ROE、现金流、资产负债率,-,-,8.3%,3.9%,-,63.0%,-,-,未分红/不适用,13.7%,10,10,100,High,未知,警惕,85,10年净利润波动较大
300002,CN,神州泰岳,-,通用,ROE、现金流、资产负债率,-,-,6.1%,15.1%,-,12.6%,-,-,未分红/不适用,7.8%,10,10,100,High,未知,警惕,70,10年ROE波动较大；10年净利润波动较大
300003,CN,乐普医疗,-,通用,ROE、现金流、资产负债率,-,-,14.5%,7.2%,-,32.1%,-,-,未分红/不适用,-11.7%,10,10,100,High,未知,警惕,85,近5年营收增长偏弱
300004,CN,南风股份,-,通用,ROE、现金流、资产负债率,-,-,12.2%,44.6%,-,18.6%,-,-,未分红/不适用,-9.4%,10,10,100,High,未知,排除,15,10年内亏损年份过多；10年ROE波动较大；10年净利润波动较大；近5年营收增长偏弱
300005,CN,探路者,-,通用,ROE、现金流、资产负债率,-,-,0.8%,6.3%,-,26.8%,-,-,未分红/不适用,2.7%,10,10,100,High,未知,排除,5,10年内亏损年份过多；10年净利润波动较大；长期ROE低于5%
300006,CN,莱美药业,-,通用,ROE、现金流、资产负债率,-,-,-4.6%,21.2%,-,31.5%,-,-,未分红/不适用,-10.8%,10,10,100,High,未知,排除,0,10年内亏损年份过多；10年ROE波动较大；10年净利润波动较大；长期ROE低于5%；近5年营收增长偏弱
300007,CN,汉威科技,-,科技,营收增长、自由现金流、研发投入效率,-,-,6.4%,6.3%,-,40.7%,-,-,未分红/不适用,1.0%,10,10,100,High,未知,警惕,85,10年净利润波动较大
300008,CN,天海防务,-,通用,ROE、现金流、资产负债率,-,-,-11.8%,40.7%,-,59.0%,-,-,未分红/不适用,34.3%,10,10,100,High,未知,排除,30,10年ROE波动较大；10年净利润波动较大；长期ROE低于5%
300009,CN,安科生物,-,通用,ROE、现金流、资产负债率,-,-,16.0%,6.3%,-,14.6%,-,-,未分红/不适用,5.1%,10,10,100,High,未知,通过,100,-
300011,CN,鼎汉技术,-,通用,ROE、现金流、资产负债率,-,-,2.8%,31.0%,-,61.4%,-,-,未分红/不适用,5.7%,10,10,100,High,未知,排除,0,10年内亏损年份过多；10年ROE波动较大；10年净利润波动较大；长期ROE低于5%
300012,CN,华测检测,-,通用,ROE、现金流、资产负债率,-,-,13.5%,4.7%,-,23.9%,-,-,未分红/不适用,11.2%,10,10,100,High,未知,通过,100,-
300013,CN,新宁物流,-,通用,ROE、现金流、资产负债率,-,-,-23.3%,80.5%,-,71.9%,-,-,未分红/不适用,-4.9%,10,10,100,High,未知,排除,0,10年内亏损年份过多；10年ROE波动较大；10年净利润波动较大；长期ROE低于5%；资产负债率偏高
300014,CN,亿纬锂能,-,通用,ROE、现金流、资产负债率,-,-,16.4%,4.5%,-,64.2%,-,-,未分红/不适用,38.1%,10,10,100,High,未知,通过,100,-
300015,CN,爱尔眼科,-,通用,ROE、现金流、资产负债率,-,-,19.7%,2.3%,-,36.2%,-,-,未分红/不适用,10.5%,10,10,100,High,未知,通过,100,-
300016,CN,北陆药业,-,通用,ROE、现金流、资产负债率,-,-,21.6%,28.2%,-,27.8%,-,-,未分红/不适用,8.8%,10,10,100,High,未知,警惕,70,10年ROE波动较大；10年净利润波动较大
300017,CN,网宿科技,-,科技,营收增长、自由现金流、研发投入效率,-,-,11.0%,11.7%,-,13.0%,-,-,未分红/不适用,0.5%,10,10,100,High,未知,通过,100,-
300018,CN,中元股份,-,通用,ROE、现金流、资产负债率,-,-,9.2%,26.8%,-,17.7%,-,-,未分红/不适用,11.7%,10,10,100,High,未知,警惕,70,10年ROE波动较大；10年净利润波动较大
300019,CN,硅宝科技,-,科技,营收增长、自由现金流、研发投入效率,-,-,12.6%,4.0%,-,34.0%,-,-,未分红/不适用,10.1%,10,10,100,High,未知,通过,100,-
300021,CN,大禹节水,-,通用,ROE、现金流、资产负债率,-,-,5.7%,2.3%,-,70.6%,-,-,未分红/不适用,1.7%,10,10,100,High,未知,警惕,85,资产负债率偏高
300022,CN,吉峰科技,-,科技,营收增长、自由现金流、研发投入效率,-,-,-9.8%,32.2%,-,59.1%,-,-,未分红/不适用,3.8%,10,10,100,High,未知,排除,0,10年内亏损年份过多；10年ROE波动较大；10年净利润波动较大；长期ROE低于5%
300024,CN,机器人,-,通用,ROE、现金流、资产负债率,-,-,-0.3%,7.4%,-,61.8%,-,-,未分红/不适用,5.7%,10,10,100,High,未知,排除,5,10年内亏损年份过多；10年净利润波动较大；长期ROE低于5%
300025,CN,华星创业,-,通用,ROE、现金流、资产负债率,-,-,-12.9%,16.3%,-,45.3%,-,-,未分红/不适用,-5.6%,10,10,100,High,未知,排除,0,10年内亏损年份过多；10年ROE波动较大；10年净利润波动较大；长期ROE低于5%；近5年营收增长偏弱
300026,CN,红日药业,-,通用,ROE、现金流、资产负债率,-,-,10.7%,7.1%,-,16.7%,-,-,未分红/不适用,-10.4%,10,10,100,High,未知,警惕,85,近5年营收增长偏弱
300030,CN,阳普医疗,-,通用,ROE、现金流、资产负债率,-,-,-3.4%,12.2%,-,36.2%,-,-,未分红/不适用,-11.7%,10,10,100,High,未知,排除,0,10年内亏损年份过多；10年ROE波动较大；10年净利润波动较大；长期ROE低于5%；近5年营收增长偏弱
300031,CN,宝通科技,-,科技,营收增长、自由现金流、研发投入效率,-,-,7.1%,7.5%,-,33.5%,-,-,未分红/不适用,5.8%,10,10,100,High,未知,警惕,85,10年净利润波动较大
300032,CN,金龙机电,-,通用,ROE、现金流、资产负债率,-,-,-16.2%,27.4%,-,57.3%,-,-,未分红/不适用,-4.4%,10,10,100,High,未知,排除,0,10年内亏损年份过多；10年ROE波动较大；10年净利润波动较大；长期ROE低于5%
300033,CN,同花顺,-,通用,ROE、现金流、资产负债率,-,-,30.0%,9.6%,-,40.0%,-,-,未分红/不适用,14.5%,10,10,100,High,未知,通过,100,-
300034,CN,钢研高纳,-,通用,ROE、现金流、资产负债率,-,-,8.0%,2.9%,-,45.7%,-,-,未分红/不适用,16.6%,10,10,100,High,未知,通过,100,-
300035,CN,中科电气,-,通用,ROE、现金流、资产负债率,-,-,16.4%,24.7%,-,62.2%,-,-,未分红/不适用,40.2%,10,10,100,High,未知,警惕,85,10年ROE波动较大
300036,CN,超图软件,-,科技,营收增长、自由现金流、研发投入效率,-,-,5.5%,8.2%,-,31.4%,-,-,未分红/不适用,-5.3%,10,10,100,High,未知,警惕,55,科技公司营收增长转负；10年净利润波动较大；近5年营收增长偏弱
300037,CN,新宙邦,-,通用,ROE、现金流、资产负债率,-,-,13.8%,4.9%,-,43.2%,-,-,未分红/不适用,8.5%,10,10,100,High,未知,通过,100,-
300039,CN,上海凯宝,-,通用,ROE、现金流、资产负债率,-,-,10.8%,5.3%,-,7.5%,-,-,未分红/不适用,1.2%,10,10,100,High,未知,通过,100,-
300040,CN,九洲集团,-,通用,ROE、现金流、资产负债率,-,-,1.8%,8.2%,-,63.8%,-,-,未分红/不适用,0.7%,10,10,100,High,未知,排除,45,10年净利润波动较大；长期ROE低于5%
300041,CN,回天新材,-,通用,ROE、现金流、资产负债率,-,-,8.6%,2.9%,-,52.9%,-,-,未分红/不适用,10.7%,10,10,100,High,未知,通过,100,-
300042,CN,朗科科技,-,科技,营收增长、自由现金流、研发投入效率,-,-,3.3%,5.8%,-,22.1%,-,-,未分红/不适用,-10.3%,10,10,100,High,未知,排除,15,科技公司营收增长转负；10年净利润波动较大；长期ROE低于5%；近5年营收增长偏弱
300043,CN,星辉娱乐,-,通用,ROE、现金流、资产负债率,-,-,8.7%,32.7%,-,37.3%,-,-,未分红/不适用,10.4%,10,10,100,High,未知,排除,30,10年内亏损年份过多；10年ROE波动较大；10年净利润波动较大
300045,CN,华力创通,-,通用,ROE、现金流、资产负债率,-,-,-2.1%,7.4%,-,36.0%,-,-,未分红/不适用,4.1%,10,10,100,High,未知,排除,5,10年内亏损年份过多；10年净利润波动较大；长期ROE低于5%
300046,CN,台基股份,-,通用,ROE、现金流、资产负债率,-,-,1.4%,11.0%,-,8.8%,-,-,未分红/不适用,2.2%,10,10,100,High,未知,排除,45,10年净利润波动较大；长期ROE低于5%
300047,CN,天源迪科,-,通用,ROE、现金流、资产负债率,-,-,38.0%,43.1%,-,57.2%,-,-,未分红/不适用,13.7%,10,10,100,High,未知,警惕,85,10年ROE波动较大
300048,CN,合康新能,-,通用,ROE、现金流、资产负债率,-,-,3.2%,22.7%,-,61.6%,-,-,未分红/不适用,57.7%,10,10,100,High,未知,排除,0,10年内亏损年份过多；10年ROE波动较大；10年净利润波动较大；长期ROE低于5%
300049,CN,福瑞医科,-,通用,ROE、现金流、资产负债率,-,-,5.8%,2.1%,-,28.1%,-,-,未分红/不适用,15.4%,10,10,100,High,未知,通过,100,-
300050,CN,世纪鼎利,-,通用,ROE、现金流、资产负债率,-,-,-18.0%,28.4%,-,31.7%,-,-,未分红/不适用,-6.2%,10,10,100,High,未知,排除,0,10年内亏损年份过多；10年ROE波动较大；10年净利润波动较大；长期ROE低于5%；近5年营收增长偏弱
300051,CN,琏升科技,-,科技,营收增长、自由现金流、研发投入效率,-,-,-26.7%,26.5%,-,81.0%,-,-,未分红/不适用,20.5%,10,10,100,High,未知,排除,0,10年内亏损年份过多；10年ROE波动较大；10年净利润波动较大；长期ROE低于5%；资产负债率偏高
300052,CN,中青宝,-,通用,ROE、现金流、资产负债率,-,-,-5.6%,8.7%,-,53.1%,-,-,未分红/不适用,-14.0%,10,10,100,High,未知,排除,0,10年内亏损年份过多；10年净利润波动较大；长期ROE低于5%；近5年营收增长偏弱
300053,CN,航宇微,-,通用,ROE、现金流、资产负债率,-,-,-6.3%,11.6%,-,35.3%,-,-,未分红/不适用,-20.6%,10,10,100,High,未知,排除,0,10年内亏损年份过多；10年净利润波动较大；长期ROE低于5%；近5年营收明显下滑
300054,CN,鼎龙股份,-,通用,ROE、现金流、资产负债率,-,-,16.0%,26.8%,-,39.2%,-,-,未分红/不适用,11.6%,10,10,100,High,未知,警惕,70,10年ROE波动较大；10年净利润波动较大
300055,CN,万邦达,-,通用,ROE、现金流、资产负债率,-,-,7.0%,22.2%,-,39.5%,-,-,未分红/不适用,6.8%,10,10,100,High,未知,排除,30,10年内亏损年份过多；10年ROE波动较大；10年净利润波动较大
300056,CN,中创环保,-,通用,ROE、现金流、资产负债率,-,-,-29.0%,27.7%,-,100.6%,-,-,未分红/不适用,-23.8%,10,10,100,High,未知,排除,0,10年内亏损年份过多；10年ROE波动较大；10年净利润波动较大；长期ROE低于5%；资产负债率过高；近5年营收明显下滑
300057,CN,万顺新材,-,通用,ROE、现金流、资产负债率,-,-,-7.6%,29.5%,-,52.2%,-,-,未分红/不适用,1.6%,10,10,100,High,未知,排除,0,10年内亏损年份过多；10年ROE波动较大；10年净利润波动较大；长期ROE低于5%
300058,CN,蓝色光标,-,通用,ROE、现金流、资产负债率,-,-,2.1%,10.8%,-,68.6%,-,-,未分红/不适用,14.4%,10,10,100,High,未知,排除,45,10年净利润波动较大；长期ROE低于5%
300059,CN,东方财富,-,通用,ROE、现金流、资产负债率,-,-,12.0%,5.4%,-,76.6%,-,-,未分红/不适用,5.2%,10,10,100,High,未知,警惕,85,资产负债率偏高
300061,CN,旗天科技,-,科技,营收增长、自由现金流、研发投入效率,-,-,-16.0%,22.3%,-,57.7%,-,-,未分红/不适用,-20.9%,10,10,100,High,未知,排除,0,科技公司营收增长转负；10年内亏损年份过多；10年ROE波动较大；10年净利润波动较大；长期ROE低于5%；近5年营收明显下滑
300062,CN,中能电气,-,通用,ROE、现金流、资产负债率,-,-,0.5%,5.9%,-,48.3%,-,-,未分红/不适用,3.0%,10,10,100,High,未知,排除,5,10年内亏损年份过多；10年净利润波动较大；长期ROE低于5%
300063,CN,天龙集团,-,通用,ROE、现金流、资产负债率,-,-,6.2%,36.5%,-,46.1%,-,-,未分红/不适用,-8.2%,10,10,100,High,未知,警惕,55,10年ROE波动较大；10年净利润波动较大；近5年营收增长偏弱
300065,CN,海兰信,-,通用,ROE、现金流、资产负债率,-,-,3.9%,21.1%,-,27.8%,-,-,未分红/不适用,-5.6%,10,10,100,High,未知,排除,15,10年ROE波动较大；10年净利润波动较大；长期ROE低于5%；近5年营收增长偏弱
300066,CN,三川智慧,-,通用,ROE、现金流、资产负债率,-,-,8.2%,3.1%,-,17.6%,-,-,未分红/不适用,5.3%,10,10,100,High,未知,通过,100,-
300067,CN,安诺其,-,通用,ROE、现金流、资产负债率,-,-,6.1%,13.3%,-,29.1%,-,-,未分红/不适用,-1.1%,10,10,100,High,未知,警惕,70,10年ROE波动较大；10年净利润波动较大
300069,CN,金利华电,-,通用,ROE、现金流、资产负债率,-,-,-5.8%,15.4%,-,60.4%,-,-,未分红/不适用,-0.7%,10,10,100,High,未知,排除,0,10年内亏损年份过多；10年ROE波动较大；10年净利润波动较大；长期ROE低于5%
300070,CN,碧水源,-,通用,ROE、现金流、资产负债率,-,-,9.9%,7.4%,-,62.4%,-,-,未分红/不适用,-5.0%,10,10,100,High,未知,通过,100,-
300071,CN,福石控股,-,通用,ROE、现金流、资产负债率,-,-,-23.3%,74.0%,-,88.7%,-,-,未分红/不适用,-0.4%,10,10,100,High,未知,排除,0,10年内亏损年份过多；10年ROE波动较大；10年净利润波动较大；长期ROE低于5%；资产负债率过高
300072,CN,海新能科,-,通用,ROE、现金流、资产负债率,-,-,11.8%,35.5%,-,32.7%,-,-,未分红/不适用,-16.0%,10,10,100,High,未知,排除,0,10年内亏损年份过多；10年ROE波动较大；10年净利润波动较大；近5年营收明显下滑
300073,CN,当升科技,-,科技,营收增长、自由现金流、研发投入效率,-,-,11.0%,9.1%,-,31.1%,-,-,未分红/不适用,5.9%,10,10,100,High,未知,警惕,85,10年净利润波动较大
300074,CN,华平股份,-,通用,ROE、现金流、资产负债率,-,-,5.7%,26.9%,-,38.1%,-,-,未分红/不适用,-9.9%,10,10,100,High,未知,排除,15,10年内亏损年份过多；10年ROE波动较大；10年净利润波动较大；近5年营收增长偏弱
300075,CN,数字政通,-,通用,ROE、现金流、资产负债率,-,-,3.2%,7.7%,-,17.1%,-,-,未分红/不适用,-20.2%,10,10,100,High,未知,排除,5,10年净利润波动较大；长期ROE低于5%；近5年营收明显下滑
300077,CN,国民技术,-,通用,ROE、现金流、资产负债率,-,-,-6.8%,47.4%,-,73.8%,-,-,未分红/不适用,7.5%,10,10,100,High,未知,排除,0,10年内亏损年份过多；10年ROE波动较大；10年净利润波动较大；长期ROE低于5%；资产负债率偏高
300078,CN,思创智联,-,通用,ROE、现金流、资产负债率,-,-,-22.4%,53.4%,-,45.4%,-,-,未分红/不适用,-8.2%,10,10,100,High,未知,排除,0,10年内亏损年份过多；10年ROE波动较大；10年净利润波动较大；长期ROE低于5%；近5年营收增长偏弱
300079,CN,数码视讯,-,通用,ROE、现金流、资产负债率,-,-,20.1%,29.1%,-,9.3%,-,-,未分红/不适用,-8.1%,10,10,100,High,未知,警惕,70,10年ROE波动较大；近5年营收增长偏弱
300080,CN,易成新能,-,通用,ROE、现金流、资产负债率,-,-,13.9%,36.9%,-,63.1%,-,-,未分红/不适用,-11.6%,10,10,100,High,未知,排除,15,10年内亏损年份过多；10年ROE波动较大；10年净利润波动较大；近5年营收增长偏弱
300082,CN,奥克股份,-,通用,ROE、现金流、资产负债率,-,-,8.3%,10.4%,-,48.7%,-,-,未分红/不适用,-10.9%,10,10,100,High,未知,警惕,70,10年净利润波动较大；近5年营收增长偏弱
300083,CN,创世纪,-,通用,ROE、现金流、资产负债率,-,-,0.0%,30.4%,-,53.8%,-,-,未分红/不适用,0.3%,10,10,100,High,未知,排除,30,10年ROE波动较大；10年净利润波动较大；长期ROE低于5%
300084,CN,海默科技,-,科技,营收增长、自由现金流、研发投入效率,-,-,4.7%,33.3%,-,34.9%,-,-,未分红/不适用,1.2%,10,10,100,High,未知,排除,0,10年内亏损年份过多；10年ROE波动较大；10年净利润波动较大；长期ROE低于5%
300085,CN,银之杰,-,通用,ROE、现金流、资产负债率,-,-,-5.1%,19.2%,-,53.2%,-,-,未分红/不适用,-10.6%,10,10,100,High,未知,排除,0,10年内亏损年份过多；10年ROE波动较大；10年净利润波动较大；长期ROE低于5%；近5年营收增长偏弱
300086,CN,康芝药业,-,通用,ROE、现金流、资产负债率,-,-,25.0%,44.3%,-,48.6%,-,-,未分红/不适用,-13.6%,10,10,100,High,未知,排除,15,10年内亏损年份过多；10年ROE波动较大；10年净利润波动较大；近5年营收增长偏弱
300087,CN,荃银高科,-,通用,ROE、现金流、资产负债率,-,-,10.2%,9.9%,-,69.0%,-,-,未分红/不适用,15.6%,10,10,100,High,未知,警惕,85,10年净利润波动较大
300088,CN,长信科技,-,科技,营收增长、自由现金流、研发投入效率,-,-,9.8%,5.1%,-,51.5%,-,-,未分红/不适用,13.3%,10,10,100,High,未知,通过,100,-
300092,CN,科新机电,-,通用,ROE、现金流、资产负债率,-,-,8.5%,5.2%,-,28.1%,-,-,未分红/不适用,4.9%,10,10,100,High,未知,通过,100,-
300094,CN,国联水产,-,通用,ROE、现金流、资产负债率,-,-,-31.8%,51.0%,-,96.0%,-,-,未分红/不适用,-7.5%,10,10,100,High,未知,排除,0,10年内亏损年份过多；10年ROE波动较大；10年净利润波动较大；长期ROE低于5%；资产负债率过高；近5年营收增长偏弱
300095,CN,华伍股份,-,通用,ROE、现金流、资产负债率,-,-,0.7%,9.7%,-,49.1%,-,-,未分红/不适用,-2.7%,10,10,100,High,未知,排除,5,10年内亏损年份过多；10年净利润波动较大；长期ROE低于5%
300097,CN,智云股份,-,通用,ROE、现金流、资产负债率,-,-,-20.5%,35.8%,-,66.2%,-,-,未分红/不适用,-29.6%,10,10,100,High,未知,排除,0,10年内亏损年份过多；10年ROE波动较大；10年净利润波动较大；长期ROE低于5%；近5年营收明显下滑
300098,CN,高新兴,-,通用,ROE、现金流、资产负债率,-,-,-6.4%,12.5%,-,45.4%,-,-,未分红/不适用,-7.1%,10,10,100,High,未知,排除,0,10年内亏损年份过多；10年ROE波动较大；10年净利润波动较大；长期ROE低于5%；近5年营收增长偏弱
300099,CN,尤洛卡,-,通用,ROE、现金流、资产负债率,-,-,5.8%,2.1%,-,9.5%,-,-,未分红/不适用,-6.4%,10,10,100,High,未知,警惕,85,近5年营收增长偏弱
300100,CN,双林股份,-,通用,ROE、现金流、资产负债率,-,-,3.7%,17.5%,-,54.1%,-,-,未分红/不适用,10.5%,10,10,100,High,未知,排除,30,10年ROE波动较大；10年净利润波动较大；长期ROE低于5%
300101,CN,振芯科技,-,科技,营收增长、自由现金流、研发投入效率,-,-,11.2%,15.0%,-,36.4%,-,-,未分红/不适用,4.7%,10,10,100,High,未知,警惕,70,10年ROE波动较大；10年净利润波动较大
300103,CN,达刚控股,-,通用,ROE、现金流、资产负债率,-,-,-6.2%,14.7%,-,34.8%,-,-,未分红/不适用,-37.5%,10,10,100,High,未知,排除,0,10年内亏损年份过多；10年ROE波动较大；10年净利润波动较大；长期ROE低于5%；近5年营收明显下滑
300105,CN,龙源技术,-,通用,ROE、现金流、资产负债率,-,-,26.6%,29.9%,-,30.0%,-,-,未分红/不适用,15.4%,10,10,100,High,未知,警惕,70,10年ROE波动较大；10年净利润波动较大
300106,CN,西部牧业,-,通用,ROE、现金流、资产负债率,-,-,-10.1%,15.3%,-,51.2%,-,-,未分红/不适用,-4.8%,10,10,100,High,未知,排除,0,10年内亏损年份过多；10年ROE波动较大；10年净利润波动较大；长期ROE低于5%
300107,CN,建新股份,-,通用,ROE、现金流、资产负债率,-,-,18.5%,31.0%,-,9.1%,-,-,未分红/不适用,-7.2%,10,10,100,High,未知,警惕,55,10年ROE波动较大；10年净利润波动较大；近5年营收增长偏弱
300109,CN,新开源,-,通用,ROE、现金流、资产负债率,-,-,7.3%,3.4%,-,16.3%,-,-,未分红/不适用,-0.9%,10,10,100,High,未知,通过,100,-
300110,CN,华仁药业,-,通用,ROE、现金流、资产负债率,-,-,-7.9%,26.1%,-,66.4%,-,-,未分红/不适用,-4.1%,10,10,100,High,未知,排除,30,10年ROE波动较大；10年净利润波动较大；长期ROE低于5%
300111,CN,向日葵,-,通用,ROE、现金流、资产负债率,-,-,-32.6%,80.9%,-,16.8%,-,-,未分红/不适用,-2.2%,10,10,100,High,未知,排除,0,10年内亏损年份过多；10年ROE波动较大；10年净利润波动较大；长期ROE低于5%
300112,CN,万讯自控,-,通用,ROE、现金流、资产负债率,-,-,3.7%,5.6%,-,37.7%,-,-,未分红/不适用,2.1%,10,10,100,High,未知,排除,45,10年净利润波动较大；长期ROE低于5%
300113,CN,顺网科技,-,科技,营收增长、自由现金流、研发投入效率,-,-,8.3%,12.0%,-,14.3%,-,-,未分红/不适用,11.2%,10,10,100,High,未知,警惕,70,10年ROE波动较大；10年净利润波动较大
300115,CN,长盈精密,-,通用,ROE、现金流、资产负债率,-,-,21.9%,32.2%,-,63.8%,-,-,未分红/不适用,14.2%,10,10,100,High,未知,警惕,70,10年ROE波动较大；10年净利润波动较大
300118,CN,东方日升,-,通用,ROE、现金流、资产负债率,-,-,-3.3%,23.6%,-,72.7%,-,-,未分红/不适用,-9.6%,10,10,100,High,未知,排除,0,10年内亏损年份过多；10年ROE波动较大；10年净利润波动较大；长期ROE低于5%；资产负债率偏高；近5年营收增长偏弱
300119,CN,瑞普生物,-,通用,ROE、现金流、资产负债率,-,-,9.6%,4.0%,-,32.3%,-,-,未分红/不适用,14.1%,10,10,100,High,未知,通过,100,-
300120,CN,经纬辉开,-,通用,ROE、现金流、资产负债率,-,-,5.4%,18.6%,-,39.7%,-,-,未分红/不适用,-6.0%,10,10,100,High,未知,警惕,55,10年ROE波动较大；10年净利润波动较大；近5年营收增长偏弱
300121,CN,阳谷华泰,-,通用,ROE、现金流、资产负债率,-,-,15.8%,8.9%,-,19.5%,-,-,未分红/不适用,6.2%,10,10,100,High,未知,通过,100,-
300122,CN,智飞生物,-,通用,ROE、现金流、资产负债率,-,-,23.9%,37.8%,-,49.2%,-,-,未分红/不适用,-26.5%,10,10,100,High,未知,排除,30,10年ROE波动较大；10年净利润波动较大；近5年营收明显下滑
300124,CN,汇川技术,-,通用,ROE、现金流、资产负债率,-,-,20.4%,4.0%,-,47.9%,-,-,未分红/不适用,25.9%,10,10,100,High,未知,通过,100,-
300126,CN,锐奇股份,-,通用,ROE、现金流、资产负债率,-,-,35.7%,38.7%,-,17.7%,-,-,未分红/不适用,-5.9%,10,10,100,High,未知,排除,15,10年内亏损年份过多；10年ROE波动较大；10年净利润波动较大；近5年营收增长偏弱
300127,CN,银河磁体,-,通用,ROE、现金流、资产负债率,-,-,12.6%,1.9%,-,8.4%,-,-,未分红/不适用,-0.1%,10,10,100,High,未知,通过,100,-
300128,CN,锦富技术,-,通用,ROE、现金流、资产负债率,-,-,-22.0%,22.1%,-,85.9%,-,-,未分红/不适用,23.1%,10,10,100,High,未知,排除,0,10年内亏损年份过多；10年ROE波动较大；10年净利润波动较大；长期ROE低于5%；资产负债率过高
300130,CN,新国都,-,通用,ROE、现金流、资产负债率,-,-,8.9%,5.8%,-,28.4%,-,-,未分红/不适用,-3.1%,10,10,100,High,未知,警惕,85,10年净利润波动较大
300131,CN,英唐智控,-,通用,ROE、现金流、资产负债率,-,-,5.7%,4.6%,-,52.1%,-,-,未分红/不适用,-3.1%,10,10,100,High,未知,警惕,85,10年净利润波动较大
300132,CN,青松股份,-,通用,ROE、现金流、资产负债率,-,-,3.1%,25.4%,-,34.0%,-,-,未分红/不适用,-12.0%,10,10,100,High,未知,排除,0,10年内亏损年份过多；10年ROE波动较大；10年净利润波动较大；长期ROE低于5%；近5年营收增长偏弱
300133,CN,华策影视,-,通用,ROE、现金流、资产负债率,-,-,2.8%,9.7%,-,34.2%,-,-,未分红/不适用,-7.2%,10,10,100,High,未知,排除,30,10年净利润波动较大；长期ROE低于5%；近5年营收增长偏弱
300134,CN,大富科技,-,科技,营收增长、自由现金流、研发投入效率,-,-,7.9%,27.7%,-,32.4%,-,-,未分红/不适用,0.1%,10,10,100,High,未知,排除,30,10年内亏损年份过多；10年ROE波动较大；10年净利润波动较大
300135,CN,宝利国际,-,通用,ROE、现金流、资产负债率,-,-,0.8%,12.6%,-,44.7%,-,-,未分红/不适用,-12.0%,10,10,100,High,未知,排除,0,10年内亏损年份过多；10年ROE波动较大；10年净利润波动较大；长期ROE低于5%；近5年营收增长偏弱
300136,CN,信维通信,-,科技,营收增长、自由现金流、研发投入效率,-,-,18.9%,11.4%,-,41.4%,-,-,未分红/不适用,4.1%,10,10,100,High,未知,通过,100,-
300137,CN,先河环保,-,通用,ROE、现金流、资产负债率,-,-,11.5%,25.3%,-,34.0%,-,-,未分红/不适用,-4.5%,10,10,100,High,未知,排除,30,10年内亏损年份过多；10年ROE波动较大；10年净利润波动较大
300138,CN,晨光生物,-,通用,ROE、现金流、资产负债率,-,-,10.6%,3.9%,-,63.8%,-,-,未分红/不适用,7.7%,10,10,100,High,未知,通过,100,-
300139,CN,晓程科技,-,科技,营收增长、自由现金流、研发投入效率,-,-,2.3%,15.5%,-,21.1%,-,-,未分红/不适用,34.4%,10,10,100,High,未知,排除,0,10年内亏损年份过多；10年ROE波动较大；10年净利润波动较大；长期ROE低于5%
300140,CN,节能环境,-,通用,ROE、现金流、资产负债率,-,-,-0.2%,11.0%,-,51.8%,-,-,未分红/不适用,51.6%,10,10,100,High,未知,排除,5,10年内亏损年份过多；10年净利润波动较大；长期ROE低于5%
300141,CN,和顺电气,-,通用,ROE、现金流、资产负债率,-,-,16.2%,38.0%,-,44.5%,-,-,未分红/不适用,3.0%,10,10,100,High,未知,排除,30,10年内亏损年份过多；10年ROE波动较大；10年净利润波动较大
300142,CN,沃森生物,-,通用,ROE、现金流、资产负债率,-,-,5.5%,11.7%,-,21.0%,-,-,未分红/不适用,-8.6%,10,10,100,High,未知,警惕,70,10年净利润波动较大；近5年营收增长偏弱
300143,CN,盈康生命,-,通用,ROE、现金流、资产负债率,-,-,-6.0%,19.6%,-,37.6%,-,-,未分红/不适用,14.7%,10,10,100,High,未知,排除,0,10年内亏损年份过多；10年ROE波动较大；10年净利润波动较大；长期ROE低于5%
300144,CN,宋城演艺,-,通用,ROE、现金流、资产负债率,-,-,0.4%,25.0%,-,14.5%,-,-,未分红/不适用,17.5%,10,10,100,High,未知,排除,0,10年内亏损年份过多；10年ROE波动较大；10年净利润波动较大；长期ROE低于5%
300145,CN,南方泵业,-,通用,ROE、现金流、资产负债率,-,-,3.2%,27.1%,-,61.5%,-,-,未分红/不适用,0.4%,10,10,100,High,未知,排除,30,10年ROE波动较大；10年净利润波动较大；长期ROE低于5%
300146,CN,汤臣倍健,-,通用,ROE、现金流、资产负债率,-,-,12.5%,8.7%,-,20.0%,-,-,未分红/不适用,-4.2%,10,10,100,High,未知,通过,100,-
300148,CN,天舟文化,-,通用,ROE、现金流、资产负债率,-,-,-0.6%,38.7%,-,26.4%,-,-,未分红/不适用,3.4%,10,10,100,High,未知,排除,0,10年内亏损年份过多；10年ROE波动较大；10年净利润波动较大；长期ROE低于5%
300149,CN,睿智医药,-,通用,ROE、现金流、资产负债率,-,-,-2.6%,19.8%,-,36.0%,-,-,未分红/不适用,-9.5%,10,10,100,High,未知,排除,0,10年内亏损年份过多；10年ROE波动较大；10年净利润波动较大；长期ROE低于5%；近5年营收增长偏弱
300150,CN,世纪瑞尔,-,通用,ROE、现金流、资产负债率,-,-,-0.3%,8.6%,-,24.2%,-,-,未分红/不适用,-2.0%,10,10,100,High,未知,排除,5,10年内亏损年份过多；10年净利润波动较大；长期ROE低于5%
300151,CN,昌红科技,-,科技,营收增长、自由现金流、研发投入效率,-,-,7.2%,4.5%,-,37.9%,-,-,未分红/不适用,-3.1%,10,10,100,High,未知,警惕,85,科技公司营收增长转负
300153,CN,科泰电源,-,通用,ROE、现金流、资产负债率,-,-,4.3%,13.2%,-,64.6%,-,-,未分红/不适用,16.6%,10,10,100,High,未知,排除,30,10年ROE波动较大；10年净利润波动较大；长期ROE低于5%
300154,CN,瑞凌股份,-,通用,ROE、现金流、资产负债率,-,-,6.1%,1.3%,-,35.1%,-,-,未分红/不适用,-4.7%,10,10,100,High,未知,通过,100,-
300155,CN,安居宝,-,通用,ROE、现金流、资产负债率,-,-,0.7%,4.3%,-,9.7%,-,-,未分红/不适用,-33.3%,10,10,100,High,未知,排除,0,10年内亏损年份过多；10年净利润波动较大；长期ROE低于5%；近5年营收明显下滑
300157,CN,新锦动力,-,通用,ROE、现金流、资产负债率,-,-,-49.2%,69.6%,-,87.1%,-,-,未分红/不适用,14.3%,10,10,100,High,未知,排除,0,10年内亏损年份过多；10年ROE波动较大；10年净利润波动较大；长期ROE低于5%；资产负债率过高
300158,CN,振东制药,-,通用,ROE、现金流、资产负债率,-,-,-14.7%,39.1%,-,28.4%,-,-,未分红/不适用,-14.0%,10,10,100,High,未知,排除,0,10年内亏损年份过多；10年ROE波动较大；10年净利润波动较大；长期ROE低于5%；近5年营收增长偏弱
300160,CN,秀强股份,-,通用,ROE、现金流、资产负债率,-,-,7.7%,10.1%,-,18.2%,-,-,未分红/不适用,3.4%,10,10,100,High,未知,警惕,85,10年净利润波动较大
300161,CN,华中数控,-,通用,ROE、现金流、资产负债率,-,-,1.2%,1.7%,-,61.2%,-,-,未分红/不适用,-1.1%,10,10,100,High,未知,排除,45,10年净利润波动较大；长期ROE低于5%
300162,CN,雷曼光电,-,通用,ROE、现金流、资产负债率,-,-,-5.1%,14.5%,-,45.6%,-,-,未分红/不适用,-5.0%,10,10,100,High,未知,排除,0,10年内亏损年份过多；10年ROE波动较大；10年净利润波动较大；长期ROE低于5%
300163,CN,先锋新材,-,通用,ROE、现金流、资产负债率,-,-,-11.0%,23.3%,-,8.8%,-,-,未分红/不适用,-7.9%,10,10,100,High,未知,排除,0,10年内亏损年份过多；10年ROE波动较大；10年净利润波动较大；长期ROE低于5%；近5年营收增长偏弱
300164,CN,通源石油,-,周期,利润波动、ROE波动、资本开支周期,-,-,-4.5%,24.0%,-,29.1%,-,-,未分红/不适用,11.3%,10,10,100,High,未知,排除,0,周期行业ROE波动显著；周期行业利润弹性过大；10年ROE波动较大；10年净利润波动较大；长期ROE低于5%
300165,CN,天瑞仪器,-,通用,ROE、现金流、资产负债率,-,-,-3.0%,7.9%,-,64.1%,-,-,未分红/不适用,-20.4%,10,10,100,High,未知,排除,0,10年内亏损年份过多；10年净利润波动较大；长期ROE低于5%；近5年营收明显下滑
300166,CN,东方国信,-,通用,ROE、现金流、资产负债率,-,-,8.4%,15.5%,-,41.9%,-,-,未分红/不适用,1.4%,10,10,100,High,未知,排除,30,10年内亏损年份过多；10年ROE波动较大；10年净利润波动较大
300168,CN,万达信息,-,通用,ROE、现金流、资产负债率,-,-,-20.8%,28.2%,-,82.0%,-,-,未分红/不适用,-12.9%,10,10,100,High,未知,排除,0,10年内亏损年份过多；10年ROE波动较大；10年净利润波动较大；长期ROE低于5%；资产负债率偏高；近5年营收增长偏弱
300169,CN,天晟新材,-,通用,ROE、现金流、资产负债率,-,-,-20.6%,47.0%,-,91.6%,-,-,未分红/不适用,-12.4%,10,10,100,High,未知,排除,0,10年内亏损年份过多；10年ROE波动较大；10年净利润波动较大；长期ROE低于5%；资产负债率过高；近5年营收增长偏弱
300170,CN,汉得信息,-,通用,ROE、现金流、资产负债率,-,-,1.7%,20.5%,-,16.2%,-,-,未分红/不适用,5.0%,10,10,100,High,未知,排除,45,10年ROE波动较大；长期ROE低于5%
300171,CN,东富龙,-,通用,ROE、现金流、资产负债率,-,-,8.5%,6.9%,-,39.5%,-,-,未分红/不适用,5.7%,10,10,100,High,未知,通过,100,-
300172,CN,中电环保,-,通用,ROE、现金流、资产负债率,-,-,7.6%,3.1%,-,32.0%,-,-,未分红/不适用,-4.9%,10,10,100,High,未知,通过,100,-
300174,CN,元力股份,-,通用,ROE、现金流、资产负债率,-,-,9.0%,1.9%,-,19.3%,-,-,未分红/不适用,4.3%,10,10,100,High,未知,通过,100,-
300176,CN,鸿特科技,-,科技,营收增长、自由现金流、研发投入效率,-,-,6.5%,24.1%,-,60.4%,-,-,未分红/不适用,9.4%,10,10,100,High,未知,警惕,70,10年ROE波动较大；10年净利润波动较大
300177,CN,中海达,-,通用,ROE、现金流、资产负债率,-,-,-11.0%,24.4%,-,53.8%,-,-,未分红/不适用,-13.3%,10,10,100,High,未知,排除,0,10年内亏损年份过多；10年ROE波动较大；10年净利润波动较大；长期ROE低于5%；近5年营收增长偏弱
300179,CN,四方达,-,通用,ROE、现金流、资产负债率,-,-,9.6%,3.3%,-,34.5%,-,-,未分红/不适用,8.0%,10,10,100,High,未知,通过,100,-
300180,CN,华峰超纤,-,通用,ROE、现金流、资产负债率,-,-,0.3%,5.6%,-,23.5%,-,-,未分红/不适用,-0.9%,10,10,100,High,未知,排除,5,10年内亏损年份过多；10年净利润波动较大；长期ROE低于5%
300181,CN,佐力药业,-,通用,ROE、现金流、资产负债率,-,-,9.8%,7.1%,-,31.2%,-,-,未分红/不适用,20.2%,10,10,100,High,未知,警惕,85,10年净利润波动较大
300182,CN,捷成股份,-,通用,ROE、现金流、资产负债率,-,-,9.8%,32.6%,-,24.7%,-,-,未分红/不适用,-8.2%,10,10,100,High,未知,警惕,55,10年ROE波动较大；10年净利润波动较大；近5年营收增长偏弱
300183,CN,东软载波,-,通用,ROE、现金流、资产负债率,-,-,9.0%,9.2%,-,10.8%,-,-,未分红/不适用,3.8%,10,10,100,High,未知,通过,100,-
300184,CN,力源信息,-,通用,ROE、现金流、资产负债率,-,-,0.7%,16.4%,-,40.2%,-,-,未分红/不适用,-4.0%,10,10,100,High,未知,排除,30,10年ROE波动较大；10年净利润波动较大；长期ROE低于5%
300185,CN,通裕重工,-,通用,ROE、现金流、资产负债率,-,-,19.1%,32.1%,-,54.4%,-,-,未分红/不适用,3.5%,10,10,100,High,未知,警惕,85,10年ROE波动较大
300187,CN,永清环保,-,通用,ROE、现金流、资产负债率,-,-,1.6%,13.0%,-,67.8%,-,-,未分红/不适用,-5.3%,10,10,100,High,未知,排除,15,10年ROE波动较大；10年净利润波动较大；长期ROE低于5%；近5年营收增长偏弱
300188,CN,国投智能,-,通用,ROE、现金流、资产负债率,-,-,3.1%,12.8%,-,37.8%,-,-,未分红/不适用,-13.6%,10,10,100,High,未知,排除,0,10年内亏损年份过多；10年ROE波动较大；10年净利润波动较大；长期ROE低于5%；近5年营收增长偏弱
300189,CN,神农种业,-,通用,ROE、现金流、资产负债率,-,-,-4.9%,10.6%,-,38.9%,-,-,未分红/不适用,13.9%,10,10,100,High,未知,排除,5,10年内亏损年份过多；10年净利润波动较大；长期ROE低于5%
300190,CN,维尔利,-,通用,ROE、现金流、资产负债率,-,-,-1.7%,11.0%,-,58.8%,-,-,未分红/不适用,-15.4%,10,10,100,High,未知,排除,0,10年内亏损年份过多；10年净利润波动较大；长期ROE低于5%；近5年营收明显下滑
300191,CN,潜能恒信,-,通用,ROE、现金流、资产负债率,-,-,18.2%,39.2%,-,72.9%,-,-,未分红/不适用,15.1%,10,10,100,High,未知,排除,15,10年内亏损年份过多；10年ROE波动较大；10年净利润波动较大；资产负债率偏高
300192,CN,科德教育,-,通用,ROE、现金流、资产负债率,-,-,12.9%,38.3%,-,25.0%,-,-,未分红/不适用,-3.1%,10,10,100,High,未知,警惕,70,10年ROE波动较大；10年净利润波动较大
300193,CN,佳士科技,-,科技,营收增长、自由现金流、研发投入效率,-,-,8.3%,1.7%,-,24.2%,-,-,未分红/不适用,0.4%,10,10,100,High,未知,通过,100,-
300194,CN,福安药业,-,通用,ROE、现金流、资产负债率,-,-,3.0%,6.3%,-,24.3%,-,-,未分红/不适用,-8.3%,10,10,100,High,未知,排除,30,10年净利润波动较大；长期ROE低于5%；近5年营收增长偏弱
300195,CN,长荣股份,-,通用,ROE、现金流、资产负债率,-,-,12.5%,32.1%,-,54.5%,-,-,未分红/不适用,2.6%,10,10,100,High,未知,排除,30,10年内亏损年份过多；10年ROE波动较大；10年净利润波动较大
300196,CN,长海股份,-,通用,ROE、现金流、资产负债率,-,-,11.4%,5.0%,-,35.1%,-,-,未分红/不适用,5.8%,10,10,100,High,未知,通过,100,-
300197,CN,节能铁汉,-,通用,ROE、现金流、资产负债率,-,-,-66.8%,159.2%,-,95.9%,-,-,未分红/不适用,-23.7%,10,10,100,High,未知,排除,0,10年内亏损年份过多；10年ROE波动较大；10年净利润波动较大；长期ROE低于5%；资产负债率过高；近5年营收明显下滑
300199,CN,翰宇药业,-,通用,ROE、现金流、资产负债率,-,-,-14.9%,21.2%,-,80.0%,-,-,未分红/不适用,7.0%,10,10,100,High,未知,排除,0,10年内亏损年份过多；10年ROE波动较大；10年净利润波动较大；长期ROE低于5%；资产负债率偏高
300200,CN,高盟新材,-,通用,ROE、现金流、资产负债率,-,-,5.4%,9.3%,-,35.2%,-,-,未分红/不适用,4.7%,10,10,100,High,未知,警惕,85,10年净利润波动较大
300201,CN,海伦哲,-,通用,ROE、现金流、资产负债率,-,-,6.0%,14.7%,-,30.6%,-,-,未分红/不适用,0.8%,10,10,100,High,未知,警惕,70,10年ROE波动较大；10年净利润波动较大
300203,CN,聚光科技,-,科技,营收增长、自由现金流、研发投入效率,-,-,3.5%,11.8%,-,65.9%,-,-,未分红/不适用,-5.5%,10,10,100,High,未知,排除,0,科技公司营收增长转负；10年内亏损年份过多；10年净利润波动较大；长期ROE低于5%；近5年营收增长偏弱
300204,CN,舒泰神,-,通用,ROE、现金流、资产负债率,-,-,-5.4%,14.5%,-,36.3%,-,-,未分红/不适用,-21.6%,10,10,100,High,未知,排除,0,10年内亏损年份过多；10年ROE波动较大；10年净利润波动较大；长期ROE低于5%；近5年营收明显下滑
300206,CN,理邦仪器,-,通用,ROE、现金流、资产负债率,-,-,12.6%,11.0%,-,17.0%,-,-,未分红/不适用,5.1%,10,10,100,High,未知,警惕,85,10年净利润波动较大
300207,CN,欣旺达,-,通用,ROE、现金流、资产负债率,-,-,11.7%,6.3%,-,71.3%,-,-,未分红/不适用,14.1%,10,10,100,High,未知,警惕,85,资产负债率偏高
300209,CN,行云科技,-,科技,营收增长、自由现金流、研发投入效率,-,-,-30.3%,63.7%,-,33.6%,-,-,未分红/不适用,-46.5%,10,10,100,High,未知,排除,0,科技公司营收增长转负；10年内亏损年份过多；10年ROE波动较大；10年净利润波动较大；长期ROE低于5%；近5年营收明显下滑
300210,CN,森远股份,-,通用,ROE、现金流、资产负债率,-,-,-10.9%,16.3%,-,61.5%,-,-,未分红/不适用,11.6%,10,10,100,High,未知,排除,0,10年内亏损年份过多；10年ROE波动较大；10年净利润波动较大；长期ROE低于5%
300213,CN,佳讯飞鸿,-,通用,ROE、现金流、资产负债率,-,-,4.3%,4.8%,-,30.9%,-,-,未分红/不适用,-4.3%,10,10,100,High,未知,排除,45,10年净利润波动较大；长期ROE低于5%
300214,CN,日科化学,-,通用,ROE、现金流、资产负债率,-,-,5.7%,4.7%,-,50.7%,-,-,未分红/不适用,7.8%,10,10,100,High,未知,警惕,85,10年净利润波动较大
300215,CN,电科院,-,通用,ROE、现金流、资产负债率,-,-,17.3%,29.2%,-,19.1%,-,-,未分红/不适用,-10.7%,10,10,100,High,未知,警惕,70,10年ROE波动较大；近5年营收增长偏弱
300217,CN,东方电热,-,通用,ROE、现金流、资产负债率,-,-,6.0%,5.9%,-,33.4%,-,-,未分红/不适用,4.1%,10,10,100,High,未知,警惕,85,10年净利润波动较大
300218,CN,安利股份,-,通用,ROE、现金流、资产负债率,-,-,7.0%,4.8%,-,31.4%,-,-,未分红/不适用,2.7%,10,10,100,High,未知,通过,100,-
300219,CN,鸿利智汇,-,通用,ROE、现金流、资产负债率,-,-,3.6%,15.3%,-,57.4%,-,-,未分红/不适用,1.7%,10,10,100,High,未知,排除,30,10年ROE波动较大；10年净利润波动较大；长期ROE低于5%
300220,CN,金运激光,-,通用,ROE、现金流、资产负债率,-,-,-13.9%,19.9%,-,73.9%,-,-,未分红/不适用,-7.7%,10,10,100,High,未知,排除,0,10年内亏损年份过多；10年ROE波动较大；10年净利润波动较大；长期ROE低于5%；资产负债率偏高；近5年营收增长偏弱
300221,CN,银禧科技,-,科技,营收增长、自由现金流、研发投入效率,-,-,5.5%,36.4%,-,32.5%,-,-,未分红/不适用,-0.6%,10,10,100,High,未知,警惕,55,科技公司营收增长转负；10年ROE波动较大；10年净利润波动较大
300222,CN,科大智能,-,通用,ROE、现金流、资产负债率,-,-,-9.0%,27.9%,-,60.9%,-,-,未分红/不适用,1.5%,10,10,100,High,未知,排除,0,10年内亏损年份过多；10年ROE波动较大；10年净利润波动较大；长期ROE低于5%
300223,CN,北京君正,-,通用,ROE、现金流、资产负债率,-,-,16.0%,24.4%,-,8.0%,-,-,未分红/不适用,-2.6%,10,10,100,High,未知,警惕,70,10年ROE波动较大；10年净利润波动较大
300224,CN,正海磁材,-,通用,ROE、现金流、资产负债率,-,-,6.3%,4.9%,-,45.1%,-,-,未分红/不适用,20.2%,10,10,100,High,未知,警惕,85,10年净利润波动较大
300226,CN,上海钢联,-,通用,ROE、现金流、资产负债率,-,-,11.9%,3.7%,-,86.7%,-,-,未分红/不适用,2.8%,10,10,100,High,未知,排除,60,资产负债率过高
300227,CN,光韵达,-,通用,ROE、现金流、资产负债率,-,-,4.0%,8.5%,-,62.3%,-,-,未分红/不适用,14.6%,10,10,100,High,未知,排除,45,10年净利润波动较大；长期ROE低于5%
300228,CN,富瑞特装,-,通用,ROE、现金流、资产负债率,-,-,6.2%,25.4%,-,36.9%,-,-,未分红/不适用,18.7%,10,10,100,High,未知,排除,30,10年内亏损年份过多；10年ROE波动较大；10年净利润波动较大
300229,CN,拓尔思,-,通用,ROE、现金流、资产负债率,-,-,5.1%,6.8%,-,8.6%,-,-,未分红/不适用,-16.0%,10,10,100,High,未知,排除,45,10年净利润波动较大；近5年营收明显下滑
300230,CN,永利股份,-,通用,ROE、现金流、资产负债率,-,-,6.7%,9.7%,-,22.5%,-,-,未分红/不适用,-7.2%,10,10,100,High,未知,警惕,70,10年净利润波动较大；近5年营收增长偏弱
300231,CN,银信科技,-,科技,营收增长、自由现金流、研发投入效率,-,-,9.8%,8.0%,-,33.0%,-,-,未分红/不适用,-5.6%,10,10,100,High,未知,警惕,55,科技公司营收增长转负；10年净利润波动较大；近5年营收增长偏弱
300232,CN,洲明科技,-,科技,营收增长、自由现金流、研发投入效率,-,-,8.8%,8.1%,-,55.6%,-,-,未分红/不适用,2.9%,10,10,100,High,未知,通过,100,-
300233,CN,金城医药,-,通用,ROE、现金流、资产负债率,-,-,4.1%,6.7%,-,28.3%,-,-,未分红/不适用,-3.4%,10,10,100,High,未知,排除,45,10年净利润波动较大；长期ROE低于5%
300234,CN,开尔新材,-,通用,ROE、现金流、资产负债率,-,-,-4.7%,26.9%,-,14.2%,-,-,未分红/不适用,-21.7%,10,10,100,High,未知,排除,0,10年内亏损年份过多；10年ROE波动较大；10年净利润波动较大；长期ROE低于5%；近5年营收明显下滑
300235,CN,方直科技,-,科技,营收增长、自由现金流、研发投入效率,-,-,3.5%,1.4%,-,2.3%,-,-,未分红/不适用,-5.0%,10,10,100,High,未知,排除,45,科技公司营收增长转负；长期ROE低于5%
300236,CN,上海新阳,-,通用,ROE、现金流、资产负债率,-,-,10.2%,14.9%,-,25.8%,-,-,未分红/不适用,17.5%,10,10,100,High,未知,警惕,85,10年ROE波动较大
300238,CN,冠昊生物,-,通用,ROE、现金流、资产负债率,-,-,-5.2%,23.3%,-,39.5%,-,-,未分红/不适用,-5.6%,10,10,100,High,未知,排除,15,10年ROE波动较大；10年净利润波动较大；长期ROE低于5%；近5年营收增长偏弱
300239,CN,东宝生物,-,通用,ROE、现金流、资产负债率,-,-,4.2%,1.9%,-,32.4%,-,-,未分红/不适用,5.0%,10,10,100,High,未知,排除,60,长期ROE低于5%
300240,CN,飞力达,-,通用,ROE、现金流、资产负债率,-,-,-4.2%,42.7%,-,59.8%,-,-,未分红/不适用,-1.9%,10,10,100,High,未知,排除,30,10年ROE波动较大；10年净利润波动较大；长期ROE低于5%
300241,CN,瑞丰光电,-,通用,ROE、现金流、资产负债率,-,-,9.0%,19.9%,-,39.1%,-,-,未分红/不适用,5.8%,10,10,100,High,未知,警惕,70,10年ROE波动较大；10年净利润波动较大
300242,CN,佳云科技,-,科技,营收增长、自由现金流、研发投入效率,-,-,-11.3%,41.9%,-,26.9%,-,-,未分红/不适用,-27.4%,10,10,100,High,未知,排除,0,科技公司营收增长转负；10年内亏损年份过多；10年ROE波动较大；10年净利润波动较大；长期ROE低于5%；近5年营收明显下滑
300243,CN,瑞丰高材,-,通用,ROE、现金流、资产负债率,-,-,8.1%,4.8%,-,50.6%,-,-,未分红/不适用,1.5%,10,10,100,High,未知,通过,100,-
300244,CN,迪安诊断,-,通用,ROE、现金流、资产负债率,-,-,18.4%,19.3%,-,40.3%,-,-,未分红/不适用,-6.3%,10,10,100,High,未知,警惕,55,10年ROE波动较大；10年净利润波动较大；近5年营收增长偏弱
300246,CN,宝莱特,-,通用,ROE、现金流、资产负债率,-,-,9.1%,16.1%,-,51.9%,-,-,未分红/不适用,0.1%,10,10,100,High,未知,排除,30,10年内亏损年份过多；10年ROE波动较大；10年净利润波动较大
300247,CN,融捷健康,-,通用,ROE、现金流、资产负债率,-,-,-6.8%,23.4%,-,17.7%,-,-,未分红/不适用,15.4%,10,10,100,High,未知,排除,0,10年内亏损年份过多；10年ROE波动较大；10年净利润波动较大；长期ROE低于5%
300248,CN,新开普,-,通用,ROE、现金流、资产负债率,-,-,7.3%,2.5%,-,18.3%,-,-,未分红/不适用,-1.0%,10,10,100,High,未知,通过,100,-
300249,CN,依米康,-,通用,ROE、现金流、资产负债率,-,-,-1.4%,23.1%,-,83.0%,-,-,未分红/不适用,0.0%,10,10,100,High,未知,排除,0,10年内亏损年份过多；10年ROE波动较大；10年净利润波动较大；长期ROE低于5%；资产负债率偏高
300250,CN,初灵信息,-,通用,ROE、现金流、资产负债率,-,-,-4.8%,17.4%,-,28.4%,-,-,未分红/不适用,-16.1%,10,10,100,High,未知,排除,0,10年内亏损年份过多；10年ROE波动较大；10年净利润波动较大；长期ROE低于5%；近5年营收明显下滑
300251,CN,光线传媒,-,通用,ROE、现金流、资产负债率,-,-,6.7%,8.2%,-,9.6%,-,-,未分红/不适用,36.4%,10,10,100,High,未知,警惕,85,10年净利润波动较大
300252,CN,金信诺,-,通用,ROE、现金流、资产负债率,-,-,12.3%,28.2%,-,58.6%,-,-,未分红/不适用,-2.2%,10,10,100,High,未知,排除,30,10年内亏损年份过多；10年ROE波动较大；10年净利润波动较大
300253,CN,卫宁健康,-,通用,ROE、现金流、资产负债率,-,-,8.4%,9.1%,-,34.3%,-,-,未分红/不适用,-6.5%,10,10,100,High,未知,警惕,70,10年净利润波动较大；近5年营收增长偏弱
300254,CN,仟源医药,-,通用,ROE、现金流、资产负债率,-,-,11.1%,38.3%,-,63.8%,-,-,未分红/不适用,-1.6%,10,10,100,High,未知,排除,30,10年内亏损年份过多；10年ROE波动较大；10年净利润波动较大
300255,CN,常山药业,-,通用,ROE、现金流、资产负债率,-,-,1.5%,28.1%,-,73.2%,-,-,未分红/不适用,-26.3%,10,10,100,High,未知,排除,0,10年内亏损年份过多；10年ROE波动较大；10年净利润波动较大；长期ROE低于5%；资产负债率偏高；近5年营收明显下滑
300256,CN,星星科技,-,科技,营收增长、自由现金流、研发投入效率,-,-,-55.2%,135.2%,-,45.8%,-,-,未分红/不适用,-16.9%,10,10,100,High,未知,排除,0,科技公司营收增长转负；10年内亏损年份过多；10年ROE波动较大；10年净利润波动较大；长期ROE低于5%；近5年营收明显下滑
300257,CN,开山股份,-,通用,ROE、现金流、资产负债率,-,-,5.3%,1.8%,-,60.9%,-,-,未分红/不适用,7.9%,10,10,100,High,未知,通过,100,-
300258,CN,精锻科技,-,科技,营收增长、自由现金流、研发投入效率,-,-,8.8%,4.5%,-,35.7%,-,-,未分红/不适用,9.4%,10,10,100,High,未知,通过,100,-
300259,CN,新天科技,-,科技,营收增长、自由现金流、研发投入效率,-,-,10.3%,3.5%,-,18.9%,-,-,未分红/不适用,-2.8%,10,10,100,High,未知,警惕,85,科技公司营收增长转负
300260,CN,新莱应材,-,通用,ROE、现金流、资产负债率,-,-,9.9%,6.5%,-,62.9%,-,-,未分红/不适用,9.9%,10,10,100,High,未知,警惕,85,10年净利润波动较大
300261,CN,雅本化学,-,通用,ROE、现金流、资产负债率,-,-,2.3%,7.6%,-,48.7%,-,-,未分红/不适用,-10.9%,10,10,100,High,未知,排除,0,10年内亏损年份过多；10年净利润波动较大；长期ROE低于5%；近5年营收增长偏弱
300263,CN,隆华科技,-,科技,营收增长、自由现金流、研发投入效率,-,-,11.1%,18.4%,-,42.7%,-,-,未分红/不适用,8.6%,10,10,100,High,未知,警惕,85,10年ROE波动较大
300264,CN,佳创视讯,-,通用,ROE、现金流、资产负债率,-,-,-64.9%,90.0%,-,94.6%,-,-,未分红/不适用,-3.8%,10,10,100,High,未知,排除,0,10年内亏损年份过多；10年ROE波动较大；10年净利润波动较大；长期ROE低于5%；资产负债率过高
300265,CN,通光线缆,-,通用,ROE、现金流、资产负债率,-,-,4.9%,3.5%,-,31.1%,-,-,未分红/不适用,7.2%,10,10,100,High,未知,排除,60,长期ROE低于5%
300266,CN,兴源环境,-,通用,ROE、现金流、资产负债率,-,-,55.0%,343.4%,-,92.4%,-,-,未分红/不适用,-21.1%,10,10,100,High,未知,排除,0,10年内亏损年份过多；10年ROE波动较大；10年净利润波动较大；资产负债率过高；近5年营收明显下滑
300267,CN,尔康制药,-,通用,ROE、现金流、资产负债率,-,-,9.5%,30.9%,-,18.2%,-,-,未分红/不适用,-15.0%,10,10,100,High,未知,排除,0,10年内亏损年份过多；10年ROE波动较大；10年净利润波动较大；近5年营收明显下滑
300268,CN,佳沃食品,-,消费,ROE、毛利率稳定性、分红稳定性,-,-,-68.0%,171.1%,-,10.9%,-,-,未分红/不适用,-22.5%,10,10,100,High,未知,排除,0,消费公司长期ROE不够突出；10年内亏损年份过多；10年ROE波动较大；10年净利润波动较大；长期ROE低于5%；近5年营收明显下滑
300269,CN,联建光电,-,通用,ROE、现金流、资产负债率,-,-,-24.9%,53.6%,-,85.7%,-,-,未分红/不适用,-16.1%,10,10,100,High,未知,排除,0,10年内亏损年份过多；10年ROE波动较大；10年净利润波动较大；长期ROE低于5%；资产负债率过高；近5年营收明显下滑
300270,CN,中威电子,-,科技,营收增长、自由现金流、研发投入效率,-,-,1.0%,21.6%,-,33.2%,-,-,未分红/不适用,-8.7%,10,10,100,High,未知,排除,0,科技公司营收增长转负；10年内亏损年份过多；10年ROE波动较大；10年净利润波动较大；长期ROE低于5%；近5年营收增长偏弱
300271,CN,华宇软件,-,科技,营收增长、自由现金流、研发投入效率,-,-,0.5%,14.8%,-,21.3%,-,-,未分红/不适用,-27.2%,10,10,100,High,未知,排除,0,科技公司营收增长转负；10年内亏损年份过多；10年ROE波动较大；10年净利润波动较大；长期ROE低于5%；近5年营收明显下滑
300272,CN,开能健康,-,通用,ROE、现金流、资产负债率,-,-,10.5%,9.2%,-,62.9%,-,-,未分红/不适用,5.1%,10,10,100,High,未知,警惕,85,10年净利润波动较大
300274,CN,阳光电源,-,通用,ROE、现金流、资产负债率,-,-,21.1%,10.7%,-,58.1%,-,-,未分红/不适用,38.6%,10,10,100,High,未知,警惕,85,10年净利润波动较大
300275,CN,梅安森,-,通用,ROE、现金流、资产负债率,-,-,1.8%,8.1%,-,30.0%,-,-,未分红/不适用,8.9%,10,10,100,High,未知,排除,45,10年净利润波动较大；长期ROE低于5%
300276,CN,三丰智能,-,通用,ROE、现金流、资产负债率,-,-,-4.5%,17.0%,-,60.3%,-,-,未分红/不适用,5.5%,10,10,100,High,未知,排除,0,10年内亏损年份过多；10年ROE波动较大；10年净利润波动较大；长期ROE低于5%
300277,CN,汽轮科技,-,科技,营收增长、自由现金流、研发投入效率,-,-,7.1%,13.7%,-,25.6%,-,-,未分红/不适用,-4.4%,10,10,100,High,未知,警惕,70,科技公司营收增长转负；10年ROE波动较大
300278,CN,华昌达,-,通用,ROE、现金流、资产负债率,-,-,5.8%,81.2%,-,55.3%,-,-,未分红/不适用,7.6%,10,10,100,High,未知,排除,30,10年内亏损年份过多；10年ROE波动较大；10年净利润波动较大
300279,CN,和晶科技,-,科技,营收增长、自由现金流、研发投入效率,-,-,5.3%,36.0%,-,43.8%,-,-,未分红/不适用,-2.9%,10,10,100,High,未知,警惕,55,科技公司营收增长转负；10年ROE波动较大；10年净利润波动较大
300281,CN,金明精机,-,通用,ROE、现金流、资产负债率,-,-,8.7%,26.2%,-,17.4%,-,-,未分红/不适用,-4.6%,10,10,100,High,未知,警惕,70,10年ROE波动较大；10年净利润波动较大
300283,CN,温州宏丰,-,通用,ROE、现金流、资产负债率,-,-,2.6%,4.2%,-,68.1%,-,-,未分红/不适用,11.6%,10,10,100,High,未知,排除,45,10年净利润波动较大；长期ROE低于5%
300284,CN,苏交科,-,通用,ROE、现金流、资产负债率,-,-,11.7%,7.4%,-,43.1%,-,-,未分红/不适用,-5.0%,10,10,100,High,未知,警惕,85,近5年营收增长偏弱
300285,CN,国瓷材料,-,周期,利润波动、ROE波动、资本开支周期,-,-,12.3%,4.0%,-,18.9%,-,-,未分红/不适用,9.7%,10,10,100,High,未知,通过,100,-
300286,CN,安科瑞,-,通用,ROE、现金流、资产负债率,-,-,14.8%,2.4%,-,17.0%,-,-,未分红/不适用,1.8%,10,10,100,High,未知,通过,100,-
300287,CN,飞利信,-,通用,ROE、现金流、资产负债率,-,-,-7.1%,36.1%,-,47.1%,-,-,未分红/不适用,-32.8%,10,10,100,High,未知,排除,0,10年内亏损年份过多；10年ROE波动较大；10年净利润波动较大；长期ROE低于5%；近5年营收明显下滑
300288,CN,朗玛信息,-,通用,ROE、现金流、资产负债率,-,-,9.5%,30.3%,-,16.6%,-,-,未分红/不适用,-7.4%,10,10,100,High,未知,警惕,55,10年ROE波动较大；10年净利润波动较大；近5年营收增长偏弱
300289,CN,利德曼,-,通用,ROE、现金流、资产负债率,-,-,13.9%,30.2%,-,5.9%,-,-,未分红/不适用,-12.8%,10,10,100,High,未知,排除,15,10年内亏损年份过多；10年ROE波动较大；10年净利润波动较大；近5年营收增长偏弱
300290,CN,荣科科技,-,科技,营收增长、自由现金流、研发投入效率,-,-,-7.6%,16.7%,-,46.3%,-,-,未分红/不适用,-2.0%,10,10,100,High,未知,排除,0,科技公司营收增长转负；10年内亏损年份过多；10年ROE波动较大；10年净利润波动较大；长期ROE低于5%
300291,CN,百纳千成,-,通用,ROE、现金流、资产负债率,-,-,-5.7%,33.7%,-,36.1%,-,-,未分红/不适用,-21.3%,10,10,100,High,未知,排除,0,10年内亏损年份过多；10年ROE波动较大；10年净利润波动较大；长期ROE低于5%；近5年营收明显下滑
300292,CN,吴通控股,-,通用,ROE、现金流、资产负债率,-,-,-5.5%,23.4%,-,39.0%,-,-,未分红/不适用,0.7%,10,10,100,High,未知,排除,30,10年ROE波动较大；10年净利润波动较大；长期ROE低于5%
300293,CN,蓝英装备,-,通用,ROE、现金流、资产负债率,-,-,-6.6%,10.2%,-,56.6%,-,-,未分红/不适用,2.1%,10,10,100,High,未知,排除,5,10年内亏损年份过多；10年净利润波动较大；长期ROE低于5%
300294,CN,博雅生物,-,通用,ROE、现金流、资产负债率,-,-,8.6%,4.9%,-,13.8%,-,-,未分红/不适用,-6.1%,10,10,100,High,未知,警惕,85,近5年营收增长偏弱
300296,CN,利亚德,-,通用,ROE、现金流、资产负债率,-,-,6.5%,12.4%,-,40.6%,-,-,未分红/不适用,-5.5%,10,10,100,High,未知,警惕,55,10年ROE波动较大；10年净利润波动较大；近5年营收增长偏弱
300298,CN,三诺生物,-,通用,ROE、现金流、资产负债率,-,-,10.0%,5.0%,-,42.2%,-,-,未分红/不适用,18.5%,10,10,100,High,未知,通过,100,-
300299,CN,富春股份,-,通用,ROE、现金流、资产负债率,-,-,-7.7%,23.7%,-,61.0%,-,-,未分红/不适用,-9.6%,10,10,100,High,未知,排除,0,10年内亏损年份过多；10年ROE波动较大；10年净利润波动较大；长期ROE低于5%；近5年营收增长偏弱
300300,CN,海峡创新,-,通用,ROE、现金流、资产负债率,-,-,-25.3%,55.0%,-,73.8%,-,-,未分红/不适用,-24.7%,10,10,100,High,未知,排除,0,10年内亏损年份过多；10年ROE波动较大；10年净利润波动较大；长期ROE低于5%；资产负债率偏高；近5年营收明显下滑
300302,CN,同有科技,-,科技,营收增长、自由现金流、研发投入效率,-,-,-9.3%,28.4%,-,41.0%,-,-,未分红/不适用,0.8%,10,10,100,High,未知,排除,0,10年内亏损年份过多；10年ROE波动较大；10年净利润波动较大；长期ROE低于5%
300303,CN,聚飞光电,-,通用,ROE、现金流、资产负债率,-,-,9.2%,3.3%,-,39.7%,-,-,未分红/不适用,9.8%,10,10,100,High,未知,通过,100,-
300304,CN,云意电气,-,通用,ROE、现金流、资产负债率,-,-,9.8%,3.0%,-,23.5%,-,-,未分红/不适用,21.5%,10,10,100,High,未知,通过,100,-
300305,CN,裕兴股份,-,通用,ROE、现金流、资产负债率,-,-,7.1%,16.6%,-,38.1%,-,-,未分红/不适用,-10.1%,10,10,100,High,未知,警惕,55,10年ROE波动较大；10年净利润波动较大；近5年营收增长偏弱
300306,CN,远方信息,-,通用,ROE、现金流、资产负债率,-,-,2.9%,11.2%,-,6.9%,-,-,未分红/不适用,-2.8%,10,10,100,High,未知,排除,45,10年净利润波动较大；长期ROE低于5%
300307,CN,慈星股份,-,通用,ROE、现金流、资产负债率,-,-,-0.7%,11.1%,-,27.6%,-,-,未分红/不适用,-2.2%,10,10,100,High,未知,排除,45,10年净利润波动较大；长期ROE低于5%
300308,CN,中际旭创,-,通用,ROE、现金流、资产负债率,-,-,15.6%,12.6%,-,30.2%,-,-,未分红/不适用,49.3%,10,10,100,High,未知,警惕,70,10年ROE波动较大；10年净利润波动较大
300310,CN,宜通世纪,-,通用,ROE、现金流、资产负债率,-,-,0.5%,32.5%,-,45.4%,-,-,未分红/不适用,1.8%,10,10,100,High,未知,排除,30,10年ROE波动较大；10年净利润波动较大；长期ROE低于5%
300314,CN,戴维医疗,-,通用,ROE、现金流、资产负债率,-,-,8.5%,3.6%,-,17.3%,-,-,未分红/不适用,5.3%,10,10,100,High,未知,通过,100,-
300315,CN,掌趣科技,-,科技,营收增长、自由现金流、研发投入效率,-,-,-4.4%,17.3%,-,8.0%,-,-,未分红/不适用,-16.8%,10,10,100,High,未知,排除,0,科技公司营收增长转负；10年内亏损年份过多；10年ROE波动较大；10年净利润波动较大；长期ROE低于5%；近5年营收明显下滑
300316,CN,晶盛机电,-,通用,ROE、现金流、资产负债率,-,-,18.8%,10.3%,-,33.7%,-,-,未分红/不适用,17.5%,10,10,100,High,未知,警惕,85,10年净利润波动较大
300317,CN,珈伟新能,-,通用,ROE、现金流、资产负债率,-,-,-2.5%,37.2%,-,53.3%,-,-,未分红/不适用,2.1%,10,10,100,High,未知,排除,0,10年内亏损年份过多；10年ROE波动较大；10年净利润波动较大；长期ROE低于5%
300318,CN,博晖创新,-,通用,ROE、现金流、资产负债率,-,-,12.6%,32.5%,-,49.4%,-,-,未分红/不适用,3.6%,10,10,100,High,未知,排除,30,10年内亏损年份过多；10年ROE波动较大；10年净利润波动较大
300319,CN,麦捷科技,-,科技,营收增长、自由现金流、研发投入效率,-,-,4.4%,8.2%,-,33.8%,-,-,未分红/不适用,3.4%,10,10,100,High,未知,排除,45,10年净利润波动较大；长期ROE低于5%
300320,CN,海达股份,-,通用,ROE、现金流、资产负债率,-,-,10.0%,3.5%,-,32.3%,-,-,未分红/不适用,9.3%,10,10,100,High,未知,通过,100,-
300321,CN,同大股份,-,通用,ROE、现金流、资产负债率,-,-,7.9%,15.3%,-,10.2%,-,-,未分红/不适用,-6.5%,10,10,100,High,未知,警惕,55,10年ROE波动较大；10年净利润波动较大；近5年营收增长偏弱
300322,CN,硕贝德,-,通用,ROE、现金流、资产负债率,-,-,3.3%,9.8%,-,70.0%,-,-,未分红/不适用,9.1%,10,10,100,High,未知,排除,5,10年内亏损年份过多；10年净利润波动较大；长期ROE低于5%
300323,CN,华灿光电,-,通用,ROE、现金流、资产负债率,-,-,1.8%,16.2%,-,53.0%,-,-,未分红/不适用,14.4%,10,10,100,High,未知,排除,0,10年内亏损年份过多；10年ROE波动较大；10年净利润波动较大；长期ROE低于5%
300324,CN,旋极信息,-,通用,ROE、现金流、资产负债率,-,-,3.9%,32.7%,-,48.7%,-,-,未分红/不适用,-9.9%,10,10,100,High,未知,排除,0,10年内亏损年份过多；10年ROE波动较大；10年净利润波动较大；长期ROE低于5%；近5年营收增长偏弱
300327,CN,中颖电子,-,科技,营收增长、自由现金流、研发投入效率,-,-,17.3%,7.9%,-,16.2%,-,-,未分红/不适用,-3.7%,10,10,100,High,未知,警惕,85,科技公司营收增长转负
300328,CN,宜安科技,-,科技,营收增长、自由现金流、研发投入效率,-,-,7.5%,14.1%,-,62.6%,-,-,未分红/不适用,12.7%,10,10,100,High,未知,警惕,70,10年ROE波动较大；10年净利润波动较大
300329,CN,海伦钢琴,-,通用,ROE、现金流、资产负债率,-,-,7.2%,30.5%,-,38.1%,-,-,未分红/不适用,-30.3%,10,10,100,High,未知,排除,0,10年内亏损年份过多；10年ROE波动较大；10年净利润波动较大；近5年营收明显下滑
300331,CN,苏大维格,-,通用,ROE、现金流、资产负债率,-,-,-1.6%,9.4%,-,50.5%,-,-,未分红/不适用,4.1%,10,10,100,High,未知,排除,5,10年内亏损年份过多；10年净利润波动较大；长期ROE低于5%
300332,CN,天壕能源,-,通用,ROE、现金流、资产负债率,-,-,2.8%,4.2%,-,48.0%,-,-,未分红/不适用,5.8%,10,10,100,High,未知,排除,45,10年净利润波动较大；长期ROE低于5%
300333,CN,兆日科技,-,科技,营收增长、自由现金流、研发投入效率,-,-,-3.0%,6.6%,-,3.0%,-,-,未分红/不适用,-10.6%,10,10,100,High,未知,排除,0,科技公司营收增长转负；10年内亏损年份过多；10年净利润波动较大；长期ROE低于5%；近5年营收增长偏弱
300334,CN,津膜科技,-,科技,营收增长、自由现金流、研发投入效率,-,-,-3.6%,33.9%,-,44.5%,-,-,未分红/不适用,-15.4%,10,10,100,High,未知,排除,0,科技公司营收增长转负；10年内亏损年份过多；10年ROE波动较大；10年净利润波动较大；长期ROE低于5%；近5年营收明显下滑
300335,CN,迪森股份,-,通用,ROE、现金流、资产负债率,-,-,5.5%,6.7%,-,28.3%,-,-,未分红/不适用,-4.4%,10,10,100,High,未知,警惕,85,10年净利润波动较大
300337,CN,银邦股份,-,通用,ROE、现金流、资产负债率,-,-,11.4%,20.3%,-,73.9%,-,-,未分红/不适用,18.9%,10,10,100,High,未知,警惕,55,10年ROE波动较大；10年净利润波动较大；资产负债率偏高
300339,CN,润和软件,-,科技,营收增长、自由现金流、研发投入效率,-,-,0.2%,17.1%,-,37.7%,-,-,未分红/不适用,9.6%,10,10,100,High,未知,排除,30,10年ROE波动较大；10年净利润波动较大；长期ROE低于5%
300340,CN,科恒股份,-,通用,ROE、现金流、资产负债率,-,-,-188.6%,442.1%,-,99.4%,-,-,未分红/不适用,-11.2%,10,10,100,High,未知,排除,0,10年内亏损年份过多；10年ROE波动较大；10年净利润波动较大；长期ROE低于5%；资产负债率过高；近5年营收增长偏弱
300341,CN,麦克奥迪,-,通用,ROE、现金流、资产负债率,-,-,13.3%,3.1%,-,26.4%,-,-,未分红/不适用,1.0%,10,10,100,High,未知,通过,100,-
300342,CN,天银机电,-,通用,ROE、现金流、资产负债率,-,-,20.6%,25.8%,-,26.6%,-,-,未分红/不适用,-5.7%,10,10,100,High,未知,警惕,70,10年ROE波动较大；近5年营收增长偏弱
300345,CN,华民股份,-,通用,ROE、现金流、资产负债率,-,-,-5.1%,39.9%,-,89.1%,-,-,未分红/不适用,58.8%,10,10,100,High,未知,排除,0,10年内亏损年份过多；10年ROE波动较大；10年净利润波动较大；长期ROE低于5%；资产负债率过高
300346,CN,南大光电,-,通用,ROE、现金流、资产负债率,-,-,13.2%,17.8%,-,35.3%,-,-,未分红/不适用,27.3%,10,10,100,High,未知,警惕,85,10年ROE波动较大
300347,CN,泰格医药,-,通用,ROE、现金流、资产负债率,-,-,12.7%,6.7%,-,14.5%,-,-,未分红/不适用,7.0%,10,10,100,High,未知,通过,100,-
300348,CN,长亮科技,-,科技,营收增长、自由现金流、研发投入效率,-,-,26.0%,38.4%,-,27.2%,-,-,未分红/不适用,5.6%,10,10,100,High,未知,警惕,70,10年ROE波动较大；10年净利润波动较大
300349,CN,金卡智能,-,通用,ROE、现金流、资产负债率,-,-,8.9%,3.5%,-,40.1%,-,-,未分红/不适用,8.8%,10,10,100,High,未知,通过,100,-
300350,CN,华鹏飞,-,通用,ROE、现金流、资产负债率,-,-,-8.3%,27.8%,-,30.9%,-,-,未分红/不适用,-4.0%,10,10,100,High,未知,排除,0,10年内亏损年份过多；10年ROE波动较大；10年净利润波动较大；长期ROE低于5%
300351,CN,永贵电器,-,通用,ROE、现金流、资产负债率,-,-,0.8%,10.6%,-,47.4%,-,-,未分红/不适用,18.2%,10,10,100,High,未知,排除,45,10年净利润波动较大；长期ROE低于5%
300353,CN,东土科技,-,科技,营收增长、自由现金流、研发投入效率,-,-,1.4%,33.4%,-,46.8%,-,-,未分红/不适用,1.0%,10,10,100,High,未知,排除,30,10年ROE波动较大；10年净利润波动较大；长期ROE低于5%
300354,CN,东华测试,-,通用,ROE、现金流、资产负债率,-,-,17.2%,15.7%,-,11.5%,-,-,未分红/不适用,19.9%,10,10,100,High,未知,警惕,85,10年ROE波动较大
300355,CN,蒙草生态,-,通用,ROE、现金流、资产负债率,-,-,5.6%,26.3%,-,67.9%,-,-,未分红/不适用,-2.7%,10,10,100,High,未知,警惕,70,10年ROE波动较大；10年净利润波动较大
300357,CN,我武生物,-,通用,ROE、现金流、资产负债率,-,-,20.4%,4.7%,-,6.4%,-,-,未分红/不适用,7.1%,10,10,100,High,未知,通过,100,-
300358,CN,楚天科技,-,科技,营收增长、自由现金流、研发投入效率,-,-,6.2%,7.4%,-,57.7%,-,-,未分红/不适用,2.3%,10,10,100,High,未知,警惕,85,10年净利润波动较大
300359,CN,全通教育,-,通用,ROE、现金流、资产负债率,-,-,-2.7%,41.0%,-,19.6%,-,-,未分红/不适用,-19.5%,10,10,100,High,未知,排除,0,10年内亏损年份过多；10年ROE波动较大；10年净利润波动较大；长期ROE低于5%；近5年营收明显下滑
300360,CN,炬华科技,-,科技,营收增长、自由现金流、研发投入效率,-,-,14.2%,4.4%,-,15.3%,-,-,未分红/不适用,8.7%,10,10,100,High,未知,通过,100,-
300363,CN,博腾股份,-,通用,ROE、现金流、资产负债率,-,-,10.0%,12.1%,-,35.7%,-,-,未分红/不适用,2.4%,10,10,100,High,未知,警惕,70,10年ROE波动较大；10年净利润波动较大
300364,CN,中文在线,-,通用,ROE、现金流、资产负债率,-,-,-21.8%,36.1%,-,75.6%,-,-,未分红/不适用,8.6%,10,10,100,High,未知,排除,0,10年内亏损年份过多；10年ROE波动较大；10年净利润波动较大；长期ROE低于5%；资产负债率偏高
300365,CN,恒华科技,-,科技,营收增长、自由现金流、研发投入效率,-,-,13.9%,30.2%,-,19.1%,-,-,未分红/不适用,0.7%,10,10,100,High,未知,排除,30,10年内亏损年份过多；10年ROE波动较大；10年净利润波动较大
300368,CN,汇金股份,-,通用,ROE、现金流、资产负债率,-,-,-36.5%,59.7%,-,64.4%,-,-,未分红/不适用,-44.7%,10,10,100,High,未知,排除,0,10年内亏损年份过多；10年ROE波动较大；10年净利润波动较大；长期ROE低于5%；近5年营收明显下滑
300369,CN,绿盟科技,-,科技,营收增长、自由现金流、研发投入效率,-,-,8.2%,27.9%,-,45.3%,-,-,未分红/不适用,-0.7%,10,10,100,High,未知,排除,15,科技公司营收增长转负；10年内亏损年份过多；10年ROE波动较大；10年净利润波动较大
300370,CN,安控科技,-,科技,营收增长、自由现金流、研发投入效率,-,-,-28.4%,38.9%,-,60.2%,-,-,未分红/不适用,-7.4%,10,10,100,High,未知,排除,0,科技公司营收增长转负；10年内亏损年份过多；10年ROE波动较大；10年净利润波动较大；长期ROE低于5%；近5年营收增长偏弱
300371,CN,汇中股份,-,通用,ROE、现金流、资产负债率,-,-,11.8%,4.3%,-,8.9%,-,-,未分红/不适用,-3.7%,10,10,100,High,未知,通过,100,-
300373,CN,扬杰科技,-,科技,营收增长、自由现金流、研发投入效率,-,-,13.3%,3.3%,-,40.7%,-,-,未分红/不适用,12.8%,10,10,100,High,未知,通过,100,-
300374,CN,中铁装配,-,通用,ROE、现金流、资产负债率,-,-,2.3%,34.2%,-,82.7%,-,-,未分红/不适用,46.0%,10,10,100,High,未知,排除,0,10年内亏损年份过多；10年ROE波动较大；10年净利润波动较大；长期ROE低于5%；资产负债率偏高
300375,CN,鹏翎股份,-,通用,ROE、现金流、资产负债率,-,-,3.7%,6.3%,-,44.8%,-,-,未分红/不适用,14.6%,10,10,100,High,未知,排除,45,10年净利润波动较大；长期ROE低于5%
300376,CN,易事特,-,通用,ROE、现金流、资产负债率,-,-,12.8%,9.7%,-,49.3%,-,-,未分红/不适用,-2.0%,10,10,100,High,未知,通过,100,-
300377,CN,赢时胜,-,通用,ROE、现金流、资产负债率,-,-,5.1%,18.5%,-,8.5%,-,-,未分红/不适用,7.5%,10,10,100,High,未知,警惕,70,10年ROE波动较大；10年净利润波动较大
300378,CN,鼎捷数智,-,通用,ROE、现金流、资产负债率,-,-,6.8%,1.4%,-,47.1%,-,-,未分红/不适用,8.0%,10,10,100,High,未知,通过,100,-
300380,CN,安硕信息,-,通用,ROE、现金流、资产负债率,-,-,1.2%,9.4%,-,52.1%,-,-,未分红/不适用,7.9%,10,10,100,High,未知,排除,5,10年内亏损年份过多；10年净利润波动较大；长期ROE低于5%
300381,CN,溢多利,-,通用,ROE、现金流、资产负债率,-,-,-2.6%,36.3%,-,11.3%,-,-,未分红/不适用,-18.6%,10,10,100,High,未知,排除,0,10年内亏损年份过多；10年ROE波动较大；10年净利润波动较大；长期ROE低于5%；近5年营收明显下滑
300382,CN,斯莱克,-,通用,ROE、现金流、资产负债率,-,-,7.5%,7.1%,-,57.6%,-,-,未分红/不适用,20.3%,10,10,100,High,未知,警惕,85,10年净利润波动较大
300383,CN,光环新网,-,通用,ROE、现金流、资产负债率,-,-,4.7%,6.5%,-,39.1%,-,-,未分红/不适用,-1.7%,10,10,100,High,未知,排除,45,10年净利润波动较大；长期ROE低于5%
300384,CN,三联虹普,-,通用,ROE、现金流、资产负债率,-,-,9.6%,1.9%,-,17.3%,-,-,未分红/不适用,-0.5%,10,10,100,High,未知,通过,100,-
300386,CN,飞天诚信,-,通用,ROE、现金流、资产负债率,-,-,4.7%,14.1%,-,8.2%,-,-,未分红/不适用,-2.8%,10,10,100,High,未知,排除,0,10年内亏损年份过多；10年ROE波动较大；10年净利润波动较大；长期ROE低于5%
300387,CN,富邦科技,-,科技,营收增长、自由现金流、研发投入效率,-,-,6.4%,2.7%,-,26.9%,-,-,未分红/不适用,19.3%,10,10,100,High,未知,通过,100,-
300388,CN,节能国祯,-,通用,ROE、现金流、资产负债率,-,-,10.4%,1.8%,-,71.2%,-,-,未分红/不适用,-4.8%,10,10,100,High,未知,警惕,85,资产负债率偏高
300389,CN,艾比森,-,通用,ROE、现金流、资产负债率,-,-,11.6%,8.9%,-,63.7%,-,-,未分红/不适用,15.6%,10,10,100,High,未知,通过,100,-
300390,CN,天华新能,-,通用,ROE、现金流、资产负债率,-,-,22.7%,35.0%,-,32.2%,-,-,未分红/不适用,22.1%,10,10,100,High,未知,警惕,70,10年ROE波动较大；10年净利润波动较大
300393,CN,中来股份,-,通用,ROE、现金流、资产负债率,-,-,0.1%,22.3%,-,83.1%,-,-,未分红/不适用,-6.5%,10,10,100,High,未知,排除,0,10年内亏损年份过多；10年ROE波动较大；10年净利润波动较大；长期ROE低于5%；资产负债率偏高；近5年营收增长偏弱
300394,CN,天孚通信,-,科技,营收增长、自由现金流、研发投入效率,-,-,21.7%,10.0%,-,14.5%,-,-,未分红/不适用,49.5%,10,10,100,High,未知,警惕,85,10年净利润波动较大
300395,CN,菲利华,-,通用,ROE、现金流、资产负债率,-,-,14.4%,3.2%,-,21.4%,-,-,未分红/不适用,13.3%,10,10,100,High,未知,通过,100,-
300397,CN,天和防务,-,通用,ROE、现金流、资产负债率,-,-,-3.6%,8.2%,-,47.3%,-,-,未分红/不适用,-2.7%,10,10,100,High,未知,排除,5,10年内亏损年份过多；10年净利润波动较大；长期ROE低于5%
300398,CN,飞凯材料,-,周期,利润波动、ROE波动、资本开支周期,-,-,9.4%,3.3%,-,28.0%,-,-,未分红/不适用,5.3%,10,10,100,High,未知,通过,100,-
300399,CN,天利科技,-,科技,营收增长、自由现金流、研发投入效率,-,-,-1.2%,26.1%,-,16.2%,-,-,未分红/不适用,-1.0%,10,10,100,High,未知,排除,15,科技公司营收增长转负；10年ROE波动较大；10年净利润波动较大；长期ROE低于5%
300400,CN,劲拓股份,-,通用,ROE、现金流、资产负债率,-,-,12.2%,5.2%,-,35.9%,-,-,未分红/不适用,-5.6%,10,10,100,High,未知,警惕,85,近5年营收增长偏弱
300401,CN,花园生物,-,通用,ROE、现金流、资产负债率,-,-,13.5%,5.4%,-,39.7%,-,-,未分红/不适用,2.6%,10,10,100,High,未知,通过,100,-
300402,CN,宝色股份,-,通用,ROE、现金流、资产负债率,-,-,3.3%,7.0%,-,42.0%,-,-,未分红/不适用,2.5%,10,10,100,High,未知,排除,45,10年净利润波动较大；长期ROE低于5%
300403,CN,汉宇集团,-,通用,ROE、现金流、资产负债率,-,-,12.6%,1.6%,-,13.5%,-,-,未分红/不适用,1.0%,10,10,100,High,未知,通过,100,-
300404,CN,博济医药,-,通用,ROE、现金流、资产负债率,-,-,6.8%,14.8%,-,35.0%,-,-,未分红/不适用,27.9%,10,10,100,High,未知,警惕,70,10年ROE波动较大；10年净利润波动较大
300405,CN,科隆股份,-,通用,ROE、现金流、资产负债率,-,-,-7.0%,8.2%,-,59.2%,-,-,未分红/不适用,-15.9%,10,10,100,High,未知,排除,0,10年内亏损年份过多；10年净利润波动较大；长期ROE低于5%；近5年营收明显下滑
300406,CN,九强生物,-,通用,ROE、现金流、资产负债率,-,-,13.8%,5.7%,-,25.1%,-,-,未分红/不适用,-4.1%,10,10,100,High,未知,通过,100,-
300407,CN,凯发电气,-,通用,ROE、现金流、资产负债率,-,-,6.0%,3.4%,-,47.9%,-,-,未分红/不适用,9.0%,10,10,100,High,未知,通过,100,-
300408,CN,三环集团,-,通用,ROE、现金流、资产负债率,-,-,15.0%,4.8%,-,18.3%,-,-,未分红/不适用,9.7%,10,10,100,High,未知,通过,100,-
300409,CN,道氏技术,-,通用,ROE、现金流、资产负债率,-,-,11.4%,35.9%,-,40.9%,-,-,未分红/不适用,5.6%,10,10,100,High,未知,警惕,70,10年ROE波动较大；10年净利润波动较大
300410,CN,正业科技,-,科技,营收增长、自由现金流、研发投入效率,-,-,-8.7%,46.1%,-,81.6%,-,-,未分红/不适用,-12.2%,10,10,100,High,未知,排除,0,科技公司营收增长转负；10年内亏损年份过多；10年ROE波动较大；10年净利润波动较大；长期ROE低于5%；资产负债率偏高；近5年营收增长偏弱
300411,CN,金盾股份,-,通用,ROE、现金流、资产负债率,-,-,-4.8%,23.0%,-,33.8%,-,-,未分红/不适用,-8.4%,10,10,100,High,未知,排除,15,10年ROE波动较大；10年净利润波动较大；长期ROE低于5%；近5年营收增长偏弱
300412,CN,迦南科技,-,科技,营收增长、自由现金流、研发投入效率,-,-,4.3%,5.5%,-,56.9%,-,-,未分红/不适用,3.8%,10,10,100,High,未知,排除,45,10年净利润波动较大；长期ROE低于5%
300413,CN,芒果超媒,-,通用,ROE、现金流、资产负债率,-,-,13.1%,6.1%,-,29.4%,-,-,未分红/不适用,-2.6%,10,10,100,High,未知,通过,100,-
300414,CN,中光防雷,-,通用,ROE、现金流、资产负债率,-,-,12.2%,24.9%,-,16.7%,-,-,未分红/不适用,-5.1%,10,10,100,High,未知,警惕,70,10年ROE波动较大；近5年营收增长偏弱
300415,CN,伊之密,-,通用,ROE、现金流、资产负债率,-,-,20.7%,5.1%,-,60.3%,-,-,未分红/不适用,14.4%,10,10,100,High,未知,通过,100,-
300416,CN,苏试试验,-,通用,ROE、现金流、资产负债率,-,-,12.3%,2.6%,-,40.7%,-,-,未分红/不适用,10.6%,10,10,100,High,未知,通过,100,-
300417,CN,南华仪器,-,通用,ROE、现金流、资产负债率,-,-,-6.3%,39.0%,-,16.0%,-,-,未分红/不适用,1.9%,10,10,100,High,未知,排除,0,10年内亏损年份过多；10年ROE波动较大；10年净利润波动较大；长期ROE低于5%
300418,CN,昆仑万维,-,通用,ROE、现金流、资产负债率,-,-,15.1%,20.6%,-,22.7%,-,-,未分红/不适用,14.0%,10,10,100,High,未知,警惕,70,10年ROE波动较大；10年净利润波动较大
300420,CN,五洋自控,-,通用,ROE、现金流、资产负债率,-,-,3.4%,5.5%,-,22.1%,-,-,未分红/不适用,-14.0%,10,10,100,High,未知,排除,30,10年净利润波动较大；长期ROE低于5%；近5年营收增长偏弱
300421,CN,力星股份,-,通用,ROE、现金流、资产负债率,-,-,5.7%,1.4%,-,33.4%,-,-,未分红/不适用,3.3%,10,10,100,High,未知,通过,100,-
300422,CN,博世科,-,通用,ROE、现金流、资产负债率,-,-,-10.2%,31.2%,-,91.7%,-,-,未分红/不适用,-6.7%,10,10,100,High,未知,排除,0,10年内亏损年份过多；10年ROE波动较大；10年净利润波动较大；长期ROE低于5%；资产负债率过高；近5年营收增长偏弱
300423,CN,昇辉科技,-,科技,营收增长、自由现金流、研发投入效率,-,-,-5.2%,28.0%,-,51.4%,-,-,未分红/不适用,-27.2%,10,10,100,High,未知,排除,0,科技公司营收增长转负；10年内亏损年份过多；10年ROE波动较大；10年净利润波动较大；长期ROE低于5%；近5年营收明显下滑
300424,CN,航新科技,-,科技,营收增长、自由现金流、研发投入效率,-,-,-2.1%,14.6%,-,69.5%,-,-,未分红/不适用,10.9%,10,10,100,High,未知,排除,0,10年内亏损年份过多；10年ROE波动较大；10年净利润波动较大；长期ROE低于5%
300425,CN,中建环能,-,通用,ROE、现金流、资产负债率,-,-,12.3%,14.1%,-,44.9%,-,-,未分红/不适用,2.1%,10,10,100,High,未知,警惕,85,10年ROE波动较大
300426,CN,华智数媒,-,通用,ROE、现金流、资产负债率,-,-,-33.4%,67.4%,-,97.0%,-,-,未分红/不适用,-30.2%,10,10,100,High,未知,排除,0,10年内亏损年份过多；10年ROE波动较大；10年净利润波动较大；长期ROE低于5%；资产负债率过高；近5年营收明显下滑
300427,CN,红相股份,-,通用,ROE、现金流、资产负债率,-,-,-4.4%,21.5%,-,26.1%,-,-,未分红/不适用,-14.8%,10,10,100,High,未知,排除,0,10年内亏损年份过多；10年ROE波动较大；10年净利润波动较大；长期ROE低于5%；近5年营收增长偏弱
300428,CN,立中集团,-,通用,ROE、现金流、资产负债率,-,-,12.3%,3.3%,-,61.3%,-,-,未分红/不适用,14.6%,10,10,100,High,未知,通过,100,-
300429,CN,强力新材,-,通用,ROE、现金流、资产负债率,-,-,3.5%,9.0%,-,45.7%,-,-,未分红/不适用,-1.2%,10,10,100,High,未知,排除,5,10年内亏损年份过多；10年净利润波动较大；长期ROE低于5%
300432,CN,富临精工,-,通用,ROE、现金流、资产负债率,-,-,3.8%,32.1%,-,63.4%,-,-,未分红/不适用,50.1%,10,10,100,High,未知,排除,30,10年ROE波动较大；10年净利润波动较大；长期ROE低于5%
300433,CN,蓝思科技,-,科技,营收增长、自由现金流、研发投入效率,-,-,9.2%,4.9%,-,34.7%,-,-,未分红/不适用,13.2%,10,10,100,High,未知,通过,100,-
300434,CN,金石亚药,-,通用,ROE、现金流、资产负债率,-,-,2.4%,11.2%,-,20.2%,-,-,未分红/不适用,-0.4%,10,10,100,High,未知,排除,45,10年净利润波动较大；长期ROE低于5%
300435,CN,中泰股份,-,通用,ROE、现金流、资产负债率,-,-,8.6%,4.4%,-,24.9%,-,-,未分红/不适用,3.4%,10,10,100,High,未知,警惕,85,10年净利润波动较大
300436,CN,广生堂,-,通用,ROE、现金流、资产负债率,-,-,-15.2%,29.2%,-,75.3%,-,-,未分红/不适用,3.0%,10,10,100,High,未知,排除,0,10年内亏损年份过多；10年ROE波动较大；10年净利润波动较大；长期ROE低于5%；资产负债率偏高
300437,CN,清水源,-,通用,ROE、现金流、资产负债率,-,-,0.8%,12.6%,-,40.8%,-,-,未分红/不适用,-14.7%,10,10,100,High,未知,排除,0,10年内亏损年份过多；10年ROE波动较大；10年净利润波动较大；长期ROE低于5%；近5年营收增长偏弱
300438,CN,鹏辉能源,-,通用,ROE、现金流、资产负债率,-,-,17.5%,28.8%,-,74.2%,-,-,未分红/不适用,20.4%,10,10,100,High,未知,警惕,55,10年ROE波动较大；10年净利润波动较大；资产负债率偏高
300439,CN,美康生物,-,通用,ROE、现金流、资产负债率,-,-,6.2%,15.1%,-,19.3%,-,-,未分红/不适用,-9.1%,10,10,100,High,未知,警惕,55,10年ROE波动较大；10年净利润波动较大；近5年营收增长偏弱
300440,CN,运达科技,-,科技,营收增长、自由现金流、研发投入效率,-,-,7.3%,2.9%,-,30.8%,-,-,未分红/不适用,7.2%,10,10,100,High,未知,通过,100,-
300441,CN,鲍斯股份,-,通用,ROE、现金流、资产负债率,-,-,11.4%,12.0%,-,31.8%,-,-,未分红/不适用,-5.7%,10,10,100,High,未知,警惕,70,10年净利润波动较大；近5年营收增长偏弱
300442,CN,润泽科技,-,科技,营收增长、自由现金流、研发投入效率,-,-,25.5%,40.1%,-,62.8%,-,-,未分红/不适用,29.0%,10,10,100,High,未知,警惕,70,10年ROE波动较大；10年净利润波动较大
300443,CN,金雷股份,-,通用,ROE、现金流、资产负债率,-,-,11.2%,6.3%,-,11.0%,-,-,未分红/不适用,10.8%,10,10,100,High,未知,通过,100,-
300444,CN,双杰电气,-,通用,ROE、现金流、资产负债率,-,-,-1.5%,20.8%,-,76.1%,-,-,未分红/不适用,42.5%,10,10,100,High,未知,排除,0,10年内亏损年份过多；10年ROE波动较大；10年净利润波动较大；长期ROE低于5%；资产负债率偏高
300445,CN,康斯特,-,通用,ROE、现金流、资产负债率,-,-,10.6%,2.5%,-,10.1%,-,-,未分红/不适用,13.7%,10,10,100,High,未知,通过,100,-
300446,CN,航天智造,-,通用,ROE、现金流、资产负债率,-,-,21.8%,20.7%,-,45.6%,-,-,未分红/不适用,176.9%,10,10,100,High,未知,警惕,70,10年ROE波动较大；10年净利润波动较大
300448,CN,浩云科技,-,科技,营收增长、自由现金流、研发投入效率,-,-,13.5%,28.5%,-,7.5%,-,-,未分红/不适用,-17.9%,10,10,100,High,未知,排除,0,科技公司营收增长转负；10年内亏损年份过多；10年ROE波动较大；10年净利润波动较大；近5年营收明显下滑
300449,CN,汉邦高科,-,通用,ROE、现金流、资产负债率,-,-,-29.0%,61.2%,-,35.0%,-,-,未分红/不适用,-13.7%,10,10,100,High,未知,排除,0,10年内亏损年份过多；10年ROE波动较大；10年净利润波动较大；长期ROE低于5%；近5年营收增长偏弱
300450,CN,先导智能,-,通用,ROE、现金流、资产负债率,-,-,20.5%,9.8%,-,66.4%,-,-,未分红/不适用,9.5%,10,10,100,High,未知,通过,100,-
300451,CN,创业慧康,-,通用,ROE、现金流、资产负债率,-,-,22.0%,34.6%,-,22.8%,-,-,未分红/不适用,-13.7%,10,10,100,High,未知,警惕,55,10年ROE波动较大；10年净利润波动较大；近5年营收增长偏弱
300452,CN,山河药辅,-,通用,ROE、现金流、资产负债率,-,-,16.0%,2.9%,-,37.3%,-,-,未分红/不适用,11.2%,10,10,100,High,未知,通过,100,-
300453,CN,三鑫医疗,-,通用,ROE、现金流、资产负债率,-,-,14.0%,5.5%,-,36.0%,-,-,未分红/不适用,8.9%,10,10,100,High,未知,通过,100,-
300454,CN,深信服,-,通用,ROE、现金流、资产负债率,-,-,12.7%,12.2%,-,41.8%,-,-,未分红/不适用,4.3%,10,10,100,High,未知,警惕,85,10年ROE波动较大
300455,CN,航天智装,-,通用,ROE、现金流、资产负债率,-,-,7.7%,7.8%,-,40.6%,-,-,未分红/不适用,-3.6%,10,10,100,High,未知,警惕,85,10年净利润波动较大
300456,CN,赛微电子,-,科技,营收增长、自由现金流、研发投入效率,-,-,5.6%,7.7%,-,21.5%,-,-,未分红/不适用,-2.9%,10,10,100,High,未知,警惕,70,科技公司营收增长转负；10年净利润波动较大
300457,CN,赢合科技,-,科技,营收增长、自由现金流、研发投入效率,-,-,9.5%,4.7%,-,63.6%,-,-,未分红/不适用,16.1%,10,10,100,High,未知,通过,100,-
300458,CN,全志科技,-,科技,营收增长、自由现金流、研发投入效率,-,-,23.4%,30.9%,-,17.9%,-,-,未分红/不适用,8.3%,10,10,100,High,未知,警惕,85,10年ROE波动较大
300459,CN,汤姆猫,-,通用,ROE、现金流、资产负债率,-,-,-10.2%,33.9%,-,63.8%,-,-,未分红/不适用,-16.9%,10,10,100,High,未知,排除,0,10年内亏损年份过多；10年ROE波动较大；10年净利润波动较大；长期ROE低于5%；近5年营收明显下滑
300461,CN,田中精机,-,通用,ROE、现金流、资产负债率,-,-,-7.4%,63.7%,-,31.4%,-,-,未分红/不适用,-2.1%,10,10,100,High,未知,排除,0,10年内亏损年份过多；10年ROE波动较大；10年净利润波动较大；长期ROE低于5%
300463,CN,迈克生物,-,通用,ROE、现金流、资产负债率,-,-,7.3%,23.6%,-,21.1%,-,-,未分红/不适用,-14.1%,10,10,100,High,未知,警惕,70,10年ROE波动较大；近5年营收增长偏弱
300464,CN,星徽股份,-,通用,ROE、现金流、资产负债率,-,-,-29.2%,61.8%,-,88.7%,-,-,未分红/不适用,-20.1%,10,10,100,High,未知,排除,0,10年内亏损年份过多；10年ROE波动较大；10年净利润波动较大；长期ROE低于5%；资产负债率过高；近5年营收明显下滑
300465,CN,高伟达,-,通用,ROE、现金流、资产负债率,-,-,-2.6%,26.2%,-,45.5%,-,-,未分红/不适用,-18.0%,10,10,100,High,未知,排除,0,10年ROE波动较大；10年净利润波动较大；长期ROE低于5%；近5年营收明显下滑
300466,CN,赛摩智能,-,通用,ROE、现金流、资产负债率,-,-,-4.6%,8.9%,-,37.4%,-,-,未分红/不适用,-5.3%,10,10,100,High,未知,排除,0,10年内亏损年份过多；10年净利润波动较大；长期ROE低于5%；近5年营收增长偏弱
300467,CN,迅游科技,-,科技,营收增长、自由现金流、研发投入效率,-,-,-9.7%,26.6%,-,19.9%,-,-,未分红/不适用,-11.8%,10,10,100,High,未知,排除,0,科技公司营收增长转负；10年内亏损年份过多；10年ROE波动较大；10年净利润波动较大；长期ROE低于5%；近5年营收增长偏弱
300468,CN,四方精创,-,通用,ROE、现金流、资产负债率,-,-,6.2%,2.7%,-,7.0%,-,-,未分红/不适用,-0.4%,10,10,100,High,未知,通过,100,-
300469,CN,信息发展,-,通用,ROE、现金流、资产负债率,-,-,-32.0%,42.4%,-,68.7%,-,-,未分红/不适用,-11.7%,10,10,100,High,未知,排除,0,10年内亏损年份过多；10年ROE波动较大；10年净利润波动较大；长期ROE低于5%；近5年营收增长偏弱
300470,CN,中密控股,-,通用,ROE、现金流、资产负债率,-,-,14.3%,1.8%,-,17.1%,-,-,未分红/不适用,11.8%,10,10,100,High,未知,通过,100,-
300471,CN,厚普股份,-,通用,ROE、现金流、资产负债率,-,-,0.5%,25.1%,-,43.1%,-,-,未分红/不适用,5.4%,10,10,100,High,未知,排除,0,10年内亏损年份过多；10年ROE波动较大；10年净利润波动较大；长期ROE低于5%
300473,CN,德尔股份,-,通用,ROE、现金流、资产负债率,-,-,5.1%,34.1%,-,60.7%,-,-,未分红/不适用,10.4%,10,10,100,High,未知,警惕,70,10年ROE波动较大；10年净利润波动较大
300474,CN,景嘉微,-,通用,ROE、现金流、资产负债率,-,-,7.2%,6.6%,-,11.7%,-,-,未分红/不适用,-9.9%,10,10,100,High,未知,警惕,70,10年净利润波动较大；近5年营收增长偏弱
300475,CN,香农芯创,-,通用,ROE、现金流、资产负债率,-,-,10.5%,5.6%,-,65.6%,-,-,未分红/不适用,39.9%,10,10,100,High,未知,警惕,85,10年净利润波动较大
300476,CN,胜宏科技,-,科技,营收增长、自由现金流、研发投入效率,-,-,16.2%,7.2%,-,52.9%,-,-,未分红/不适用,26.9%,10,10,100,High,未知,警惕,85,10年净利润波动较大
300478,CN,杭州高新,-,通用,ROE、现金流、资产负债率,-,-,-23.1%,46.3%,-,84.9%,-,-,未分红/不适用,0.3%,10,10,100,High,未知,排除,0,10年内亏损年份过多；10年ROE波动较大；10年净利润波动较大；长期ROE低于5%；资产负债率偏高
300479,CN,神思电子,-,科技,营收增长、自由现金流、研发投入效率,-,-,-3.5%,11.3%,-,67.1%,-,-,未分红/不适用,25.2%,10,10,100,High,未知,排除,5,10年内亏损年份过多；10年净利润波动较大；长期ROE低于5%
300480,CN,光力科技,-,科技,营收增长、自由现金流、研发投入效率,-,-,5.2%,5.3%,-,35.4%,-,-,未分红/不适用,6.0%,10,10,100,High,未知,警惕,85,10年净利润波动较大
300481,CN,濮阳惠成,-,通用,ROE、现金流、资产负债率,-,-,14.2%,4.9%,-,17.7%,-,-,未分红/不适用,0.3%,10,10,100,High,未知,通过,100,-
300482,CN,万孚生物,-,通用,ROE、现金流、资产负债率,-,-,17.6%,8.9%,-,17.1%,-,-,未分红/不适用,-11.2%,10,10,100,High,未知,警惕,85,近5年营收增长偏弱
300483,CN,首华燃气,-,通用,ROE、现金流、资产负债率,-,-,-1.1%,11.2%,-,53.2%,-,-,未分红/不适用,11.5%,10,10,100,High,未知,排除,45,10年净利润波动较大；长期ROE低于5%
300484,CN,蓝海华腾,-,通用,ROE、现金流、资产负债率,-,-,7.8%,14.3%,-,28.8%,-,-,未分红/不适用,-1.3%,10,10,100,High,未知,警惕,70,10年ROE波动较大；10年净利润波动较大
300485,CN,赛升药业,-,通用,ROE、现金流、资产负债率,-,-,11.3%,12.2%,-,4.9%,-,-,未分红/不适用,-21.2%,10,10,100,High,未知,排除,45,10年ROE波动较大；近5年营收明显下滑
300486,CN,东杰智能,-,通用,ROE、现金流、资产负债率,-,-,-0.8%,10.1%,-,43.8%,-,-,未分红/不适用,-6.0%,10,10,100,High,未知,排除,0,10年内亏损年份过多；10年净利润波动较大；长期ROE低于5%；近5年营收增长偏弱
300487,CN,蓝晓科技,-,科技,营收增长、自由现金流、研发投入效率,-,-,18.0%,5.0%,-,33.2%,-,-,未分红/不适用,23.6%,10,10,100,High,未知,通过,100,-
300488,CN,恒锋工具,-,通用,ROE、现金流、资产负债率,-,-,10.4%,2.1%,-,27.4%,-,-,未分红/不适用,8.8%,10,10,100,High,未知,通过,100,-
300489,CN,光智科技,-,科技,营收增长、自由现金流、研发投入效率,-,-,-15.2%,44.9%,-,78.4%,-,-,未分红/不适用,30.2%,10,10,100,High,未知,排除,0,10年内亏损年份过多；10年ROE波动较大；10年净利润波动较大；长期ROE低于5%；资产负债率偏高
300490,CN,华自科技,-,科技,营收增长、自由现金流、研发投入效率,-,-,-1.9%,10.3%,-,68.4%,-,-,未分红/不适用,2.1%,10,10,100,High,未知,排除,5,10年内亏损年份过多；10年净利润波动较大；长期ROE低于5%
300491,CN,通合科技,-,科技,营收增长、自由现金流、研发投入效率,-,-,4.5%,3.9%,-,52.5%,-,-,未分红/不适用,38.7%,10,10,100,High,未知,排除,45,10年净利润波动较大；长期ROE低于5%
300492,CN,华图山鼎,-,通用,ROE、现金流、资产负债率,-,-,11.7%,31.2%,-,93.8%,-,-,未分红/不适用,132.2%,10,10,100,High,未知,排除,30,10年ROE波动较大；10年净利润波动较大；资产负债率过高
300493,CN,润欣科技,-,科技,营收增长、自由现金流、研发投入效率,-,-,5.9%,3.1%,-,41.6%,-,-,未分红/不适用,11.7%,10,10,100,High,未知,通过,100,-
300494,CN,盛天网络,-,通用,ROE、现金流、资产负债率,-,-,6.4%,9.2%,-,10.6%,-,-,未分红/不适用,-0.5%,10,10,100,High,未知,警惕,85,10年净利润波动较大
300496,CN,中科创达,-,通用,ROE、现金流、资产负债率,-,-,9.9%,4.3%,-,20.8%,-,-,未分红/不适用,17.2%,10,10,100,High,未知,通过,100,-
300497,CN,富祥药业,-,通用,ROE、现金流、资产负债率,-,-,8.2%,14.6%,-,50.0%,-,-,未分红/不适用,-4.6%,10,10,100,High,未知,排除,30,10年内亏损年份过多；10年ROE波动较大；10年净利润波动较大
300498,CN,温氏股份,-,通用,ROE、现金流、资产负债率,-,-,12.9%,23.2%,-,49.8%,-,-,未分红/不适用,12.4%,10,10,100,High,未知,警惕,70,10年ROE波动较大；10年净利润波动较大
300499,CN,高澜股份,-,通用,ROE、现金流、资产负债率,-,-,7.1%,7.8%,-,36.9%,-,-,未分红/不适用,-12.4%,10,10,100,High,未知,警惕,70,10年净利润波动较大；近5年营收增长偏弱
300500,CN,启迪设计,-,通用,ROE、现金流、资产负债率,-,-,10.5%,31.0%,-,60.7%,-,-,未分红/不适用,-18.7%,10,10,100,High,未知,排除,0,10年内亏损年份过多；10年ROE波动较大；10年净利润波动较大；近5年营收明显下滑
300501,CN,海顺新材,-,通用,ROE、现金流、资产负债率,-,-,8.3%,4.7%,-,43.0%,-,-,未分红/不适用,6.6%,10,10,100,High,未知,通过,100,-
300502,CN,新易盛,-,通用,ROE、现金流、资产负债率,-,-,22.1%,19.4%,-,30.2%,-,-,未分红/不适用,71.0%,10,10,100,High,未知,警惕,70,10年ROE波动较大；10年净利润波动较大
300503,CN,昊志机电,-,通用,ROE、现金流、资产负债率,-,-,3.3%,10.7%,-,57.1%,-,-,未分红/不适用,8.5%,10,10,100,High,未知,排除,45,10年净利润波动较大；长期ROE低于5%
300504,CN,天邑股份,-,通用,ROE、现金流、资产负债率,-,-,10.1%,11.9%,-,18.3%,-,-,未分红/不适用,-15.4%,10,10,100,High,未知,排除,45,10年净利润波动较大；近5年营收明显下滑
300505,CN,川金诺,-,通用,ROE、现金流、资产负债率,-,-,9.9%,7.1%,-,30.9%,-,-,未分红/不适用,27.6%,10,10,100,High,未知,警惕,85,10年净利润波动较大
300507,CN,苏奥传感,-,通用,ROE、现金流、资产负债率,-,-,9.7%,3.7%,-,37.4%,-,-,未分红/不适用,27.9%,10,10,100,High,未知,通过,100,-
300508,CN,维宏股份,-,通用,ROE、现金流、资产负债率,-,-,9.0%,6.3%,-,24.3%,-,-,未分红/不适用,7.2%,10,10,100,High,未知,通过,100,-
300509,CN,新美星,-,通用,ROE、现金流、资产负债率,-,-,9.3%,4.5%,-,73.8%,-,-,未分红/不适用,14.4%,10,10,100,High,未知,警惕,85,资产负债率偏高
300510,CN,金冠股份,-,通用,ROE、现金流、资产负债率,-,-,6.5%,34.3%,-,30.1%,-,-,未分红/不适用,-0.1%,10,10,100,High,未知,排除,30,10年内亏损年份过多；10年ROE波动较大；10年净利润波动较大
300511,CN,雪榕生物,-,通用,ROE、现金流、资产负债率,-,-,-3.6%,20.1%,-,58.0%,-,-,未分红/不适用,-1.0%,10,10,100,High,未知,排除,0,10年内亏损年份过多；10年ROE波动较大；10年净利润波动较大；长期ROE低于5%
300512,CN,中亚股份,-,通用,ROE、现金流、资产负债率,-,-,7.5%,5.5%,-,41.0%,-,-,未分红/不适用,2.2%,10,10,100,High,未知,通过,100,-
300513,CN,恒实科技,-,科技,营收增长、自由现金流、研发投入效率,-,-,-10.9%,31.1%,-,76.3%,-,-,未分红/不适用,-8.7%,10,10,100,High,未知,排除,0,科技公司营收增长转负；10年内亏损年份过多；10年ROE波动较大；10年净利润波动较大；长期ROE低于5%；资产负债率偏高；近5年营收增长偏弱
300514,CN,友讯达,-,通用,ROE、现金流、资产负债率,-,-,13.9%,6.4%,-,29.3%,-,-,未分红/不适用,-2.1%,10,10,100,High,未知,通过,100,-
300515,CN,三德科技,-,科技,营收增长、自由现金流、研发投入效率,-,-,12.2%,5.2%,-,36.7%,-,-,未分红/不适用,14.5%,10,10,100,High,未知,通过,100,-
300516,CN,久之洋,-,通用,ROE、现金流、资产负债率,-,-,6.1%,4.2%,-,31.9%,-,-,未分红/不适用,-1.6%,10,10,100,High,未知,通过,100,-
300517,CN,海波重科,-,通用,ROE、现金流、资产负债率,-,-,12.4%,16.3%,-,25.2%,-,-,未分红/不适用,-32.4%,10,10,100,High,未知,排除,45,10年ROE波动较大；近5年营收明显下滑
300518,CN,新迅达,-,通用,ROE、现金流、资产负债率,-,-,6.5%,35.9%,-,15.3%,-,-,未分红/不适用,-28.2%,10,10,100,High,未知,排除,0,10年内亏损年份过多；10年ROE波动较大；10年净利润波动较大；近5年营收明显下滑
300519,CN,新光药业,-,通用,ROE、现金流、资产负债率,-,-,12.4%,5.5%,-,5.9%,-,-,未分红/不适用,-4.6%,10,10,100,High,未知,通过,100,-
300520,CN,科大国创,-,通用,ROE、现金流、资产负债率,-,-,-4.1%,18.7%,-,51.5%,-,-,未分红/不适用,-3.8%,10,10,100,High,未知,排除,0,10年内亏损年份过多；10年ROE波动较大；10年净利润波动较大；长期ROE低于5%
300521,CN,爱司凯,-,通用,ROE、现金流、资产负债率,-,-,5.8%,38.7%,-,18.5%,-,-,未分红/不适用,6.5%,10,10,100,High,未知,排除,30,10年内亏损年份过多；10年ROE波动较大；10年净利润波动较大
300522,CN,世名科技,-,科技,营收增长、自由现金流、研发投入效率,-,-,8.6%,5.3%,-,22.0%,-,-,未分红/不适用,1.8%,10,10,100,High,未知,通过,100,-
300523,CN,辰安科技,-,科技,营收增长、自由现金流、研发投入效率,-,-,5.4%,20.6%,-,70.2%,-,-,未分红/不适用,-1.2%,10,10,100,High,未知,排除,0,科技公司营收增长转负；10年内亏损年份过多；10年ROE波动较大；10年净利润波动较大；资产负债率偏高
300525,CN,博思软件,-,科技,营收增长、自由现金流、研发投入效率,-,-,12.9%,2.7%,-,31.3%,-,-,未分红/不适用,6.4%,10,10,100,High,未知,通过,100,-
300528,CN,幸福蓝海,-,通用,ROE、现金流、资产负债率,-,-,-13.2%,27.4%,-,79.8%,-,-,未分红/不适用,-3.2%,10,10,100,High,未知,排除,0,10年内亏损年份过多；10年ROE波动较大；10年净利润波动较大；长期ROE低于5%；资产负债率偏高
300529,CN,健帆生物,-,通用,ROE、现金流、资产负债率,-,-,25.8%,7.8%,-,35.8%,-,-,未分红/不适用,-6.9%,10,10,100,High,未知,警惕,85,近5年营收增长偏弱
300530,CN,领湃科技,-,科技,营收增长、自由现金流、研发投入效率,-,-,-562.9%,1660.4%,-,89.1%,-,-,未分红/不适用,-2.8%,10,10,100,High,未知,排除,0,科技公司营收增长转负；10年内亏损年份过多；10年ROE波动较大；10年净利润波动较大；长期ROE低于5%；资产负债率过高
300531,CN,优博讯,-,通用,ROE、现金流、资产负债率,-,-,6.4%,9.7%,-,39.9%,-,-,未分红/不适用,2.1%,10,10,100,High,未知,警惕,85,10年净利润波动较大
300532,CN,今天国际,-,通用,ROE、现金流、资产负债率,-,-,12.4%,6.8%,-,62.6%,-,-,未分红/不适用,10.2%,10,10,100,High,未知,警惕,85,10年净利润波动较大
300533,CN,冰川网络,-,通用,ROE、现金流、资产负债率,-,-,8.2%,13.2%,-,44.8%,-,-,未分红/不适用,49.8%,10,10,100,High,未知,警惕,70,10年ROE波动较大；10年净利润波动较大
300534,CN,陇神戎发,-,通用,ROE、现金流、资产负债率,-,-,6.1%,7.3%,-,44.0%,-,-,未分红/不适用,32.5%,10,10,100,High,未知,警惕,85,10年净利润波动较大
300535,CN,达威股份,-,通用,ROE、现金流、资产负债率,-,-,3.3%,9.0%,-,31.6%,-,-,未分红/不适用,3.1%,10,10,100,High,未知,排除,60,长期ROE低于5%
300536,CN,农尚环境,-,通用,ROE、现金流、资产负债率,-,-,-2.3%,20.1%,-,64.8%,-,-,未分红/不适用,-11.2%,10,10,100,High,未知,排除,0,10年内亏损年份过多；10年ROE波动较大；10年净利润波动较大；长期ROE低于5%；近5年营收增长偏弱
300537,CN,广信材料,-,周期,利润波动、ROE波动、资本开支周期,-,-,-3.9%,16.9%,-,29.0%,-,-,未分红/不适用,-6.1%,10,10,100,High,未知,排除,0,周期行业ROE波动显著；周期行业利润弹性过大；10年内亏损年份过多；10年ROE波动较大；10年净利润波动较大；长期ROE低于5%；近5年营收增长偏弱
300538,CN,同益股份,-,通用,ROE、现金流、资产负债率,-,-,2.1%,6.7%,-,60.6%,-,-,未分红/不适用,0.8%,10,10,100,High,未知,排除,5,10年内亏损年份过多；10年净利润波动较大；长期ROE低于5%
300539,CN,横河精密,-,通用,ROE、现金流、资产负债率,-,-,6.0%,3.6%,-,31.0%,-,-,未分红/不适用,8.5%,10,10,100,High,未知,通过,100,-
300540,CN,蜀道装备,-,通用,ROE、现金流、资产负债率,-,-,-0.6%,9.3%,-,45.3%,-,-,未分红/不适用,7.4%,10,10,100,High,未知,排除,5,10年内亏损年份过多；10年净利润波动较大；长期ROE低于5%
300541,CN,先进数通,-,通用,ROE、现金流、资产负债率,-,-,9.4%,4.1%,-,50.8%,-,-,未分红/不适用,-2.2%,10,10,100,High,未知,通过,100,-
300542,CN,新晨科技,-,科技,营收增长、自由现金流、研发投入效率,-,-,4.8%,7.3%,-,59.0%,-,-,未分红/不适用,0.3%,10,10,100,High,未知,排除,45,10年净利润波动较大；长期ROE低于5%
300543,CN,朗科智能,-,通用,ROE、现金流、资产负债率,-,-,16.4%,18.3%,-,31.5%,-,-,未分红/不适用,-8.8%,10,10,100,High,未知,警惕,70,10年ROE波动较大；近5年营收增长偏弱
300545,CN,联得装备,-,通用,ROE、现金流、资产负债率,-,-,10.0%,4.4%,-,27.5%,-,-,未分红/不适用,7.2%,10,10,100,High,未知,通过,100,-
300546,CN,雄帝科技,-,科技,营收增长、自由现金流、研发投入效率,-,-,6.7%,7.5%,-,22.0%,-,-,未分红/不适用,5.7%,10,10,100,High,未知,警惕,85,10年净利润波动较大
300547,CN,川环科技,-,科技,营收增长、自由现金流、研发投入效率,-,-,15.8%,3.0%,-,21.6%,-,-,未分红/不适用,18.3%,10,10,100,High,未知,通过,100,-
300548,CN,长芯博创,-,通用,ROE、现金流、资产负债率,-,-,13.6%,10.4%,-,30.4%,-,-,未分红/不适用,21.7%,10,10,100,High,未知,警惕,85,10年净利润波动较大
300549,CN,优德精密,-,通用,ROE、现金流、资产负债率,-,-,7.5%,6.4%,-,20.9%,-,-,未分红/不适用,-5.2%,10,10,100,High,未知,警惕,85,近5年营收增长偏弱
300550,CN,和仁科技,-,科技,营收增长、自由现金流、研发投入效率,-,-,5.3%,6.5%,-,21.3%,-,-,未分红/不适用,-1.6%,10,10,100,High,未知,警惕,70,科技公司营收增长转负；10年净利润波动较大
300551,CN,古鳌科技,-,科技,营收增长、自由现金流、研发投入效率,-,-,-8.5%,23.3%,-,24.7%,-,-,未分红/不适用,-3.0%,10,10,100,High,未知,排除,0,科技公司营收增长转负；10年内亏损年份过多；10年ROE波动较大；10年净利润波动较大；长期ROE低于5%
300552,CN,万集科技,-,科技,营收增长、自由现金流、研发投入效率,-,-,16.6%,36.9%,-,34.5%,-,-,未分红/不适用,3.7%,10,10,100,High,未知,排除,30,10年内亏损年份过多；10年ROE波动较大；10年净利润波动较大
300553,CN,集智股份,-,通用,ROE、现金流、资产负债率,-,-,5.7%,3.5%,-,39.2%,-,-,未分红/不适用,8.2%,10,10,100,High,未知,通过,100,-
300554,CN,三超新材,-,通用,ROE、现金流、资产负债率,-,-,-0.1%,15.9%,-,34.9%,-,-,未分红/不适用,-2.1%,10,10,100,High,未知,排除,0,10年内亏损年份过多；10年ROE波动较大；10年净利润波动较大；长期ROE低于5%
300556,CN,丝路视觉,-,通用,ROE、现金流、资产负债率,-,-,0.5%,18.1%,-,74.4%,-,-,未分红/不适用,-18.7%,10,10,100,High,未知,排除,0,10年ROE波动较大；10年净利润波动较大；长期ROE低于5%；资产负债率偏高；近5年营收明显下滑
300557,CN,理工光科,-,通用,ROE、现金流、资产负债率,-,-,4.7%,3.8%,-,43.5%,-,-,未分红/不适用,13.0%,10,10,100,High,未知,排除,60,长期ROE低于5%
300558,CN,贝达药业,-,通用,ROE、现金流、资产负债率,-,-,11.6%,9.0%,-,36.9%,-,-,未分红/不适用,12.6%,10,10,100,High,未知,通过,100,-
300559,CN,佳发教育,-,通用,ROE、现金流、资产负债率,-,-,12.6%,7.6%,-,23.7%,-,-,未分红/不适用,3.9%,10,10,100,High,未知,通过,100,-
300560,CN,中富通,-,通用,ROE、现金流、资产负债率,-,-,3.8%,9.0%,-,64.3%,-,-,未分红/不适用,3.9%,10,10,100,High,未知,排除,5,10年内亏损年份过多；10年净利润波动较大；长期ROE低于5%
300562,CN,乐心医疗,-,通用,ROE、现金流、资产负债率,-,-,15.9%,27.4%,-,27.9%,-,-,未分红/不适用,-14.2%,10,10,100,High,未知,警惕,55,10年ROE波动较大；10年净利润波动较大；近5年营收增长偏弱
300563,CN,神宇股份,-,通用,ROE、现金流、资产负债率,-,-,8.3%,2.6%,-,41.6%,-,-,未分红/不适用,0.1%,10,10,100,High,未知,通过,100,-
300564,CN,筑博设计,-,通用,ROE、现金流、资产负债率,-,-,16.1%,11.3%,-,22.2%,-,-,未分红/不适用,-23.5%,10,10,100,High,未知,排除,60,近5年营收明显下滑
300565,CN,科信技术,-,通用,ROE、现金流、资产负债率,-,-,-10.4%,20.1%,-,63.6%,-,-,未分红/不适用,-4.3%,10,10,100,High,未知,排除,0,10年内亏损年份过多；10年ROE波动较大；10年净利润波动较大；长期ROE低于5%
300566,CN,激智科技,-,科技,营收增长、自由现金流、研发投入效率,-,-,11.0%,4.9%,-,38.8%,-,-,未分红/不适用,2.5%,10,10,100,High,未知,通过,100,-
300567,CN,精测电子,-,科技,营收增长、自由现金流、研发投入效率,-,-,13.9%,12.1%,-,55.9%,-,-,未分红/不适用,8.6%,10,10,100,High,未知,警惕,85,10年ROE波动较大
300568,CN,星源材质,-,通用,ROE、现金流、资产负债率,-,-,12.8%,10.5%,-,59.3%,-,-,未分红/不适用,22.0%,10,10,100,High,未知,警惕,85,10年净利润波动较大
300569,CN,天能重工,-,通用,ROE、现金流、资产负债率,-,-,9.0%,8.2%,-,56.7%,-,-,未分红/不适用,-1.1%,10,10,100,High,未知,警惕,85,10年净利润波动较大
300570,CN,太辰光,-,通用,ROE、现金流、资产负债率,-,-,13.3%,5.4%,-,17.1%,-,-,未分红/不适用,24.4%,10,10,100,High,未知,通过,100,-
300571,CN,平治信息,-,通用,ROE、现金流、资产负债率,-,-,18.1%,20.5%,-,72.5%,-,-,未分红/不适用,-27.3%,10,10,100,High,未知,排除,0,10年内亏损年份过多；10年ROE波动较大；10年净利润波动较大；资产负债率偏高；近5年营收明显下滑
300572,CN,安车检测,-,通用,ROE、现金流、资产负债率,-,-,12.8%,20.8%,-,30.5%,-,-,未分红/不适用,-1.9%,10,10,100,High,未知,排除,30,10年内亏损年份过多；10年ROE波动较大；10年净利润波动较大
300573,CN,兴齐眼药,-,通用,ROE、现金流、资产负债率,-,-,15.8%,10.4%,-,22.1%,-,-,未分红/不适用,24.5%,10,10,100,High,未知,警惕,85,10年净利润波动较大
300575,CN,中旗股份,-,通用,ROE、现金流、资产负债率,-,-,16.5%,16.0%,-,57.5%,-,-,未分红/不适用,5.1%,10,10,100,High,未知,警惕,70,10年ROE波动较大；10年净利润波动较大
300576,CN,容大感光,-,通用,ROE、现金流、资产负债率,-,-,9.4%,2.4%,-,17.7%,-,-,未分红/不适用,8.0%,10,10,100,High,未知,通过,100,-
300577,CN,开润股份,-,通用,ROE、现金流、资产负债率,-,-,18.1%,11.6%,-,61.3%,-,-,未分红/不适用,20.9%,10,10,100,High,未知,通过,100,-
300578,CN,会畅科技,-,科技,营收增长、自由现金流、研发投入效率,-,-,0.8%,16.4%,-,12.9%,-,-,未分红/不适用,-9.3%,10,10,100,High,未知,排除,0,科技公司营收增长转负；10年内亏损年份过多；10年ROE波动较大；10年净利润波动较大；长期ROE低于5%；近5年营收增长偏弱
300579,CN,数字认证,-,通用,ROE、现金流、资产负债率,-,-,9.8%,11.2%,-,46.6%,-,-,未分红/不适用,-4.9%,10,10,100,High,未知,警惕,85,10年净利润波动较大
300580,CN,贝斯特,-,通用,ROE、现金流、资产负债率,-,-,11.6%,2.5%,-,16.3%,-,-,未分红/不适用,9.2%,10,10,100,High,未知,通过,100,-
300581,CN,晨曦航空,-,通用,ROE、现金流、资产负债率,-,-,11.6%,18.0%,-,18.9%,-,-,未分红/不适用,-12.7%,10,10,100,High,未知,警惕,55,10年ROE波动较大；10年净利润波动较大；近5年营收增长偏弱
300582,CN,英飞特,-,通用,ROE、现金流、资产负债率,-,-,8.7%,25.7%,-,72.6%,-,-,未分红/不适用,13.0%,10,10,100,High,未知,警惕,55,10年ROE波动较大；10年净利润波动较大；资产负债率偏高
300583,CN,赛托生物,-,通用,ROE、现金流、资产负债率,-,-,2.3%,7.9%,-,39.2%,-,-,未分红/不适用,-4.1%,10,10,100,High,未知,排除,5,10年内亏损年份过多；10年净利润波动较大；长期ROE低于5%
300584,CN,海辰药业,-,通用,ROE、现金流、资产负债率,-,-,12.1%,9.9%,-,28.2%,-,-,未分红/不适用,3.8%,10,10,100,High,未知,警惕,85,10年净利润波动较大
300585,CN,奥联电子,-,科技,营收增长、自由现金流、研发投入效率,-,-,12.8%,22.9%,-,28.0%,-,-,未分红/不适用,0.9%,10,10,100,High,未知,警惕,70,10年ROE波动较大；10年净利润波动较大
300586,CN,美联新材,-,通用,ROE、现金流、资产负债率,-,-,8.7%,7.2%,-,40.8%,-,-,未分红/不适用,-3.0%,10,10,100,High,未知,警惕,85,10年净利润波动较大
300587,CN,天铁科技,-,科技,营收增长、自由现金流、研发投入效率,-,-,12.4%,22.3%,-,63.7%,-,-,未分红/不适用,-2.0%,10,10,100,High,未知,警惕,55,科技公司营收增长转负；10年ROE波动较大；10年净利润波动较大
300588,CN,熙菱信息,-,通用,ROE、现金流、资产负债率,-,-,-7.8%,19.8%,-,54.3%,-,-,未分红/不适用,11.5%,10,10,100,High,未知,排除,0,10年内亏损年份过多；10年ROE波动较大；10年净利润波动较大；长期ROE低于5%
300589,CN,江龙船艇,-,通用,ROE、现金流、资产负债率,-,-,7.3%,11.2%,-,65.6%,-,-,未分红/不适用,0.4%,10,10,100,High,未知,警惕,85,10年净利润波动较大
300590,CN,移为通信,-,科技,营收增长、自由现金流、研发投入效率,-,-,15.7%,15.1%,-,15.5%,-,-,未分红/不适用,-0.8%,10,10,100,High,未知,警惕,70,科技公司营收增长转负；10年ROE波动较大
300591,CN,万里马,-,通用,ROE、现金流、资产负债率,-,-,-18.2%,26.4%,-,68.5%,-,-,未分红/不适用,11.1%,10,10,100,High,未知,排除,0,10年内亏损年份过多；10年ROE波动较大；10年净利润波动较大；长期ROE低于5%
300592,CN,华凯易佰,-,通用,ROE、现金流、资产负债率,-,-,4.7%,9.1%,-,39.7%,-,-,未分红/不适用,44.8%,10,10,100,High,未知,排除,45,10年净利润波动较大；长期ROE低于5%
300593,CN,新雷能,-,通用,ROE、现金流、资产负债率,-,-,7.8%,13.5%,-,41.7%,-,-,未分红/不适用,-5.3%,10,10,100,High,未知,警惕,55,10年ROE波动较大；10年净利润波动较大；近5年营收增长偏弱
300595,CN,欧普康视,-,通用,ROE、现金流、资产负债率,-,-,23.0%,8.5%,-,13.6%,-,-,未分红/不适用,9.5%,10,10,100,High,未知,通过,100,-
300596,CN,利安隆,-,通用,ROE、现金流、资产负债率,-,-,15.2%,4.0%,-,52.6%,-,-,未分红/不适用,15.0%,10,10,100,High,未知,通过,100,-
300597,CN,吉大通信,-,科技,营收增长、自由现金流、研发投入效率,-,-,11.6%,17.0%,-,39.2%,-,-,未分红/不适用,-2.1%,10,10,100,High,未知,警惕,55,科技公司营收增长转负；10年ROE波动较大；10年净利润波动较大
300598,CN,诚迈科技,-,科技,营收增长、自由现金流、研发投入效率,-,-,5.9%,13.8%,-,48.6%,-,-,未分红/不适用,11.7%,10,10,100,High,未知,排除,30,10年内亏损年份过多；10年ROE波动较大；10年净利润波动较大
300599,CN,雄塑科技,-,科技,营收增长、自由现金流、研发投入效率,-,-,9.5%,13.9%,-,13.2%,-,-,未分红/不适用,-21.2%,10,10,100,High,未知,排除,0,科技公司营收增长转负；10年内亏损年份过多；10年ROE波动较大；10年净利润波动较大；近5年营收明显下滑
300600,CN,国瑞科技,-,科技,营收增长、自由现金流、研发投入效率,-,-,1.5%,13.4%,-,16.6%,-,-,未分红/不适用,5.9%,10,10,100,High,未知,排除,0,10年内亏损年份过多；10年ROE波动较大；10年净利润波动较大；长期ROE低于5%
300601,CN,康泰生物,-,通用,ROE、现金流、资产负债率,-,-,20.2%,21.1%,-,31.7%,-,-,未分红/不适用,-7.5%,10,10,100,High,未知,警惕,55,10年ROE波动较大；10年净利润波动较大；近5年营收增长偏弱
300602,CN,飞荣达,-,通用,ROE、现金流、资产负债率,-,-,11.1%,8.4%,-,55.4%,-,-,未分红/不适用,20.9%,10,10,100,High,未知,通过,100,-
300603,CN,立昂技术,-,通用,ROE、现金流、资产负债率,-,-,-4.1%,33.9%,-,39.1%,-,-,未分红/不适用,-6.8%,10,10,100,High,未知,排除,0,10年内亏损年份过多；10年ROE波动较大；10年净利润波动较大；长期ROE低于5%；近5年营收增长偏弱
300604,CN,长川科技,-,科技,营收增长、自由现金流、研发投入效率,-,-,14.1%,9.7%,-,51.0%,-,-,未分红/不适用,36.8%,10,10,100,High,未知,警惕,85,10年净利润波动较大
300605,CN,恒锋信息,-,通用,ROE、现金流、资产负债率,-,-,6.0%,9.9%,-,65.0%,-,-,未分红/不适用,-8.1%,10,10,100,High,未知,警惕,70,10年净利润波动较大；近5年营收增长偏弱
300606,CN,金太阳,-,通用,ROE、现金流、资产负债率,-,-,9.5%,6.2%,-,44.5%,-,-,未分红/不适用,5.1%,10,10,100,High,未知,通过,100,-
300607,CN,拓斯达,-,通用,ROE、现金流、资产负债率,-,-,11.7%,12.2%,-,51.9%,-,-,未分红/不适用,-6.6%,10,10,100,High,未知,警惕,55,10年ROE波动较大；10年净利润波动较大；近5年营收增长偏弱
300608,CN,思特奇,-,通用,ROE、现金流、资产负债率,-,-,5.5%,8.7%,-,38.3%,-,-,未分红/不适用,-9.1%,10,10,100,High,未知,警惕,70,10年净利润波动较大；近5年营收增长偏弱
300609,CN,汇纳科技,-,科技,营收增长、自由现金流、研发投入效率,-,-,-3.5%,29.2%,-,24.4%,-,-,未分红/不适用,-5.7%,10,10,100,High,未知,排除,0,科技公司营收增长转负；10年内亏损年份过多；10年ROE波动较大；10年净利润波动较大；长期ROE低于5%；近5年营收增长偏弱
300610,CN,晨化股份,-,通用,ROE、现金流、资产负债率,-,-,11.3%,3.9%,-,26.0%,-,-,未分红/不适用,-7.5%,10,10,100,High,未知,警惕,85,近5年营收增长偏弱
300611,CN,美力科技,-,科技,营收增长、自由现金流、研发投入效率,-,-,5.9%,5.4%,-,49.1%,-,-,未分红/不适用,25.3%,10,10,100,High,未知,警惕,85,10年净利润波动较大
300612,CN,宣亚国际,-,通用,ROE、现金流、资产负债率,-,-,2.4%,18.1%,-,29.4%,-,-,未分红/不适用,-21.4%,10,10,100,High,未知,排除,0,10年内亏损年份过多；10年ROE波动较大；10年净利润波动较大；长期ROE低于5%；近5年营收明显下滑
300613,CN,富瀚微,-,通用,ROE、现金流、资产负债率,-,-,15.4%,14.4%,-,25.3%,-,-,未分红/不适用,-0.4%,10,10,100,High,未知,警惕,85,10年ROE波动较大
300614,CN,百川畅银,-,通用,ROE、现金流、资产负债率,-,-,1.1%,17.0%,-,49.8%,-,-,未分红/不适用,-5.8%,10,10,100,High,未知,排除,0,10年内亏损年份过多；10年ROE波动较大；10年净利润波动较大；长期ROE低于5%；近5年营收增长偏弱
300615,CN,欣天科技,-,科技,营收增长、自由现金流、研发投入效率,-,-,6.3%,9.7%,-,45.3%,-,-,未分红/不适用,14.4%,10,10,100,High,未知,警惕,85,10年净利润波动较大
300616,CN,尚品宅配,-,通用,ROE、现金流、资产负债率,-,-,7.9%,13.4%,-,57.1%,-,-,未分红/不适用,-16.5%,10,10,100,High,未知,排除,30,10年ROE波动较大；10年净利润波动较大；近5年营收明显下滑
300617,CN,安靠智电,-,通用,ROE、现金流、资产负债率,-,-,9.8%,5.1%,-,25.7%,-,-,未分红/不适用,0.7%,10,10,100,High,未知,通过,100,-
300618,CN,寒锐钴业,-,通用,ROE、现金流、资产负债率,-,-,24.1%,25.9%,-,43.5%,-,-,未分红/不适用,11.4%,10,10,100,High,未知,警惕,85,10年ROE波动较大
300619,CN,金银河,-,通用,ROE、现金流、资产负债率,-,-,7.7%,7.6%,-,63.1%,-,-,未分红/不适用,13.8%,10,10,100,High,未知,警惕,85,10年净利润波动较大
300620,CN,光库科技,-,科技,营收增长、自由现金流、研发投入效率,-,-,11.1%,7.4%,-,40.4%,-,-,未分红/不适用,21.9%,10,10,100,High,未知,通过,100,-
300621,CN,维业股份,-,通用,ROE、现金流、资产负债率,-,-,15.3%,37.9%,-,96.1%,-,-,未分红/不适用,-3.5%,10,10,100,High,未知,排除,30,10年ROE波动较大；10年净利润波动较大；资产负债率过高
300622,CN,博士眼镜,-,通用,ROE、现金流、资产负债率,-,-,14.1%,2.6%,-,32.0%,-,-,未分红/不适用,11.3%,10,10,100,High,未知,通过,100,-
300623,CN,捷捷微电,-,通用,ROE、现金流、资产负债率,-,-,13.2%,5.5%,-,27.0%,-,-,未分红/不适用,18.5%,10,10,100,High,未知,通过,100,-
300624,CN,万兴科技,-,科技,营收增长、自由现金流、研发投入效率,-,-,9.5%,13.8%,-,38.2%,-,-,未分红/不适用,10.5%,10,10,100,High,未知,排除,30,10年内亏损年份过多；10年ROE波动较大；10年净利润波动较大
300625,CN,三雄极光,-,通用,ROE、现金流、资产负债率,-,-,9.6%,10.8%,-,33.7%,-,-,未分红/不适用,-9.6%,10,10,100,High,未知,警惕,85,近5年营收增长偏弱
300626,CN,华瑞股份,-,通用,ROE、现金流、资产负债率,-,-,-2.1%,23.1%,-,40.0%,-,-,未分红/不适用,-4.4%,10,10,100,High,未知,排除,30,10年ROE波动较大；10年净利润波动较大；长期ROE低于5%
300627,CN,华测导航,-,通用,ROE、现金流、资产负债率,-,-,18.9%,6.8%,-,30.5%,-,-,未分红/不适用,18.1%,10,10,100,High,未知,通过,100,-
300628,CN,亿联网络,-,通用,ROE、现金流、资产负债率,-,-,32.7%,13.7%,-,12.8%,-,-,未分红/不适用,13.1%,10,10,100,High,未知,警惕,85,10年ROE波动较大
300629,CN,新劲刚,-,通用,ROE、现金流、资产负债率,-,-,6.7%,5.6%,-,16.0%,-,-,未分红/不适用,2.1%,10,10,100,High,未知,警惕,85,10年净利润波动较大
300631,CN,久吾高科,-,通用,ROE、现金流、资产负债率,-,-,7.5%,3.0%,-,32.9%,-,-,未分红/不适用,4.1%,10,10,100,High,未知,通过,100,-
300632,CN,光莆股份,-,通用,ROE、现金流、资产负债率,-,-,3.1%,27.9%,-,33.9%,-,-,未分红/不适用,-5.6%,10,10,100,High,未知,排除,30,10年ROE波动较大；长期ROE低于5%；近5年营收增长偏弱
300633,CN,开立医疗,-,通用,ROE、现金流、资产负债率,-,-,12.4%,8.3%,-,26.0%,-,-,未分红/不适用,12.4%,10,10,100,High,未知,通过,100,-
300634,CN,彩讯股份,-,通用,ROE、现金流、资产负债率,-,-,11.6%,2.8%,-,13.8%,-,-,未分红/不适用,19.8%,10,10,100,High,未知,通过,100,-
300635,CN,中达安,-,通用,ROE、现金流、资产负债率,-,-,4.0%,25.0%,-,72.6%,-,-,未分红/不适用,-0.6%,10,10,100,High,未知,排除,0,10年内亏损年份过多；10年ROE波动较大；10年净利润波动较大；长期ROE低于5%；资产负债率偏高
300636,CN,同和药业,-,通用,ROE、现金流、资产负债率,-,-,8.6%,5.2%,-,28.8%,-,-,未分红/不适用,8.8%,10,10,100,High,未知,通过,100,-
300637,CN,扬帆新材,-,通用,ROE、现金流、资产负债率,-,-,22.1%,33.0%,-,45.4%,-,-,未分红/不适用,6.3%,10,10,100,High,未知,警惕,70,10年ROE波动较大；10年净利润波动较大
300638,CN,广和通,-,通用,ROE、现金流、资产负债率,-,-,20.5%,6.9%,-,35.3%,-,-,未分红/不适用,14.2%,10,10,100,High,未知,通过,100,-
300639,CN,凯普生物,-,通用,ROE、现金流、资产负债率,-,-,13.3%,16.2%,-,11.7%,-,-,未分红/不适用,-29.3%,10,10,100,High,未知,排除,30,10年ROE波动较大；10年净利润波动较大；近5年营收明显下滑
300640,CN,德艺文创,-,通用,ROE、现金流、资产负债率,-,-,11.6%,12.1%,-,26.5%,-,-,未分红/不适用,6.9%,10,10,100,High,未知,警惕,85,10年ROE波动较大
300641,CN,正丹股份,-,通用,ROE、现金流、资产负债率,-,-,20.3%,22.0%,-,3.9%,-,-,未分红/不适用,6.8%,10,10,100,High,未知,警惕,70,10年ROE波动较大；10年净利润波动较大
300642,CN,透景生命,-,通用,ROE、现金流、资产负债率,-,-,15.2%,11.0%,-,28.0%,-,-,未分红/不适用,-13.7%,10,10,100,High,未知,警惕,85,近5年营收增长偏弱
300644,CN,南京聚隆,-,通用,ROE、现金流、资产负债率,-,-,9.6%,5.8%,-,58.8%,-,-,未分红/不适用,14.6%,10,10,100,High,未知,通过,100,-
300645,CN,正元智慧,-,通用,ROE、现金流、资产负债率,-,-,6.6%,4.0%,-,54.9%,-,-,未分红/不适用,8.6%,10,10,100,High,未知,通过,100,-
300647,CN,超频三,-,通用,ROE、现金流、资产负债率,-,-,-8.4%,21.8%,-,78.9%,-,-,未分红/不适用,5.0%,10,10,100,High,未知,排除,0,10年内亏损年份过多；10年ROE波动较大；10年净利润波动较大；长期ROE低于5%；资产负债率偏高
300648,CN,星云股份,-,通用,ROE、现金流、资产负债率,-,-,16.6%,35.4%,-,56.6%,-,-,未分红/不适用,4.2%,10,10,100,High,未知,排除,30,10年内亏损年份过多；10年ROE波动较大；10年净利润波动较大
300649,CN,杭州园林,-,通用,ROE、现金流、资产负债率,-,-,6.8%,9.5%,-,47.2%,-,-,未分红/不适用,-34.0%,10,10,100,High,未知,排除,45,10年净利润波动较大；近5年营收明显下滑
300650,CN,太龙股份,-,通用,ROE、现金流、资产负债率,-,-,9.2%,5.9%,-,40.2%,-,-,未分红/不适用,-14.2%,10,10,100,High,未知,警惕,85,近5年营收增长偏弱
300651,CN,金陵体育,-,通用,ROE、现金流、资产负债率,-,-,6.6%,3.1%,-,18.5%,-,-,未分红/不适用,-6.5%,10,10,100,High,未知,警惕,85,近5年营收增长偏弱
300652,CN,雷迪克,-,通用,ROE、现金流、资产负债率,-,-,11.8%,6.0%,-,25.4%,-,-,未分红/不适用,15.3%,10,10,100,High,未知,通过,100,-
300653,CN,正海生物,-,通用,ROE、现金流、资产负债率,-,-,18.3%,4.1%,-,9.7%,-,-,未分红/不适用,-2.3%,10,10,100,High,未知,通过,100,-
300654,CN,世纪天鸿,-,通用,ROE、现金流、资产负债率,-,-,7.1%,3.0%,-,23.4%,-,-,未分红/不适用,5.4%,10,10,100,High,未知,通过,100,-
300655,CN,晶瑞电材,-,通用,ROE、现金流、资产负债率,-,-,14.7%,24.0%,-,27.9%,-,-,未分红/不适用,-3.2%,10,10,100,High,未知,警惕,70,10年ROE波动较大；10年净利润波动较大
300656,CN,民德电子,-,科技,营收增长、自由现金流、研发投入效率,-,-,7.8%,12.6%,-,58.6%,-,-,未分红/不适用,-13.7%,10,10,100,High,未知,警惕,40,科技公司营收增长转负；10年ROE波动较大；10年净利润波动较大；近5年营收增长偏弱
300657,CN,弘信电子,-,科技,营收增长、自由现金流、研发投入效率,-,-,2.8%,18.2%,-,79.8%,-,-,未分红/不适用,22.9%,10,10,100,High,未知,排除,0,10年内亏损年份过多；10年ROE波动较大；10年净利润波动较大；长期ROE低于5%；资产负债率偏高
300658,CN,延江股份,-,通用,ROE、现金流、资产负债率,-,-,11.9%,14.4%,-,51.7%,-,-,未分红/不适用,8.6%,10,10,100,High,未知,警惕,70,10年ROE波动较大；10年净利润波动较大
300659,CN,中孚信息,-,通用,ROE、现金流、资产负债率,-,-,5.0%,21.0%,-,31.7%,-,-,未分红/不适用,-13.1%,10,10,100,High,未知,排除,0,10年内亏损年份过多；10年ROE波动较大；10年净利润波动较大；长期ROE低于5%；近5年营收增长偏弱
300660,CN,江苏雷利,-,通用,ROE、现金流、资产负债率,-,-,13.2%,9.2%,-,41.6%,-,-,未分红/不适用,9.4%,10,10,100,High,未知,通过,100,-
300661,CN,圣邦股份,-,通用,ROE、现金流、资产负债率,-,-,20.3%,10.3%,-,23.4%,-,-,未分红/不适用,14.9%,10,10,100,High,未知,通过,100,-
300662,CN,科锐国际,-,通用,ROE、现金流、资产负债率,-,-,16.0%,3.8%,-,47.4%,-,-,未分红/不适用,20.0%,10,10,100,High,未知,通过,100,-
300663,CN,科蓝软件,-,科技,营收增长、自由现金流、研发投入效率,-,-,-9.1%,28.1%,-,76.9%,-,-,未分红/不适用,-17.9%,10,10,100,High,未知,排除,0,科技公司营收增长转负；10年内亏损年份过多；10年ROE波动较大；10年净利润波动较大；长期ROE低于5%；资产负债率偏高；近5年营收明显下滑
300664,CN,鹏鹞环保,-,通用,ROE、现金流、资产负债率,-,-,7.9%,3.4%,-,44.3%,-,-,未分红/不适用,-5.6%,10,10,100,High,未知,警惕,85,近5年营收增长偏弱
300665,CN,飞鹿股份,-,通用,ROE、现金流、资产负债率,-,-,-5.7%,21.9%,-,72.9%,-,-,未分红/不适用,-4.6%,10,10,100,High,未知,排除,0,10年内亏损年份过多；10年ROE波动较大；10年净利润波动较大；长期ROE低于5%；资产负债率偏高
300666,CN,江丰电子,-,科技,营收增长、自由现金流、研发投入效率,-,-,11.9%,4.4%,-,54.4%,-,-,未分红/不适用,30.4%,10,10,100,High,未知,警惕,85,10年净利润波动较大
300667,CN,必创科技,-,科技,营收增长、自由现金流、研发投入效率,-,-,8.5%,13.8%,-,23.7%,-,-,未分红/不适用,-2.7%,10,10,100,High,未知,警惕,55,科技公司营收增长转负；10年ROE波动较大；10年净利润波动较大
300668,CN,杰恩股份,-,通用,ROE、现金流、资产负债率,-,-,12.1%,12.6%,-,35.2%,-,-,未分红/不适用,9.6%,10,10,100,High,未知,警惕,70,10年ROE波动较大；10年净利润波动较大
300669,CN,沪宁股份,-,通用,ROE、现金流、资产负债率,-,-,8.9%,5.6%,-,13.2%,-,-,未分红/不适用,-5.2%,10,10,100,High,未知,警惕,85,近5年营收增长偏弱
300670,CN,大烨智能,-,通用,ROE、现金流、资产负债率,-,-,-1.6%,18.9%,-,73.6%,-,-,未分红/不适用,-17.4%,10,10,100,High,未知,排除,0,10年内亏损年份过多；10年ROE波动较大；10年净利润波动较大；长期ROE低于5%；资产负债率偏高；近5年营收明显下滑
300671,CN,富满微,-,通用,ROE、现金流、资产负债率,-,-,4.4%,16.7%,-,41.7%,-,-,未分红/不适用,-11.2%,10,10,100,High,未知,排除,0,10年内亏损年份过多；10年ROE波动较大；10年净利润波动较大；长期ROE低于5%；近5年营收增长偏弱
300672,CN,国科微,-,通用,ROE、现金流、资产负债率,-,-,5.7%,6.7%,-,42.4%,-,-,未分红/不适用,-6.3%,10,10,100,High,未知,警惕,70,10年净利润波动较大；近5年营收增长偏弱
300673,CN,佩蒂股份,-,通用,ROE、现金流、资产负债率,-,-,3.7%,22.9%,-,34.0%,-,-,未分红/不适用,3.3%,10,10,100,High,未知,排除,45,10年ROE波动较大；长期ROE低于5%
300674,CN,宇信科技,-,科技,营收增长、自由现金流、研发投入效率,-,-,13.9%,5.2%,-,32.5%,-,-,未分红/不适用,-0.7%,10,10,100,High,未知,警惕,85,科技公司营收增长转负
300675,CN,建科院,-,通用,ROE、现金流、资产负债率,-,-,9.6%,13.3%,-,60.7%,-,-,未分红/不适用,-15.6%,10,10,100,High,未知,排除,30,10年ROE波动较大；10年净利润波动较大；近5年营收明显下滑
300676,CN,华大基因,-,通用,ROE、现金流、资产负债率,-,-,17.9%,29.7%,-,26.7%,-,-,未分红/不适用,-14.0%,10,10,100,High,未知,警惕,55,10年ROE波动较大；10年净利润波动较大；近5年营收增长偏弱
300677,CN,英科医疗,-,通用,ROE、现金流、资产负债率,-,-,27.7%,40.2%,-,53.7%,-,-,未分红/不适用,-11.6%,10,10,100,High,未知,警惕,55,10年ROE波动较大；10年净利润波动较大；近5年营收增长偏弱
300678,CN,中科信息,-,通用,ROE、现金流、资产负债率,-,-,6.5%,3.5%,-,38.3%,-,-,未分红/不适用,6.5%,10,10,100,High,未知,通过,100,-
300679,CN,电连技术,-,通用,ROE、现金流、资产负债率,-,-,13.1%,10.8%,-,33.1%,-,-,未分红/不适用,13.6%,10,10,100,High,未知,通过,100,-
300680,CN,隆盛科技,-,科技,营收增长、自由现金流、研发投入效率,-,-,18.6%,27.4%,-,50.2%,-,-,未分红/不适用,29.9%,10,10,100,High,未知,警惕,70,10年ROE波动较大；10年净利润波动较大
300681,CN,英搏尔,-,通用,ROE、现金流、资产负债率,-,-,7.9%,12.0%,-,59.3%,-,-,未分红/不适用,41.2%,10,10,100,High,未知,警惕,70,10年ROE波动较大；10年净利润波动较大
300682,CN,朗新科技,-,科技,营收增长、自由现金流、研发投入效率,-,-,11.7%,9.3%,-,29.4%,-,-,未分红/不适用,-0.7%,10,10,100,High,未知,警惕,70,科技公司营收增长转负；10年净利润波动较大
300683,CN,海特生物,-,通用,ROE、现金流、资产负债率,-,-,-3.2%,22.5%,-,15.8%,-,-,未分红/不适用,-3.1%,10,10,100,High,未知,排除,0,10年内亏损年份过多；10年ROE波动较大；10年净利润波动较大；长期ROE低于5%
300684,CN,中石科技,-,科技,营收增长、自由现金流、研发投入效率,-,-,13.9%,5.9%,-,18.1%,-,-,未分红/不适用,10.1%,10,10,100,High,未知,通过,100,-
300685,CN,艾德生物,-,通用,ROE、现金流、资产负债率,-,-,18.4%,2.7%,-,12.4%,-,-,未分红/不适用,6.9%,10,10,100,High,未知,通过,100,-
300686,CN,智动力,-,通用,ROE、现金流、资产负债率,-,-,0.3%,14.6%,-,58.1%,-,-,未分红/不适用,-7.4%,10,10,100,High,未知,排除,0,10年内亏损年份过多；10年ROE波动较大；10年净利润波动较大；长期ROE低于5%；近5年营收增长偏弱
300687,CN,赛意信息,-,通用,ROE、现金流、资产负债率,-,-,13.9%,11.0%,-,31.6%,-,-,未分红/不适用,1.7%,10,10,100,High,未知,警惕,85,10年净利润波动较大
300688,CN,创业黑马,-,通用,ROE、现金流、资产负债率,-,-,1.1%,14.6%,-,29.7%,-,-,未分红/不适用,-19.7%,10,10,100,High,未知,排除,0,10年内亏损年份过多；10年ROE波动较大；10年净利润波动较大；长期ROE低于5%；近5年营收明显下滑
300689,CN,澄天伟业,-,通用,ROE、现金流、资产负债率,-,-,6.8%,5.5%,-,13.1%,-,-,未分红/不适用,-0.5%,10,10,100,High,未知,通过,100,-
300690,CN,双一科技,-,科技,营收增长、自由现金流、研发投入效率,-,-,14.5%,9.1%,-,21.6%,-,-,未分红/不适用,0.2%,10,10,100,High,未知,通过,100,-
300691,CN,联合光电,-,通用,ROE、现金流、资产负债率,-,-,13.4%,16.4%,-,47.7%,-,-,未分红/不适用,5.4%,10,10,100,High,未知,警惕,85,10年ROE波动较大
300692,CN,中赋科技,-,科技,营收增长、自由现金流、研发投入效率,-,-,8.3%,3.9%,-,58.9%,-,-,未分红/不适用,-4.9%,10,10,100,High,未知,警惕,85,科技公司营收增长转负
300693,CN,盛弘股份,-,通用,ROE、现金流、资产负债率,-,-,19.5%,8.5%,-,47.8%,-,-,未分红/不适用,35.7%,10,10,100,High,未知,警惕,85,10年净利润波动较大
300694,CN,蠡湖股份,-,通用,ROE、现金流、资产负债率,-,-,8.1%,6.5%,-,23.9%,-,-,未分红/不适用,0.3%,10,10,100,High,未知,通过,100,-
300695,CN,兆丰股份,-,通用,ROE、现金流、资产负债率,-,-,14.4%,12.6%,-,13.8%,-,-,未分红/不适用,-0.5%,10,10,100,High,未知,警惕,85,10年ROE波动较大
300696,CN,爱乐达,-,通用,ROE、现金流、资产负债率,-,-,11.6%,8.6%,-,11.4%,-,-,未分红/不适用,-5.0%,10,10,100,High,未知,警惕,85,10年净利润波动较大
300697,CN,电工合金,-,通用,ROE、现金流、资产负债率,-,-,13.0%,2.2%,-,42.4%,-,-,未分红/不适用,10.1%,10,10,100,High,未知,通过,100,-
300698,CN,万马科技,-,科技,营收增长、自由现金流、研发投入效率,-,-,7.4%,7.6%,-,54.7%,-,-,未分红/不适用,9.8%,10,10,100,High,未知,警惕,85,10年净利润波动较大
300699,CN,光威复材,-,通用,ROE、现金流、资产负债率,-,-,16.0%,3.3%,-,37.2%,-,-,未分红/不适用,2.3%,10,10,100,High,未知,通过,100,-
300700,CN,岱勒新材,-,通用,ROE、现金流、资产负债率,-,-,4.2%,20.3%,-,52.0%,-,-,未分红/不适用,13.5%,10,10,100,High,未知,排除,0,10年内亏损年份过多；10年ROE波动较大；10年净利润波动较大；长期ROE低于5%
300701,CN,森霸传感,-,通用,ROE、现金流、资产负债率,-,-,15.7%,9.4%,-,10.6%,-,-,未分红/不适用,8.1%,10,10,100,High,未知,通过,100,-
300702,CN,天宇股份,-,通用,ROE、现金流、资产负债率,-,-,19.5%,23.8%,-,44.8%,-,-,未分红/不适用,4.7%,10,10,100,High,未知,警惕,70,10年ROE波动较大；10年净利润波动较大
300703,CN,创源股份,-,通用,ROE、现金流、资产负债率,-,-,14.9%,13.2%,-,56.9%,-,-,未分红/不适用,11.6%,10,10,100,High,未知,警惕,85,10年ROE波动较大
300705,CN,九典制药,-,通用,ROE、现金流、资产负债率,-,-,16.4%,5.3%,-,30.7%,-,-,未分红/不适用,17.6%,10,10,100,High,未知,警惕,85,10年净利润波动较大
300706,CN,阿石创,-,通用,ROE、现金流、资产负债率,-,-,4.2%,8.1%,-,64.1%,-,-,未分红/不适用,23.7%,10,10,100,High,未知,排除,45,10年净利润波动较大；长期ROE低于5%
300707,CN,威唐工业,-,通用,ROE、现金流、资产负债率,-,-,9.3%,8.7%,-,38.2%,-,-,未分红/不适用,3.2%,10,10,100,High,未知,通过,100,-
300708,CN,聚灿光电,-,通用,ROE、现金流、资产负债率,-,-,7.2%,7.2%,-,43.8%,-,-,未分红/不适用,11.7%,10,10,100,High,未知,警惕,85,10年净利润波动较大
300709,CN,精研科技,-,科技,营收增长、自由现金流、研发投入效率,-,-,11.7%,16.3%,-,44.5%,-,-,未分红/不适用,3.5%,10,10,100,High,未知,警惕,70,10年ROE波动较大；10年净利润波动较大
300710,CN,万隆光电,-,通用,ROE、现金流、资产负债率,-,-,0.2%,14.4%,-,19.6%,-,-,未分红/不适用,-22.0%,10,10,100,High,未知,排除,0,10年内亏损年份过多；10年ROE波动较大；10年净利润波动较大；长期ROE低于5%；近5年营收明显下滑
300711,CN,广哈通信,-,科技,营收增长、自由现金流、研发投入效率,-,-,9.8%,6.4%,-,38.6%,-,-,未分红/不适用,21.1%,10,10,100,High,未知,通过,100,-
300712,CN,永福股份,-,通用,ROE、现金流、资产负债率,-,-,7.4%,5.5%,-,65.0%,-,-,未分红/不适用,2.0%,10,10,100,High,未知,通过,100,-
AAL,US,"American Airlines Group, Inc. - Common Stock",Airlines,通用,ROE、现金流、资产负债率,40.48,-2.04,-10.6%,9.5%,-52500000.00,106.0%,6.6%,1.11,未分红/不适用,3.7%,4,6,80,Medium,低,排除,0,10年净利润波动较大；长期ROE低于5%；资产负债率过高；利息覆盖倍数过低；数据质量为Medium，筛选结果置信度中等
AAME,US,Atlantic American Corporation - Common Stock,Insurance - Life,保险,偿付能力、久期缺口、投资收益质量,9.87,0.42,0.0%,3.2%,3606250.00,74.7%,-,-0.54,未分红/不适用,-1.9%,4,0,80,Medium,中,排除,0,保险需补充偿付能力/久期缺口专项数据；PB低但近5年出现亏损；10年净利润波动较大；长期ROE低于5%；资产负债率偏高；利息覆盖倍数过低；资产负债率相对偏高；数据质量为Medium，筛选结果置信度中等
AAOI,US,"Applied Optoelectronics, Inc. - Common Stock",Communication Equipment,科技,营收增长、自由现金流、研发投入效率,-,13.91,-37.2%,32.2%,-125679750.00,37.2%,-,-12.36,未分红/不适用,26.9%,4,6,80,Medium,低,排除,0,科技公司自由现金流为负；10年内亏损年份过多；10年ROE波动较大；长期ROE低于5%；近5年自由现金流多次为负；利息覆盖倍数过低；数据质量为Medium，筛选结果置信度中等
AAON,US,"AAON, Inc. - Common Stock",Building Products & Equipment,通用,ROE、现金流、资产负债率,96.22,11.89,18.6%,5.1%,-83647000.00,46.9%,4.9%,8.26,未分红/不适用,17.5%,4,6,80,Medium,低,警惕,85,近5年自由现金流多次为负；数据质量为Medium，筛选结果置信度中等
AAPL,US,Apple Inc. - Common Stock,Consumer Electronics,科技,营收增长、自由现金流、研发投入效率,36.42,41.43,167.4%,20.4%,104650250000.00,79.5%,-,-,未分红/不适用,1.8%,4,6,80,Medium,中,警惕,55,10年ROE波动较大；资产负债率偏高；资产负债率相对偏高；数据质量为Medium，筛选结果置信度中等
AARD,US,"Aardvark Therapeutics, Inc. - Common Stock",Biotechnology,科技,营收增长、自由现金流、研发投入效率,-,1.30,13.2%,46.3%,-36231500.00,9.0%,-,-,未分红/不适用,-,4,0,80,Medium,低,排除,15,科技公司自由现金流为负；10年内亏损年份过多；10年ROE波动较大；10年净利润波动较大；数据质量为Medium，筛选结果置信度中等
ABAT,US,American Battery Technology Company - Common Stock,Waste Management,科技,营收增长、自由现金流、研发投入效率,-,3.75,-63.9%,20.3%,-28589767.00,16.4%,-,-2403.87,未分红/不适用,-,4,6,80,Medium,低,排除,0,科技公司自由现金流为负；10年内亏损年份过多；10年ROE波动较大；长期ROE低于5%；近5年自由现金流多次为负；利息覆盖倍数过低；数据质量为Medium，筛选结果置信度中等
ABCL,US,AbCellera Biologics Inc. - Common Shares,Biotechnology,科技,营收增长、自由现金流、研发投入效率,-,1.27,-7.6%,13.7%,-69285750.00,28.7%,3.5%,-,未分红/不适用,-46.3%,4,6,80,Medium,低,排除,0,科技公司营收增长转负；科技公司自由现金流为负；10年内亏损年份过多；10年ROE波动较大；10年净利润波动较大；长期ROE低于5%；近5年自由现金流多次为负；近5年营收明显下滑；数据质量为Medium，筛选结果置信度中等
ABEO,US,Abeona Therapeutics Inc. - Common Stock,Biotechnology,科技,营收增长、自由现金流、研发投入效率,5.81,2.16,-153.5%,167.7%,-55928750.00,27.5%,-,20.06,未分红/不适用,60.3%,4,6,80,Medium,低,排除,0,科技公司自由现金流为负；10年内亏损年份过多；10年ROE波动较大；10年净利润波动较大；长期ROE低于5%；近5年自由现金流多次为负；数据质量为Medium，筛选结果置信度中等
ABLV,US,Able View Global Inc. - Class B Ordinary Shares,Specialty Retail,消费,ROE、毛利率稳定性、分红稳定性,-,6.37,80.3%,183.8%,2329817.25,77.5%,-,-0.04,未分红/不适用,-10.2%,4,6,80,Medium,中,排除,0,10年ROE波动较大；10年净利润波动较大；资产负债率偏高；利息覆盖倍数过低；近5年营收增长偏弱；资产负债率相对偏高；数据质量为Medium，筛选结果置信度中等
ABNB,US,"Airbnb, Inc. - Class A Common Stock",Travel Services,通用,ROE、现金流、资产负债率,32.85,10.37,38.7%,13.4%,3405000000.00,63.1%,3.4%,-,未分红/不适用,13.4%,4,6,80,Medium,低,警惕,85,10年ROE波动较大；数据质量为Medium，筛选结果置信度中等
ABOS,US,"Acumen Pharmaceuticals, Inc. - Common Stock",Biotechnology,科技,营收增长、自由现金流、研发投入效率,-,1.94,-67.7%,71.7%,-70064000.00,42.7%,-,-27.73,未分红/不适用,-,4,6,80,Medium,低,排除,0,科技公司自由现金流为负；10年内亏损年份过多；10年ROE波动较大；长期ROE低于5%；近5年自由现金流多次为负；利息覆盖倍数过低；数据质量为Medium，筛选结果置信度中等
ABSI,US,Absci Corporation - Common Stock,Biotechnology,科技,营收增长、自由现金流、研发投入效率,-,4.72,-54.8%,11.3%,-82462000.00,12.4%,-,-549.78,未分红/不适用,-21.3%,4,6,80,Medium,低,排除,0,科技公司营收增长转负；科技公司自由现金流为负；10年内亏损年份过多；长期ROE低于5%；近5年自由现金流多次为负；利息覆盖倍数过低；近5年营收明显下滑；数据质量为Medium，筛选结果置信度中等
ABTC,US,American Bitcoin Corp. - Class A Common Stock,Capital Markets,金融,杠杆、资产质量、资本约束,-,1.69,9.2%,32.6%,-88715666.67,46.6%,12.4%,-,未分红/不适用,41.3%,3,3,60,Medium,高,需专项分析,10,金融行业需专项资产质量与资本约束分析；10年ROE波动较大；10年净利润波动较大；近5年自由现金流多次为负；高杠杆行业，需资产负债表专项分析；数据质量为Medium，筛选结果置信度中等
ABTS,US,Abits Group Inc - Ordinary Shares,Capital Markets,金融,杠杆、资产质量、资本约束,-,0.28,-63.0%,48.1%,-12777366.75,28.7%,-,-8.67,未分红/不适用,281.5%,4,6,80,Medium,高,排除,0,金融行业需专项资产质量与资本约束分析；PB低但近5年出现亏损；10年内亏损年份过多；10年ROE波动较大；10年净利润波动较大；长期ROE低于5%；近5年自由现金流多次为负；利息覆盖倍数过低；高杠杆行业，需资产负债表专项分析；数据质量为Medium，筛选结果置信度中等
ABUS,US,Arbutus Biopharma Corporation - Common Stock,Biotechnology,科技,营收增长、自由现金流、研发投入效率,5.18,3.26,-58.8%,13.6%,-62614666.67,19.1%,-,-344.37,未分红/不适用,-28.8%,4,6,80,Medium,低,排除,0,科技公司营收增长转负；科技公司自由现金流为负；10年内亏损年份过多；10年ROE波动较大；长期ROE低于5%；近5年自由现金流多次为负；利息覆盖倍数过低；近5年营收明显下滑；数据质量为Medium，筛选结果置信度中等
ABVC,US,"ABVC BioPharma, Inc. - Common Stock",Biotechnology,科技,营收增长、自由现金流、研发投入效率,-,2.39,-375.5%,210.5%,-5863066.00,36.9%,-,-19.08,未分红/不适用,-,4,6,80,Medium,低,排除,0,科技公司自由现金流为负；10年内亏损年份过多；10年ROE波动较大；长期ROE低于5%；利息覆盖倍数过低；数据质量为Medium，筛选结果置信度中等
ABVE,US,Above Food Ingredients Inc. - Common Stock,Packaged Foods,消费,ROE、毛利率稳定性、分红稳定性,-,-1.18,-543.8%,1028.4%,-22268374.67,132.1%,0.6%,-5.46,未分红/不适用,36.1%,3,0,60,Medium,低,排除,0,消费公司长期ROE不够突出；PB低但近5年出现亏损；10年内亏损年份过多；10年ROE波动较大；长期ROE低于5%；资产负债率过高；利息覆盖倍数过低；数据质量为Medium，筛选结果置信度中等
ACAD,US,ACADIA Pharmaceuticals Inc. - Common Stock,Biotechnology,科技,营收增长、自由现金流、研发投入效率,9.81,3.01,-1.3%,41.1%,92998000.00,21.5%,-,-,未分红/不适用,27.5%,4,6,80,Medium,低,排除,30,10年ROE波动较大；10年净利润波动较大；长期ROE低于5%；数据质量为Medium，筛选结果置信度中等
ACB,US,Aurora Cannabis Inc. - Common Shares,Drug Manufacturers - Specialty & Generic,通用,ROE、现金流、资产负债率,-,0.48,-76.4%,122.9%,-123583750.00,28.6%,5.1%,3.42,未分红/不适用,11.9%,4,0,80,Medium,低,排除,0,PB低但近5年出现亏损；PB低但近5年经营现金流多次为负；10年内亏损年份过多；10年ROE波动较大；10年净利润波动较大；长期ROE低于5%；近5年自由现金流多次为负；数据质量为Medium，筛选结果置信度中等
ACCL,US,Acco Group Holdings Limited - Class A Ordinary Shares,Consulting Services,通用,ROE、现金流、资产负债率,20.85,8.34,46.7%,-,1514942.00,44.1%,-,-,未分红/不适用,-,1,6,20,Low,低,数据不足,0,数据年数不足，无法进行可靠筛选
ACDC,US,ProFrac Holding Corp. - Class A Common Stock,Oil & Gas Equipment & Services,周期,利润波动、ROE波动、资本开支周期,-,2.15,-22.1%,20.5%,119350000.00,68.4%,11.3%,-1.65,未分红/不适用,-7.1%,4,6,80,Medium,中,排除,0,周期行业ROE波动显著；周期行业利润弹性过大；10年内亏损年份过多；10年ROE波动较大；10年净利润波动较大；长期ROE低于5%；利息覆盖倍数过低；近5年营收增长偏弱；资产负债率相对偏高；数据质量为Medium，筛选结果置信度中等
ACET,US,"Adicet Bio, Inc. - Common Stock",Biotechnology,科技,营收增长、自由现金流、研发投入效率,-,0.53,-61.0%,26.2%,-87552000.00,17.2%,-,-3243.53,未分红/不适用,-,4,6,80,Medium,低,排除,0,科技公司自由现金流为负；PB低但近5年出现亏损；PB低但近5年经营现金流多次为负；10年内亏损年份过多；10年ROE波动较大；长期ROE低于5%；近5年自由现金流多次为负；利息覆盖倍数过低；数据质量为Medium，筛选结果置信度中等
ACFN,US,"Acorn Energy, Inc. - Common Stock",Scientific & Technical Instruments,周期,利润波动、ROE波动、资本开支周期,22.41,5.24,48.0%,53.8%,659750.00,37.6%,-,-,未分红/不适用,17.9%,4,6,80,Medium,低,警惕,40,周期行业ROE波动显著；周期行业利润弹性过大；10年ROE波动较大；10年净利润波动较大；数据质量为Medium，筛选结果置信度中等
ACGL,US,Arch Capital Group Ltd. - Common Stock,Insurance - Diversified,保险,偿付能力、久期缺口、投资收益质量,7.27,1.42,18.6%,5.4%,5553250000.00,69.5%,0.8%,34.64,未分红/不适用,26.1%,4,6,80,Medium,中,需专项分析,70,保险需补充偿付能力/久期缺口专项数据；资产负债率相对偏高；数据质量为Medium，筛选结果置信度中等
ACHC,US,"Acadia Healthcare Company, Inc. - Common Stock",Medical Care Facilities,通用,ROE、现金流、资产负债率,-,1.22,-9.8%,31.5%,-219493500.00,61.3%,23.5%,-6.68,未分红/不适用,8.3%,4,6,80,Medium,低,排除,0,10年ROE波动较大；10年净利润波动较大；长期ROE低于5%；商誉占比偏高；利息覆盖倍数过低；数据质量为Medium，筛选结果置信度中等
ACHV,US,"Achieve Life Sciences, Inc.  - Common Shares",Biotechnology,科技,营收增长、自由现金流、研发投入效率,-,27.90,276.1%,1196.6%,-36984500.00,48.5%,2.5%,-65.73,未分红/不适用,-,4,6,80,Medium,低,排除,0,科技公司自由现金流为负；10年内亏损年份过多；10年ROE波动较大；利息覆盖倍数过低；数据质量为Medium，筛选结果置信度中等
ACIC,US,American Coastal Insurance Corporation - Common Stock,Insurance - Property & Casualty,保险,偿付能力、久期缺口、投资收益质量,5.06,1.56,126.9%,112.7%,499500.00,70.4%,5.5%,14.20,未分红/不适用,14.9%,4,6,80,Medium,中,需专项分析,25,保险需补充偿付能力/久期缺口专项数据；10年ROE波动较大；10年净利润波动较大；资产负债率偏高；资产负债率相对偏高；数据质量为Medium，筛选结果置信度中等
ACIU,US,AC Immune SA - Common Stock,Biotechnology,科技,营收增长、自由现金流、研发投入效率,-,6.89,-69.5%,58.5%,-35228000.00,70.9%,-,-367.83,未分红/不适用,-3.2%,4,6,80,Medium,中,排除,0,科技公司营收增长转负；科技公司自由现金流为负；10年内亏损年份过多；10年ROE波动较大；长期ROE低于5%；近5年自由现金流多次为负；资产负债率偏高；利息覆盖倍数过低；资产负债率相对偏高；数据质量为Medium，筛选结果置信度中等
ACIW,US,"ACI Worldwide, Inc. - Common Stock",Software - Infrastructure,科技,营收增长、自由现金流、研发投入效率,21.14,2.83,12.6%,2.6%,209351000.00,51.1%,39.7%,6.30,未分红/不适用,7.4%,4,6,80,Medium,低,警惕,85,商誉占比偏高；数据质量为Medium，筛选结果置信度中等
ACLS,US,"Axcelis Technologies, Inc. - Common Stock",Semiconductor Equipment & Materials,科技,营收增长、自由现金流、研发投入效率,48.14,4.56,21.8%,7.8%,144196000.00,24.0%,-,26.77,未分红/不适用,-3.0%,4,6,80,Medium,低,警惕,85,科技公司营收增长转负；数据质量为Medium，筛选结果置信度中等
ACMR,US,"ACM Research, Inc. - Class A Common Stock",Semiconductor Equipment & Materials,科技,营收增长、自由现金流、研发投入效率,46.95,2.57,8.4%,2.8%,-73963250.00,32.8%,-,20.44,未分红/不适用,32.3%,4,6,80,Medium,低,警惕,70,科技公司自由现金流为负；近5年自由现金流多次为负；数据质量为Medium，筛选结果置信度中等
ACNB,US,ACNB Corporation - Common Stock,Banks - Regional,银行,不良率、拨备覆盖、资本充足率,10.61,1.28,11.3%,2.4%,42053250.00,87.0%,2.0%,-,未分红/不适用,13.1%,4,6,80,Medium,中,排除,30,银行需补充不良率/拨备/资本充足率专项数据；资产负债率过高；资产负债率相对偏高；数据质量为Medium，筛选结果置信度中等
ACNT,US,Ascent Industries Co. - Common Stock,Chemicals,周期,利润波动、ROE波动、资本开支周期,-,1.57,-5.5%,18.0%,8468500.00,22.3%,-,-,未分红/不适用,-34.1%,4,6,80,Medium,低,排除,0,周期行业ROE波动显著；周期行业利润弹性过大；10年ROE波动较大；10年净利润波动较大；长期ROE低于5%；近5年营收明显下滑；数据质量为Medium，筛选结果置信度中等
ACOG,US,Alpha Cognition Inc. - Common Stock,Biotechnology,科技,营收增长、自由现金流、研发投入效率,-,2.00,284.8%,449.3%,-12567579.00,21.6%,-,-,未分红/不适用,-,4,6,80,Medium,低,排除,15,科技公司自由现金流为负；10年内亏损年份过多；10年ROE波动较大；近5年自由现金流多次为负；数据质量为Medium，筛选结果置信度中等
ACON,US,"Aclarion, Inc. - Common Stock",Health Information Services,通用,ROE、现金流、资产负债率,-,0.21,-105.0%,587.3%,-5471525.75,6.1%,-,-,未分红/不适用,7.8%,4,6,80,Medium,低,排除,0,PB低但近5年出现亏损；PB低但近5年经营现金流多次为负；10年内亏损年份过多；10年ROE波动较大；长期ROE低于5%；近5年自由现金流多次为负；数据质量为Medium，筛选结果置信度中等
ACRS,US,"Aclaris Therapeutics, Inc. - Common Stock",Biotechnology,科技,营收增长、自由现金流、研发投入效率,-,4.66,-62.0%,17.2%,-62759000.00,35.8%,-,-,未分红/不适用,-35.9%,4,6,80,Medium,低,排除,0,科技公司营收增长转负；科技公司自由现金流为负；10年内亏损年份过多；10年ROE波动较大；长期ROE低于5%；近5年自由现金流多次为负；近5年营收明显下滑；数据质量为Medium，筛选结果置信度中等
ACRV,US,"Acrivon Therapeutics, Inc. - Common Stock",Biotechnology,科技,营收增长、自由现金流、研发投入效率,-,0.51,-45.7%,21.0%,-52495750.00,13.3%,-,-,未分红/不适用,-,4,6,80,Medium,低,排除,0,科技公司自由现金流为负；PB低但近5年出现亏损；PB低但近5年经营现金流多次为负；10年内亏损年份过多；10年ROE波动较大；长期ROE低于5%；近5年自由现金流多次为负；数据质量为Medium，筛选结果置信度中等
ACT,US,"Enact Holdings, Inc. - Common Stock",Insurance - Specialty,保险,偿付能力、久期缺口、投资收益质量,9.33,1.13,14.5%,1.9%,-,22.3%,-,18.19,未分红/不适用,4.1%,4,6,80,Medium,低,需专项分析,85,保险需补充偿付能力/久期缺口专项数据；数据质量为Medium，筛选结果置信度中等
ACTG,US,Acacia Research Corporation - Common Stock,Business Equipment & Supplies,通用,ROE、现金流、资产负债率,-,0.84,-9.9%,26.8%,-31440000.00,24.2%,3.3%,4.48,未分红/不适用,68.9%,4,6,80,Medium,低,排除,0,PB低但近5年出现亏损；10年ROE波动较大；10年净利润波动较大；长期ROE低于5%；近5年自由现金流多次为负；数据质量为Medium，筛选结果置信度中等
ACTU,US,"Actuate Therapeutics, Inc. - Common stock",Biotechnology,科技,营收增长、自由现金流、研发投入效率,-,8.02,-6604.5%,13057.2%,-,43.5%,-,-1096.67,未分红/不适用,-,4,0,80,Medium,低,排除,0,10年内亏损年份过多；10年ROE波动较大；长期ROE低于5%；利息覆盖倍数过低；数据质量为Medium，筛选结果置信度中等
ACXP,US,"Acurx Pharmaceuticals, Inc. - Common Stock",Biotechnology,科技,营收增长、自由现金流、研发投入效率,-,0.91,-730.4%,1044.1%,-,31.5%,-,-,未分红/不适用,-,4,6,80,Medium,低,排除,0,PB低但近5年出现亏损；PB低但近5年经营现金流多次为负；10年内亏损年份过多；10年ROE波动较大；长期ROE低于5%；数据质量为Medium，筛选结果置信度中等
ADAG,US,"Adagene Inc. - ADS, each representing 1.25 ordinary shares",Biotechnology,科技,营收增长、自由现金流、研发投入效率,-,4.84,-59.8%,29.2%,-30812886.00,54.8%,-,-37.67,未分红/不适用,-6.2%,4,6,80,Medium,低,排除,0,科技公司营收增长转负；科技公司自由现金流为负；10年内亏损年份过多；10年ROE波动较大；长期ROE低于5%；近5年自由现金流多次为负；利息覆盖倍数过低；近5年营收增长偏弱；数据质量为Medium，筛选结果置信度中等
ADAM,US,"Adamas Trust, Inc. - Common Stock",REIT - Mortgage,地产,净负债率、现金短债比、资产负债率,7.50,0.86,-3.5%,11.2%,4601000.00,88.7%,0.2%,-,未分红/不适用,243.7%,4,6,80,Medium,中,排除,0,地产需补充净负债率/现金短债比专项数据；地产资产负债率偏高；PB低但近5年出现亏损；10年内亏损年份过多；10年净利润波动较大；长期ROE低于5%；资产负债率过高；资产负债率相对偏高；数据质量为Medium，筛选结果置信度中等
ADBE,US,Adobe Inc. - Common Stock,Software - Application,科技,营收增长、自由现金流、研发投入效率,14.23,8.67,41.9%,13.3%,8015750000.00,60.6%,43.6%,34.21,未分红/不适用,10.5%,4,6,80,Medium,低,排除,45,10年ROE波动较大；商誉占比过高；数据质量为Medium，筛选结果置信度中等
ADEA,US,Adeia Inc.  - Common Stock,Software - Application,科技,营收增长、自由现金流、研发投入效率,27.73,7.14,-10.0%,58.9%,164015750.00,53.8%,30.2%,4.49,未分红/不适用,0.3%,4,6,80,Medium,低,排除,15,10年ROE波动较大；10年净利润波动较大；长期ROE低于5%；商誉占比偏高；数据质量为Medium，筛选结果置信度中等
ADGM,US,"Adagio Medical Holdings, Inc - Common Stock",Medical Devices,通用,ROE、现金流、资产负债率,-,3.68,-49.6%,132.3%,-22218250.00,71.3%,32.3%,-7.63,未分红/不适用,-,3,6,60,Medium,中,排除,0,10年内亏损年份过多；10年ROE波动较大；长期ROE低于5%；近5年自由现金流多次为负；资产负债率偏高；商誉占比偏高；利息覆盖倍数过低；资产负债率相对偏高；数据质量为Medium，筛选结果置信度中等
ADI,US,"Analog Devices, Inc. - Common Stock",Semiconductors,科技,营收增长、自由现金流、研发投入效率,76.73,6.05,7.1%,1.9%,3683245250.00,29.5%,56.1%,9.54,未分红/不适用,-2.8%,4,6,80,Medium,低,排除,30,科技公司营收增长转负；长期ROE偏低但PE不低；商誉占比过高；数据质量为Medium，筛选结果置信度中等
ADIL,US,"Adial Pharmaceuticals, Inc - Common Stock",Biotechnology,科技,营收增长、自由现金流、研发投入效率,-,0.28,-247.4%,129.1%,-,20.9%,-,-,未分红/不适用,-,4,6,80,Medium,低,排除,0,PB低但近5年出现亏损；PB低但近5年经营现金流多次为负；10年内亏损年份过多；10年ROE波动较大；长期ROE低于5%；数据质量为Medium，筛选结果置信度中等
ADMA,US,ADMA Biologics Inc - Common Stock,Biotechnology,科技,营收增长、自由现金流、研发投入效率,12.31,4.98,5.8%,46.0%,17000500.00,23.5%,0.6%,26.69,未分红/不适用,49.0%,4,6,80,Medium,低,警惕,55,10年ROE波动较大；10年净利润波动较大；长期ROE偏低但PE不低；数据质量为Medium，筛选结果置信度中等
ADP,US,"Automatic Data Processing, Inc. - Common Stock",Software - Application,科技,营收增长、自由现金流、研发投入效率,19.90,13.44,84.3%,13.6%,3542250000.00,88.4%,6.1%,12.65,未分红/不适用,7.6%,4,6,80,Medium,中,排除,30,10年ROE波动较大；资产负债率过高；资产负债率相对偏高；数据质量为Medium，筛选结果置信度中等
ADPT,US,Adaptive Biotechnologies Corporation - Common Stock,Diagnostics & Research,通用,ROE、现金流、资产负债率,-,9.54,-55.5%,24.5%,-128784000.00,56.1%,23.2%,-4.05,未分红/不适用,14.3%,4,6,80,Medium,低,排除,0,10年内亏损年份过多；10年ROE波动较大；长期ROE低于5%；近5年自由现金流多次为负；商誉占比偏高；利息覆盖倍数过低；数据质量为Medium，筛选结果置信度中等
ADSE,US,ADS-TEC ENERGY PLC - Ordinary Shares,Electrical Equipment & Parts,周期,利润波动、ROE波动、资本开支周期,-,-33.53,-11.9%,170.2%,-35257750.00,129.5%,-,-4.97,未分红/不适用,49.3%,4,0,80,Medium,低,排除,0,周期行业ROE波动显著；PB低但近5年出现亏损；PB低但近5年经营现金流多次为负；10年内亏损年份过多；10年ROE波动较大；长期ROE低于5%；近5年自由现金流多次为负；资产负债率过高；利息覆盖倍数过低；数据质量为Medium，筛选结果置信度中等
ADSK,US,"Autodesk, Inc. - Common Stock",Software - Application,科技,营收增长、自由现金流、研发投入效率,45.02,16.42,50.0%,15.4%,1789500000.00,75.6%,34.5%,-,未分红/不适用,12.9%,4,6,80,Medium,中,警惕,40,10年ROE波动较大；资产负债率偏高；商誉占比偏高；资产负债率相对偏高；数据质量为Medium，筛选结果置信度中等
ADTN,US,"ADTRAN Holdings, Inc. - Common Stock",Communication Equipment,通用,ROE、现金流、资产负债率,-,8.72,-109.5%,169.5%,-12797250.00,56.9%,5.0%,-0.62,未分红/不适用,1.9%,4,6,80,Medium,中,排除,0,10年内亏损年份过多；10年ROE波动较大；10年净利润波动较大；长期ROE低于5%；利息覆盖倍数过低；资产负债率相对偏高；数据质量为Medium，筛选结果置信度中等
ADTX,US,"Aditxt, Inc. - Common Stock",Biotechnology,科技,营收增长、自由现金流、研发投入效率,-,0.00,-883.3%,813.6%,-22559753.67,76.1%,-,-16.92,未分红/不适用,-84.9%,4,6,80,Medium,中,排除,0,科技公司营收增长转负；科技公司自由现金流为负；PB低但近5年出现亏损；PB低但近5年经营现金流多次为负；10年内亏损年份过多；10年ROE波动较大；长期ROE低于5%；近5年自由现金流多次为负；资产负债率偏高；利息覆盖倍数过低；近5年营收明显下滑；资产负债率相对偏高；数据质量为Medium，筛选结果置信度中等
ADUR,US,Aduro Clean Technologies Inc. - Common Stock,Pollution & Treatment Controls,通用,ROE、现金流、资产负债率,-,15.52,-129.1%,57.0%,-6748397.50,8.1%,-,-1023.18,未分红/不适用,-,4,6,80,Medium,低,排除,0,10年内亏损年份过多；10年ROE波动较大；长期ROE低于5%；近5年自由现金流多次为负；利息覆盖倍数过低；数据质量为Medium，筛选结果置信度中等
ADUS,US,Addus HomeCare Corporation - Common Stock,Medical Care Facilities,通用,ROE、现金流、资产负债率,16.95,1.50,8.1%,0.8%,103443750.00,24.5%,69.3%,10.36,未分红/不适用,14.4%,4,6,80,Medium,低,排除,60,商誉占比过高；数据质量为Medium，筛选结果置信度中等
ADV,US,Advantage Solutions Inc.  - Class A Common Stock,Advertising Agencies,通用,ROE、现金流、资产负债率,-,0.96,-53.3%,49.5%,76249000.00,80.2%,15.7%,-0.91,未分红/不适用,-1.0%,4,6,80,Medium,中,排除,0,PB低但近5年出现亏损；10年内亏损年份过多；10年ROE波动较大；10年净利润波动较大；长期ROE低于5%；资产负债率偏高；利息覆盖倍数过低；资产负债率相对偏高；数据质量为Medium，筛选结果置信度中等
ADVB,US,Advanced Biomed Inc. - Common Stock,Diagnostics & Research,通用,ROE、现金流、资产负债率,1.27,0.51,-189.2%,71.4%,-1982398.75,-,-,-,未分红/不适用,-,4,6,80,Medium,未知,排除,0,PB低但近5年出现亏损；PB低但近5年经营现金流多次为负；10年内亏损年份过多；10年ROE波动较大；长期ROE低于5%；近5年自由现金流多次为负；数据质量为Medium，筛选结果置信度中等
AEBI,US,Aebi Schmidt Holding AG - Common Stock,Farm & Heavy Construction Machinery,周期,利润波动、ROE波动、资本开支周期,68.29,1.10,4.3%,3.7%,22688000.00,59.4%,20.1%,1.27,未分红/不适用,22.6%,3,0,60,Medium,低,排除,5,长期ROE低于5%；商誉占比偏高；利息覆盖倍数过低；数据质量为Medium，筛选结果置信度中等
AEC,US,Anfield Energy Inc. - Common Shares,Uranium,周期,利润波动、ROE波动、资本开支周期,-,2.19,-25.3%,37.4%,-11599071.75,44.4%,-,-9.82,未分红/不适用,-,4,6,80,Medium,低,排除,0,周期行业ROE波动显著；周期行业利润弹性过大；10年内亏损年份过多；10年ROE波动较大；10年净利润波动较大；长期ROE低于5%；近5年自由现金流多次为负；利息覆盖倍数过低；数据质量为Medium，筛选结果置信度中等
AEHL,US,Antelope Enterprise Holdings Limited - Class A Ordinary Shares,Building Products & Equipment,通用,ROE、现金流、资产负债率,-,0.22,-1475.6%,2798.3%,-8013257.94,31.0%,-,-7.53,未分红/不适用,106.5%,4,0,80,Medium,低,排除,0,PB低但近5年出现亏损；PB低但近5年经营现金流多次为负；10年内亏损年份过多；10年ROE波动较大；长期ROE低于5%；近5年自由现金流多次为负；利息覆盖倍数过低；数据质量为Medium，筛选结果置信度中等
AEHR,US,Aehr Test Systems - Common Stock,Semiconductor Equipment & Materials,科技,营收增长、自由现金流、研发投入效率,-,22.08,16.1%,13.8%,-411000.00,17.3%,7.2%,-,未分红/不适用,5.1%,4,6,80,Medium,低,警惕,55,科技公司自由现金流为负；10年ROE波动较大；10年净利润波动较大；数据质量为Medium，筛选结果置信度中等
AEI,US,Alset Inc. - Common Stock,Real Estate - Development,地产,净负债率、现金短债比、资产负债率,-,0.58,-31.9%,20.7%,-6513766.25,5.1%,-,-895.78,未分红/不适用,-0.1%,4,6,80,Medium,低,排除,0,地产需补充净负债率/现金短债比专项数据；PB低但近5年出现亏损；10年内亏损年份过多；10年ROE波动较大；长期ROE低于5%；利息覆盖倍数过低；数据质量为Medium，筛选结果置信度中等
AEIS,US,"Advanced Energy Industries, Inc. - Common Stock",Electrical Equipment & Parts,周期,利润波动、ROE波动、资本开支周期,68.33,9.04,11.3%,5.8%,118125500.00,46.5%,11.8%,13.40,未分红/不适用,-0.8%,4,6,80,Medium,低,通过,85,数据质量为Medium，筛选结果置信度中等
AEMD,US,"Aethlon Medical, Inc. - Common Stock",Medical Devices,通用,ROE、现金流、资产负债率,-,0.31,-153.4%,98.4%,-10648421.33,30.4%,-,-1323.37,未分红/不适用,-,4,0,80,Medium,低,排除,0,PB低但近5年出现亏损；PB低但近5年经营现金流多次为负；10年内亏损年份过多；10年ROE波动较大；长期ROE低于5%；近5年自由现金流多次为负；利息覆盖倍数过低；数据质量为Medium，筛选结果置信度中等
AENT,US,Alliance Entertainment Holding Corporation - common stock,Entertainment,通用,ROE、现金流、资产负债率,17.31,3.23,-5.5%,26.5%,28302666.67,71.4%,24.7%,2.77,未分红/不适用,-,4,6,80,Medium,中,排除,0,10年ROE波动较大；10年净利润波动较大；长期ROE低于5%；资产负债率偏高；商誉占比偏高；利息覆盖倍数偏低；资产负债率相对偏高；数据质量为Medium，筛选结果置信度中等
AEP,US,"American Electric Power Company, Inc. - Common Stock",Utilities - Regulated Electric,通用,ROE、现金流、资产负债率,18.68,2.16,10.2%,1.3%,-1646100000.00,71.9%,0.0%,2.84,未分红/不适用,3.7%,4,6,80,Medium,中,警惕,40,近5年自由现金流多次为负；资产负债率偏高；利息覆盖倍数偏低；资产负债率相对偏高；数据质量为Medium，筛选结果置信度中等
AERT,US,"Aeries Technology, Inc. - Class A Ordinary Share",Consulting Services,科技,营收增长、自由现金流、研发投入效率,-,-29.17,69.2%,196.3%,-1572750.00,115.3%,-,-29.18,未分红/不适用,19.6%,4,0,80,Medium,低,排除,0,科技公司自由现金流为负；PB低但近5年出现亏损；10年ROE波动较大；10年净利润波动较大；资产负债率过高；利息覆盖倍数过低；数据质量为Medium，筛选结果置信度中等
AEVA,US,"Aeva Technologies, Inc. - Common Stock",Software - Infrastructure,科技,营收增长、自由现金流、研发投入效率,-,-101.37,-340.9%,508.5%,-118496500.00,92.6%,-,-,未分红/不适用,62.8%,4,6,80,Medium,中,排除,0,科技公司自由现金流为负；PB低但近5年出现亏损；PB低但近5年经营现金流多次为负；10年内亏损年份过多；10年ROE波动较大；长期ROE低于5%；近5年自由现金流多次为负；资产负债率过高；资产负债率相对偏高；数据质量为Medium，筛选结果置信度中等
AEYE,US,"AudioEye, Inc. - Common Stock",Software - Application,科技,营收增长、自由现金流、研发投入效率,-,18.65,-73.8%,23.9%,-1133500.00,85.1%,20.7%,-,未分红/不适用,10.5%,4,6,80,Medium,中,排除,0,科技公司自由现金流为负；10年内亏损年份过多；10年ROE波动较大；长期ROE低于5%；资产负债率过高；商誉占比偏高；资产负债率相对偏高；数据质量为Medium，筛选结果置信度中等
AFBI,US,"Affinity Bancshares, Inc. - Common Stock",Banks - Regional,银行,不良率、拨备覆盖、资本充足率,16.39,2.20,5.5%,1.0%,7776750.00,85.6%,2.0%,-,未分红/不适用,0.9%,4,6,80,Medium,中,排除,15,银行需补充不良率/拨备/资本充足率专项数据；长期ROE偏低但PE不低；资产负债率过高；资产负债率相对偏高；数据质量为Medium，筛选结果置信度中等
AFCG,US,Advanced Flower Capital Inc. - Common Stock,Asset Management,通用,ROE、现金流、资产负债率,-,0.41,3.4%,10.3%,-,36.3%,-,-,未分红/不适用,-37.4%,4,6,80,Medium,低,排除,0,PB低但近5年出现亏损；10年净利润波动较大；长期ROE低于5%；近5年营收明显下滑；数据质量为Medium，筛选结果置信度中等
AFJK,US,"Aimei Health Technology Co., Ltd - Ordinary Share",Shell Companies,科技,营收增长、自由现金流、研发投入效率,235.29,-71.17,8.4%,6.8%,-,33.6%,-,-,未分红/不适用,-,2,3,40,Low,低,数据不足,0,数据年数不足，无法进行可靠筛选
AFRI,US,Forafric Global PLC - Ordinary Shares,Farm Products,通用,ROE、现金流、资产负债率,-,-58.82,332.1%,748.1%,-12221500.00,97.8%,17.4%,-0.69,未分红/不适用,1.6%,4,0,80,Medium,低,排除,0,PB低但近5年出现亏损；10年内亏损年份过多；10年ROE波动较大；资产负债率过高；利息覆盖倍数过低；数据质量为Medium，筛选结果置信度中等
AFRM,US,"Affirm Holdings, Inc. - Class A Common Stock",Credit Services,通用,ROE、现金流、资产负债率,60.12,5.85,-20.8%,17.1%,127517250.00,72.5%,4.8%,1.14,未分红/不适用,33.7%,4,6,80,Medium,中,排除,0,10年内亏损年份过多；10年ROE波动较大；10年净利润波动较大；长期ROE低于5%；资产负债率偏高；利息覆盖倍数过低；资产负债率相对偏高；数据质量为Medium，筛选结果置信度中等
AFYA,US,Afya Limited - Class A Common Shares,Education & Training Services,通用,ROE、现金流、资产负债率,8.38,1.32,13.2%,2.3%,888172500.00,47.7%,16.3%,2.96,未分红/不适用,16.7%,4,6,80,Medium,低,警惕,85,利息覆盖倍数偏低；数据质量为Medium，筛选结果置信度中等
AGAE,US,Allied Gaming & Entertainment Inc. - Common Stock,Entertainment,通用,ROE、现金流、资产负债率,-,0.29,6.1%,39.2%,-10653607.75,31.2%,2.5%,-,未分红/不适用,22.4%,4,0,80,Medium,低,排除,0,PB低但近5年出现亏损；PB低但近5年经营现金流多次为负；10年内亏损年份过多；10年ROE波动较大；10年净利润波动较大；近5年自由现金流多次为负；数据质量为Medium，筛选结果置信度中等
AGCC,US,Agencia Comercial Spirits Ltd - Class A Ordinary Share,Beverages - Wineries & Distilleries,消费,ROE、毛利率稳定性、分红稳定性,453.12,36.54,22.3%,17.6%,-,65.0%,-,367.29,未分红/不适用,164.5%,3,0,60,Medium,低,警惕,85,10年ROE波动较大；数据质量为Medium，筛选结果置信度中等
AGEN,US,Agenus Inc. - Common Stock,Biotechnology,科技,营收增长、自由现金流、研发投入效率,1.70,-0.61,145.5%,155.6%,-174670750.00,222.5%,10.6%,0.94,未分红/不适用,5.2%,4,6,80,Medium,低,排除,0,科技公司自由现金流为负；PB低但近5年出现亏损；PB低但近5年经营现金流多次为负；10年内亏损年份过多；10年ROE波动较大；近5年自由现金流多次为负；资产负债率过高；利息覆盖倍数过低；数据质量为Medium，筛选结果置信度中等
AGH,US,Aureus Greenway Holdings Inc. - Common Stock,Leisure,通用,ROE、现金流、资产负债率,-,2.04,10.0%,28.2%,-543510.50,5.9%,-,-838.11,未分红/不适用,-0.5%,4,6,80,Medium,低,排除,30,10年ROE波动较大；10年净利润波动较大；利息覆盖倍数过低；数据质量为Medium，筛选结果置信度中等
AGIO,US,"Agios Pharmaceuticals, Inc. - Common Stock",Biotechnology,科技,营收增长、自由现金流、研发投入效率,-,1.51,-13.8%,39.5%,-351934750.00,8.0%,-,-,未分红/不适用,56.0%,4,6,80,Medium,低,排除,0,科技公司自由现金流为负；10年内亏损年份过多；10年ROE波动较大；10年净利润波动较大；长期ROE低于5%；近5年自由现金流多次为负；数据质量为Medium，筛选结果置信度中等
AGMH,US,AGM Group Holdings Inc. - Class A Ordinary Shares,Computer Hardware,科技,营收增长、自由现金流、研发投入效率,0.04,0.07,7.0%,32.1%,-7093050.33,64.4%,-,-,未分红/不适用,-4.4%,4,0,80,Medium,低,排除,0,科技公司营收增长转负；科技公司自由现金流为负；PB低但近5年出现亏损；PB低但近5年经营现金流多次为负；10年ROE波动较大；10年净利润波动较大；近5年自由现金流多次为负；数据质量为Medium，筛选结果置信度中等
AGNC,US,AGNC Investment Corp. - Common Stock,REIT - Mortgage,地产,净负债率、现金短债比、资产负债率,8.09,1.16,2.3%,12.5%,-,89.2%,0.5%,-,未分红/不适用,-,4,6,80,Medium,中,排除,0,地产需补充净负债率/现金短债比专项数据；地产资产负债率偏高；10年ROE波动较大；10年净利润波动较大；长期ROE低于5%；资产负债率过高；资产负债率相对偏高；数据质量为Medium，筛选结果置信度中等
AGNT,US,"eXp World Holdings, Inc. - Common Stock",Real Estate Services,地产,净负债率、现金短债比、资产负债率,-,3.11,-4.3%,7.6%,172921000.00,45.1%,4.0%,-,未分红/不适用,1.3%,4,6,80,Medium,低,排除,0,地产需补充净负债率/现金短债比专项数据；10年内亏损年份过多；10年净利润波动较大；长期ROE低于5%；数据质量为Medium，筛选结果置信度中等
AGPU,US,Axe Compute Inc. - Common Stock,Software - Infrastructure,科技,营收增长、自由现金流、研发投入效率,-,0.47,1368.7%,3258.7%,-19320892.25,9.8%,-,-,未分红/不适用,-56.3%,4,6,80,Medium,低,排除,0,科技公司营收增长转负；科技公司自由现金流为负；PB低但近5年出现亏损；PB低但近5年经营现金流多次为负；10年内亏损年份过多；10年ROE波动较大；10年净利润波动较大；近5年自由现金流多次为负；近5年营收明显下滑；数据质量为Medium，筛选结果置信度中等
AGRZ,US,Agroz Inc. - Ordinary Shares,Farm Products,通用,ROE、现金流、资产负债率,4.23,1.93,-27.4%,132.0%,-4691588.67,73.1%,-,4.80,未分红/不适用,277.7%,3,3,60,Medium,中,排除,0,10年ROE波动较大；10年净利润波动较大；长期ROE低于5%；近5年自由现金流多次为负；资产负债率偏高；资产负债率相对偏高；数据质量为Medium，筛选结果置信度中等
AGYS,US,"Agilysys, Inc. - Common Stock",Software - Application,科技,营收增长、自由现金流、研发投入效率,63.45,6.08,15.0%,14.4%,36726750.00,38.8%,30.1%,17.77,未分红/不适用,19.2%,4,0,80,Medium,低,警惕,55,10年ROE波动较大；10年净利润波动较大；商誉占比偏高；数据质量为Medium，筛选结果置信度中等
AHCO,US,AdaptHealth Corp.  - Common Stock,Medical Devices,通用,ROE、现金流、资产负债率,-,0.95,-10.6%,24.4%,145203500.00,64.6%,58.9%,0.86,未分红/不适用,3.0%,4,6,80,Medium,低,排除,0,PB低但近5年出现亏损；10年ROE波动较大；10年净利润波动较大；长期ROE低于5%；商誉占比过高；利息覆盖倍数过低；数据质量为Medium，筛选结果置信度中等
AHMA,US,Ambitions Enterprise Management Co. L.L.C - Class A Ordinary Shares,Travel Services,通用,ROE、现金流、资产负债率,29.50,2.81,20.8%,10.3%,-252466.00,17.0%,-,-,未分红/不适用,21.3%,4,6,80,Medium,低,警惕,85,近5年自由现金流多次为负；数据质量为Medium，筛选结果置信度中等
AIAI,US,AIAI Holdings Corporation - Class A common stock,Conglomerates,通用,ROE、现金流、资产负债率,-,-,-11.7%,-,-,23.4%,23.7%,-59.49,未分红/不适用,-98.8%,2,1,40,Low,低,数据不足,0,10年净利润波动较大；长期ROE低于5%；商誉占比偏高；利息覆盖倍数过低；近5年营收明显下滑；数据年数不足，无法进行可靠筛选
AIDX,US,"20/20 Biolabs, Inc. - Common Stock",Medical Devices,通用,ROE、现金流、资产负债率,-,-111.66,6310.0%,11378.2%,-4523735.00,100.5%,-,-22.94,未分红/不适用,19.8%,3,0,60,Medium,低,排除,0,PB低但近5年出现亏损；PB低但近5年经营现金流多次为负；10年内亏损年份过多；10年ROE波动较大；资产负债率过高；利息覆盖倍数过低；数据质量为Medium，筛选结果置信度中等
AIFC,US,AI Financial Corporation - Common Stock,Software - Infrastructure,科技,营收增长、自由现金流、研发投入效率,-,0.11,155.5%,252.1%,-365225500.00,5.3%,1.0%,-,未分红/不适用,-,4,6,80,Medium,低,排除,0,科技公司自由现金流为负；PB低但近5年出现亏损；10年内亏损年份过多；10年ROE波动较大；10年净利润波动较大；数据质量为Medium，筛选结果置信度中等
AIFF,US,"Firefly Neuroscience, Inc.  - Common Stock",Software - Application,科技,营收增长、自由现金流、研发投入效率,-,3.14,80.1%,2125.8%,-5816666.67,27.1%,49.4%,-124.01,未分红/不适用,-,4,6,80,Medium,低,排除,0,科技公司自由现金流为负；10年内亏损年份过多；10年ROE波动较大；10年净利润波动较大；近5年自由现金流多次为负；商誉占比过高；利息覆盖倍数过低；数据质量为Medium，筛选结果置信度中等
AIFU,US,AIFU Inc. - Class A Ordinary Share,Insurance Brokers,保险,偿付能力、久期缺口、投资收益质量,-,0.58,-109.5%,244.1%,65897000.00,69.2%,-,-611.73,未分红/不适用,-41.5%,4,6,80,Medium,中,排除,0,保险需补充偿付能力/久期缺口专项数据；PB低但近5年出现亏损；10年ROE波动较大；10年净利润波动较大；长期ROE低于5%；利息覆盖倍数过低；近5年营收明显下滑；资产负债率相对偏高；数据质量为Medium，筛选结果置信度中等
AIHS,US,Senmiao Technology Limited - Common Stock,Rental & Leasing Services,科技,营收增长、自由现金流、研发投入效率,-,12.87,-89.3%,229.7%,-3327599.75,94.0%,-,-227.93,未分红/不适用,-11.6%,4,0,80,Medium,低,排除,0,科技公司营收增长转负；科技公司自由现金流为负；10年内亏损年份过多；10年ROE波动较大；长期ROE低于5%；近5年自由现金流多次为负；资产负债率过高；利息覆盖倍数过低；近5年营收增长偏弱；数据质量为Medium，筛选结果置信度中等
AIIO,US,Robo.ai Inc. - Class B Ordinary Shares,Auto Manufacturers,通用,ROE、现金流、资产负债率,-,-1.15,-0.4%,298.1%,-73622500.00,1475.1%,-,-16.06,未分红/不适用,-,4,6,80,Medium,低,排除,0,PB低但近5年出现亏损；PB低但近5年经营现金流多次为负；10年内亏损年份过多；10年ROE波动较大；长期ROE低于5%；近5年自由现金流多次为负；资产负债率过高；利息覆盖倍数过低；数据质量为Medium，筛选结果置信度中等
AIMD,US,"Ainos, Inc. - Common Stock",Scientific & Technical Instruments,通用,ROE、现金流、资产负债率,-,1.62,-97.0%,69.6%,-4735267.00,63.8%,-,-19.75,未分红/不适用,-67.2%,4,6,80,Medium,低,排除,0,10年内亏损年份过多；10年ROE波动较大；长期ROE低于5%；近5年自由现金流多次为负；利息覆盖倍数过低；近5年营收明显下滑；数据质量为Medium，筛选结果置信度中等
AIOS,US,AIOS Tech Inc. - Class A Common Shares,Information Technology Services,科技,营收增长、自由现金流、研发投入效率,-,0.77,9.5%,5.7%,-11698809.00,-,-,-,未分红/不适用,-,4,6,80,Medium,未知,警惕,85,科技公司自由现金流为负；数据质量为Medium，筛选结果置信度中等
AIOT,US,"PowerFleet, Inc. - Common Stock",Software - Infrastructure,科技,营收增长、自由现金流、研发投入效率,-,0.88,-6.8%,4.0%,-13307250.00,50.9%,42.1%,-1.28,未分红/不适用,42.2%,3,6,60,Medium,低,排除,0,科技公司自由现金流为负；PB低但近5年出现亏损；10年内亏损年份过多；10年净利润波动较大；长期ROE低于5%；近5年自由现金流多次为负；商誉占比过高；利息覆盖倍数过低；数据质量为Medium，筛选结果置信度中等
AIP,US,"Arteris, Inc.  - Common Stock",Semiconductors,科技,营收增长、自由现金流、研发投入效率,-,599.11,688.0%,1442.8%,-5187250.00,112.7%,3.6%,-156.81,未分红/不适用,11.9%,4,6,80,Medium,低,排除,0,科技公司自由现金流为负；10年内亏损年份过多；10年ROE波动较大；近5年自由现金流多次为负；资产负债率过高；利息覆盖倍数过低；数据质量为Medium，筛选结果置信度中等
AIRE,US,reAlpha Tech Corp. - Common Stock,Real Estate Services,地产,净负债率、现金短债比、资产负债率,-,1.39,-437.3%,826.5%,-8457152.25,42.3%,34.3%,-20.59,未分红/不适用,145.5%,4,0,80,Medium,低,排除,0,地产需补充净负债率/现金短债比专项数据；10年内亏损年份过多；10年ROE波动较大；长期ROE低于5%；近5年自由现金流多次为负；商誉占比偏高；利息覆盖倍数过低；数据质量为Medium，筛选结果置信度中等
AIRG,US,"Airgain, Inc. - Common Stock",Communication Equipment,通用,ROE、现金流、资产负债率,-,3.12,-28.0%,8.2%,-1292750.00,37.6%,23.9%,-,未分红/不适用,-12.0%,4,6,80,Medium,低,排除,0,10年内亏损年份过多；长期ROE低于5%；近5年自由现金流多次为负；商誉占比偏高；近5年营收增长偏弱；数据质量为Medium，筛选结果置信度中等
AIRJ,US,AirJoule Technologies Corporation - Class A Common Stock,Building Products & Equipment,通用,ROE、现金流、资产负债率,-,0.92,91.7%,98.3%,-11710998.67,21.3%,-,-,未分红/不适用,-,4,6,80,Medium,低,排除,0,PB低但近5年出现亏损；PB低但近5年经营现金流多次为负；10年内亏损年份过多；10年ROE波动较大；10年净利润波动较大；近5年自由现金流多次为负；数据质量为Medium，筛选结果置信度中等
AIRO,US,"AIRO Group Holdings, Inc. - Common Stock",Aerospace & Defense,通用,ROE、现金流、资产负债率,-,0.28,-4.3%,2.8%,263751.00,4.5%,73.8%,1.30,未分红/不适用,74.6%,4,6,80,Medium,低,排除,0,PB低但近5年出现亏损；10年内亏损年份过多；长期ROE低于5%；商誉占比过高；利息覆盖倍数过低；数据质量为Medium，筛选结果置信度中等
AIRS,US,"AirSculpt Technologies, Inc. - Common Stock",Medical Care Facilities,通用,ROE、现金流、资产负债率,-,3.18,-12.3%,6.6%,5899500.00,53.2%,43.6%,-1.90,未分红/不适用,-3.5%,4,6,80,Medium,低,排除,0,10年内亏损年份过多；长期ROE低于5%；商誉占比过高；利息覆盖倍数过低；数据质量为Medium，筛选结果置信度中等
AIRT,US,"Air T, Inc. - Common Stock",Conglomerates,通用,ROE、现金流、资产负债率,-,-49.10,-2.7%,152.2%,1252000.00,96.8%,6.1%,0.42,未分红/不适用,18.1%,4,0,80,Medium,低,排除,0,PB低但近5年出现亏损；10年内亏损年份过多；10年ROE波动较大；10年净利润波动较大；长期ROE低于5%；资产负债率过高；利息覆盖倍数过低；数据质量为Medium，筛选结果置信度中等
AISP,US,"Airship AI Holdings, Inc - Class A Common Stock",Software - Infrastructure,科技,营收增长、自由现金流、研发投入效率,19.61,-12.20,-97.4%,224.2%,-,136.7%,-,-,未分红/不适用,1.7%,4,6,80,Medium,低,排除,0,PB低但近5年出现亏损；PB低但近5年经营现金流多次为负；10年ROE波动较大；10年净利润波动较大；长期ROE低于5%；资产负债率过高；数据质量为Medium，筛选结果置信度中等
AIXC,US,"AIxCrypto Holdings, Inc. - Common Stock",Software - Infrastructure,科技,营收增长、自由现金流、研发投入效率,-,-1.74,21.5%,420.2%,-18555766.00,10.6%,-,-16.16,未分红/不适用,-,4,6,80,Medium,低,排除,0,科技公司自由现金流为负；PB低但近5年出现亏损；PB低但近5年经营现金流多次为负；10年内亏损年份过多；10年ROE波动较大；利息覆盖倍数过低；数据质量为Medium，筛选结果置信度中等
AKAM,US,"Akamai Technologies, Inc. - Common Stock",Software - Infrastructure,科技,营收增长、自由现金流、研发投入效率,51.91,4.56,10.8%,1.4%,741985500.00,56.6%,27.9%,20.58,未分红/不适用,5.2%,4,6,80,Medium,低,警惕,85,商誉占比偏高；数据质量为Medium，筛选结果置信度中等
AKAN,US,Akanda Corp. - Common Shares,Drug Manufacturers - Specialty & Generic,通用,ROE、现金流、资产负债率,0.03,0.22,268.3%,435.9%,-6623613.75,46.0%,-,-31.65,未分红/不适用,172.3%,4,0,80,Medium,低,排除,0,PB低但近5年出现亏损；PB低但近5年经营现金流多次为负；10年内亏损年份过多；10年ROE波动较大；10年净利润波动较大；近5年自由现金流多次为负；利息覆盖倍数过低；数据质量为Medium，筛选结果置信度中等
AKBA,US,"Akebia Therapeutics, Inc. - Common Stock",Drug Manufacturers - Specialty & Generic,通用,ROE、现金流、资产负债率,-,10.93,-376.8%,953.4%,-18022000.00,91.3%,15.7%,0.85,未分红/不适用,-6.9%,4,6,80,Medium,中,排除,0,10年内亏损年份过多；10年ROE波动较大；长期ROE低于5%；资产负债率过高；利息覆盖倍数过低；近5年营收增长偏弱；资产负债率相对偏高；数据质量为Medium，筛选结果置信度中等
AKTS,US,"Aktis Oncology, Inc. - Common stock",Biotechnology,科技,营收增长、自由现金流、研发投入效率,-,2.09,62.2%,22.0%,-29002750.00,155.2%,-,-,未分红/不适用,-,4,0,80,Medium,低,排除,0,科技公司自由现金流为负；10年内亏损年份过多；10年ROE波动较大；近5年自由现金流多次为负；资产负债率过高；数据质量为Medium，筛选结果置信度中等
ALAB,US,"Astera Labs, Inc. - Common Stock",Semiconductors,科技,营收增长、自由现金流、研发投入效率,155.39,26.55,25.7%,32.1%,82236250.00,11.0%,-,-,未分红/不适用,120.2%,4,0,80,Medium,低,排除,30,10年内亏损年份过多；10年ROE波动较大；10年净利润波动较大；数据质量为Medium，筛选结果置信度中等
ALBT,US,Avalon GloboCare Corp. - Common Stock,Real Estate Services,地产,净负债率、现金短债比、资产负债率,-,-0.19,-160.7%,60.8%,-11282786.00,60.6%,54.7%,-11.03,未分红/不适用,-,4,6,80,Medium,低,排除,0,地产需补充净负债率/现金短债比专项数据；PB低但近5年出现亏损；PB低但近5年经营现金流多次为负；10年内亏损年份过多；10年ROE波动较大；长期ROE低于5%；商誉占比过高；利息覆盖倍数过低；数据质量为Medium，筛选结果置信度中等
ALCO,US,"Alico, Inc. - Common Stock",Farm Products,通用,ROE、现金流、资产负债率,-,2.94,-33.6%,73.0%,-17716000.00,46.4%,1.1%,-37.35,未分红/不适用,-21.7%,4,6,80,Medium,低,排除,0,10年ROE波动较大；10年净利润波动较大；长期ROE低于5%；近5年自由现金流多次为负；利息覆盖倍数过低；近5年营收明显下滑；数据质量为Medium，筛选结果置信度中等
ALDF,US,Aldel Financial II Inc. - Class A Ordinary Shares,Shell Companies,通用,ROE、现金流、资产负债率,48.41,484.09,2.3%,2.1%,-,0.0%,-,-,未分红/不适用,-,2,0,40,Low,低,数据不足,0,10年净利润波动较大；长期ROE低于5%；数据年数不足，无法进行可靠筛选
ALDX,US,"Aldeyra Therapeutics, Inc. - Common Stock",Biotechnology,科技,营收增长、自由现金流、研发投入效率,-,2.37,-56.9%,24.2%,-56653504.00,38.6%,-,-16.76,未分红/不适用,-,4,6,80,Medium,低,排除,0,科技公司自由现金流为负；10年内亏损年份过多；10年ROE波动较大；长期ROE低于5%；利息覆盖倍数过低；数据质量为Medium，筛选结果置信度中等
ALEC,US,"Alector, Inc. - Common Stock",Biotechnology,科技,营收增长、自由现金流、研发投入效率,-,24.10,-179.9%,191.6%,-156555250.00,89.5%,-,-,未分红/不适用,-46.0%,4,6,80,Medium,中,排除,0,科技公司营收增长转负；科技公司自由现金流为负；10年内亏损年份过多；10年ROE波动较大；长期ROE低于5%；近5年自由现金流多次为负；资产负债率过高；近5年营收明显下滑；资产负债率相对偏高；数据质量为Medium，筛选结果置信度中等
ALGM,US,"Allegro MicroSystems, Inc. - Common Stock",Semiconductors,科技,营收增长、自由现金流、研发投入效率,-,8.32,10.3%,12.4%,69335000.00,-,-,-,未分红/不适用,-1.9%,4,6,80,Medium,未知,警惕,55,科技公司营收增长转负；10年ROE波动较大；10年净利润波动较大；数据质量为Medium，筛选结果置信度中等
ALGN,US,"Align Technology, Inc. - Common Stock",Medical Instruments & Supplies,科技,营收增长、自由现金流、研发投入效率,26.72,2.75,10.8%,1.0%,499580250.00,35.0%,7.9%,-,未分红/不适用,2.6%,4,6,80,Medium,低,通过,85,数据质量为Medium，筛选结果置信度中等
ALGS,US,"Aligos Therapeutics, Inc. - Common stock",Biotechnology,科技,营收增长、自由现金流、研发投入效率,-,1.21,55.0%,266.2%,-80790250.00,39.5%,-,-,未分红/不适用,-46.0%,4,6,80,Medium,低,排除,0,科技公司营收增长转负；科技公司自由现金流为负；10年内亏损年份过多；10年ROE波动较大；近5年自由现金流多次为负；近5年营收明显下滑；数据质量为Medium，筛选结果置信度中等
ALGT,US,Allegiant Travel Company - Common Stock,Airlines,通用,ROE、现金流、资产负债率,-,1.27,-4.3%,13.0%,-30865500.00,75.0%,-,0.59,未分红/不适用,4.2%,4,6,80,Medium,中,排除,0,10年ROE波动较大；10年净利润波动较大；长期ROE低于5%；资产负债率偏高；利息覆盖倍数过低；资产负债率相对偏高；数据质量为Medium，筛选结果置信度中等
ALHC,US,"Alignment Healthcare, Inc. - Common Stock",Healthcare Plans,通用,ROE、现金流、资产负债率,164.50,16.43,-71.4%,54.4%,-14471250.00,83.2%,3.0%,0.94,未分红/不适用,40.2%,4,6,80,Medium,中,排除,0,10年内亏损年份过多；10年ROE波动较大；长期ROE低于5%；近5年自由现金流多次为负；资产负债率偏高；利息覆盖倍数过低；资产负债率相对偏高；数据质量为Medium，筛选结果置信度中等
ALKS,US,Alkermes plc - Ordinary Shares,Drug Manufacturers - Specialty & Generic,通用,ROE、现金流、资产负债率,41.73,3.57,13.2%,20.1%,305517000.00,26.8%,3.3%,24.74,未分红/不适用,9.9%,4,6,80,Medium,低,警惕,70,10年ROE波动较大；10年净利润波动较大；数据质量为Medium，筛选结果置信度中等
ALKT,US,"Alkami Technology, Inc. - Common Stock",Software - Application,科技,营收增长、自由现金流、研发投入效率,-,4.89,-15.4%,3.7%,-5331250.00,57.3%,47.6%,-5.22,未分红/不适用,29.5%,4,6,80,Medium,低,排除,0,科技公司自由现金流为负；10年内亏损年份过多；长期ROE低于5%；商誉占比过高；利息覆盖倍数过低；数据质量为Medium，筛选结果置信度中等
ALLO,US,"Allogene Therapeutics, Inc. - Common Stock",Biotechnology,科技,营收增长、自由现金流、研发投入效率,-,1.75,-60.3%,6.4%,-203896250.00,29.7%,-,-176.57,未分红/不适用,-,4,6,80,Medium,低,排除,0,科技公司自由现金流为负；10年内亏损年份过多；长期ROE低于5%；近5年自由现金流多次为负；利息覆盖倍数过低；数据质量为Medium，筛选结果置信度中等
ALLR,US,"Allarity Therapeutics, Inc. - Common stock",Biotechnology,科技,营收增长、自由现金流、研发投入效率,-,2.75,-184.7%,525.6%,-16437666.67,46.2%,-,-59.71,未分红/不适用,-,4,6,80,Medium,低,排除,0,科技公司自由现金流为负；10年内亏损年份过多；10年ROE波动较大；长期ROE低于5%；近5年自由现金流多次为负；利息覆盖倍数过低；数据质量为Medium，筛选结果置信度中等
ALLT,US,Allot Ltd. - Ordinary Shares,Software - Infrastructure,科技,营收增长、自由现金流、研发投入效率,55.15,3.03,-41.5%,58.2%,-13056250.00,34.4%,18.4%,68.64,未分红/不适用,-6.0%,4,6,80,Medium,低,排除,0,科技公司营收增长转负；科技公司自由现金流为负；10年内亏损年份过多；10年ROE波动较大；10年净利润波动较大；长期ROE低于5%；近5年营收增长偏弱；数据质量为Medium，筛选结果置信度中等
ALM,US,Almonty Industries Inc. - Common Shares,Other Industrial Metals & Mining,周期,利润波动、ROE波动、资本开支周期,-,17.69,-35.4%,12.0%,-44852250.00,39.3%,-,-39.03,未分红/不适用,9.5%,4,6,80,Medium,低,排除,0,周期行业利润弹性过大；10年内亏损年份过多；10年ROE波动较大；10年净利润波动较大；长期ROE低于5%；近5年自由现金流多次为负；利息覆盖倍数过低；数据质量为Medium，筛选结果置信度中等
ALMR,US,"Alamar Biosciences, Inc. - Class A common stock",Medical Devices,通用,ROE、现金流、资产负债率,-,-4.03,27.0%,11.7%,-59297000.00,213.5%,-,-71.70,未分红/不适用,195.2%,2,0,40,Low,低,数据不足,0,PB低但近5年出现亏损；资产负债率过高；利息覆盖倍数过低；数据年数不足，无法进行可靠筛选
ALMS,US,Alumis Inc. - Common Stock,Biotechnology,科技,营收增长、自由现金流、研发投入效率,-,8.22,-22.7%,86.8%,-217897000.00,26.9%,-,-,未分红/不适用,-,4,0,80,Medium,低,排除,0,科技公司自由现金流为负；10年内亏损年份过多；10年ROE波动较大；长期ROE低于5%；近5年自由现金流多次为负；数据质量为Medium，筛选结果置信度中等
ALMU,US,"Aeluma, Inc. - Common Stock",Semiconductors,科技,营收增长、自由现金流、研发投入效率,-,10.72,-93.3%,77.5%,-3151243.75,7.8%,-,-3.23,未分红/不适用,-,4,0,80,Medium,低,排除,0,科技公司自由现金流为负；10年内亏损年份过多；10年ROE波动较大；长期ROE低于5%；近5年自由现金流多次为负；利息覆盖倍数过低；数据质量为Medium，筛选结果置信度中等
ALNT,US,Allient Inc. - Common Stock,Electronic Components,科技,营收增长、自由现金流、研发投入效率,42.71,3.40,7.5%,2.3%,16743500.00,-,-,3.18,未分红/不适用,3.3%,3,6,60,Medium,未知,警惕,85,长期ROE偏低但PE不低；数据质量为Medium，筛选结果置信度中等
ALNY,US,"Alnylam Pharmaceuticals, Inc. - Common Stock",Biotechnology,科技,营收增长、自由现金流、研发投入效率,73.18,36.23,134.9%,466.1%,-37148500.00,84.1%,-,2.28,未分红/不适用,53.0%,4,6,80,Medium,中,排除,0,科技公司自由现金流为负；10年内亏损年份过多；10年ROE波动较大；10年净利润波动较大；资产负债率偏高；利息覆盖倍数偏低；资产负债率相对偏高；数据质量为Medium，筛选结果置信度中等
ALOT,US,"AstroNova, Inc. - Common Stock",Computer Hardware,科技,营收增长、自由现金流、研发投入效率,-,1.43,-3.5%,11.0%,5850750.00,44.1%,12.6%,0.28,未分红/不适用,1.8%,4,6,80,Medium,低,排除,5,10年净利润波动较大；长期ROE低于5%；利息覆盖倍数过低；数据质量为Medium，筛选结果置信度中等
ALOV,US,"Aldabra 4 Liquidity Opportunity Vehicle, Inc. - Class A Ordinary Shares",Shell Companies,通用,ROE、现金流、资产负债率,-,-1238.75,147.1%,-,-,118.6%,-,-,未分红/不适用,-,1,0,20,Low,低,数据不足,0,PB低但近5年出现亏损；资产负债率过高；数据年数不足，无法进行可靠筛选
ALP,US,Alpha Compute Corp  - Common Stock,Asset Management,通用,ROE、现金流、资产负债率,-,0.19,869.2%,3202.8%,-12076000.00,137.2%,-,-2259.33,未分红/不适用,-,4,0,80,Medium,低,排除,0,PB低但近5年出现亏损；PB低但近5年经营现金流多次为负；10年内亏损年份过多；10年ROE波动较大；10年净利润波动较大；资产负债率过高；利息覆盖倍数过低；数据质量为Medium，筛选结果置信度中等
ALPS,US,ALPS Group Inc - Ordinary Share,-,通用,ROE、现金流、资产负债率,-,19.11,30.6%,224.5%,-1222884.33,115.6%,-,-51.38,未分红/不适用,-3.2%,3,0,60,Medium,低,排除,0,10年内亏损年份过多；10年ROE波动较大；近5年自由现金流多次为负；资产负债率过高；利息覆盖倍数过低；数据质量为Medium，筛选结果置信度中等
ALRM,US,"Alarm.com Holdings, Inc. - Common Stock",Software - Application,科技,营收增长、自由现金流、研发投入效率,17.58,2.43,13.5%,3.5%,119749750.00,58.3%,10.5%,10.63,未分红/不适用,6.3%,4,6,80,Medium,低,通过,85,数据质量为Medium，筛选结果置信度中等
ALRS,US,Alerus Financial Corporation - Common Stock,Banks - Regional,银行,不良率、拨备覆盖、资本充足率,25.14,1.16,5.3%,4.0%,48282500.00,89.2%,1.6%,-,未分红/不适用,1.9%,4,6,80,Medium,中,排除,15,银行需补充不良率/拨备/资本充足率专项数据；长期ROE偏低但PE不低；资产负债率过高；资产负债率相对偏高；数据质量为Medium，筛选结果置信度中等
ALT,US,"Altimmune, Inc. - Common Stock",Biotechnology,科技,营收增长、自由现金流、研发投入效率,-,1.43,-51.9%,17.0%,-68705000.00,19.7%,-,-53.26,未分红/不适用,-,4,6,80,Medium,低,排除,0,科技公司自由现金流为负；10年内亏损年份过多；10年ROE波动较大；长期ROE低于5%；近5年自由现金流多次为负；利息覆盖倍数过低；数据质量为Medium，筛选结果置信度中等
ALTI,US,"AlTi Global, Inc. - Class A Common Stock",Asset Management,通用,ROE、现金流、资产负债率,-,1.40,-29.0%,14.2%,-54083000.00,25.6%,32.8%,-301.97,未分红/不适用,49.1%,4,6,80,Medium,低,排除,0,10年内亏损年份过多；10年ROE波动较大；长期ROE低于5%；近5年自由现金流多次为负；商誉占比偏高；利息覆盖倍数过低；数据质量为Medium，筛选结果置信度中等
ALTO,US,"Alto Ingredients, Inc. - Common Stock",Specialty Chemicals,周期,利润波动、ROE波动、资本开支周期,12.64,1.46,-11.1%,13.0%,-11285000.00,36.9%,-,2.18,未分红/不适用,-11.8%,4,6,80,Medium,低,排除,0,周期行业利润弹性过大；10年内亏损年份过多；10年ROE波动较大；10年净利润波动较大；长期ROE低于5%；近5年自由现金流多次为负；利息覆盖倍数偏低；近5年营收增长偏弱；数据质量为Medium，筛选结果置信度中等
ALVO,US,Alvotech - Ordinary Shares,Drug Manufacturers - Specialty & Generic,通用,ROE、现金流、资产负债率,33.30,-3.68,49.1%,42.3%,-290054500.00,119.1%,0.9%,2.00,未分红/不适用,91.9%,4,6,80,Medium,低,排除,0,PB低但近5年出现亏损；PB低但近5年经营现金流多次为负；10年内亏损年份过多；10年ROE波动较大；10年净利润波动较大；近5年自由现金流多次为负；资产负债率过高；利息覆盖倍数偏低；数据质量为Medium，筛选结果置信度中等
ALXO,US,ALX Oncology Holdings Inc. - Common Stock,Biotechnology,科技,营收增长、自由现金流、研发投入效率,-,4.15,-160.4%,156.8%,-107250250.00,56.0%,-,-62.48,未分红/不适用,-,4,6,80,Medium,低,排除,0,科技公司自由现金流为负；10年内亏损年份过多；10年ROE波动较大；长期ROE低于5%；近5年自由现金流多次为负；利息覆盖倍数过低；数据质量为Medium，筛选结果置信度中等
ALZN,US,"Alzamend Neuro, Inc. - Common Stock",Biotechnology,科技,营收增长、自由现金流、研发投入效率,-,1.81,-77.9%,357.3%,-7335290.00,13.8%,-,-249.42,未分红/不适用,-,4,0,80,Medium,低,排除,0,科技公司自由现金流为负；10年内亏损年份过多；10年ROE波动较大；长期ROE低于5%；近5年自由现金流多次为负；利息覆盖倍数过低；数据质量为Medium，筛选结果置信度中等
AMAL,US,Amalgamated Financial Corp. - Common Stock,Banks - Regional,银行,不良率、拨备覆盖、资本充足率,11.64,1.48,14.8%,1.2%,129523500.00,91.0%,0.1%,-,未分红/不适用,7.4%,4,6,80,Medium,中,排除,30,银行需补充不良率/拨备/资本充足率专项数据；资产负债率过高；资产负债率相对偏高；数据质量为Medium，筛选结果置信度中等
AMAT,US,"Applied Materials, Inc. - Common Stock",Semiconductor Equipment & Materials,科技,营收增长、自由现金流、研发投入效率,44.57,15.86,41.9%,8.4%,6347750000.00,43.8%,10.2%,35.46,未分红/不适用,3.2%,4,6,80,Medium,低,通过,85,数据质量为Medium，筛选结果置信度中等
AMBA,US,"Ambarella, Inc. - Ordinary Shares",Semiconductor Equipment & Materials,科技,营收增长、自由现金流、研发投入效率,-,5.88,-18.7%,8.9%,29387250.00,25.5%,38.0%,-,未分红/不适用,5.0%,4,6,80,Medium,低,排除,5,10年内亏损年份过多；长期ROE低于5%；商誉占比偏高；数据质量为Medium，筛选结果置信度中等
AMCI,US,AMC Robotics Corporation - Common Stock,Computer Hardware,科技,营收增长、自由现金流、研发投入效率,-,11.11,53.1%,33.1%,-,131.7%,-,-27.55,未分红/不适用,-24.5%,3,0,60,Medium,低,排除,0,科技公司营收增长转负；10年内亏损年份过多；10年ROE波动较大；10年净利润波动较大；资产负债率过高；利息覆盖倍数过低；近5年营收明显下滑；数据质量为Medium，筛选结果置信度中等
AMCX,US,AMC Global Media Inc. - Class A Common Stock,Entertainment,通用,ROE、现金流、资产负债率,9.30,0.38,1.0%,20.0%,227370250.00,74.2%,4.2%,1.86,未分红/不适用,-9.3%,4,6,80,Medium,中,排除,0,PB低但近5年出现亏损；10年ROE波动较大；10年净利润波动较大；长期ROE低于5%；资产负债率偏高；利息覆盖倍数偏低；近5年营收增长偏弱；资产负债率相对偏高；数据质量为Medium，筛选结果置信度中等
AMD,US,"Advanced Micro Devices, Inc. - Common Stock",Semiconductors,科技,营收增长、自由现金流、研发投入效率,144.08,10.97,3.4%,2.4%,3344000000.00,18.1%,32.7%,32.60,未分红/不适用,13.6%,4,6,80,Medium,低,排除,45,长期ROE低于5%；商誉占比偏高；数据质量为Medium，筛选结果置信度中等
AMGN,US,Amgen Inc. - Common Stock,Drug Manufacturers - General,通用,ROE、现金流、资产负债率,22.89,19.30,111.4%,47.7%,8659500000.00,90.4%,20.6%,4.26,未分红/不适用,11.8%,4,6,80,Medium,中,排除,15,10年ROE波动较大；资产负债率过高；商誉占比偏高；资产负债率相对偏高；数据质量为Medium，筛选结果置信度中等
AMIX,US,"Autonomix Medical, Inc. - Common Stock",Medical Devices,通用,ROE、现金流、资产负债率,-,0.43,-217.4%,85.1%,-7469500.00,17.4%,-,-63.83,未分红/不适用,-,3,0,60,Medium,低,排除,0,PB低但近5年出现亏损；PB低但近5年经营现金流多次为负；10年内亏损年份过多；10年ROE波动较大；长期ROE低于5%；利息覆盖倍数过低；数据质量为Medium，筛选结果置信度中等
AMKR,US,"Amkor Technology, Inc. - Common Stock",Semiconductor Equipment & Materials,科技,营收增长、自由现金流、研发投入效率,40.63,3.86,11.7%,6.1%,311769750.00,-,-,6.89,未分红/不适用,-1.8%,0,10,0,Insufficient,低,数据不足,0,科技公司营收增长转负；数据年数不足，无法进行可靠筛选
AMLX,US,"Amylyx Pharmaceuticals, Inc. - Common Stock",Drug Manufacturers - Specialty & Generic,通用,ROE、现金流、资产负债率,-,5.52,-69.4%,81.8%,-115751000.00,8.2%,-,-,未分红/不适用,-,4,6,80,Medium,低,排除,0,10年内亏损年份过多；10年ROE波动较大；10年净利润波动较大；长期ROE低于5%；近5年自由现金流多次为负；数据质量为Medium，筛选结果置信度中等
AMOD,US,"Alpha Modus Holdings, Inc. - Class A Common Stock",Software - Application,科技,营收增长、自由现金流、研发投入效率,-,-0.19,20.1%,23.6%,-3218232.00,6100.1%,-,-1.01,未分红/不适用,-,4,0,80,Medium,低,排除,0,科技公司自由现金流为负；PB低但近5年出现亏损；PB低但近5年经营现金流多次为负；10年内亏损年份过多；10年ROE波动较大；10年净利润波动较大；资产负债率过高；利息覆盖倍数过低；数据质量为Medium，筛选结果置信度中等
AMPG,US,"Amplitech Group, Inc. - Common Stock",Communication Equipment,通用,ROE、现金流、资产负债率,-,1.87,-15.7%,12.3%,-7095824.25,36.2%,9.1%,-,未分红/不适用,9.1%,4,6,80,Medium,低,排除,0,10年内亏损年份过多；10年ROE波动较大；10年净利润波动较大；长期ROE低于5%；近5年自由现金流多次为负；数据质量为Medium，筛选结果置信度中等
AMPH,US,"Amphastar Pharmaceuticals, Inc. - Common Stock",Drug Manufacturers - Specialty & Generic,通用,ROE、现金流、资产负债率,10.17,0.97,18.3%,4.4%,125453000.00,51.6%,0.2%,5.85,未分红/不适用,13.0%,4,6,80,Medium,低,通过,85,数据质量为Medium，筛选结果置信度中等
AMPL,US,"Amplitude, Inc. - Class A Common Stock",Software - Application,科技,营收增长、自由现金流、研发投入效率,-,3.79,-32.6%,2.4%,11615000.00,41.7%,6.0%,-,未分红/不适用,13.0%,4,6,80,Medium,低,排除,20,10年内亏损年份过多；长期ROE低于5%；数据质量为Medium，筛选结果置信度中等
AMRX,US,"Amneal Pharmaceuticals, Inc. - Class A Common Stock",Drug Manufacturers - Specialty & Generic,通用,ROE、现金流、资产负债率,32.46,-84.58,-115.7%,223.9%,174159250.00,101.9%,16.2%,1.58,未分红/不适用,10.9%,4,6,80,Medium,低,排除,0,PB低但近5年出现亏损；10年内亏损年份过多；10年ROE波动较大；10年净利润波动较大；长期ROE低于5%；资产负债率过高；利息覆盖倍数偏低；数据质量为Medium，筛选结果置信度中等
AMSC,US,American Superconductor Corporation - Common Stock,Specialty Industrial Machinery,通用,ROE、现金流、资产负债率,17.57,4.74,-16.3%,19.6%,-4140500.00,36.5%,15.5%,-,未分红/不适用,27.1%,4,0,80,Medium,低,排除,0,10年内亏损年份过多；10年ROE波动较大；10年净利润波动较大；长期ROE低于5%；数据质量为Medium，筛选结果置信度中等
AMSF,US,"AMERISAFE, Inc. - Common Stock",Insurance - Specialty,保险,偿付能力、久期缺口、投资收益质量,12.74,2.35,19.8%,2.0%,21916500.00,77.7%,-,-,未分红/不适用,2.5%,4,6,80,Medium,中,需专项分析,55,保险需补充偿付能力/久期缺口专项数据；资产负债率偏高；资产负债率相对偏高；数据质量为Medium，筛选结果置信度中等
AMST,US,Amesite Inc. - Common Stock,Software - Application,科技,营收增长、自由现金流、研发投入效率,-,2.55,-121.7%,44.4%,-4273919.00,11.6%,-,-,未分红/不适用,-45.9%,4,6,80,Medium,低,排除,0,科技公司营收增长转负；科技公司自由现金流为负；10年内亏损年份过多；10年ROE波动较大；长期ROE低于5%；近5年自由现金流多次为负；近5年营收明显下滑；数据质量为Medium，筛选结果置信度中等
AMTX,US,"Aemetis, Inc - Common Stock",Specialty Chemicals,周期,利润波动、ROE波动、资本开支周期,-,-0.49,33.3%,14.3%,-39309750.00,218.1%,-,-0.76,未分红/不适用,-6.8%,4,6,80,Medium,低,排除,0,PB低但近5年出现亏损；10年内亏损年份过多；10年ROE波动较大；近5年自由现金流多次为负；资产负债率过高；利息覆盖倍数过低；近5年营收增长偏弱；数据质量为Medium，筛选结果置信度中等
AMWD,US,American Woodmark Corporation - Common Stock,"Furnishings, Fixtures & Appliances",通用,ROE、现金流、资产负债率,30.34,0.57,7.6%,7.7%,86247500.00,41.7%,48.9%,13.24,未分红/不适用,-2.7%,4,0,80,Medium,低,排除,0,PB低但近5年出现亏损；10年净利润波动较大；长期ROE偏低但PE不低；商誉占比过高；数据质量为Medium，筛选结果置信度中等
AMZN,US,"Amazon.com, Inc. - Common Stock",Internet Retail,科技,营收增长、自由现金流、研发投入效率,31.42,6.39,13.2%,10.3%,13974250000.00,49.8%,2.8%,43.79,未分红/不适用,11.7%,4,6,80,Medium,低,警惕,85,10年净利润波动较大；数据质量为Medium，筛选结果置信度中等
ANAB,US,"AnaptysBio, Inc. - Common Stock",Biotechnology,科技,营收增长、自由现金流、研发投入效率,-,144.24,-118.8%,88.8%,-77910750.00,89.8%,-,0.84,未分红/不适用,183.6%,4,6,80,Medium,中,排除,0,科技公司自由现金流为负；10年内亏损年份过多；10年ROE波动较大；长期ROE低于5%；近5年自由现金流多次为负；资产负债率过高；利息覆盖倍数过低；资产负债率相对偏高；数据质量为Medium，筛选结果置信度中等
ANDE,US,"The Andersons, Inc. - Common Stock",Food Distribution,消费,ROE、毛利率稳定性、分红稳定性,19.10,1.90,8.7%,1.5%,267469000.00,65.2%,3.4%,4.00,未分红/不适用,-14.0%,4,6,80,Medium,低,警惕,70,消费公司长期ROE不够突出；近5年营收增长偏弱；数据质量为Medium，筛选结果置信度中等
ANGH,US,Anghami Inc. - Ordinary Shares,Entertainment,通用,ROE、现金流、资产负债率,-,1.16,220.5%,673.8%,-25586378.00,77.1%,-,-16.18,未分红/不适用,27.0%,4,6,80,Medium,中,排除,0,10年内亏损年份过多；10年ROE波动较大；近5年自由现金流多次为负；资产负债率偏高；利息覆盖倍数过低；资产负债率相对偏高；数据质量为Medium，筛选结果置信度中等
ANGI,US,Angi Inc. - Class A Common Stock,Internet Content & Information,科技,营收增长、自由现金流、研发投入效率,11.74,0.22,-2.0%,7.8%,32062250.00,44.8%,53.0%,4.05,未分红/不适用,-16.4%,4,6,80,Medium,低,排除,0,科技公司营收增长转负；PB低但近5年出现亏损；10年净利润波动较大；长期ROE低于5%；商誉占比过高；近5年营收明显下滑；数据质量为Medium，筛选结果置信度中等
ANGO,US,"AngioDynamics, Inc. - Common Stock",Medical Instruments & Supplies,通用,ROE、现金流、资产负债率,-,2.65,-32.1%,38.7%,-16070750.00,34.7%,-,-,未分红/不适用,-2.6%,4,6,80,Medium,低,排除,0,10年内亏损年份过多；10年ROE波动较大；10年净利润波动较大；长期ROE低于5%；近5年自由现金流多次为负；数据质量为Medium，筛选结果置信度中等
ANIK,US,Anika Therapeutics Inc. - Common Stock,Drug Manufacturers - Specialty & Generic,通用,ROE、现金流、资产负债率,-,1.50,-22.1%,18.2%,-2215250.00,24.6%,4.2%,-,未分红/不适用,-0.3%,4,6,80,Medium,低,排除,0,10年内亏损年份过多；10年ROE波动较大；10年净利润波动较大；长期ROE低于5%；近5年自由现金流多次为负；数据质量为Medium，筛选结果置信度中等
ANIP,US,"ANI Pharmaceuticals, Inc. - Common Stock",Drug Manufacturers - Specialty & Generic,通用,ROE、现金流、资产负债率,20.00,2.97,0.0%,12.2%,62689500.00,62.5%,4.3%,5.78,未分红/不适用,40.8%,4,6,80,Medium,低,排除,30,10年ROE波动较大；10年净利润波动较大；长期ROE低于5%；数据质量为Medium，筛选结果置信度中等
ANIX,US,"Anixa Biosciences, Inc. - Common Stock",Biotechnology,科技,营收增长、自由现金流、研发投入效率,-,6.18,-55.5%,14.5%,-,13.2%,-,-,未分红/不适用,-,4,6,80,Medium,低,排除,5,10年内亏损年份过多；10年ROE波动较大；长期ROE低于5%；数据质量为Medium，筛选结果置信度中等
ANNA,US,"AleAnna, Inc. - Class A Common Stock",Oil & Gas E&P,周期,利润波动、ROE波动、资本开支周期,94.52,2.77,-0.4%,4.5%,-16181206.00,42.1%,-,-,未分红/不适用,-,4,0,80,Medium,低,排除,0,周期行业利润弹性过大；10年内亏损年份过多；10年净利润波动较大；长期ROE低于5%；近5年自由现金流多次为负；数据质量为Medium，筛选结果置信度中等
ANNX,US,"Annexon, Inc. - common stock",Biotechnology,科技,营收增长、自由现金流、研发投入效率,-,4.04,-64.9%,22.6%,-137171000.00,23.7%,-,-,未分红/不适用,-,4,6,80,Medium,低,排除,0,科技公司自由现金流为负；10年内亏损年份过多；10年ROE波动较大；长期ROE低于5%；近5年自由现金流多次为负；数据质量为Medium，筛选结果置信度中等
ANPA,US,Rich Sparkle Holdings Limited - Ordinary Shares,Specialty Business Services,通用,ROE、现金流、资产负债率,613.63,30.23,42.9%,36.5%,-273757.50,33.5%,-,4.35,未分红/不适用,-1.1%,4,0,80,Medium,低,警惕,85,10年ROE波动较大；数据质量为Medium，筛选结果置信度中等
ANTA,US,Antalpha Platform Holding Company - Class A Ordinary Shares,Credit Services,通用,ROE、现金流、资产负债率,12.28,1.85,-9.0%,37.2%,-9561655.00,91.6%,0.9%,43.58,未分红/不适用,165.9%,3,0,60,Medium,中,排除,0,10年ROE波动较大；10年净利润波动较大；长期ROE低于5%；近5年自由现金流多次为负；资产负债率过高；资产负债率相对偏高；数据质量为Medium，筛选结果置信度中等
ANTX,US,"AN2 Therapeutics, Inc. - Common Stock",Biotechnology,科技,营收增长、自由现金流、研发投入效率,-,2.36,-56.0%,10.6%,-,14.4%,-,-,未分红/不适用,-,4,6,80,Medium,低,排除,20,10年内亏损年份过多；长期ROE低于5%；数据质量为Medium，筛选结果置信度中等
ANY,US,Sphere 3D Corp. - Common Shares,Capital Markets,金融,杠杆、资产质量、资本约束,-,0.34,-189.4%,244.4%,-23497000.00,7.2%,-,-,未分红/不适用,22.5%,4,6,80,Medium,高,排除,0,金融行业需专项资产质量与资本约束分析；PB低但近5年出现亏损；PB低但近5年经营现金流多次为负；10年内亏损年份过多；10年ROE波动较大；10年净利润波动较大；长期ROE低于5%；近5年自由现金流多次为负；高杠杆行业，需资产负债表专项分析；数据质量为Medium，筛选结果置信度中等
AOSL,US,Alpha and Omega Semiconductor Limited - Common Shares,Semiconductors,科技,营收增长、自由现金流、研发投入效率,-,1.43,10.4%,29.0%,-6998500.00,20.5%,0.0%,-9.53,未分红/不适用,-3.6%,4,6,80,Medium,低,排除,0,科技公司营收增长转负；科技公司自由现金流为负；10年ROE波动较大；10年净利润波动较大；近5年自由现金流多次为负；利息覆盖倍数过低；数据质量为Medium，筛选结果置信度中等
AOUT,US,"American Outdoor Brands, Inc. - Common Stock",Leisure,通用,ROE、现金流、资产负债率,-,0.68,-11.3%,14.1%,4289000.00,27.9%,-,-,未分红/不适用,-3.5%,4,0,80,Medium,低,排除,0,PB低但近5年出现亏损；10年内亏损年份过多；10年ROE波动较大；10年净利润波动较大；长期ROE低于5%；数据质量为Medium，筛选结果置信度中等
APA,US,APA Corporation - Common Stock,Oil & Gas E&P,周期,利润波动、ROE波动、资本开支周期,8.81,2.07,249.6%,403.8%,1451250000.00,60.6%,-,11.04,未分红/不适用,-7.0%,4,6,80,Medium,低,警惕,55,周期行业ROE波动显著；10年ROE波动较大；近5年营收增长偏弱；数据质量为Medium，筛选结果置信度中等
APAC,US,StoneBridge Acquisition II Corporation - Class A Ordinary Shares,Shell Companies,通用,ROE、现金流、资产负债率,252.50,148.53,0.5%,-,-,0.1%,-,-,未分红/不适用,-,1,3,20,Low,低,数据不足,0,长期ROE低于5%；数据年数不足，无法进行可靠筛选
APC,US,ARKO Petroleum Corp. - Class A Common Stock,Oil & Gas Refining & Marketing,周期,利润波动、ROE波动、资本开支周期,27.16,1.06,63.6%,25.9%,64937500.00,97.2%,6.0%,1.98,未分红/不适用,-7.6%,3,3,60,Medium,中,排除,0,周期行业ROE波动显著；10年ROE波动较大；资产负债率过高；利息覆盖倍数偏低；近5年营收增长偏弱；资产负债率相对偏高；数据质量为Medium，筛选结果置信度中等
APEI,US,"American Public Education, Inc. - Common Stock",Education & Training Services,通用,ROE、现金流、资产负债率,27.65,3.21,-8.3%,20.1%,29584000.00,43.5%,11.4%,11.33,未分红/不适用,2.3%,4,6,80,Medium,低,排除,30,10年ROE波动较大；10年净利润波动较大；长期ROE低于5%；数据质量为Medium，筛选结果置信度中等
APGE,US,"Apogee Therapeutics, Inc. - Common Stock",Biotechnology,科技,营收增长、自由现金流、研发投入效率,-,4.75,-25.3%,3.1%,-159950333.33,3.5%,-,-,未分红/不适用,-,4,0,80,Medium,低,排除,0,科技公司自由现金流为负；10年内亏损年份过多；长期ROE低于5%；近5年自由现金流多次为负；数据质量为Medium，筛选结果置信度中等
API,US,"Agora, Inc. - ADS",Software - Application,科技,营收增长、自由现金流、研发投入效率,48.25,0.60,-9.2%,8.2%,-85431250.00,21.9%,-,275.53,未分红/不适用,-4.2%,4,6,80,Medium,低,排除,0,科技公司营收增长转负；科技公司自由现金流为负；PB低但近5年出现亏损；PB低但近5年经营现金流多次为负；10年内亏损年份过多；10年净利润波动较大；长期ROE低于5%；近5年自由现金流多次为负；数据质量为Medium，筛选结果置信度中等
APLD,US,Applied Digital Corporation - Common Stock,Information Technology Services,科技,营收增长、自由现金流、研发投入效率,-,7.84,-65.9%,40.6%,-263352250.00,66.1%,-,-9.74,未分红/不适用,156.5%,4,6,80,Medium,低,排除,0,科技公司自由现金流为负；10年内亏损年份过多；10年ROE波动较大；10年净利润波动较大；长期ROE低于5%；近5年自由现金流多次为负；利息覆盖倍数过低；数据质量为Medium，筛选结果置信度中等
APLM,US,Apollomics Inc. - Class A Ordinary Shares,Biotechnology,科技,营收增长、自由现金流、研发投入效率,-,-9.16,-282.2%,633.3%,-38391000.00,147.5%,-,-167.25,未分红/不适用,-,4,6,80,Medium,低,排除,0,科技公司自由现金流为负；PB低但近5年出现亏损；PB低但近5年经营现金流多次为负；10年内亏损年份过多；10年ROE波动较大；10年净利润波动较大；长期ROE低于5%；近5年自由现金流多次为负；资产负债率过高；利息覆盖倍数过低；数据质量为Medium，筛选结果置信度中等
APLS,US,"Apellis Pharmaceuticals, Inc. - Common Stock",Biotechnology,科技,营收增长、自由现金流、研发投入效率,38.35,12.65,-184.1%,176.3%,-288508000.00,65.6%,-,1.54,未分红/不适用,137.0%,4,6,80,Medium,低,排除,0,科技公司自由现金流为负；10年内亏损年份过多；10年ROE波动较大；10年净利润波动较大；长期ROE低于5%；近5年自由现金流多次为负；利息覆盖倍数偏低；数据质量为Medium，筛选结果置信度中等
APM,US,Aptorum Group Limited - Class A Ordinary Shares,Biotechnology,科技,营收增长、自由现金流、研发投入效率,-,0.31,-25.0%,25.6%,-10116630.00,26.2%,-,-,未分红/不适用,-,4,6,80,Medium,低,排除,0,科技公司自由现金流为负；PB低但近5年出现亏损；PB低但近5年经营现金流多次为负；10年内亏损年份过多；10年ROE波动较大；10年净利润波动较大；长期ROE低于5%；数据质量为Medium，筛选结果置信度中等
APOG,US,"Apogee Enterprises, Inc. - Common Stock",Building Products & Equipment,通用,ROE、现金流、资产负债率,13.92,1.45,18.9%,6.6%,100804750.00,54.4%,21.1%,6.54,未分红/不适用,-0.8%,4,6,80,Medium,低,警惕,85,商誉占比偏高；数据质量为Medium，筛选结果置信度中等
APP,US,Applovin Corporation - Class A Common Stock,Advertising Agencies,通用,ROE、现金流、资产负债率,42.93,70.24,79.9%,83.3%,1856489000.00,70.6%,21.2%,20.09,未分红/不适用,24.8%,4,6,80,Medium,中,警惕,25,10年ROE波动较大；10年净利润波动较大；资产负债率偏高；商誉占比偏高；资产负债率相对偏高；数据质量为Medium，筛选结果置信度中等
APPF,US,"AppFolio, Inc. - Class A Common Stock",Software - Application,科技,营收增长、自由现金流、研发投入效率,36.51,11.56,10.1%,28.7%,116759250.00,21.2%,14.0%,-,未分红/不适用,26.3%,4,6,80,Medium,低,警惕,70,10年ROE波动较大；10年净利润波动较大；数据质量为Medium，筛选结果置信度中等
APPN,US,Appian Corporation - Class A Common Stock,Software - Infrastructure,科技,营收增长、自由现金流、研发投入效率,986.50,-24.60,-9.1%,212.6%,-43272250.00,106.8%,4.2%,1.31,未分红/不适用,15.8%,4,6,80,Medium,低,排除,0,科技公司自由现金流为负；PB低但近5年出现亏损；10年内亏损年份过多；10年ROE波动较大；长期ROE低于5%；资产负债率过高；利息覆盖倍数过低；数据质量为Medium，筛选结果置信度中等
APPS,US,"Digital Turbine, Inc. - Common Stock",Software - Application,科技,营收增长、自由现金流、研发投入效率,-,2.59,-61.6%,94.9%,34944250.00,81.1%,27.3%,-,未分红/不适用,-13.1%,4,0,80,Medium,中,排除,0,科技公司营收增长转负；10年ROE波动较大；10年净利润波动较大；长期ROE低于5%；资产负债率偏高；商誉占比偏高；近5年营收增长偏弱；资产负债率相对偏高；数据质量为Medium，筛选结果置信度中等
APRE,US,"Aprea Therapeutics, Inc. - Common Stock",Biotechnology,科技,营收增长、自由现金流、研发投入效率,-,0.64,-173.0%,178.1%,-12921448.50,21.9%,-,-,未分红/不适用,-,4,6,80,Medium,低,排除,0,科技公司自由现金流为负；PB低但近5年出现亏损；PB低但近5年经营现金流多次为负；10年内亏损年份过多；10年ROE波动较大；10年净利润波动较大；长期ROE低于5%；数据质量为Medium，筛选结果置信度中等
APVO,US,Aptevo Therapeutics Inc. - Common Stock,Biotechnology,科技,营收增长、自由现金流、研发投入效率,-,0.27,-188.7%,230.8%,-21051000.00,36.1%,-,-,未分红/不适用,-,4,6,80,Medium,低,排除,0,科技公司自由现金流为负；PB低但近5年出现亏损；PB低但近5年经营现金流多次为负；10年内亏损年份过多；10年ROE波动较大；10年净利润波动较大；长期ROE低于5%；数据质量为Medium，筛选结果置信度中等
APWC,US,"Asia Pacific Wire & Cable Corporation Limited  - Common shares, Par value .01 per share",Electrical Equipment & Parts,通用,ROE、现金流、资产负债率,7.89,0.17,2.4%,0.2%,325750.00,37.9%,-,4.80,未分红/不适用,4.1%,4,6,80,Medium,低,排除,60,长期ROE低于5%；数据质量为Medium，筛选结果置信度中等
APXT,US,Apex Treasury Corporation - Class A Ordinary Share,Shell Companies,通用,ROE、现金流、资产负债率,-,-35.12,-,-,-,4.0%,-,-,未分红/不适用,-,0,3,0,Insufficient,低,数据不足,0,数据年数不足，无法进行可靠筛选
APYX,US,Apyx Medical Corporation - Common Stock,Medical Devices,通用,ROE、现金流、资产负债率,-,12.53,-93.5%,48.2%,-13739000.00,77.8%,-,-0.94,未分红/不适用,5.9%,4,6,80,Medium,中,排除,0,10年内亏损年份过多；10年ROE波动较大；长期ROE低于5%；近5年自由现金流多次为负；资产负债率偏高；利息覆盖倍数过低；资产负债率相对偏高；数据质量为Medium，筛选结果置信度中等
AQB,US,"AquaBounty Technologies, Inc. - Common Stock",Farm Products,通用,ROE、现金流、资产负债率,-,-1.81,1.9%,783.9%,-66133942.00,118.3%,-,-9.82,未分红/不适用,-,4,6,80,Medium,低,排除,0,PB低但近5年出现亏损；PB低但近5年经营现金流多次为负；10年内亏损年份过多；10年ROE波动较大；10年净利润波动较大；长期ROE低于5%；近5年自由现金流多次为负；资产负债率过高；利息覆盖倍数过低；数据质量为Medium，筛选结果置信度中等
AQMS,US,"Aqua Metals, Inc. - Common Stock",Waste Management,通用,ROE、现金流、资产负债率,-,0.86,-117.5%,40.8%,-16173500.00,25.0%,-,-32.95,未分红/不适用,-,4,6,80,Medium,低,排除,0,PB低但近5年出现亏损；PB低但近5年经营现金流多次为负；10年内亏损年份过多；10年ROE波动较大；长期ROE低于5%；近5年自由现金流多次为负；利息覆盖倍数过低；数据质量为Medium，筛选结果置信度中等
AQST,US,"Aquestive Therapeutics, Inc. - Common Stock",Drug Manufacturers - Specialty & Generic,通用,ROE、现金流、资产负债率,-,-15.96,93.9%,106.8%,-27157500.00,121.0%,-,-3.90,未分红/不适用,-2.2%,4,6,80,Medium,低,排除,0,PB低但近5年出现亏损；PB低但近5年经营现金流多次为负；10年内亏损年份过多；10年ROE波动较大；近5年自由现金流多次为负；资产负债率过高；利息覆盖倍数过低；数据质量为Medium，筛选结果置信度中等
ARAI,US,Arrive AI Inc. - Common Stock,Scientific & Technical Instruments,通用,ROE、现金流、资产负债率,-,9.56,343.7%,888.3%,-4084522.25,77.4%,-,-23.09,未分红/不适用,-,4,6,80,Medium,中,排除,0,10年内亏损年份过多；10年ROE波动较大；近5年自由现金流多次为负；资产负债率偏高；利息覆盖倍数过低；资产负债率相对偏高；数据质量为Medium，筛选结果置信度中等
ARAY,US,Accuray Incorporated - Common Stock,Medical Devices,通用,ROE、现金流、资产负债率,-,0.77,-15.9%,13.9%,-6356750.00,82.7%,12.3%,1.09,未分红/不适用,2.2%,4,6,80,Medium,中,排除,0,PB低但近5年出现亏损；10年内亏损年份过多；10年ROE波动较大；长期ROE低于5%；近5年自由现金流多次为负；资产负债率偏高；利息覆盖倍数过低；资产负债率相对偏高；数据质量为Medium，筛选结果置信度中等
ARBB,US,ARB IOT Group Limited - Ordinary Shares,Information Technology Services,科技,营收增长、自由现金流、研发投入效率,-,0.17,8.9%,21.3%,-32588475.67,-,-,-,未分红/不适用,5.0%,4,6,80,Medium,未知,排除,15,科技公司自由现金流为负；PB低但近5年出现亏损；10年ROE波动较大；10年净利润波动较大；数据质量为Medium，筛选结果置信度中等
ARBE,US,Arbe Robotics Ltd. - Ordinary Shares,Scientific & Technical Instruments,通用,ROE、现金流、资产负债率,-,2.85,-130.7%,60.6%,-36648250.00,46.4%,-,-,未分红/不适用,-33.7%,4,6,80,Medium,低,排除,0,10年内亏损年份过多；10年ROE波动较大；长期ROE低于5%；近5年自由现金流多次为负；近5年营收明显下滑；数据质量为Medium，筛选结果置信度中等
ARCB,US,ArcBest Corporation - Common Stock,Trucking,通用,ROE、现金流、资产负债率,49.37,2.09,14.9%,8.8%,135529000.00,47.2%,12.4%,7.72,未分红/不适用,-7.3%,4,6,80,Medium,低,警惕,85,近5年营收增长偏弱；数据质量为Medium，筛选结果置信度中等
ARCT,US,Arcturus Therapeutics Holdings Inc. - Common Stock,Biotechnology,科技,营收增长、自由现金流、研发投入效率,-,1.12,-17.9%,17.5%,-32907250.00,21.1%,-,-7308.22,未分红/不适用,-31.1%,4,6,80,Medium,低,排除,0,科技公司营收增长转负；科技公司自由现金流为负；10年内亏损年份过多；10年ROE波动较大；10年净利润波动较大；长期ROE低于5%；近5年自由现金流多次为负；利息覆盖倍数过低；近5年营收明显下滑；数据质量为Medium，筛选结果置信度中等
ARDX,US,"Ardelyx, Inc. - Common Stock",Biotechnology,科技,营收增长、自由现金流、研发投入效率,-,10.56,-41.9%,19.2%,-62488750.00,66.7%,-,-1.14,未分红/不适用,98.4%,4,6,80,Medium,中,排除,0,科技公司自由现金流为负；10年内亏损年份过多；10年ROE波动较大；长期ROE低于5%；近5年自由现金流多次为负；利息覆盖倍数过低；资产负债率相对偏高；数据质量为Medium，筛选结果置信度中等
AREC,US,American Resources Corporation - Class A Common Stock,Coking Coal,周期,利润波动、ROE波动、资本开支周期,-,-2.39,254.0%,802.2%,-25866352.67,139.4%,-,-3.90,未分红/不适用,-63.3%,4,0,80,Medium,低,排除,0,周期行业ROE波动显著；PB低但近5年出现亏损；PB低但近5年经营现金流多次为负；10年内亏损年份过多；10年ROE波动较大；近5年自由现金流多次为负；资产负债率过高；利息覆盖倍数过低；近5年营收明显下滑；数据质量为Medium，筛选结果置信度中等
ARHS,US,"Arhaus, Inc. - Class A Common Stock",Specialty Retail,消费,ROE、毛利率稳定性、分红稳定性,12.50,2.23,34.5%,22.3%,48939250.00,70.0%,0.8%,-,未分红/不适用,3.9%,4,6,80,Medium,中,警惕,55,10年ROE波动较大；资产负债率偏高；资产负债率相对偏高；数据质量为Medium，筛选结果置信度中等
ARKO,US,ARKO Corp. - Common Stock,Specialty Retail,消费,ROE、毛利率稳定性、分红稳定性,35.48,2.01,9.9%,6.1%,77132500.00,89.6%,8.5%,1.31,未分红/不适用,-5.8%,4,6,80,Medium,中,排除,0,消费公司长期ROE不够突出；资产负债率过高；利息覆盖倍数过低；近5年营收增长偏弱；资产负债率相对偏高；数据质量为Medium，筛选结果置信度中等
ARKR,US,Ark Restaurants Corp. - Common Stock,Restaurants,通用,ROE、现金流、资产负债率,-,0.75,-10.0%,20.7%,5680250.00,75.9%,0.0%,-8.27,未分红/不适用,-3.4%,4,6,80,Medium,中,排除,0,PB低但近5年出现亏损；10年内亏损年份过多；10年ROE波动较大；10年净利润波动较大；长期ROE低于5%；资产负债率偏高；利息覆盖倍数过低；资产负债率相对偏高；数据质量为Medium，筛选结果置信度中等
ARLP,US,"Alliance Resource Partners, L.P. - Common Units Representing Limited Partnership Interests",Thermal Coal,周期,利润波动、ROE波动、资本开支周期,13.29,1.84,-,-,416574750.00,34.8%,-,9.46,未分红/不适用,-3.2%,4,6,80,Medium,未知,通过,85,数据质量为Medium，筛选结果置信度中等
AROW,US,Arrow Financial Corporation - Common Stock,Banks - Regional,银行,不良率、拨备覆盖、资本充足率,11.45,1.33,9.8%,2.9%,31006250.00,90.3%,0.5%,-,未分红/不适用,3.5%,4,6,80,Medium,中,排除,30,银行需补充不良率/拨备/资本充足率专项数据；资产负债率过高；资产负债率相对偏高；数据质量为Medium，筛选结果置信度中等
ARQ,US,"Arq, Inc. - Common Stock",Pollution & Treatment Controls,通用,ROE、现金流、资产负债率,-,0.67,-11.7%,13.2%,-36285750.00,27.2%,-,-20.48,未分红/不适用,5.3%,4,6,80,Medium,低,排除,0,PB低但近5年出现亏损；PB低但近5年经营现金流多次为负；10年内亏损年份过多；10年ROE波动较大；10年净利润波动较大；长期ROE低于5%；近5年自由现金流多次为负；利息覆盖倍数过低；数据质量为Medium，筛选结果置信度中等
ARQQ,US,Arqit Quantum Inc. - Ordinary Shares,Software - Infrastructure,科技,营收增长、自由现金流、研发投入效率,-,7.50,-159.9%,234.6%,-41913750.00,36.4%,-,-782.67,未分红/不适用,-58.1%,4,6,80,Medium,低,排除,0,科技公司营收增长转负；科技公司自由现金流为负；10年内亏损年份过多；10年ROE波动较大；10年净利润波动较大；长期ROE低于5%；近5年自由现金流多次为负；利息覆盖倍数过低；近5年营收明显下滑；数据质量为Medium，筛选结果置信度中等
ARQT,US,"Arcutis Biotherapeutics, Inc. - Common stock",Biotechnology,科技,营收增长、自由现金流、研发投入效率,-,14.17,-135.4%,121.3%,-165523750.00,56.2%,-,-0.24,未分红/不适用,367.3%,4,6,80,Medium,低,排除,0,科技公司自由现金流为负；10年内亏损年份过多；10年ROE波动较大；长期ROE低于5%；近5年自由现金流多次为负；利息覆盖倍数过低；数据质量为Medium，筛选结果置信度中等
ARRY,US,"Array Technologies, Inc. - Common Stock",Solar,通用,ROE、现金流、资产负债率,-,-6.24,-19.9%,45.6%,140263000.00,82.1%,9.3%,-0.07,未分红/不适用,-7.8%,4,6,80,Medium,中,排除,0,PB低但近5年出现亏损；10年ROE波动较大；10年净利润波动较大；长期ROE低于5%；资产负债率偏高；利息覆盖倍数过低；近5年营收增长偏弱；资产负债率相对偏高；数据质量为Medium，筛选结果置信度中等
ARTL,US,"Artelo Biosciences, Inc. - Common Stock",Biotechnology,科技,营收增长、自由现金流、研发投入效率,-,-1.09,134.4%,600.0%,-,145.4%,-,-45.49,未分红/不适用,-,4,6,80,Medium,低,排除,0,PB低但近5年出现亏损；PB低但近5年经营现金流多次为负；10年内亏损年份过多；10年ROE波动较大；资产负债率过高；利息覆盖倍数过低；数据质量为Medium，筛选结果置信度中等
ARTNA,US,Artesian Resources Corporation - Class A Non-Voting Common Stock,Utilities - Regulated Water,通用,ROE、现金流、资产负债率,14.12,1.30,8.6%,1.0%,-20540500.00,70.6%,0.2%,4.53,未分红/不适用,4.5%,4,6,80,Medium,中,警惕,55,近5年自由现金流多次为负；资产负债率偏高；资产负债率相对偏高；数据质量为Medium，筛选结果置信度中等
ARTV,US,"Artiva Biotherapeutics, Inc. - Common Stock",Biotechnology,科技,营收增长、自由现金流、研发投入效率,-,2.27,-11.0%,53.5%,-60707000.00,16.0%,-,-,未分红/不适用,-,4,6,80,Medium,低,排除,0,科技公司自由现金流为负；10年内亏损年份过多；10年ROE波动较大；长期ROE低于5%；近5年自由现金流多次为负；数据质量为Medium，筛选结果置信度中等
ARTW,US,"Art's-Way Manufacturing Co., Inc. - Common Stock",Farm & Heavy Construction Machinery,周期,利润波动、ROE波动、资本开支周期,10.52,1.01,3.4%,3.0%,-311118.75,40.8%,-,4.92,未分红/不适用,-3.6%,4,6,80,Medium,低,排除,30,10年净利润波动较大；长期ROE低于5%；近5年自由现金流多次为负；数据质量为Medium，筛选结果置信度中等
ARVN,US,"Arvinas, Inc. - Common Stock",Biotechnology,科技,营收增长、自由现金流、研发投入效率,-,1.54,-39.9%,16.6%,-291950000.00,39.6%,-,-,未分红/不适用,26.0%,4,6,80,Medium,低,排除,0,科技公司自由现金流为负；10年内亏损年份过多；10年ROE波动较大；长期ROE低于5%；近5年自由现金流多次为负；数据质量为Medium，筛选结果置信度中等
ARWR,US,"Arrowhead Pharmaceuticals, Inc. - Common Stock",Biotechnology,科技,营收增长、自由现金流、研发投入效率,-,17.94,-110.9%,144.9%,-241742250.00,63.7%,-,1.58,未分红/不适用,50.5%,4,6,80,Medium,低,排除,0,科技公司自由现金流为负；10年内亏损年份过多；10年ROE波动较大；10年净利润波动较大；长期ROE低于5%；近5年自由现金流多次为负；利息覆盖倍数偏低；数据质量为Medium，筛选结果置信度中等
ARXS,US,"Arxis, Inc. - Class A Common Stock",Aerospace & Defense,通用,ROE、现金流、资产负债率,-,-,-1.5%,0.5%,76802333.33,39.1%,39.8%,0.64,未分红/不适用,94.2%,2,3,40,Low,低,数据不足,0,10年内亏损年份过多；长期ROE低于5%；商誉占比偏高；利息覆盖倍数过低；数据年数不足，无法进行可靠筛选
ASBP,US,"Aspire Biopharma Holdings, Inc.  - Common Stock",Biotechnology,科技,营收增长、自由现金流、研发投入效率,-,-0.10,4.4%,634.2%,-2551388.50,585.9%,-,-1.87,未分红/不适用,-,4,0,80,Medium,低,排除,0,科技公司自由现金流为负；PB低但近5年出现亏损；PB低但近5年经营现金流多次为负；10年内亏损年份过多；10年ROE波动较大；10年净利润波动较大；长期ROE低于5%；资产负债率过高；利息覆盖倍数过低；数据质量为Medium，筛选结果置信度中等
ASLE,US,AerSale Corporation - Common Stock,Airports & Air Services,通用,ROE、现金流、资产负债率,30.52,0.72,3.0%,4.8%,-63068250.00,33.7%,3.1%,-,未分红/不适用,-6.4%,4,6,80,Medium,低,排除,0,PB低但近5年出现亏损；PB低但近5年经营现金流多次为负；10年净利润波动较大；长期ROE低于5%；近5年自由现金流多次为负；近5年营收增长偏弱；数据质量为Medium，筛选结果置信度中等
ASMB,US,"Assembly Biosciences, Inc. - Common Stock",Biotechnology,科技,营收增长、自由现金流、研发投入效率,366.13,2.34,-96.2%,64.1%,-38595250.00,19.7%,-,-,未分红/不适用,-,4,6,80,Medium,低,排除,0,科技公司自由现金流为负；10年内亏损年份过多；10年ROE波动较大；长期ROE低于5%；近5年自由现金流多次为负；数据质量为Medium，筛选结果置信度中等
ASML,US,ASML Holding N.V. - New York Registry Shares,Semiconductor Equipment & Materials,科技,营收增长、自由现金流、研发投入效率,49.74,1325.52,53.0%,10.1%,-,61.2%,9.1%,97.42,未分红/不适用,15.6%,4,10,80,Medium,低,通过,85,数据质量为Medium，筛选结果置信度中等
ASND,US,Ascendis Pharma A/S - Ordinary Share,Biotechnology,科技,营收增长、自由现金流、研发投入效率,27.02,26.10,151.7%,266.9%,-310550750.00,112.5%,0.3%,-1.64,未分红/不适用,141.4%,4,6,80,Medium,低,排除,0,科技公司自由现金流为负；10年内亏损年份过多；10年ROE波动较大；近5年自由现金流多次为负；资产负债率过高；利息覆盖倍数过低；数据质量为Medium，筛选结果置信度中等
ASO,US,"Academy Sports and Outdoors, Inc. - Common Stock",Specialty Retail,消费,ROE、毛利率稳定性、分红稳定性,9.08,1.50,25.8%,9.3%,329945250.00,58.9%,16.3%,14.42,未分红/不适用,-1.8%,4,6,80,Medium,低,通过,85,数据质量为Medium，筛选结果置信度中等
ASPI,US,ASP Isotopes Inc. - Common Stock,Chemicals,周期,利润波动、ROE波动、资本开支周期,-,3.16,-75.9%,21.6%,-22664698.00,47.2%,1.7%,-276.50,未分红/不适用,-,4,6,80,Medium,低,排除,0,周期行业ROE波动显著；周期行业利润弹性过大；10年内亏损年份过多；10年ROE波动较大；10年净利润波动较大；长期ROE低于5%；近5年自由现金流多次为负；利息覆盖倍数过低；数据质量为Medium，筛选结果置信度中等
ASPS,US,Altisource Portfolio Solutions S.A. - Common Stock,Real Estate Services,地产,净负债率、现金短债比、资产负债率,7.83,-0.66,27.7%,22.0%,-18637666.67,178.3%,40.0%,-0.16,未分红/不适用,3.7%,4,6,80,Medium,低,排除,0,地产需补充净负债率/现金短债比专项数据；地产资产负债率偏高；PB低但近5年出现亏损；PB低但近5年经营现金流多次为负；10年内亏损年份过多；10年ROE波动较大；近5年自由现金流多次为负；资产负债率过高；商誉占比过高；利息覆盖倍数过低；数据质量为Medium，筛选结果置信度中等
ASRT,US,"Assertio Holdings, Inc. - Common Stock",Drug Manufacturers - Specialty & Generic,通用,ROE、现金流、资产负债率,-,1.59,-60.5%,125.1%,63650000.00,64.8%,-,-10.52,未分红/不适用,-8.7%,4,6,80,Medium,低,排除,0,10年内亏损年份过多；10年ROE波动较大；10年净利润波动较大；长期ROE低于5%；利息覆盖倍数过低；近5年营收增长偏弱；数据质量为Medium，筛选结果置信度中等
ASRV,US,AmeriServ Financial Inc. - Common Stock,Banks - Regional,银行,不良率、拨备覆盖、资本充足率,11.82,0.55,3.0%,4.4%,2768750.00,91.8%,0.9%,-,未分红/不适用,1.1%,4,6,80,Medium,中,排除,0,银行需补充不良率/拨备/资本充足率专项数据；PB低但近5年出现亏损；10年净利润波动较大；长期ROE低于5%；资产负债率过高；资产负债率相对偏高；数据质量为Medium，筛选结果置信度中等
ASST,US,"Strive, Inc. - Class A Common Stock",Asset Management,通用,ROE、现金流、资产负债率,-,1.64,-98.9%,9.1%,-19503986.50,1.9%,-,-,未分红/不适用,49.0%,2,3,40,Low,低,数据不足,0,长期ROE低于5%；数据年数不足，无法进行可靠筛选
ASTC,US,Astrotech Corporation - Common Stock,Scientific & Technical Instruments,通用,ROE、现金流、资产负债率,-,0.28,-33.3%,20.9%,-10249000.00,18.1%,-,-,未分红/不适用,6.5%,4,6,80,Medium,低,排除,0,PB低但近5年出现亏损；PB低但近5年经营现金流多次为负；10年内亏损年份过多；10年ROE波动较大；长期ROE低于5%；近5年自由现金流多次为负；数据质量为Medium，筛选结果置信度中等
ASTE,US,"Astec Industries, Inc. - Common Stock",Farm & Heavy Construction Machinery,周期,利润波动、ROE波动、资本开支周期,43.21,1.64,2.9%,3.0%,-24425000.00,50.1%,8.2%,3.87,未分红/不适用,3.4%,4,6,80,Medium,低,排除,30,周期行业利润弹性过大；10年净利润波动较大；长期ROE低于5%；数据质量为Medium，筛选结果置信度中等
ASTH,US,Astrana Health Inc. - Common Stock,Medical Care Facilities,通用,ROE、现金流、资产负债率,63.46,2.37,8.3%,-,61886000.00,74.8%,39.0%,1.79,未分红/不适用,40.6%,1,8,20,Low,未知,数据不足,0,资产负债率偏高；商誉占比偏高；利息覆盖倍数偏低；数据年数不足，无法进行可靠筛选
ASTI,US,"Ascent Solar Technologies, Inc - Common Stock",Solar,通用,ROE、现金流、资产负债率,-,6.63,45.6%,720.1%,-9865676.00,47.3%,-,-149.65,未分红/不适用,-60.3%,4,6,80,Medium,低,排除,0,10年内亏损年份过多；10年ROE波动较大；近5年自由现金流多次为负；利息覆盖倍数过低；近5年营收明显下滑；数据质量为Medium，筛选结果置信度中等
ASTL,US,Algoma Steel Group Inc. - Common Shares,Steel,周期,利润波动、ROE波动、资本开支周期,-,1.52,-29.7%,115.6%,77975000.00,76.8%,-,-14.27,未分红/不适用,-18.2%,4,0,80,Medium,中,排除,0,周期行业ROE波动显著；周期行业利润弹性过大；10年ROE波动较大；10年净利润波动较大；长期ROE低于5%；近5年自由现金流多次为负；资产负债率偏高；利息覆盖倍数过低；近5年营收明显下滑；资产负债率相对偏高；数据质量为Medium，筛选结果置信度中等
ASTS,US,"AST SpaceMobile, Inc. - Class A Common Stock",Communication Equipment,通用,ROE、现金流、资产负债率,-,11.48,-48.3%,33.2%,-493605500.00,52.3%,-,-11.67,未分红/不适用,72.5%,4,6,80,Medium,低,排除,0,10年内亏损年份过多；10年ROE波动较大；10年净利润波动较大；长期ROE低于5%；近5年自由现金流多次为负；利息覆盖倍数过低；数据质量为Medium，筛选结果置信度中等
ASUR,US,Asure Software Inc - Common Stock,Software - Application,科技,营收增长、自由现金流、研发投入效率,-,1.23,-6.8%,2.2%,-1834750.00,62.8%,21.8%,-1.47,未分红/不适用,13.6%,4,6,80,Medium,低,排除,0,科技公司自由现金流为负；10年内亏损年份过多；长期ROE低于5%；商誉占比偏高；利息覆盖倍数过低；数据质量为Medium，筛选结果置信度中等
ASYS,US,"Amtech Systems, Inc. - Common Stock",Semiconductor Equipment & Materials,科技,营收增长、自由现金流、研发投入效率,117.50,5.48,-15.9%,30.7%,1340250.00,42.5%,1.0%,-1075.62,未分红/不适用,-9.3%,4,6,80,Medium,低,排除,0,科技公司营收增长转负；10年内亏损年份过多；10年ROE波动较大；10年净利润波动较大；长期ROE低于5%；利息覆盖倍数过低；近5年营收增长偏弱；数据质量为Medium，筛选结果置信度中等
ATAI,US,AtaiBeckley Inc. - Common Stock,Biotechnology,科技,营收增长、自由现金流、研发投入效率,-,6.57,-125.2%,123.8%,-96568500.00,24.2%,0.1%,-566.86,未分红/不适用,159.9%,4,6,80,Medium,低,排除,0,科技公司自由现金流为负；10年内亏损年份过多；10年ROE波动较大；10年净利润波动较大；长期ROE低于5%；近5年自由现金流多次为负；利息覆盖倍数过低；数据质量为Medium，筛选结果置信度中等
ATCX,US,Atlas Critical Minerals Corporation - Common Stock,-,通用,ROE、现金流、资产负债率,-,22.07,-405.4%,633.3%,-1532837.00,69.7%,-,-,未分红/不适用,-,4,6,80,Medium,中,排除,0,10年内亏损年份过多；10年ROE波动较大；10年净利润波动较大；长期ROE低于5%；近5年自由现金流多次为负；资产负债率相对偏高；数据质量为Medium，筛选结果置信度中等
ATEC,US,"Alphatec Holdings, Inc. - Common Stock",Medical Devices,通用,ROE、现金流、资产负债率,-,-221.29,47.0%,979.7%,-110267750.00,98.4%,9.5%,-2.12,未分红/不适用,29.6%,4,6,80,Medium,中,排除,0,PB低但近5年出现亏损；PB低但近5年经营现金流多次为负；10年内亏损年份过多；10年ROE波动较大；近5年自由现金流多次为负；资产负债率过高；利息覆盖倍数过低；资产负债率相对偏高；数据质量为Medium，筛选结果置信度中等
ATER,US,"Aterian, Inc. - Common Stock","Furnishings, Fixtures & Appliances",通用,ROE、现金流、资产负债率,-,0.65,-141.0%,76.5%,-9972250.00,48.6%,-,-18.79,未分红/不适用,-32.2%,4,6,80,Medium,低,排除,0,PB低但近5年出现亏损；PB低但近5年经营现金流多次为负；10年内亏损年份过多；10年ROE波动较大；10年净利润波动较大；长期ROE低于5%；近5年自由现金流多次为负；利息覆盖倍数过低；近5年营收明显下滑；数据质量为Medium，筛选结果置信度中等
ATEX,US,Anterix Inc. - Common Stock,Telecom Services,通用,ROE、现金流、资产负债率,13.25,4.55,-10.5%,6.6%,-21667000.00,53.0%,-,-,未分红/不适用,77.2%,4,0,80,Medium,低,排除,5,10年内亏损年份过多；长期ROE低于5%；近5年自由现金流多次为负；数据质量为Medium，筛选结果置信度中等
ATGL,US,Alpha Technology Group Limited - Class A Ordinary Shares,Software - Infrastructure,科技,营收增长、自由现金流、研发投入效率,-,83.97,-67.5%,152.2%,-6959501.50,29.6%,0.0%,-61.56,未分红/不适用,18.7%,4,6,80,Medium,低,排除,0,科技公司自由现金流为负；10年内亏损年份过多；10年ROE波动较大；10年净利润波动较大；长期ROE低于5%；利息覆盖倍数过低；数据质量为Medium，筛选结果置信度中等
ATHR,US,"Aether Holdings, Inc. - Common Stock",Software - Application,科技,营收增长、自由现金流、研发投入效率,-,12.65,-208.1%,403.4%,-3820985.00,10.3%,-,-,未分红/不适用,-4.5%,4,0,80,Medium,低,排除,0,科技公司营收增长转负；科技公司自由现金流为负；10年内亏损年份过多；10年ROE波动较大；10年净利润波动较大；长期ROE低于5%；数据质量为Medium，筛选结果置信度中等
ATII,US,Archimedes Tech SPAC Partners II Co. - Ordinary Shares,Shell Companies,通用,ROE、现金流、资产负债率,36.13,-47.75,3.4%,-,-,3.4%,-,-,未分红/不适用,-,1,3,20,Low,低,数据不足,0,长期ROE低于5%；数据年数不足，无法进行可靠筛选
ATLC,US,Atlanticus Holdings Corporation - Common Stock,Credit Services,通用,ROE、现金流、资产负债率,11.61,1.81,27.6%,9.6%,474664500.00,92.1%,-,-,未分红/不适用,11.2%,4,6,80,Medium,中,排除,45,资产负债率过高；资产负债率相对偏高；数据质量为Medium，筛选结果置信度中等
ATLN,US,Atlantic International Corp. - Common Stock,Staffing & Employment Services,通用,ROE、现金流、资产负债率,-,-2.64,314.4%,553.9%,-5845165.25,128.3%,-,-5.48,未分红/不适用,7081.2%,4,6,80,Medium,低,排除,0,PB低但近5年出现亏损；PB低但近5年经营现金流多次为负；10年内亏损年份过多；10年ROE波动较大；10年净利润波动较大；近5年自由现金流多次为负；资产负债率过高；利息覆盖倍数过低；数据质量为Medium，筛选结果置信度中等
ATLO,US,Ames National Corporation - Common Stock,Banks - Regional,银行,不良率、拨备覆盖、资本充足率,11.45,1.18,8.6%,3.2%,16846000.00,90.3%,0.6%,-,未分红/不适用,2.0%,4,6,80,Medium,中,排除,30,银行需补充不良率/拨备/资本充足率专项数据；资产负债率过高；资产负债率相对偏高；数据质量为Medium，筛选结果置信度中等
ATLX,US,Atlas Lithium Corporation - Common Stock,Other Industrial Metals & Mining,周期,利润波动、ROE波动、资本开支周期,-,2.66,-277.6%,214.2%,-23842896.25,40.1%,-,-,未分红/不适用,-,4,6,80,Medium,低,排除,0,周期行业ROE波动显著；10年内亏损年份过多；10年ROE波动较大；长期ROE低于5%；近5年自由现金流多次为负；数据质量为Medium，筛选结果置信度中等
ATNI,US,"ATN International, Inc. - Common Stock",Telecom Services,通用,ROE、现金流、资产负债率,-,0.93,-3.1%,1.8%,-12263500.00,61.7%,0.3%,0.42,未分红/不适用,0.1%,4,6,80,Medium,中,排除,0,PB低但近5年出现亏损；10年内亏损年份过多；长期ROE低于5%；利息覆盖倍数过低；资产负债率相对偏高；数据质量为Medium，筛选结果置信度中等
ATOM,US,Atomera Incorporated - Common Stock,Semiconductor Equipment & Materials,科技,营收增长、自由现金流、研发投入效率,-,8.38,-94.5%,17.8%,-13824000.00,12.9%,-,-335.23,未分红/不适用,-44.6%,4,6,80,Medium,低,排除,0,科技公司营收增长转负；科技公司自由现金流为负；10年内亏损年份过多；10年ROE波动较大；长期ROE低于5%；近5年自由现金流多次为负；利息覆盖倍数过低；近5年营收明显下滑；数据质量为Medium，筛选结果置信度中等
ATOS,US,"Atossa Therapeutics, Inc. - Common Stock",Biotechnology,科技,营收增长、自由现金流、研发投入效率,-,1.08,-45.0%,29.4%,-23144000.00,17.3%,-,-,未分红/不适用,-,4,6,80,Medium,低,排除,0,科技公司自由现金流为负；10年内亏损年份过多；10年ROE波动较大；长期ROE低于5%；近5年自由现金流多次为负；数据质量为Medium，筛选结果置信度中等
ATPC,US,Agape ATP Corporation - Common Stock,Packaged Foods,消费,ROE、毛利率稳定性、分红稳定性,-,0.10,-73.9%,54.5%,-2022198.25,8.8%,-,-,未分红/不适用,-6.4%,4,6,80,Medium,低,排除,0,消费公司长期ROE不够突出；PB低但近5年出现亏损；PB低但近5年经营现金流多次为负；10年内亏损年份过多；10年ROE波动较大；长期ROE低于5%；近5年自由现金流多次为负；近5年营收增长偏弱；数据质量为Medium，筛选结果置信度中等
ATRA,US,"Atara Biotherapeutics, Inc. - Common Stock",Biotechnology,科技,营收增长、自由现金流、研发投入效率,-,-2.18,25.2%,201.9%,-179262000.00,290.3%,-,9.63,未分红/不适用,23.9%,4,6,80,Medium,低,排除,0,科技公司自由现金流为负；PB低但近5年出现亏损；PB低但近5年经营现金流多次为负；10年内亏损年份过多；10年ROE波动较大；10年净利润波动较大；近5年自由现金流多次为负；资产负债率过高；数据质量为Medium，筛选结果置信度中等
ATRC,US,"AtriCure, Inc. - Common Stock",Medical Instruments & Supplies,通用,ROE、现金流、资产负债率,-,2.94,-7.2%,3.6%,-11376750.00,24.8%,35.9%,-0.73,未分红/不适用,17.4%,4,6,80,Medium,低,排除,0,10年内亏损年份过多；长期ROE低于5%；近5年自由现金流多次为负；商誉占比偏高；利息覆盖倍数过低；数据质量为Medium，筛选结果置信度中等
ATRO,US,Astronics Corporation - Common Stock,Aerospace & Defense,通用,ROE、现金流、资产负债率,66.19,20.57,-2.7%,16.2%,-580000.00,80.2%,8.9%,-,未分红/不适用,17.2%,4,6,80,Medium,中,排除,0,10年内亏损年份过多；10年ROE波动较大；10年净利润波动较大；长期ROE低于5%；资产负债率偏高；资产负债率相对偏高；数据质量为Medium，筛选结果置信度中等
ATXG,US,Addentax Group Corp. - Common Stock,Integrated Freight & Logistics,通用,ROE、现金流、资产负债率,-,0.18,-34.8%,51.1%,321418.33,55.8%,-,-3.44,未分红/不适用,-30.9%,4,0,80,Medium,低,排除,0,PB低但近5年出现亏损；10年ROE波动较大；10年净利润波动较大；长期ROE低于5%；利息覆盖倍数过低；近5年营收明显下滑；数据质量为Medium，筛选结果置信度中等
ATYR,US,"aTyr Pharma, Inc. - Common Stock",Biotechnology,科技,营收增长、自由现金流、研发投入效率,-,0.75,-80.1%,25.1%,-53052500.00,27.6%,-,-,未分红/不适用,-73.7%,4,6,80,Medium,低,排除,0,科技公司营收增长转负；科技公司自由现金流为负；PB低但近5年出现亏损；PB低但近5年经营现金流多次为负；10年内亏损年份过多；10年ROE波动较大；长期ROE低于5%；近5年自由现金流多次为负；近5年营收明显下滑；数据质量为Medium，筛选结果置信度中等
AUBN,US,"Auburn National Bancorporation, Inc. - Common Stock",Banks - Regional,银行,不良率、拨备覆盖、资本充足率,10.35,0.89,8.3%,5.5%,8749750.00,91.0%,-,-,未分红/不适用,2.5%,4,6,80,Medium,中,排除,30,银行需补充不良率/拨备/资本充足率专项数据；资产负债率过高；资产负债率相对偏高；数据质量为Medium，筛选结果置信度中等
AUDC,US,AudioCodes Ltd. - Ordinary Shares,Communication Equipment,通用,ROE、现金流、资产负债率,35.10,1.45,8.2%,4.7%,12395500.00,47.0%,11.6%,73.22,未分红/不适用,-3.7%,4,6,80,Medium,低,通过,85,数据质量为Medium，筛选结果置信度中等
AUGO,US,Aura Minerals Inc. - Common Shares,Gold,通用,ROE、现金流、资产负债率,67.05,23.62,-3.0%,23.1%,47314750.00,83.5%,-,2.72,未分红/不适用,32.9%,4,6,80,Medium,中,排除,0,10年ROE波动较大；10年净利润波动较大；长期ROE低于5%；资产负债率偏高；利息覆盖倍数偏低；资产负债率相对偏高；数据质量为Medium，筛选结果置信度中等
AUID,US,authID Inc. - Common Stock,Software - Infrastructure,科技,营收增长、自由现金流、研发投入效率,-,2.27,-2256.2%,4193.2%,-11974896.50,13.6%,41.9%,-1156.41,未分红/不适用,57.0%,4,6,80,Medium,低,排除,0,科技公司自由现金流为负；10年内亏损年份过多；10年ROE波动较大；长期ROE低于5%；近5年自由现金流多次为负；商誉占比过高；利息覆盖倍数过低；数据质量为Medium，筛选结果置信度中等
AUPH,US,Aurinia Pharmaceuticals Inc - Common Shares,Biotechnology,科技,营收增长、自由现金流、研发投入效率,7.23,3.60,0.9%,34.5%,16378250.00,22.7%,-,27.36,未分红/不适用,28.3%,4,6,80,Medium,低,排除,30,10年ROE波动较大；10年净利润波动较大；长期ROE低于5%；数据质量为Medium，筛选结果置信度中等
AUR,US,"Aurora Innovation, Inc.  - Class A Common Stock",Auto Parts,通用,ROE、现金流、资产负债率,-,7.89,-53.7%,28.6%,-598250000.00,8.7%,-,-,未分红/不适用,-64.7%,4,6,80,Medium,低,排除,0,10年内亏损年份过多；10年ROE波动较大；长期ROE低于5%；近5年自由现金流多次为负；近5年营收明显下滑；数据质量为Medium，筛选结果置信度中等
AURA,US,"Aura Biosciences, Inc. - Common Stock",Biotechnology,科技,营收增长、自由现金流、研发投入效率,-,4.58,-49.7%,22.1%,-71624500.00,19.2%,-,-,未分红/不适用,-,4,6,80,Medium,低,排除,0,科技公司自由现金流为负；10年内亏损年份过多；10年ROE波动较大；长期ROE低于5%；近5年自由现金流多次为负；数据质量为Medium，筛选结果置信度中等
AURE,US,Aurelion Inc.  - Class A Ordinary Shares,Capital Markets,金融,杠杆、资产质量、资本约束,-,0.72,1893.9%,3934.5%,-,1022.5%,-,-,未分红/不适用,-5.0%,4,6,80,Medium,高,排除,0,金融行业需专项资产质量与资本约束分析；PB低但近5年出现亏损；PB低但近5年经营现金流多次为负；10年内亏损年份过多；10年ROE波动较大；10年净利润波动较大；近5年营收增长偏弱；高杠杆行业，需资产负债表专项分析；数据质量为Medium，筛选结果置信度中等
AUUD,US,Auddia Inc. - Common Stock,Software - Application,科技,营收增长、自由现金流、研发投入效率,-,0.19,-660.4%,956.4%,-6207057.25,18.6%,-,-,未分红/不适用,-,4,6,80,Medium,低,排除,0,科技公司自由现金流为负；PB低但近5年出现亏损；PB低但近5年经营现金流多次为负；10年内亏损年份过多；10年ROE波动较大；长期ROE低于5%；近5年自由现金流多次为负；数据质量为Medium，筛选结果置信度中等
AVAH,US,Aveanna Healthcare Holdings Inc. - Common Stock,Medical Care Facilities,通用,ROE、现金流、资产负债率,7.50,8.51,4021.7%,7890.4%,24548250.00,90.3%,55.7%,1.80,未分红/不适用,10.8%,4,6,80,Medium,中,排除,0,10年内亏损年份过多；10年ROE波动较大；10年净利润波动较大；资产负债率过高；商誉占比过高；利息覆盖倍数偏低；资产负债率相对偏高；数据质量为Medium，筛选结果置信度中等
AVAV,US,"AeroVironment, Inc. - Common Stock",Aerospace & Defense,通用,ROE、现金流、资产负债率,-,1.84,-5.1%,18.2%,-17175000.00,20.9%,22.9%,19.13,未分红/不适用,22.6%,4,0,80,Medium,低,排除,0,10年ROE波动较大；10年净利润波动较大；长期ROE低于5%；近5年自由现金流多次为负；商誉占比偏高；数据质量为Medium，筛选结果置信度中等
AVBH,US,"Avidbank Holdings, Inc. - Common Stock",Banks - Regional,银行,不良率、拨备覆盖、资本充足率,-,1.11,2.2%,12.9%,30792000.00,89.1%,-,-,未分红/不适用,-61.9%,2,0,40,Low,中,数据不足,0,银行需补充不良率/拨备/资本充足率专项数据；10年ROE波动较大；10年净利润波动较大；长期ROE低于5%；资产负债率过高；近5年营收明显下滑；资产负债率相对偏高；数据年数不足，无法进行可靠筛选
AVBP,US,"ArriVent BioPharma, Inc. - Common Stock",Biotechnology,科技,营收增长、自由现金流、研发投入效率,-,3.87,0.8%,51.1%,-,7.8%,-,-,未分红/不适用,-,4,6,80,Medium,低,排除,5,10年内亏损年份过多；10年ROE波动较大；长期ROE低于5%；数据质量为Medium，筛选结果置信度中等
AVGO,US,Broadcom Inc. - Common Stock,Semiconductors,科技,营收增长、自由现金流、研发投入效率,82.55,25.21,36.6%,22.6%,20068250000.00,52.5%,57.2%,8.08,未分红/不适用,24.4%,4,6,80,Medium,低,排除,45,10年ROE波动较大；商誉占比过高；数据质量为Medium，筛选结果置信度中等
AVIR,US,"Atea Pharmaceuticals, Inc. - common stock",Biotechnology,科技,营收增长、自由现金流、研发投入效率,-,1.43,-34.6%,17.4%,-122925000.00,12.6%,-,-,未分红/不适用,-,4,6,80,Medium,低,排除,0,科技公司自由现金流为负；10年内亏损年份过多；10年ROE波动较大；长期ROE低于5%；数据质量为Medium，筛选结果置信度中等
AVLN,US,Avalyn Pharma Inc. - common stock,Biotechnology,科技,营收增长、自由现金流、研发投入效率,-,-3.06,32.1%,5.1%,-65145500.00,260.3%,-,-,未分红/不适用,-,2,0,40,Low,低,数据不足,0,科技公司自由现金流为负；PB低但近5年出现亏损；资产负债率过高；数据年数不足，无法进行可靠筛选
AVNW,US,"Aviat Networks, Inc. - Common Stock",Communication Equipment,通用,ROE、现金流、资产负债率,23.25,0.76,5.0%,4.1%,-,58.4%,3.1%,1.59,未分红/不适用,12.8%,4,10,80,Medium,低,排除,45,长期ROE低于5%；利息覆盖倍数偏低；数据质量为Medium，筛选结果置信度中等
AVO,US,"Mission Produce, Inc. - Common Stock",Food Distribution,消费,ROE、毛利率稳定性、分红稳定性,26.65,1.48,1.4%,6.5%,12950000.00,36.9%,4.0%,7.59,未分红/不适用,10.0%,4,6,80,Medium,低,排除,30,消费公司长期ROE不够突出；10年净利润波动较大；长期ROE低于5%；数据质量为Medium，筛选结果置信度中等
AVPT,US,"AvePoint, Inc. - Class A Common Stock",Software - Infrastructure,科技,营收增长、自由现金流、研发投入效率,49.55,4.79,-8.0%,10.8%,47380750.00,39.3%,4.8%,-,未分红/不适用,21.8%,4,6,80,Medium,低,排除,5,10年内亏损年份过多；10年净利润波动较大；长期ROE低于5%；数据质量为Medium，筛选结果置信度中等
AVR,US,Anteris Technologies Global Corp. - Common Stock,Medical Instruments & Supplies,通用,ROE、现金流、资产负债率,-,2.52,-246.6%,87.9%,-27709837.33,-,-,-,未分红/不适用,-31.5%,3,12,60,Medium,未知,排除,0,10年内亏损年份过多；10年ROE波动较大；长期ROE低于5%；近5年自由现金流多次为负；近5年营收明显下滑；数据质量为Medium，筛选结果置信度中等
AVT,US,"Avnet, Inc. - Common Stock",Electronics & Computer Distribution,科技,营收增长、自由现金流、研发投入效率,32.60,1.40,11.9%,5.6%,-34012750.00,58.6%,6.9%,2.02,未分红/不适用,-3.0%,4,6,80,Medium,低,警惕,55,科技公司营收增长转负；科技公司自由现金流为负；利息覆盖倍数偏低；数据质量为Medium，筛选结果置信度中等
AVTX,US,"Avalo Therapeutics, Inc. - Common Stock",Biotechnology,科技,营收增长、自由现金流、研发投入效率,-,4.12,-42.7%,333.9%,-26846000.00,28.7%,9.0%,-,未分红/不适用,-85.2%,4,6,80,Medium,低,排除,0,科技公司营收增长转负；科技公司自由现金流为负；10年内亏损年份过多；10年ROE波动较大；长期ROE低于5%；近5年营收明显下滑；数据质量为Medium，筛选结果置信度中等
AVX,US,Avax One Technology Ltd. - Common Shares,Asset Management,科技,营收增长、自由现金流、研发投入效率,-,0.26,-135.8%,101.9%,-49994484.00,4.1%,0.8%,-9.16,未分红/不适用,-,4,6,80,Medium,低,排除,0,科技公司自由现金流为负；PB低但近5年出现亏损；PB低但近5年经营现金流多次为负；10年内亏损年份过多；10年ROE波动较大；长期ROE低于5%；近5年自由现金流多次为负；利息覆盖倍数过低；数据质量为Medium，筛选结果置信度中等
AVXL,US,Anavex Life Sciences Corp. - Common Stock,Biotechnology,科技,营收增长、自由现金流、研发投入效率,-,2.18,-38.0%,7.4%,-,8.6%,-,-,未分红/不适用,-,4,6,80,Medium,低,排除,20,10年内亏损年份过多；长期ROE低于5%；数据质量为Medium，筛选结果置信度中等
AWRE,US,"Aware, Inc. - Common Stock",Software - Application,科技,营收增长、自由现金流、研发投入效率,-,1.19,-15.6%,8.4%,-3183500.00,29.7%,8.4%,-,未分红/不适用,2.6%,4,6,80,Medium,低,排除,0,科技公司自由现金流为负；10年内亏损年份过多；长期ROE低于5%；近5年自由现金流多次为负；数据质量为Medium，筛选结果置信度中等
AXG,US,Solowin Holdings - Class A Ordinary Share,Capital Markets,金融,杠杆、资产质量、资本约束,-,1.81,-60.0%,90.9%,-3286500.00,61.6%,-,-1702.80,未分红/不适用,-4.2%,4,0,80,Medium,高,排除,0,金融行业需专项资产质量与资本约束分析；10年内亏损年份过多；10年ROE波动较大；10年净利润波动较大；长期ROE低于5%；近5年自由现金流多次为负；利息覆盖倍数过低；高杠杆行业，需资产负债表专项分析；数据质量为Medium，筛选结果置信度中等
AXGN,US,"Axogen, Inc. - Common Stock",Medical Devices,通用,ROE、现金流、资产负债率,-,14.85,-18.3%,8.9%,-15681000.00,41.9%,-,-1.04,未分红/不适用,17.6%,4,6,80,Medium,低,排除,0,10年内亏损年份过多；长期ROE低于5%；近5年自由现金流多次为负；利息覆盖倍数过低；数据质量为Medium，筛选结果置信度中等
AXON,US,"Axon Enterprise, Inc. - Common Stock",Aerospace & Defense,通用,ROE、现金流、资产负债率,158.82,8.98,10.6%,5.1%,178448750.00,53.7%,19.6%,1.20,未分红/不适用,32.8%,4,6,80,Medium,低,排除,60,利息覆盖倍数过低；数据质量为Medium，筛选结果置信度中等
AXSM,US,"Axsome Therapeutics, Inc. - Common Stock",Biotechnology,科技,营收增长、自由现金流、研发投入效率,-,215.44,-251.8%,171.3%,-121360000.00,87.2%,1.7%,-27.02,未分红/不适用,133.7%,4,6,80,Medium,中,排除,0,科技公司自由现金流为负；10年内亏损年份过多；10年ROE波动较大；长期ROE低于5%；近5年自由现金流多次为负；资产负债率过高；利息覆盖倍数过低；资产负债率相对偏高；数据质量为Medium，筛选结果置信度中等
AXTI,US,AXT Inc - Common Stock,Semiconductor Equipment & Materials,科技,营收增长、自由现金流、研发投入效率,-,23.57,-3.9%,7.4%,-20240750.00,22.9%,-,-16.14,未分红/不适用,-14.5%,4,6,80,Medium,低,排除,0,科技公司营收增长转负；科技公司自由现金流为负；10年内亏损年份过多；10年净利润波动较大；长期ROE低于5%；近5年自由现金流多次为负；利息覆盖倍数过低；近5年营收增长偏弱；数据质量为Medium，筛选结果置信度中等
AYA,US,Aya Gold & Silver Inc. - Common Shares,Silver,通用,ROE、现金流、资产负债率,61.03,6.70,1.3%,8.1%,-59552750.00,32.9%,-,7.70,未分红/不适用,74.2%,4,6,80,Medium,低,排除,30,10年净利润波动较大；长期ROE低于5%；近5年自由现金流多次为负；数据质量为Medium，筛选结果置信度中等
AYTU,US,"Aytu BioPharma, Inc.  - Common Stock",Drug Manufacturers - Specialty & Generic,通用,ROE、现金流、资产负债率,-,0.68,-104.4%,94.8%,-3441000.00,84.7%,-,-2.71,未分红/不适用,-11.8%,4,6,80,Medium,中,排除,0,PB低但近5年出现亏损；PB低但近5年经营现金流多次为负；10年内亏损年份过多；10年ROE波动较大；10年净利润波动较大；长期ROE低于5%；资产负债率偏高；利息覆盖倍数过低；近5年营收增长偏弱；资产负债率相对偏高；数据质量为Medium，筛选结果置信度中等
AZ,US,A2Z Cust2Mate Solutions Corp. - Common Shares,Software - Application,科技,营收增长、自由现金流、研发投入效率,-,3.11,-282.3%,266.5%,-14391500.00,10.3%,-,-193.91,未分红/不适用,-5.5%,4,6,80,Medium,低,排除,0,科技公司营收增长转负；科技公司自由现金流为负；10年内亏损年份过多；10年ROE波动较大；长期ROE低于5%；近5年自由现金流多次为负；利息覆盖倍数过低；近5年营收增长偏弱；数据质量为Medium，筛选结果置信度中等
AZI,US,Autozi Internet Technology (Global) Ltd. - Class A Ordinary Shares,Auto & Truck Dealerships,科技,营收增长、自由现金流、研发投入效率,-,-0.01,21.1%,18.4%,-7602000.00,313.1%,-,-6.88,未分红/不适用,0.7%,4,6,80,Medium,低,排除,0,科技公司自由现金流为负；PB低但近5年出现亏损；PB低但近5年经营现金流多次为负；10年内亏损年份过多；10年ROE波动较大；资产负债率过高；利息覆盖倍数过低；数据质量为Medium，筛选结果置信度中等
AZTA,US,"Azenta, Inc. - Common Stock",Medical Instruments & Supplies,通用,ROE、现金流、资产负债率,-,0.49,12.6%,34.1%,-131602000.00,16.1%,34.1%,-,未分红/不适用,2.2%,4,6,80,Medium,低,排除,0,PB低但近5年出现亏损；10年内亏损年份过多；10年ROE波动较大；10年净利润波动较大；商誉占比偏高；数据质量为Medium，筛选结果置信度中等
BAER,US,"Bridger Aerospace Group Holdings, Inc. - Common Stock",Security & Protection Services,通用,ROE、现金流、资产负债率,-,-0.25,-91.5%,133.0%,-38651250.00,80.4%,6.3%,1.17,未分红/不适用,38.3%,4,6,80,Medium,中,排除,0,PB低但近5年出现亏损；10年内亏损年份过多；10年ROE波动较大；10年净利润波动较大；长期ROE低于5%；近5年自由现金流多次为负；资产负债率偏高；利息覆盖倍数过低；资产负债率相对偏高；数据质量为Medium，筛选结果置信度中等
BAFN,US,BayFirst Financial Corp. - Common Stock,Banks - Regional,银行,不良率、拨备覆盖、资本充足率,-,0.40,-2.4%,16.6%,388310250.00,93.3%,-,-,未分红/不适用,-1.0%,4,6,80,Medium,中,排除,0,银行需补充不良率/拨备/资本充足率专项数据；PB低但近5年出现亏损；10年ROE波动较大；10年净利润波动较大；长期ROE低于5%；资产负债率过高；资产负债率相对偏高；数据质量为Medium，筛选结果置信度中等
BAND,US,Bandwidth Inc. - Class A Common Stock,Software - Infrastructure,科技,营收增长、自由现金流、研发投入效率,-,4.37,-0.9%,5.6%,26242750.00,62.0%,33.9%,-7.18,未分红/不适用,9.6%,4,6,80,Medium,低,排除,0,10年内亏损年份过多；10年净利润波动较大；长期ROE低于5%；商誉占比偏高；利息覆盖倍数过低；数据质量为Medium，筛选结果置信度中等
BANF,US,BancFirst Corporation - Common Stock,Banks - Regional,银行,不良率、拨备覆盖、资本充足率,14.76,1.90,14.1%,1.2%,219635750.00,87.5%,1.2%,-,未分红/不适用,7.4%,4,6,80,Medium,中,排除,30,银行需补充不良率/拨备/资本充足率专项数据；资产负债率过高；资产负债率相对偏高；数据质量为Medium，筛选结果置信度中等
BANL,US,CBL International Limited - Class B Ordinary Shares,Oil & Gas Midstream,周期,利润波动、ROE波动、资本开支周期,-,0.64,0.9%,21.8%,-1443725.25,73.7%,-,-2.80,未分红/不适用,5.2%,4,6,80,Medium,中,排除,0,周期行业ROE波动显著；周期行业利润弹性过大；PB低但近5年出现亏损；10年ROE波动较大；10年净利润波动较大；长期ROE低于5%；资产负债率偏高；利息覆盖倍数过低；资产负债率相对偏高；数据质量为Medium，筛选结果置信度中等
BANR,US,Banner Corporation - Common Stock,Banks - Regional,银行,不良率、拨备覆盖、资本充足率,10.59,1.08,11.0%,1.7%,248316250.00,88.1%,2.3%,-,未分红/不适用,1.6%,4,6,80,Medium,中,排除,30,银行需补充不良率/拨备/资本充足率专项数据；资产负债率过高；资产负债率相对偏高；数据质量为Medium，筛选结果置信度中等
BAOS,US,Baosheng Media Group Holdings Limited - Ordinary shares,Advertising Agencies,通用,ROE、现金流、资产负债率,-,1.38,-150.9%,161.5%,-491666.00,73.5%,-,-989.44,未分红/不适用,-38.2%,4,6,80,Medium,中,排除,0,10年内亏损年份过多；10年ROE波动较大；长期ROE低于5%；资产负债率偏高；利息覆盖倍数过低；近5年营收明显下滑；资产负债率相对偏高；数据质量为Medium，筛选结果置信度中等
BATRA,US,"Atlanta Braves Holdings, Inc. - Series A Common Stock",Entertainment,通用,ROE、现金流、资产负债率,-,6.67,-11.4%,8.7%,-31802250.00,66.7%,10.9%,0.48,未分红/不适用,7.6%,4,6,80,Medium,中,排除,0,10年内亏损年份过多；10年净利润波动较大；长期ROE低于5%；近5年自由现金流多次为负；利息覆盖倍数过低；资产负债率相对偏高；数据质量为Medium，筛选结果置信度中等
BATRK,US,"Atlanta Braves Holdings, Inc. - Series C Common Stock",Entertainment,通用,ROE、现金流、资产负债率,-,6.24,-11.4%,8.7%,-31802250.00,66.7%,10.9%,0.48,未分红/不适用,7.6%,4,6,80,Medium,中,排除,0,10年内亏损年份过多；10年净利润波动较大；长期ROE低于5%；近5年自由现金流多次为负；利息覆盖倍数过低；资产负债率相对偏高；数据质量为Medium，筛选结果置信度中等
BBCP,US,"Concrete Pumping Holdings, Inc.  - Common Stock",Engineering & Construction,周期,利润波动、ROE波动、资本开支周期,79.83,1.39,7.0%,3.9%,18875250.00,69.9%,25.4%,1.32,未分红/不适用,-0.7%,4,6,80,Medium,中,排除,15,长期ROE偏低但PE不低；商誉占比偏高；利息覆盖倍数过低；资产负债率相对偏高；数据质量为Medium，筛选结果置信度中等
BBGI,US,"Beasley Broadcast Group, Inc. - Class A Common Stock",Broadcasting,通用,ROE、现金流、资产负债率,-,-0.53,81.3%,212.3%,-7778522.75,116.5%,-,-17.23,未分红/不适用,-7.0%,4,6,80,Medium,低,排除,0,PB低但近5年出现亏损；PB低但近5年经营现金流多次为负；10年内亏损年份过多；10年ROE波动较大；10年净利润波动较大；近5年自由现金流多次为负；资产负债率过高；利息覆盖倍数过低；近5年营收增长偏弱；数据质量为Medium，筛选结果置信度中等
BBIO,US,"BridgeBio Pharma, Inc. - Common Stock",Biotechnology,科技,营收增长、自由现金流、研发投入效率,-,-6.37,39.3%,5.7%,-484994250.00,321.9%,-,-3.11,未分红/不适用,86.3%,4,6,80,Medium,低,排除,0,科技公司自由现金流为负；PB低但近5年出现亏损；PB低但近5年经营现金流多次为负；10年内亏损年份过多；近5年自由现金流多次为负；资产负债率过高；利息覆盖倍数过低；数据质量为Medium，筛选结果置信度中等
BBLG,US,Bone Biologics Corp - Common Stock,Biotechnology,科技,营收增长、自由现金流、研发投入效率,-,0.43,-127.2%,126.5%,-,7.2%,-,-,未分红/不适用,-,4,6,80,Medium,低,排除,0,PB低但近5年出现亏损；PB低但近5年经营现金流多次为负；10年内亏损年份过多；10年ROE波动较大；长期ROE低于5%；数据质量为Medium，筛选结果置信度中等
BBNX,US,"Beta Bionics, Inc. - Common Stock",Medical Devices,通用,ROE、现金流、资产负债率,-,1.53,14.2%,27.5%,-50429250.00,12.5%,-,-,未分红/不适用,724.3%,4,0,80,Medium,低,排除,30,10年内亏损年份过多；10年ROE波动较大；近5年自由现金流多次为负；数据质量为Medium，筛选结果置信度中等
BBOT,US,"BridgeBio Oncology Therapeutics, Inc. - Common Stock",Biotechnology,科技,营收增长、自由现金流、研发投入效率,-,1.62,21.6%,47.5%,-74023000.00,8.3%,-,-,未分红/不适用,-,3,0,60,Medium,低,排除,15,科技公司自由现金流为负；10年内亏损年份过多；10年ROE波动较大；近5年自由现金流多次为负；数据质量为Medium，筛选结果置信度中等
BBSI,US,"Barrett Business Services, Inc. - Common Stock",Staffing & Employment Services,通用,ROE、现金流、资产负债率,19.50,3.56,24.6%,1.7%,27576250.00,69.1%,6.1%,418.54,未分红/不适用,5.6%,4,6,80,Medium,中,警惕,85,资产负债率相对偏高；数据质量为Medium，筛选结果置信度中等
BCAB,US,"BioAtla, Inc. - Common Stock",Biotechnology,科技,营收增长、自由现金流、研发投入效率,-,-0.17,-139.5%,272.3%,-97400500.00,361.7%,-,-,未分红/不适用,-,4,6,80,Medium,低,排除,0,科技公司自由现金流为负；PB低但近5年出现亏损；PB低但近5年经营现金流多次为负；10年内亏损年份过多；10年ROE波动较大；长期ROE低于5%；资产负债率过高；数据质量为Medium，筛选结果置信度中等
BCAL,US,California BanCorp - Common Stock,Banks - Regional,银行,不良率、拨备覆盖、资本充足率,10.11,1.03,6.8%,4.3%,37938750.00,85.7%,2.8%,-,未分红/不适用,25.0%,4,6,80,Medium,中,排除,0,银行需补充不良率/拨备/资本充足率专项数据；10年净利润波动较大；长期ROE偏低但PE不低；资产负债率过高；资产负债率相对偏高；数据质量为Medium，筛选结果置信度中等
BCAR,US,D. Boral ARC Acquisition I Corp. - Class A Ordinary Shares,Shell Companies,通用,ROE、现金流、资产负债率,-,763.58,-,-,-,0.0%,-,-,未分红/不适用,-,0,3,0,Insufficient,低,数据不足,0,数据年数不足，无法进行可靠筛选
BCAX,US,Bicara Therapeutics Inc. - Common Stock,Biotechnology,科技,营收增长、自由现金流、研发投入效率,-,2.60,6.3%,36.1%,-65104500.00,6.9%,-,-,未分红/不适用,-,4,0,80,Medium,低,排除,15,科技公司自由现金流为负；10年内亏损年份过多；10年ROE波动较大；近5年自由现金流多次为负；数据质量为Medium，筛选结果置信度中等
BCBP,US,"BCB Bancorp, Inc. (NJ) - Common Stock",Banks - Regional,银行,不良率、拨备覆盖、资本充足率,-,0.59,6.7%,8.3%,43094000.00,90.7%,-,-,未分红/不适用,-4.2%,4,6,80,Medium,中,排除,0,银行需补充不良率/拨备/资本充足率专项数据；PB低但近5年出现亏损；10年净利润波动较大；资产负债率过高；资产负债率相对偏高；数据质量为Medium，筛选结果置信度中等
BCDA,US,"BioCardia, Inc. - Common Stock",Biotechnology,科技,营收增长、自由现金流、研发投入效率,-,12.29,-347.6%,783.9%,-8988000.00,73.8%,-,-,未分红/不适用,-,4,6,80,Medium,中,排除,0,科技公司自由现金流为负；10年内亏损年份过多；10年ROE波动较大；长期ROE低于5%；近5年自由现金流多次为负；资产负债率偏高；资产负债率相对偏高；数据质量为Medium，筛选结果置信度中等
BCG,US,"Binah Capital Group, Inc. - Common Stock",Asset Management,通用,ROE、现金流、资产负债率,48.25,29.24,-110.0%,279.8%,2973750.00,96.3%,56.7%,2.23,未分红/不适用,1.8%,4,6,80,Medium,中,排除,0,10年ROE波动较大；10年净利润波动较大；长期ROE低于5%；资产负债率过高；商誉占比过高；利息覆盖倍数偏低；资产负债率相对偏高；数据质量为Medium，筛选结果置信度中等
BCML,US,BayCom Corp - Common Stock,Banks - Regional,银行,不良率、拨备覆盖、资本充足率,12.56,0.96,7.6%,0.8%,31547250.00,86.9%,1.5%,-,未分红/不适用,0.2%,4,6,80,Medium,中,排除,15,银行需补充不良率/拨备/资本充足率专项数据；长期ROE偏低但PE不低；资产负债率过高；资产负债率相对偏高；数据质量为Medium，筛选结果置信度中等
BCPC,US,Balchem Corporation - Common Stock,Specialty Chemicals,周期,利润波动、ROE波动、资本开支周期,32.98,4.01,11.3%,0.8%,138466250.00,25.4%,48.4%,20.48,未分红/不适用,3.2%,4,6,80,Medium,低,排除,60,商誉占比过高；数据质量为Medium，筛选结果置信度中等
BCRX,US,"BioCryst Pharmaceuticals, Inc. - Common Stock",Drug Manufacturers - Specialty & Generic,通用,ROE、现金流、资产负债率,-,-4.25,-17.3%,138.7%,7811750.00,123.2%,-,4.39,未分红/不适用,47.8%,4,6,80,Medium,低,排除,0,PB低但近5年出现亏损；PB低但近5年经营现金流多次为负；10年内亏损年份过多；10年ROE波动较大；10年净利润波动较大；长期ROE低于5%；近5年自由现金流多次为负；资产负债率过高；数据质量为Medium，筛选结果置信度中等
BCTX,US,BriaCell Therapeutics Corp. - Common Shares,Biotechnology,科技,营收增长、自由现金流、研发投入效率,-,0.81,107.2%,343.2%,-24582929.00,-,-,-,未分红/不适用,-,4,6,80,Medium,未知,排除,0,科技公司自由现金流为负；PB低但近5年出现亏损；PB低但近5年经营现金流多次为负；10年内亏损年份过多；10年ROE波动较大；数据质量为Medium，筛选结果置信度中等
BDCI,US,BTC Development Corp. - Class A Ordinary Shares,Shell Companies,通用,ROE、现金流、资产负债率,77.15,1.41,32.9%,45.5%,-,4.2%,-,-,未分红/不适用,-,2,3,40,Low,低,数据不足,0,10年ROE波动较大；10年净利润波动较大；数据年数不足，无法进行可靠筛选
BDMD,US,Baird Medical Investment Holdings Ltd - Ordinary Share,Medical Devices,通用,ROE、现金流、资产负债率,-,1.08,5.6%,62.3%,-4919938.25,55.2%,0.1%,-34.77,未分红/不适用,-13.7%,4,6,80,Medium,低,排除,0,10年ROE波动较大；10年净利润波动较大；近5年自由现金流多次为负；利息覆盖倍数过低；近5年营收增长偏弱；数据质量为Medium，筛选结果置信度中等
BDSX,US,"Biodesix, Inc. - Common Stock",Diagnostics & Research,通用,ROE、现金流、资产负债率,-,15.90,-57.8%,1075.9%,-42550250.00,102.8%,17.2%,-3.57,未分红/不适用,32.3%,4,6,80,Medium,低,排除,0,10年内亏损年份过多；10年ROE波动较大；长期ROE低于5%；近5年自由现金流多次为负；资产负债率过高；利息覆盖倍数过低；数据质量为Medium，筛选结果置信度中等
BDTX,US,"Black Diamond Therapeutics, Inc. - Common Stock",Biotechnology,科技,营收增长、自由现金流、研发投入效率,-,1.41,-53.3%,49.1%,-76012000.00,21.5%,-,-,未分红/不适用,-,4,6,80,Medium,低,排除,0,科技公司自由现金流为负；10年内亏损年份过多；10年ROE波动较大；10年净利润波动较大；长期ROE低于5%；数据质量为Medium，筛选结果置信度中等
BEAM,US,Beam Therapeutics Inc. - Common Stock,Biotechnology,科技,营收增长、自由现金流、研发投入效率,-,2.45,-27.7%,21.2%,-231397750.00,16.4%,-,-,未分红/不适用,31.9%,4,6,80,Medium,低,排除,0,科技公司自由现金流为负；10年内亏损年份过多；10年ROE波动较大；长期ROE低于5%；近5年自由现金流多次为负；数据质量为Medium，筛选结果置信度中等
BEAT,US,"Heartbeam, Inc. - Common Stock",Health Information Services,通用,ROE、现金流、资产负债率,-,15.29,-655.3%,455.9%,-13869666.67,55.5%,-,-,未分红/不适用,-,4,6,80,Medium,低,排除,0,10年内亏损年份过多；10年ROE波动较大；长期ROE低于5%；近5年自由现金流多次为负；数据质量为Medium，筛选结果置信度中等
BEEM,US,Beam Global - Common Stock,Solar,通用,ROE、现金流、资产负债率,-,1.38,-63.3%,39.9%,-11866000.00,41.9%,0.0%,-1053.19,未分红/不适用,8.7%,4,6,80,Medium,低,排除,0,10年内亏损年份过多；10年ROE波动较大；长期ROE低于5%；近5年自由现金流多次为负；利息覆盖倍数过低；数据质量为Medium，筛选结果置信度中等
BEEP,US,Mobile Infrastructure Corporation - Common Stock,Infrastructure Operations,通用,ROE、现金流、资产负债率,-,0.56,-11.8%,6.9%,-1640500.00,58.4%,-,-0.25,未分红/不适用,6.4%,4,6,80,Medium,低,排除,0,PB低但近5年出现亏损；10年内亏损年份过多；长期ROE低于5%；近5年自由现金流多次为负；利息覆盖倍数过低；数据质量为Medium，筛选结果置信度中等
BELFA,US,Bel Fuse Inc. - Class A Common Stock,Electronic Components,科技,营收增长、自由现金流、研发投入效率,55.16,6.62,16.9%,4.8%,64053500.00,44.5%,23.0%,7.44,未分红/不适用,1.1%,4,6,80,Medium,低,警惕,85,商誉占比偏高；数据质量为Medium，筛选结果置信度中等
BELFB,US,Bel Fuse Inc. - Class B Common Stock,Electronic Components,科技,营收增长、自由现金流、研发投入效率,62.01,7.48,16.9%,4.8%,64053500.00,44.5%,23.0%,7.44,未分红/不适用,1.1%,4,6,80,Medium,低,警惕,85,商誉占比偏高；数据质量为Medium，筛选结果置信度中等
BENF,US,Beneficient - Class A Common Stock,Asset Management,通用,ROE、现金流、资产负债率,-,2.32,285.1%,527.6%,-64294500.00,84.3%,2.8%,0.95,未分红/不适用,-,3,6,60,Medium,低,排除,0,10年内亏损年份过多；10年ROE波动较大；10年净利润波动较大；近5年自由现金流多次为负；资产负债率偏高；利息覆盖倍数过低；数据质量为Medium，筛选结果置信度中等
BETR,US,Better Home & Finance Holding Company - Class A Common Stock,Mortgage Finance,通用,ROE、现金流、资产负债率,-,55.12,-1.7%,512.9%,41403250.00,97.5%,0.7%,-,未分红/不适用,-19.4%,4,6,80,Medium,高,排除,0,10年内亏损年份过多；10年ROE波动较大；长期ROE低于5%；近5年自由现金流多次为负；近5年营收明显下滑；高杠杆行业，需资产负债表专项分析；数据质量为Medium，筛选结果置信度中等
BFC,US,Bank First Corporation - Common Stock,Banks - Regional,银行,不良率、拨备覆盖、资本充足率,19.76,1.94,10.8%,0.9%,45564250.00,85.7%,3.9%,-,未分红/不适用,12.9%,4,6,80,Medium,中,排除,30,银行需补充不良率/拨备/资本充足率专项数据；资产负债率过高；资产负债率相对偏高；数据质量为Medium，筛选结果置信度中等
BFRG,US,"Bullfrog AI Holdings, Inc. - Common Stock",Health Information Services,通用,ROE、现金流、资产负债率,-,3.24,-140.0%,168.4%,-919634.00,23.9%,-,-1153.39,未分红/不适用,126.8%,4,6,80,Medium,低,排除,0,10年内亏损年份过多；10年ROE波动较大；长期ROE低于5%；利息覆盖倍数过低；数据质量为Medium，筛选结果置信度中等
BFRI,US,Biofrontera Inc. - Common Stock,Drug Manufacturers - Specialty & Generic,通用,ROE、现金流、资产负债率,-,1.07,-231.0%,211.1%,-16207500.00,63.3%,-,-22.25,未分红/不适用,13.3%,4,6,80,Medium,低,排除,0,10年内亏损年份过多；10年ROE波动较大；长期ROE低于5%；近5年自由现金流多次为负；利息覆盖倍数过低；数据质量为Medium，筛选结果置信度中等
BFST,US,"Business First Bancshares, Inc. - Common Stock",Banks - Regional,银行,不良率、拨备覆盖、资本充足率,9.53,0.95,9.6%,1.2%,73245250.00,89.1%,1.5%,-,未分红/不适用,12.0%,4,6,80,Medium,中,排除,30,银行需补充不良率/拨备/资本充足率专项数据；资产负债率过高；资产负债率相对偏高；数据质量为Medium，筛选结果置信度中等
BGC,US,"BGC Group, Inc. - Class A Common Stock",Capital Markets,金融,杠杆、资产质量、资本约束,30.61,4.93,10.4%,5.6%,270630250.00,74.0%,14.7%,2.71,未分红/不适用,17.6%,4,6,80,Medium,高,需专项分析,40,金融行业需专项资产质量与资本约束分析；利息覆盖倍数偏低；高杠杆行业，需资产负债表专项分析；数据质量为Medium，筛选结果置信度中等
BGDE,US,"Big Digital Energy, Inc. - Common Stock",Capital Markets,周期,利润波动、ROE波动、资本开支周期,-,-7.42,478.6%,760.0%,-20279429.75,105.4%,-,-6.02,未分红/不适用,-22.2%,4,6,80,Medium,高,排除,0,周期行业ROE波动显著；PB低但近5年出现亏损；10年内亏损年份过多；10年ROE波动较大；近5年自由现金流多次为负；利息覆盖倍数过低；近5年营收明显下滑；高杠杆行业，需资产负债表专项分析；数据质量为Medium，筛选结果置信度中等
BGIN,US,Bgin Blockchain Limited - Class A Ordinary Shares,Computer Hardware,科技,营收增长、自由现金流、研发投入效率,-,7.88,-50.4%,187.1%,-109823887.50,41.0%,-,-,未分红/不适用,64.8%,4,6,80,Medium,低,排除,0,科技公司自由现金流为负；10年ROE波动较大；10年净利润波动较大；长期ROE低于5%；近5年自由现金流多次为负；数据质量为Medium，筛选结果置信度中等
BGL,US,Blue Gold Limited - Class A ordinary shares,Gold,通用,ROE、现金流、资产负债率,-,-1.72,124.5%,22.3%,-8625644.50,153.1%,-,-,未分红/不适用,-,2,3,40,Low,低,数据不足,0,PB低但近5年出现亏损；10年ROE波动较大；资产负债率过高；数据年数不足，无法进行可靠筛选
BGLC,US,BioNexus Gene Lab Corp - Common stock,Specialty Chemicals,周期,利润波动、ROE波动、资本开支周期,-,0.58,-21.6%,12.5%,-1417390.25,6.9%,-,-151.73,未分红/不适用,-12.1%,4,6,80,Medium,低,排除,0,PB低但近5年出现亏损；PB低但近5年经营现金流多次为负；10年内亏损年份过多；10年ROE波动较大；长期ROE低于5%；近5年自由现金流多次为负；利息覆盖倍数过低；近5年营收增长偏弱；数据质量为Medium，筛选结果置信度中等
BGM,US,BGM Group Ltd. - Class A Ordinary Shares,Drug Manufacturers - Specialty & Generic,通用,ROE、现金流、资产负债率,-,0.19,-3.4%,10.5%,-135554.25,16.8%,-,-,未分红/不适用,-24.0%,4,0,80,Medium,低,排除,0,PB低但近5年出现亏损；10年净利润波动较大；长期ROE低于5%；近5年自由现金流多次为负；近5年营收明显下滑；数据质量为Medium，筛选结果置信度中等
BGMS,US,"Bio Green Med Solution, Inc. - Common Stock",Biotechnology,科技,营收增长、自由现金流、研发投入效率,-,0.84,-,-,-18476000.00,16.4%,19.2%,-,未分红/不适用,-,0,9,0,Insufficient,低,数据不足,0,科技公司自由现金流为负；PB低但近5年出现亏损；PB低但近5年经营现金流多次为负；数据年数不足，无法进行可靠筛选
BHF,US,"Brighthouse Financial, Inc. - Common Stock",Insurance - Life,保险,偿付能力、久期缺口、投资收益质量,-,0.64,15.5%,39.0%,-,97.2%,-,4.12,未分红/不适用,-1.2%,4,6,80,Medium,中,排除,0,保险需补充偿付能力/久期缺口专项数据；PB低但近5年出现亏损；PB低但近5年经营现金流多次为负；10年ROE波动较大；10年净利润波动较大；资产负债率过高；资产负债率相对偏高；数据质量为Medium，筛选结果置信度中等
BHRB,US,Burke & Herbert Financial Services Corp. - Common Stock,Banks - Regional,银行,不良率、拨备覆盖、资本充足率,7.94,1.08,10.5%,5.3%,60925500.00,-,0.4%,-,未分红/不适用,41.7%,0,10,0,Insufficient,未知,数据不足,0,银行需补充不良率/拨备/资本充足率专项数据；数据年数不足，无法进行可靠筛选
BHST,US,BioHarvest Sciences Inc. - Common Stock,Packaged Foods,消费,ROE、毛利率稳定性、分红稳定性,-,3.63,-185.1%,532.5%,-9898250.00,46.6%,-,-3.06,未分红/不适用,84.5%,4,6,80,Medium,低,排除,0,消费公司长期ROE不够突出；10年内亏损年份过多；10年ROE波动较大；长期ROE低于5%；近5年自由现金流多次为负；利息覆盖倍数过低；数据质量为Medium，筛选结果置信度中等
BIAF,US,"bioAffinity Technologies, Inc. - Common Stock",Diagnostics & Research,通用,ROE、现金流、资产负债率,-,1.19,-197.4%,114.0%,-6771207.00,33.6%,12.8%,-334.02,未分红/不适用,983.4%,4,6,80,Medium,低,排除,0,10年内亏损年份过多；10年ROE波动较大；长期ROE低于5%；近5年自由现金流多次为负；利息覆盖倍数过低；数据质量为Medium，筛选结果置信度中等
BIIB,US,Biogen Inc. - Common Stock,Drug Manufacturers - General,通用,ROE、现金流、资产负债率,20.76,1.53,11.9%,7.3%,1715450000.00,38.0%,22.0%,6.82,未分红/不适用,-0.9%,4,6,80,Medium,低,警惕,85,商誉占比偏高；数据质量为Medium，筛选结果置信度中等
BIOA,US,"BioAge Labs, Inc. - Common Stock",Drug Manufacturers - Specialty & Generic,通用,ROE、现金流、资产负债率,-,2.08,5.1%,35.9%,-52011500.00,7.7%,-,-114.65,未分红/不适用,-,4,0,80,Medium,低,排除,0,10年内亏损年份过多；10年ROE波动较大；近5年自由现金流多次为负；利息覆盖倍数过低；数据质量为Medium，筛选结果置信度中等
BIOX,US,Bioceres Crop Solutions Corp. - Ordinary Shares,Agricultural Inputs,通用,ROE、现金流、资产负债率,-,0.10,-4.8%,11.9%,1936262.25,61.3%,14.7%,-1.25,未分红/不适用,0.5%,4,6,80,Medium,低,排除,0,PB低但近5年出现亏损；10年净利润波动较大；长期ROE低于5%；利息覆盖倍数过低；数据质量为Medium，筛选结果置信度中等
BIRD,US,"Allbirds, Inc. - Class A Common Stock",Apparel Retail,消费,ROE、毛利率稳定性、分红稳定性,-,1.09,-105.3%,77.8%,-72305250.00,67.2%,-,-71.06,未分红/不适用,-20.0%,4,6,80,Medium,中,排除,0,消费公司长期ROE不够突出；10年内亏损年份过多；10年ROE波动较大；长期ROE低于5%；近5年自由现金流多次为负；利息覆盖倍数过低；近5年营收明显下滑；资产负债率相对偏高；数据质量为Medium，筛选结果置信度中等
BIVI,US,BioVie Inc. - Common stock,Biotechnology,科技,营收增长、自由现金流、研发投入效率,-,0.65,-334.4%,268.6%,-,11.8%,1.6%,-51.72,未分红/不适用,-,4,6,80,Medium,低,排除,0,PB低但近5年出现亏损；PB低但近5年经营现金流多次为负；10年内亏损年份过多；10年ROE波动较大；长期ROE低于5%；利息覆盖倍数过低；数据质量为Medium，筛选结果置信度中等
BIYA,US,Baiya International Group Inc.  - Ordinary Shares,Software - Application,科技,营收增长、自由现金流、研发投入效率,-,0.25,-76.1%,77.7%,-7440935.00,17.1%,-,-,未分红/不适用,7.8%,4,6,80,Medium,低,排除,0,科技公司自由现金流为负；PB低但近5年出现亏损；10年内亏损年份过多；10年ROE波动较大；10年净利润波动较大；长期ROE低于5%；数据质量为Medium，筛选结果置信度中等
BJDX,US,"Bluejay Diagnostics, Inc. - Common Stock",Medical Devices,通用,ROE、现金流、资产负债率,-,0.42,-168.4%,119.1%,-8078453.50,16.1%,-,-8161.67,未分红/不适用,-,4,6,80,Medium,低,排除,0,PB低但近5年出现亏损；PB低但近5年经营现金流多次为负；10年内亏损年份过多；10年ROE波动较大；长期ROE低于5%；近5年自由现金流多次为负；利息覆盖倍数过低；数据质量为Medium，筛选结果置信度中等
BJRI,US,"BJ's Restaurants, Inc. - Common Stock",Restaurants,通用,ROE、现金流、资产负债率,21.03,2.36,6.1%,5.1%,11228250.00,63.9%,0.5%,10.95,未分红/不适用,2.9%,4,6,80,Medium,低,警惕,70,10年净利润波动较大；长期ROE偏低但PE不低；数据质量为Medium，筛选结果置信度中等
BKNG,US,Booking Holdings Inc. - Common Stock,Travel Services,通用,ROE、现金流、资产负债率,20.40,-13.83,-72.4%,124.3%,7541500000.00,119.1%,9.1%,5.23,未分红/不适用,16.3%,4,6,80,Medium,低,排除,5,10年ROE波动较大；长期ROE低于5%；资产负债率过高；数据质量为Medium，筛选结果置信度中等
BKR,US,Baker Hughes Company - Common Stock,Oil & Gas Equipment & Services,周期,利润波动、ROE波动、资本开支周期,20.66,3.32,10.0%,9.7%,1832000000.00,53.5%,14.8%,13.96,未分红/不适用,9.4%,4,6,80,Medium,低,警惕,85,10年净利润波动较大；数据质量为Medium，筛选结果置信度中等
BL,US,"BlackLine, Inc. - Common Stock",Software - Application,科技,营收增长、自由现金流、研发投入效率,63.90,5.19,9.4%,26.5%,105934750.00,78.9%,26.5%,5.75,未分红/不适用,10.2%,4,6,80,Medium,中,警惕,25,10年ROE波动较大；10年净利润波动较大；资产负债率偏高；商誉占比偏高；资产负债率相对偏高；数据质量为Medium，筛选结果置信度中等
BLBD,US,Blue Bird Corporation - Common Stock,Farm & Heavy Construction Machinery,周期,利润波动、ROE波动、资本开支周期,17.62,7.62,-783.8%,1684.8%,82427250.00,59.2%,3.0%,24.54,未分红/不适用,22.7%,4,6,80,Medium,低,排除,0,周期行业ROE波动显著；周期行业利润弹性过大；10年ROE波动较大；10年净利润波动较大；长期ROE低于5%；数据质量为Medium，筛选结果置信度中等
BLDP,US,"Ballard Power Systems, Inc. - Common Shares",Electrical Equipment & Parts,通用,ROE、现金流、资产负债率,-,2.09,-24.1%,16.1%,-128663750.00,13.5%,-,-46.70,未分红/不适用,6.7%,4,6,80,Medium,低,排除,0,10年内亏损年份过多；10年ROE波动较大；长期ROE低于5%；近5年自由现金流多次为负；利息覆盖倍数过低；数据质量为Medium，筛选结果置信度中等
BLFS,US,"BioLife Solutions, Inc. - Common Stock",Medical Instruments & Supplies,通用,ROE、现金流、资产负债率,-,2.71,-16.4%,16.7%,-8108000.00,8.4%,51.4%,-,未分红/不适用,8.1%,4,6,80,Medium,低,排除,0,10年内亏损年份过多；10年ROE波动较大；10年净利润波动较大；长期ROE低于5%；商誉占比过高；数据质量为Medium，筛选结果置信度中等
BLIN,US,"Bridgeline Digital, Inc. - Common Stock",Software - Infrastructure,科技,营收增长、自由现金流、研发投入效率,-,1.22,-29.4%,38.7%,-498250.00,37.6%,55.3%,-19.29,未分红/不适用,-2.9%,4,6,80,Medium,低,排除,0,科技公司营收增长转负；科技公司自由现金流为负；10年内亏损年份过多；10年ROE波动较大；10年净利润波动较大；长期ROE低于5%；近5年自由现金流多次为负；商誉占比过高；利息覆盖倍数过低；数据质量为Medium，筛选结果置信度中等
BLIV,US,BeLive Holdings - ordinary shares,Software - Application,科技,营收增长、自由现金流、研发投入效率,-,3.14,1007.4%,2034.0%,-2335722.33,116.3%,-,-1747.50,未分红/不适用,-13.7%,4,0,80,Medium,低,排除,0,科技公司营收增长转负；科技公司自由现金流为负；10年内亏损年份过多；10年ROE波动较大；10年净利润波动较大；近5年自由现金流多次为负；资产负债率过高；利息覆盖倍数过低；近5年营收增长偏弱；数据质量为Medium，筛选结果置信度中等
BLKB,US,"Blackbaud, Inc. - Common Stock",Software - Application,科技,营收增长、自由现金流、研发投入效率,10.74,41.84,-26.7%,154.1%,175163000.00,96.4%,44.2%,2.94,未分红/不适用,2.2%,4,6,80,Medium,中,排除,0,10年ROE波动较大；10年净利润波动较大；长期ROE低于5%；资产负债率过高；商誉占比过高；利息覆盖倍数偏低；资产负债率相对偏高；数据质量为Medium，筛选结果置信度中等
BLLN,US,"BillionToOne, Inc. - Class A common stock",Diagnostics & Research,通用,ROE、现金流、资产负债率,151.89,7.60,1.6%,-,15673000.00,24.1%,-,82.67,未分红/不适用,-,1,12,20,Low,低,数据不足,0,长期ROE低于5%；数据年数不足，无法进行可靠筛选
BLMN,US,"Bloomin' Brands, Inc. - Common Stock",Restaurants,通用,ROE、现金流、资产负债率,34.67,1.80,1.5%,68.3%,138122000.00,89.4%,5.8%,0.82,未分红/不适用,-0.4%,4,6,80,Medium,中,排除,0,10年ROE波动较大；10年净利润波动较大；长期ROE低于5%；资产负债率过高；利息覆盖倍数过低；资产负债率相对偏高；数据质量为Medium，筛选结果置信度中等
BLNE,US,"Beeline Holdings, Inc. - Common Stock",Mortgage Finance,通用,ROE、现金流、资产负债率,-,0.68,30.7%,802.1%,-7562750.00,23.7%,47.4%,-9.00,未分红/不适用,-16.1%,4,6,80,Medium,高,排除,0,PB低但近5年出现亏损；PB低但近5年经营现金流多次为负；10年内亏损年份过多；10年ROE波动较大；近5年自由现金流多次为负；商誉占比过高；利息覆盖倍数过低；近5年营收明显下滑；高杠杆行业，需资产负债表专项分析；数据质量为Medium，筛选结果置信度中等
BLNK,US,Blink Charging Co. - Common Stock,Engineering & Construction,周期,利润波动、ROE波动、资本开支周期,-,2.29,-102.3%,61.8%,-72934000.00,56.3%,1.2%,-,未分红/不适用,19.3%,4,6,80,Medium,低,排除,0,周期行业ROE波动显著；10年内亏损年份过多；10年ROE波动较大；长期ROE低于5%；近5年自由现金流多次为负；数据质量为Medium，筛选结果置信度中等
BLZE,US,"Backblaze, Inc. - Common Stock",Software - Infrastructure,科技,营收增长、自由现金流、研发投入效率,-,4.94,-75.2%,42.7%,-11933250.00,56.6%,-,-5.60,未分红/不适用,19.6%,4,6,80,Medium,低,排除,0,科技公司自由现金流为负；10年内亏损年份过多；10年ROE波动较大；长期ROE低于5%；近5年自由现金流多次为负；利息覆盖倍数过低；数据质量为Medium，筛选结果置信度中等
BMBL,US,Bumble Inc. - common stock,Internet Content & Information,科技,营收增长、自由现金流、研发投入效率,-,0.68,-48.6%,57.5%,154782500.00,52.2%,51.4%,-19.28,未分红/不适用,2.2%,4,6,80,Medium,低,排除,0,PB低但近5年出现亏损；10年内亏损年份过多；10年ROE波动较大；10年净利润波动较大；长期ROE低于5%；商誉占比过高；利息覆盖倍数过低；数据质量为Medium，筛选结果置信度中等
BMEA,US,"Biomea Fusion, Inc. - Common Stock",Biotechnology,科技,营收增长、自由现金流、研发投入效率,-,5.27,-155.5%,99.1%,-94555000.00,49.5%,-,-,未分红/不适用,-,4,6,80,Medium,低,排除,0,科技公司自由现金流为负；10年内亏损年份过多；10年ROE波动较大；长期ROE低于5%；近5年自由现金流多次为负；数据质量为Medium，筛选结果置信度中等
BMGL,US,Basel Medical Group Ltd - ordinary shares,Medical Care Facilities,通用,ROE、现金流、资产负债率,-,3.08,-20.6%,117.3%,1045443.75,70.9%,-,-53.20,未分红/不适用,2.0%,4,0,80,Medium,中,排除,0,10年ROE波动较大；10年净利润波动较大；长期ROE低于5%；资产负债率偏高；利息覆盖倍数过低；资产负债率相对偏高；数据质量为Medium，筛选结果置信度中等
BMHL,US,Bluemount Holdings Limited - Class B Ordinary Shares,Capital Markets,金融,杠杆、资产质量、资本约束,35.91,8.49,21.2%,14.7%,-,65.7%,-,47.96,未分红/不适用,18.4%,3,0,60,Medium,高,需专项分析,40,金融行业需专项资产质量与资本约束分析；10年ROE波动较大；高杠杆行业，需资产负债表专项分析；数据质量为Medium，筛选结果置信度中等
BMM,US,Blue Moon Metals Inc. - Common Shares,Other Industrial Metals & Mining,周期,利润波动、ROE波动、资本开支周期,-,3.38,-36.5%,30.9%,-16197007.50,11.4%,-,-29.53,未分红/不适用,-,4,6,80,Medium,低,排除,0,周期行业ROE波动显著；周期行业利润弹性过大；10年内亏损年份过多；10年ROE波动较大；10年净利润波动较大；长期ROE低于5%；利息覆盖倍数过低；数据质量为Medium，筛选结果置信度中等
BMR,US,Beamr Imaging Ltd. - Ordinary Share,Software - Application,科技,营收增长、自由现金流、研发投入效率,-,1.80,52.6%,146.4%,-2110750.00,5.8%,26.2%,-132.44,未分红/不适用,2.6%,4,6,80,Medium,低,排除,0,科技公司自由现金流为负；10年内亏损年份过多；10年ROE波动较大；10年净利润波动较大；近5年自由现金流多次为负；商誉占比偏高；利息覆盖倍数过低；数据质量为Medium，筛选结果置信度中等
BMRA,US,"Biomerica, Inc. - Common Stock",Medical Devices,通用,ROE、现金流、资产负债率,-,2.11,-81.8%,30.6%,-3888750.00,31.0%,-,-,未分红/不适用,-34.5%,4,6,80,Medium,低,排除,0,10年内亏损年份过多；10年ROE波动较大；长期ROE低于5%；近5年自由现金流多次为负；近5年营收明显下滑；数据质量为Medium，筛选结果置信度中等
BMRC,US,Bank of Marin Bancorp - Common Stock,Banks - Regional,银行,不良率、拨备覆盖、资本充足率,-,1.02,1.2%,8.7%,38005750.00,89.9%,1.9%,-,未分红/不适用,-40.6%,4,6,80,Medium,中,排除,0,银行需补充不良率/拨备/资本充足率专项数据；10年净利润波动较大；长期ROE低于5%；资产负债率过高；近5年营收明显下滑；资产负债率相对偏高；数据质量为Medium，筛选结果置信度中等
BMRN,US,BioMarin Pharmaceutical Inc. - Common Stock,Biotechnology,科技,营收增长、自由现金流、研发投入效率,37.87,1.64,4.9%,2.1%,322113000.00,19.8%,2.6%,45.27,未分红/不适用,15.4%,4,6,80,Medium,低,排除,60,长期ROE低于5%；数据质量为Medium，筛选结果置信度中等
BNAI,US,Brand Engagement Network Inc. - Common Stock,Software - Infrastructure,科技,营收增长、自由现金流、研发投入效率,-,38.11,23.8%,1228.9%,-8455877.67,77.4%,-,-20.01,未分红/不适用,160.1%,4,6,80,Medium,中,排除,0,科技公司自由现金流为负；10年内亏损年份过多；10年ROE波动较大；10年净利润波动较大；近5年自由现金流多次为负；资产负债率偏高；利息覆盖倍数过低；资产负债率相对偏高；数据质量为Medium，筛选结果置信度中等
BNBX,US,BNB Plus Corp. - Common Stock,Asset Management,通用,ROE、现金流、资产负债率,0.00,0.12,-249.8%,278.9%,-10678378.50,56.2%,-,-,未分红/不适用,-51.0%,4,6,80,Medium,低,排除,0,PB低但近5年出现亏损；PB低但近5年经营现金流多次为负；10年内亏损年份过多；10年ROE波动较大；长期ROE低于5%；近5年自由现金流多次为负；近5年营收明显下滑；数据质量为Medium，筛选结果置信度中等
BNC,US,CEA Industries Inc. - Common Stock,Farm & Heavy Construction Machinery,周期,利润波动、ROE波动、资本开支周期,-,0.34,-109.6%,156.1%,-3247869.00,11.2%,-,-,未分红/不适用,-41.0%,4,0,80,Medium,低,排除,0,周期行业ROE波动显著；PB低但近5年出现亏损；PB低但近5年经营现金流多次为负；10年内亏损年份过多；10年ROE波动较大；长期ROE低于5%；近5年营收明显下滑；数据质量为Medium，筛选结果置信度中等
BNGO,US,"Bionano Genomics, Inc. - Common Stock",Medical Instruments & Supplies,通用,ROE、现金流、资产负债率,-,0.35,-167.8%,132.3%,-108005000.00,39.6%,-,-87.35,未分红/不适用,0.8%,4,6,80,Medium,低,排除,0,PB低但近5年出现亏损；PB低但近5年经营现金流多次为负；10年内亏损年份过多；10年ROE波动较大；长期ROE低于5%；近5年自由现金流多次为负；利息覆盖倍数过低；数据质量为Medium，筛选结果置信度中等
BNKK,US,"Bonk, Inc. - Common Stock",Asset Management,通用,ROE、现金流、资产负债率,-,0.49,373.1%,1271.8%,-15997239.75,14.6%,34.5%,-114.08,未分红/不适用,219.4%,4,6,80,Medium,低,排除,0,PB低但近5年出现亏损；PB低但近5年经营现金流多次为负；10年内亏损年份过多；10年ROE波动较大；近5年自由现金流多次为负；商誉占比偏高；利息覆盖倍数过低；数据质量为Medium，筛选结果置信度中等
BNRG,US,Brenmiller Energy Ltd - Ordinary Shares,Utilities - Renewable,周期,利润波动、ROE波动、资本开支周期,-,0.08,-280.8%,108.4%,-10800250.00,72.0%,-,-36.18,未分红/不适用,-36.6%,4,6,80,Medium,中,排除,0,周期行业ROE波动显著；PB低但近5年出现亏损；PB低但近5年经营现金流多次为负；10年内亏损年份过多；10年ROE波动较大；长期ROE低于5%；近5年自由现金流多次为负；资产负债率偏高；利息覆盖倍数过低；近5年营收明显下滑；资产负债率相对偏高；数据质量为Medium，筛选结果置信度中等
BNTC,US,Benitec Biopharma Inc. - Common Stock,Biotechnology,科技,营收增长、自由现金流、研发投入效率,-,2.17,-2600.2%,4730.8%,-19278250.00,2.3%,-,-,未分红/不适用,-,4,6,80,Medium,低,排除,0,科技公司自由现金流为负；10年内亏损年份过多；10年ROE波动较大；长期ROE低于5%；近5年自由现金流多次为负；数据质量为Medium，筛选结果置信度中等
BNZI,US,"Banzai International, Inc. - Class A Common Stock",Software - Application,科技,营收增长、自由现金流、研发投入效率,-,0.40,242.6%,618.8%,-5178981.00,74.5%,69.5%,-8.41,未分红/不适用,31.6%,4,6,80,Medium,中,排除,0,科技公司自由现金流为负；PB低但近5年出现亏损；PB低但近5年经营现金流多次为负；10年内亏损年份过多；10年ROE波动较大；资产负债率偏高；商誉占比过高；利息覆盖倍数过低；资产负债率相对偏高；数据质量为Medium，筛选结果置信度中等
BODI,US,"The Beachbody Company, Inc. - Class A Common Stock",Internet Content & Information,科技,营收增长、自由现金流、研发投入效率,16.07,2.47,-134.9%,107.1%,-21852000.00,78.7%,44.3%,0.45,未分红/不适用,-28.6%,4,6,80,Medium,中,排除,0,科技公司营收增长转负；科技公司自由现金流为负；10年内亏损年份过多；10年ROE波动较大；10年净利润波动较大；长期ROE低于5%；近5年自由现金流多次为负；资产负债率偏高；商誉占比过高；利息覆盖倍数过低；近5年营收明显下滑；资产负债率相对偏高；数据质量为Medium，筛选结果置信度中等
BOF,US,BranchOut Food Inc. - Common Stock,Packaged Foods,消费,ROE、毛利率稳定性、分红稳定性,-,8.51,-100.0%,132.8%,-5403136.50,61.5%,-,-7.18,未分红/不适用,163.3%,4,6,80,Medium,低,排除,0,消费公司长期ROE不够突出；10年内亏损年份过多；10年ROE波动较大；长期ROE低于5%；近5年自由现金流多次为负；利息覆盖倍数过低；数据质量为Medium，筛选结果置信度中等
BOKF,US,BOK Financial Corporation - Common Stock,Banks - Regional,银行,不良率、拨备覆盖、资本充足率,12.66,1.27,10.2%,0.7%,-,88.7%,2.0%,-,未分红/不适用,4.8%,4,6,80,Medium,中,排除,30,银行需补充不良率/拨备/资本充足率专项数据；资产负债率过高；资产负债率相对偏高；数据质量为Medium，筛选结果置信度中等
BOLD,US,"Boundless Bio, Inc. - Common Stock",Biotechnology,科技,营收增长、自由现金流、研发投入效率,-,0.35,-1.8%,57.8%,-49683500.00,37.2%,-,-,未分红/不适用,-,4,6,80,Medium,低,排除,0,科技公司自由现金流为负；PB低但近5年出现亏损；PB低但近5年经营现金流多次为负；10年内亏损年份过多；10年ROE波动较大；长期ROE低于5%；近5年自由现金流多次为负；数据质量为Medium，筛选结果置信度中等
BOLT,US,"Bolt Biotherapeutics, Inc. - Common Stock",Biotechnology,科技,营收增长、自由现金流、研发投入效率,-,0.47,-87.3%,36.5%,-62360000.00,53.3%,-,-,未分红/不适用,10.3%,4,6,80,Medium,低,排除,0,科技公司自由现金流为负；PB低但近5年出现亏损；PB低但近5年经营现金流多次为负；10年内亏损年份过多；10年ROE波动较大；长期ROE低于5%；近5年自由现金流多次为负；数据质量为Medium，筛选结果置信度中等
BON,US,Bon Natural Life Limited - Class A Ordinary Shares,Specialty Chemicals,周期,利润波动、ROE波动、资本开支周期,-,0.14,7.9%,11.2%,-5297189.75,31.9%,-,-3.67,未分红/不适用,-14.5%,4,6,80,Medium,低,排除,0,周期行业利润弹性过大；PB低但近5年出现亏损；PB低但近5年经营现金流多次为负；10年净利润波动较大；近5年自由现金流多次为负；利息覆盖倍数过低；近5年营收增长偏弱；数据质量为Medium，筛选结果置信度中等
BOOM,US,DMC Global Inc. - Common Stock,Conglomerates,通用,ROE、现金流、资产负债率,-,0.62,-15.4%,32.4%,35662000.00,32.5%,-,-0.18,未分红/不适用,-2.3%,4,6,80,Medium,低,排除,0,PB低但近5年出现亏损；10年ROE波动较大；10年净利润波动较大；长期ROE低于5%；利息覆盖倍数过低；数据质量为Medium，筛选结果置信度中等
BOSC,US,B.O.S. Better Online Solutions - Ordinary Shares,Communication Equipment,通用,ROE、现金流、资产负债率,8.07,1.13,10.4%,2.0%,1428250.00,35.7%,6.7%,6.20,未分红/不适用,6.8%,4,6,80,Medium,低,通过,85,数据质量为Medium，筛选结果置信度中等
BOTJ,US,"Bank of the James Financial Group, Inc. - Common Stock",Banks - Regional,银行,不良率、拨备覆盖、资本充足率,9.55,1.29,14.0%,2.9%,8123250.00,92.3%,0.2%,-,未分红/不适用,4.4%,4,6,80,Medium,中,排除,30,银行需补充不良率/拨备/资本充足率专项数据；资产负债率过高；资产负债率相对偏高；数据质量为Medium，筛选结果置信度中等
BOXL,US,Boxlight Corporation - Class A Common Stock,Consumer Electronics,科技,营收增长、自由现金流、研发投入效率,-,0.91,-479.6%,963.0%,1490500.00,98.7%,-,-1.47,未分红/不适用,-21.0%,4,6,80,Medium,中,排除,0,科技公司营收增长转负；PB低但近5年出现亏损；10年内亏损年份过多；10年ROE波动较大；长期ROE低于5%；资产负债率过高；利息覆盖倍数过低；近5年营收明显下滑；资产负债率相对偏高；数据质量为Medium，筛选结果置信度中等
BPAC,US,Blueport Acquisition Ltd - Class A Ordinary Shares,-,通用,ROE、现金流、资产负债率,-,20.02,-0.0%,-,-,2.2%,-,-,未分红/不适用,-,1,0,20,Low,低,数据不足,0,长期ROE低于5%；数据年数不足，无法进行可靠筛选
BPOP,US,"Popular, Inc. - Common Stock",Banks - Regional,银行,不良率、拨备覆盖、资本充足率,10.58,1.47,15.4%,7.8%,632903500.00,91.7%,1.0%,-,未分红/不适用,1.2%,4,6,80,Medium,中,排除,30,银行需补充不良率/拨备/资本充足率专项数据；资产负债率过高；资产负债率相对偏高；数据质量为Medium，筛选结果置信度中等
BPRN,US,"Princeton Bancorp, Inc. - Common Stock",Banks - Regional,银行,不良率、拨备覆盖、资本充足率,12.19,0.86,8.4%,3.7%,19646500.00,88.2%,0.6%,-,未分红/不适用,4.9%,4,6,80,Medium,中,排除,30,银行需补充不良率/拨备/资本充足率专项数据；资产负债率过高；资产负债率相对偏高；数据质量为Medium，筛选结果置信度中等
BRAG,US,Bragg Gaming Group Inc. - Common Shares,Gambling,通用,ROE、现金流、资产负债率,-,0.59,-7.6%,3.7%,230500.00,36.9%,31.4%,-4.44,未分红/不适用,7.8%,4,6,80,Medium,低,排除,0,PB低但近5年出现亏损；10年内亏损年份过多；长期ROE低于5%；商誉占比偏高；利息覆盖倍数过低；数据质量为Medium，筛选结果置信度中等
BRAI,US,Braiin Limited - Common Stock,Computer Hardware,科技,营收增长、自由现金流、研发投入效率,-,-203.61,38.9%,45.0%,-,22.7%,-,-9.61,未分红/不适用,-,3,3,60,Medium,低,排除,0,PB低但近5年出现亏损；10年内亏损年份过多；10年ROE波动较大；10年净利润波动较大；利息覆盖倍数过低；数据质量为Medium，筛选结果置信度中等
BRBI,US,BRBI BR Partners S.A. - ADSs,Capital Markets,金融,杠杆、资产质量、资本约束,31.70,9.40,21.5%,3.7%,137268666.67,94.7%,-,-,未分红/不适用,42.0%,2,3,40,Low,高,数据不足,0,金融行业需专项资产质量与资本约束分析；高杠杆行业，需资产负债表专项分析；数据年数不足，无法进行可靠筛选
BRCB,US,"Black Rock Coffee Bar, Inc. - Class A Common Stock",Restaurants,通用,ROE、现金流、资产负债率,-,2.71,-0.1%,-,-17994000.00,68.9%,2.8%,-0.64,未分红/不适用,22.7%,3,0,60,Medium,中,排除,0,10年内亏损年份过多；10年净利润波动较大；长期ROE低于5%；近5年自由现金流多次为负；利息覆盖倍数过低；资产负债率相对偏高；数据质量为Medium，筛选结果置信度中等
BRFH,US,Barfresh Food Group Inc. - Common Stock,Beverages - Non-Alcoholic,消费,ROE、毛利率稳定性、分红稳定性,-,29.00,-253.3%,163.0%,-2244000.00,89.6%,-,-12.73,未分红/不适用,15.7%,4,6,80,Medium,中,排除,0,消费公司长期ROE不够突出；10年内亏损年份过多；10年ROE波动较大；长期ROE低于5%；近5年自由现金流多次为负；资产负债率过高；利息覆盖倍数过低；资产负债率相对偏高；数据质量为Medium，筛选结果置信度中等
BRID,US,Bridgford Foods Corporation - Common Stock,Packaged Foods,消费,ROE、毛利率稳定性、分红稳定性,-,1.03,6.0%,20.6%,-5976500.00,21.5%,-,-56.49,未分红/不适用,-4.6%,4,6,80,Medium,低,排除,0,消费公司长期ROE不够突出；10年ROE波动较大；10年净利润波动较大；近5年自由现金流多次为负；利息覆盖倍数过低；数据质量为Medium，筛选结果置信度中等
BRKR,US,Bruker Corporation - Common Stock,Medical Devices,通用,ROE、现金流、资产负债率,-,2.69,15.6%,14.9%,134575000.00,59.8%,24.8%,1.36,未分红/不适用,10.7%,4,6,80,Medium,低,排除,15,10年ROE波动较大；10年净利润波动较大；商誉占比偏高；利息覆盖倍数过低；数据质量为Medium，筛选结果置信度中等
BRLS,US,Borealis Foods Inc. - Class A Common Shares,Packaged Foods,消费,ROE、毛利率稳定性、分红稳定性,-,-2.29,933.0%,1805.7%,-18252235.50,101.2%,3.2%,-4.03,未分红/不适用,26.6%,4,0,80,Medium,低,排除,0,PB低但近5年出现亏损；PB低但近5年经营现金流多次为负；10年内亏损年份过多；10年ROE波动较大；10年净利润波动较大；近5年自由现金流多次为负；资产负债率过高；利息覆盖倍数过低；数据质量为Medium，筛选结果置信度中等
BRLT,US,"Brilliant Earth Group, Inc. - Class A Common Stock",Luxury Goods,通用,ROE、现金流、资产负债率,-,1.79,-0.5%,20.7%,9523000.00,60.4%,-,2.42,未分红/不适用,-0.2%,4,6,80,Medium,中,排除,0,10年ROE波动较大；10年净利润波动较大；长期ROE低于5%；利息覆盖倍数偏低；资产负债率相对偏高；数据质量为Medium，筛选结果置信度中等
BRR,US,"ProCap Financial, Inc. - Common Stock",Capital Markets,金融,杠杆、资产质量、资本约束,-,0.39,-,-,-,34.2%,-,-,未分红/不适用,-,0,3,0,Insufficient,高,数据不足,0,金融行业需专项资产质量与资本约束分析；高杠杆行业，需资产负债表专项分析；数据年数不足，无法进行可靠筛选
BRTX,US,"BioRestorative Therapies, Inc. - Common Stock",Biotechnology,科技,营收增长、自由现金流、研发投入效率,-,5.11,-1082.5%,1939.8%,-8049036.00,91.3%,-,-,未分红/不适用,44.3%,4,6,80,Medium,中,排除,0,科技公司自由现金流为负；10年内亏损年份过多；10年ROE波动较大；长期ROE低于5%；近5年自由现金流多次为负；资产负债率过高；资产负债率相对偏高；数据质量为Medium，筛选结果置信度中等
BRUN,US,Boost Run Inc. - Class A Common Stock,Software - Infrastructure,科技,营收增长、自由现金流、研发投入效率,-,30.97,-101.4%,139.4%,6109500.00,89.5%,-,-7.08,未分红/不适用,238.8%,2,3,40,Low,中,数据不足,0,10年ROE波动较大；10年净利润波动较大；长期ROE低于5%；资产负债率过高；利息覆盖倍数过低；资产负债率相对偏高；数据年数不足，无法进行可靠筛选
BRZE,US,"Braze, Inc. - Class A Common Stock",Software - Application,科技,营收增长、自由现金流、研发投入效率,-,3.70,-25.8%,5.1%,8052000.00,44.0%,23.5%,-,未分红/不适用,27.6%,4,6,80,Medium,低,排除,5,10年内亏损年份过多；长期ROE低于5%；商誉占比偏高；数据质量为Medium，筛选结果置信度中等
BSBK,US,Bogota Financial Corp. - Common Stock,Banks - Regional,银行,不良率、拨备覆盖、资本充足率,50.09,0.77,1.3%,2.7%,2928073.25,84.4%,-,-,未分红/不适用,-10.7%,4,6,80,Medium,中,排除,0,银行需补充不良率/拨备/资本充足率专项数据；PB低但近5年出现亏损；10年净利润波动较大；长期ROE低于5%；资产负债率偏高；近5年营收增长偏弱；资产负债率相对偏高；数据质量为Medium，筛选结果置信度中等
BSET,US,"Bassett Furniture Industries, Incorporated - Common Stock","Furnishings, Fixtures & Appliances",通用,ROE、现金流、资产负债率,22.92,0.75,7.4%,17.8%,-3807750.00,49.0%,2.2%,169.46,未分红/不适用,-11.6%,4,6,80,Medium,低,排除,0,PB低但近5年出现亏损；10年ROE波动较大；10年净利润波动较大；长期ROE偏低但PE不低；近5年营收增长偏弱；数据质量为Medium，筛选结果置信度中等
BSRR,US,Sierra Bancorp - Common Stock,Banks - Regional,银行,不良率、拨备覆盖、资本充足率,10.75,1.31,11.1%,0.6%,43075000.00,90.5%,0.7%,-,未分红/不适用,4.0%,4,6,80,Medium,中,排除,30,银行需补充不良率/拨备/资本充足率专项数据；资产负债率过高；资产负债率相对偏高；数据质量为Medium，筛选结果置信度中等
BSVN,US,Bank7 Corp. - Common stock,Banks - Regional,银行,不良率、拨备覆盖、资本充足率,9.01,1.54,18.9%,2.4%,44489000.00,87.2%,0.6%,-,未分红/不适用,10.0%,4,6,80,Medium,中,排除,30,银行需补充不良率/拨备/资本充足率专项数据；资产负债率过高；资产负债率相对偏高；数据质量为Medium，筛选结果置信度中等
BSY,US,"Bentley Systems, Incorporated - Class B Common Stock",Software - Application,科技,营收增长、自由现金流、研发投入效率,37.28,8.28,28.4%,6.8%,397231750.00,66.5%,69.8%,23.89,未分红/不适用,11.0%,4,6,80,Medium,低,排除,60,商誉占比过高；数据质量为Medium，筛选结果置信度中等
BTAI,US,"BioXcel Therapeutics, Inc. - Common Stock",Drug Manufacturers - Specialty & Generic,通用,ROE、现金流、资产负债率,-,-0.27,59.5%,217.8%,-145253000.00,312.5%,-,-3.12,未分红/不适用,19.6%,4,6,80,Medium,低,排除,0,PB低但近5年出现亏损；PB低但近5年经营现金流多次为负；10年内亏损年份过多；10年ROE波动较大；资产负债率过高；利息覆盖倍数过低；数据质量为Medium，筛选结果置信度中等
BTBD,US,"BT Brands, Inc. - Common Stock",Restaurants,通用,ROE、现金流、资产负债率,-,1.03,-14.8%,12.5%,-527347.75,40.3%,7.4%,-7.43,未分红/不适用,2.3%,4,6,80,Medium,低,排除,0,10年内亏损年份过多；10年ROE波动较大；长期ROE低于5%；近5年自由现金流多次为负；利息覆盖倍数过低；数据质量为Medium，筛选结果置信度中等
BTBT,US,"Bit Digital, Inc. - Ordinary Share",Capital Markets,金融,杠杆、资产质量、资本约束,-,0.81,-32.8%,56.7%,-193806499.25,26.3%,1.7%,-27.10,未分红/不适用,52.1%,4,6,80,Medium,高,排除,0,金融行业需专项资产质量与资本约束分析；PB低但近5年出现亏损；PB低但近5年经营现金流多次为负；10年内亏损年份过多；10年ROE波动较大；10年净利润波动较大；长期ROE低于5%；近5年自由现金流多次为负；利息覆盖倍数过低；高杠杆行业，需资产负债表专项分析；数据质量为Medium，筛选结果置信度中等
BTCS,US,BTCS Inc. - Common Stock,Capital Markets,金融,杠杆、资产质量、资本约束,-,0.63,-41.9%,88.2%,-4419791.50,35.0%,-,-8.48,未分红/不适用,113.6%,4,6,80,Medium,高,排除,0,金融行业需专项资产质量与资本约束分析；PB低但近5年出现亏损；PB低但近5年经营现金流多次为负；10年内亏损年份过多；10年ROE波动较大；10年净利润波动较大；长期ROE低于5%；近5年自由现金流多次为负；利息覆盖倍数过低；高杠杆行业，需资产负债表专项分析；数据质量为Medium，筛选结果置信度中等
BTCT,US,BTC Digital Ltd. - Ordinary Shares,Computer Hardware,科技,营收增长、自由现金流、研发投入效率,-,0.29,-423.1%,860.0%,-30829785.93,2.9%,-,-40.44,未分红/不适用,-,4,0,80,Medium,低,排除,0,科技公司自由现金流为负；PB低但近5年出现亏损；10年内亏损年份过多；10年ROE波动较大；10年净利润波动较大；长期ROE低于5%；近5年自由现金流多次为负；利息覆盖倍数过低；数据质量为Medium，筛选结果置信度中等
BTDR,US,Bitdeer Technologies Group - Ordinary Shares,Software - Application,科技,营收增长、自由现金流、研发投入效率,-,3.53,-61.3%,104.3%,-876725750.00,69.1%,1.3%,1.71,未分红/不适用,23.0%,4,6,80,Medium,中,排除,0,科技公司自由现金流为负；10年内亏损年份过多；10年ROE波动较大；10年净利润波动较大；长期ROE低于5%；近5年自由现金流多次为负；利息覆盖倍数偏低；资产负债率相对偏高；数据质量为Medium，筛选结果置信度中等
BTM,US,Bitcoin Depot Inc. - Class A Common Stock,Capital Markets,金融,杠杆、资产质量、资本约束,-,1.28,41.0%,92.2%,27876500.00,91.3%,6.7%,1.49,未分红/不适用,-1.7%,4,6,80,Medium,高,排除,0,金融行业需专项资产质量与资本约束分析；10年内亏损年份过多；10年ROE波动较大；10年净利润波动较大；利息覆盖倍数过低；高杠杆行业，需资产负债表专项分析；数据质量为Medium，筛选结果置信度中等
BTMD,US,Biote Corp. - Class A common stock,Medical Care Facilities,通用,ROE、现金流、资产负债率,4.64,-1.07,-14.6%,21.8%,19948000.00,146.8%,5.4%,4.43,未分红/不适用,5.2%,4,6,80,Medium,低,排除,0,PB低但近5年出现亏损；10年ROE波动较大；10年净利润波动较大；长期ROE低于5%；资产负债率过高；数据质量为Medium，筛选结果置信度中等
BTOC,US,Armlogi Holding Corp. - common stock,Integrated Freight & Logistics,通用,ROE、现金流、资产负债率,-,0.96,7.9%,49.1%,718585.75,85.3%,-,-22.67,未分红/不适用,50.3%,4,6,80,Medium,中,排除,0,PB低但近5年出现亏损；10年ROE波动较大；10年净利润波动较大；近5年自由现金流多次为负；资产负债率过高；利息覆盖倍数过低；资产负债率相对偏高；数据质量为Medium，筛选结果置信度中等
BTOG,US,Bit Origin Limited - Class A Ordinary Shares,Financial Data & Stock Exchanges,通用,ROE、现金流、资产负债率,-,0.46,23.9%,1031.1%,-14707425.00,-,-,-,未分红/不适用,-,4,6,80,Medium,未知,排除,0,PB低但近5年出现亏损；PB低但近5年经营现金流多次为负；10年内亏损年份过多；10年ROE波动较大；10年净利润波动较大；数据质量为Medium，筛选结果置信度中等
BTQ,US,BTQ Technologies Corp. - Common Stock,Software - Infrastructure,科技,营收增长、自由现金流、研发投入效率,-,17.97,-219.7%,246.7%,-8988147.00,6.4%,-,-,未分红/不适用,-,3,12,60,Medium,低,排除,0,科技公司自由现金流为负；10年内亏损年份过多；10年ROE波动较大；长期ROE低于5%；近5年自由现金流多次为负；数据质量为Medium，筛选结果置信度中等
BTTC,US,Black Titan Corp - Ordinary Shares,-,通用,ROE、现金流、资产负债率,42.33,0.73,18.4%,16.4%,153470.00,64.9%,-,16.10,未分红/不适用,3.7%,4,0,80,Medium,低,排除,30,PB低但近5年出现亏损；10年ROE波动较大；10年净利润波动较大；数据质量为Medium，筛选结果置信度中等
BULL,US,Webull Corporation - Class A Ordinary Shares,Software - Application,科技,营收增长、自由现金流、研发投入效率,-,3.66,-0.1%,2.5%,286907384.50,73.8%,0.8%,9.28,未分红/不适用,13.7%,4,0,80,Medium,中,排除,15,10年净利润波动较大；长期ROE低于5%；资产负债率偏高；资产负债率相对偏高；数据质量为Medium，筛选结果置信度中等
BUSE,US,First Busey Corporation - Common Stock,Banks - Regional,银行,不良率、拨备覆盖、资本充足率,10.60,0.91,8.6%,2.4%,167361250.00,86.4%,2.1%,-,未分红/不适用,16.9%,4,6,80,Medium,中,排除,30,银行需补充不良率/拨备/资本充足率专项数据；资产负债率过高；资产负债率相对偏高；数据质量为Medium，筛选结果置信度中等
BUUU,US,BUUU Group Limited - Class A Ordinary Share,Specialty Business Services,通用,ROE、现金流、资产负债率,-,322.09,65.7%,0.0%,98268.00,48.1%,-,41.98,未分红/不适用,64.2%,2,0,40,Low,低,数据不足,0,数据年数不足，无法进行可靠筛选
BVC,US,BitVentures Limited - Ordinary Share,Software - Application,科技,营收增长、自由现金流、研发投入效率,-,318.28,-28.2%,58.4%,7343990.13,84.7%,-,-11.54,未分红/不适用,-57.5%,4,0,80,Medium,中,排除,0,科技公司营收增长转负；10年内亏损年份过多；10年ROE波动较大；10年净利润波动较大；长期ROE低于5%；资产负债率偏高；利息覆盖倍数过低；近5年营收明显下滑；资产负债率相对偏高；数据质量为Medium，筛选结果置信度中等
BVFL,US,"BV Financial, Inc. - Common Stock",Banks - Regional,银行,不良率、拨备覆盖、资本充足率,14.62,0.88,7.7%,2.1%,14622500.00,79.9%,1.6%,-,未分红/不适用,3.9%,4,6,80,Medium,中,需专项分析,40,银行需补充不良率/拨备/资本充足率专项数据；长期ROE偏低但PE不低；资产负债率偏高；资产负债率相对偏高；数据质量为Medium，筛选结果置信度中等
BVS,US,Bioventus Inc. - Class A Common Stock,Medical Devices,通用,ROE、现金流、资产负债率,25.61,3.76,-37.7%,43.0%,25716750.00,66.6%,1.1%,1.97,未分红/不适用,3.5%,4,6,80,Medium,中,排除,0,10年内亏损年份过多；10年ROE波动较大；10年净利润波动较大；长期ROE低于5%；利息覆盖倍数偏低；资产负债率相对偏高；数据质量为Medium，筛选结果置信度中等
BWB,US,"Bridgewater Bancshares, Inc. - Common Stock",Banks - Regional,银行,不良率、拨备覆盖、资本充足率,10.24,1.09,9.8%,2.7%,43668000.00,90.4%,0.2%,-,未分红/不适用,1.6%,4,6,80,Medium,中,排除,30,银行需补充不良率/拨备/资本充足率专项数据；资产负债率过高；资产负债率相对偏高；数据质量为Medium，筛选结果置信度中等
BWEN,US,"Broadwind, Inc. - Common Stock",Specialty Industrial Machinery,通用,ROE、现金流、资产负债率,17.52,1.42,0.6%,15.2%,-2158250.00,43.2%,-,2.57,未分红/不适用,-3.7%,4,6,80,Medium,低,排除,15,10年ROE波动较大；10年净利润波动较大；长期ROE低于5%；利息覆盖倍数偏低；数据质量为Medium，筛选结果置信度中等
BWFG,US,"Bankwell Financial Group, Inc. - Common Stock",Banks - Regional,银行,不良率、拨备覆盖、资本充足率,10.14,1.26,11.2%,5.3%,41011000.00,91.0%,0.1%,-,未分红/不适用,3.5%,4,6,80,Medium,中,排除,30,银行需补充不良率/拨备/资本充足率专项数据；资产负债率过高；资产负债率相对偏高；数据质量为Medium，筛选结果置信度中等
BWIN,US,"The Baldwin Insurance Group, Inc. - Class A Common Stock",Insurance Brokers,保险,偿付能力、久期缺口、投资收益质量,-,2.03,-8.2%,5.4%,-26078000.00,71.9%,39.3%,-,未分红/不适用,15.4%,4,6,80,Medium,中,排除,0,保险需补充偿付能力/久期缺口专项数据；10年内亏损年份过多；长期ROE低于5%；近5年自由现金流多次为负；资产负债率偏高；商誉占比偏高；资产负债率相对偏高；数据质量为Medium，筛选结果置信度中等
BWMN,US,Bowman Consulting Group Ltd. - Common Stock,Engineering & Construction,周期,利润波动、ROE波动、资本开支周期,51.26,2.17,1.5%,4.1%,17927750.00,55.0%,29.9%,-,未分红/不适用,23.3%,4,6,80,Medium,低,排除,15,周期行业利润弹性过大；10年净利润波动较大；长期ROE低于5%；商誉占比偏高；数据质量为Medium，筛选结果置信度中等
BYAH,US,"Park Ha Biological Technology Co., Ltd. - Class A Ordinary Shares",Household & Personal Products,科技,营收增长、自由现金流、研发投入效率,-,0.23,-91.7%,347.7%,601551.25,32.9%,-,-587416.24,未分红/不适用,9.6%,4,6,80,Medium,低,排除,0,PB低但近5年出现亏损；10年ROE波动较大；10年净利润波动较大；长期ROE低于5%；利息覆盖倍数过低；数据质量为Medium，筛选结果置信度中等
BYFC,US,Broadway Financial Corporation - Class A Common Stock,Banks - Regional,银行,不良率、拨备覆盖、资本充足率,-,0.82,-1.3%,5.5%,3376333.33,80.5%,0.0%,-,未分红/不适用,0.8%,4,6,80,Medium,中,排除,0,银行需补充不良率/拨备/资本充足率专项数据；PB低但近5年出现亏损；10年净利润波动较大；长期ROE低于5%；资产负债率偏高；资产负债率相对偏高；数据质量为Medium，筛选结果置信度中等
BYND,US,"Beyond Meat, Inc. - Common stock",Packaged Foods,消费,ROE、毛利率稳定性、分红稳定性,-,-17.82,-4395.6%,8973.0%,-194749000.00,100.2%,-,16.62,未分红/不适用,-13.0%,4,6,80,Medium,低,排除,0,消费公司长期ROE不够突出；PB低但近5年出现亏损；PB低但近5年经营现金流多次为负；10年内亏损年份过多；10年ROE波动较大；10年净利润波动较大；长期ROE低于5%；近5年自由现金流多次为负；资产负债率过高；近5年营收增长偏弱；数据质量为Medium，筛选结果置信度中等
BYRN,US,"Byrna Technologies, Inc. - Common Stock",Aerospace & Defense,通用,ROE、现金流、资产负债率,14.14,1.74,0.4%,21.9%,-3480750.00,22.2%,2.7%,-,未分红/不适用,35.0%,4,6,80,Medium,低,排除,30,10年ROE波动较大；10年净利润波动较大；长期ROE低于5%；数据质量为Medium，筛选结果置信度中等
BYSI,US,"BeyondSpring, Inc. - Ordinary Shares",Biotechnology,科技,营收增长、自由现金流、研发投入效率,-,-1.75,168.0%,260.9%,-20311250.00,192.5%,-,-,未分红/不适用,-,4,6,80,Medium,低,排除,0,科技公司自由现金流为负；PB低但近5年出现亏损；PB低但近5年经营现金流多次为负；10年内亏损年份过多；10年ROE波动较大；10年净利润波动较大；近5年自由现金流多次为负；资产负债率过高；数据质量为Medium，筛选结果置信度中等
BZAI,US,"Blaize Holdings, Inc. - Common Stock",Software - Application,科技,营收增长、自由现金流、研发投入效率,-,4.73,-80.6%,305.8%,-43060835.25,61.8%,-,-,未分红/不适用,115.9%,4,0,80,Medium,低,排除,0,科技公司自由现金流为负；10年内亏损年份过多；10年ROE波动较大；10年净利润波动较大；长期ROE低于5%；近5年自由现金流多次为负；数据质量为Medium，筛选结果置信度中等
BZFD,US,"BuzzFeed, Inc. - Class A Common Stock",Internet Content & Information,科技,营收增长、自由现金流、研发投入效率,-,1.36,-78.3%,48.1%,-28297750.00,73.4%,7.0%,-8.97,未分红/不适用,-17.2%,4,6,80,Medium,中,排除,0,科技公司营收增长转负；科技公司自由现金流为负；10年内亏损年份过多；10年ROE波动较大；10年净利润波动较大；长期ROE低于5%；近5年自由现金流多次为负；资产负债率偏高；利息覆盖倍数过低；近5年营收明显下滑；资产负债率相对偏高；数据质量为Medium，筛选结果置信度中等
CAAS,US,"China Automotive Systems, Inc. - Ordinary Share",Auto Parts,通用,ROE、现金流、资产负债率,3.32,0.35,9.2%,1.9%,15594750.00,55.0%,-,37.08,未分红/不适用,13.1%,4,6,80,Medium,低,通过,85,数据质量为Medium，筛选结果置信度中等
CABA,US,"Cabaletta Bio, Inc. - Common Stock",Biotechnology,科技,营收增长、自由现金流、研发投入效率,-,3.06,-76.3%,52.7%,-81452750.00,32.1%,-,-82.76,未分红/不适用,-,4,6,80,Medium,低,排除,0,科技公司自由现金流为负；10年内亏损年份过多；10年ROE波动较大；长期ROE低于5%；近5年自由现金流多次为负；利息覆盖倍数过低；数据质量为Medium，筛选结果置信度中等
CABR,US,"Caring Brands, Inc. - Common Stock",Drug Manufacturers - Specialty & Generic,通用,ROE、现金流、资产负债率,-,6.56,-97.7%,181.0%,-,10.1%,-,-,未分红/不适用,-54.6%,3,0,60,Medium,低,排除,0,10年内亏损年份过多；10年ROE波动较大；10年净利润波动较大；长期ROE低于5%；近5年营收明显下滑；数据质量为Medium，筛选结果置信度中等
CAC,US,Camden National Corporation - Common Stock,Banks - Regional,银行,不良率、拨备覆盖、资本充足率,10.04,1.12,10.4%,2.2%,70361750.00,90.0%,2.2%,-,未分红/不适用,10.5%,4,6,80,Medium,中,排除,30,银行需补充不良率/拨备/资本充足率专项数据；资产负债率过高；资产负债率相对偏高；数据质量为Medium，筛选结果置信度中等
CACC,US,Credit Acceptance Corporation - Common Stock,Credit Services,通用,ROE、现金流、资产负债率,13.58,3.75,22.8%,9.0%,1156125000.00,82.3%,-,-,未分红/不适用,7.9%,4,6,80,Medium,中,警惕,70,资产负债率偏高；资产负债率相对偏高；数据质量为Medium，筛选结果置信度中等
CADL,US,"Candel Therapeutics, Inc. - Common Stock",Biotechnology,科技,营收增长、自由现金流、研发投入效率,-,4.55,-123.4%,117.7%,-33338500.00,58.5%,-,-17.02,未分红/不适用,-,4,6,80,Medium,低,排除,0,科技公司自由现金流为负；10年内亏损年份过多；10年ROE波动较大；长期ROE低于5%；近5年自由现金流多次为负；利息覆盖倍数过低；数据质量为Medium，筛选结果置信度中等
CAEP,US,"Cantor Equity Partners III, Inc. - Class A Ordinary Shares",Shell Companies,通用,ROE、现金流、资产负债率,68.29,-68.29,-30.5%,105.7%,-,0.7%,-,-,未分红/不适用,-,4,0,80,Medium,低,排除,0,PB低但近5年出现亏损；10年内亏损年份过多；10年ROE波动较大；10年净利润波动较大；长期ROE低于5%；数据质量为Medium，筛选结果置信度中等
CAI,US,"Caris Life Sciences, Inc. - Common Stock",Biotechnology,科技,营收增长、自由现金流、研发投入效率,-,7.16,8.6%,13.9%,-203282000.00,48.7%,1.7%,-0.20,未分红/不适用,46.5%,4,0,80,Medium,低,排除,0,科技公司自由现金流为负；10年内亏损年份过多；10年ROE波动较大；近5年自由现金流多次为负；利息覆盖倍数过低；数据质量为Medium，筛选结果置信度中等
CAKE,US,The Cheesecake Factory Incorporated - Common Stock,Restaurants,通用,ROE、现金流、资产负债率,17.47,6.46,29.0%,9.6%,93722000.00,86.6%,0.0%,16.59,未分红/不适用,4.3%,4,6,80,Medium,中,排除,45,资产负债率过高；资产负债率相对偏高；数据质量为Medium，筛选结果置信度中等
CALC,US,"CalciMedica, Inc. - Common Stock",Biotechnology,科技,营收增长、自由现金流、研发投入效率,-,-9.38,3.4%,361.4%,-19982250.00,148.9%,-,-19.79,未分红/不适用,-,4,6,80,Medium,低,排除,0,科技公司自由现金流为负；PB低但近5年出现亏损；PB低但近5年经营现金流多次为负；10年内亏损年份过多；10年ROE波动较大；长期ROE低于5%；近5年自由现金流多次为负；资产负债率过高；利息覆盖倍数过低；数据质量为Medium，筛选结果置信度中等
CALM,US,"Cal-Maine Foods, Inc. - Common Stock",Farm Products,消费,ROE、毛利率稳定性、分红稳定性,5.48,1.38,30.5%,19.5%,537003000.00,16.8%,1.5%,2620.51,未分红/不适用,33.9%,4,6,80,Medium,低,警惕,70,10年ROE波动较大；10年净利润波动较大；数据质量为Medium，筛选结果置信度中等
CAMP,US,CAMP4 Therapeutics Corporation - Common Stock,Biotechnology,科技,营收增长、自由现金流、研发投入效率,-,7.41,-38.4%,106.6%,-40809000.00,59.5%,-,-,未分红/不适用,-,4,0,80,Medium,低,排除,0,科技公司自由现金流为负；10年内亏损年份过多；10年ROE波动较大；长期ROE低于5%；近5年自由现金流多次为负；数据质量为Medium，筛选结果置信度中等
CAMT,US,Camtek Ltd. - Ordinary Shares,Semiconductor Equipment & Materials,科技,营收增长、自由现金流、研发投入效率,173.84,11.49,16.8%,6.1%,89876750.00,51.0%,5.9%,32.60,未分红/不适用,15.6%,4,6,80,Medium,低,通过,85,数据质量为Medium，筛选结果置信度中等
CAPR,US,"Capricor Therapeutics, Inc. - Common Stock",Biotechnology,科技,营收增长、自由现金流、研发投入效率,-,5.39,-101.8%,101.5%,-37289336.50,14.1%,-,-33.49,未分红/不适用,-,4,6,80,Medium,低,排除,0,科技公司自由现金流为负；10年内亏损年份过多；10年ROE波动较大；长期ROE低于5%；近5年自由现金流多次为负；利息覆盖倍数过低；数据质量为Medium，筛选结果置信度中等
CAPS,US,Capstone Holding Corp. - Common Stock,Building Materials,周期,利润波动、ROE波动、资本开支周期,-,0.21,-48.0%,122.4%,-623000.00,72.0%,35.9%,-2.62,未分红/不适用,-8.7%,4,6,80,Medium,中,排除,0,周期行业ROE波动显著；周期行业利润弹性过大；PB低但近5年出现亏损；10年内亏损年份过多；10年ROE波动较大；10年净利润波动较大；长期ROE低于5%；资产负债率偏高；商誉占比偏高；利息覆盖倍数过低；近5年营收增长偏弱；资产负债率相对偏高；数据质量为Medium，筛选结果置信度中等
CAR,US,"Avis Budget Group, Inc. - Common Stock",Rental & Leasing Services,通用,ROE、现金流、资产负债率,-,-1.54,-188.5%,281.7%,-9045500000.00,109.7%,3.6%,-1.20,未分红/不适用,-4.3%,4,6,80,Medium,低,排除,0,PB低但近5年出现亏损；10年ROE波动较大；10年净利润波动较大；长期ROE低于5%；近5年自由现金流多次为负；资产负债率过高；利息覆盖倍数过低；数据质量为Medium，筛选结果置信度中等
CARE,US,"Carter Bankshares, Inc. - Common Stock",Banks - Regional,银行,不良率、拨备覆盖、资本充足率,5.38,1.15,8.9%,4.2%,40611250.00,91.3%,0.0%,-,未分红/不适用,-2.1%,4,6,80,Medium,中,排除,30,银行需补充不良率/拨备/资本充足率专项数据；资产负债率过高；资产负债率相对偏高；数据质量为Medium，筛选结果置信度中等
CARG,US,"CarGurus, Inc. - Class A Common Stock",Auto & Truck Dealerships,通用,ROE、现金流、资产负债率,15.74,7.58,15.8%,17.6%,187415250.00,43.5%,4.3%,-,未分红/不适用,-18.2%,4,6,80,Medium,低,排除,30,10年ROE波动较大；10年净利润波动较大；近5年营收明显下滑；数据质量为Medium，筛选结果置信度中等
CARL,US,"Carlsmed, Inc. - Common Stock",Health Information Services,通用,ROE、现金流、资产负债率,-,3.27,15.1%,39.2%,-24531666.67,24.0%,-,-19.72,未分红/不适用,91.5%,3,0,60,Medium,低,排除,0,10年内亏损年份过多；10年ROE波动较大；近5年自由现金流多次为负；利息覆盖倍数过低；数据质量为Medium，筛选结果置信度中等
CART,US,Maplebear Inc. - Common Stock,Internet Retail,科技,营收增长、自由现金流、研发投入效率,21.88,3.89,-169.9%,333.8%,579500000.00,31.7%,10.7%,-,未分红/不适用,13.6%,4,6,80,Medium,低,排除,30,10年ROE波动较大；10年净利润波动较大；长期ROE低于5%；数据质量为Medium，筛选结果置信度中等
CASH,US,"Pathward Financial, Inc. - Common Stock",Banks - Regional,银行,不良率、拨备覆盖、资本充足率,9.51,2.01,22.6%,0.8%,44458250.00,88.0%,4.2%,-,未分红/不适用,9.1%,4,6,80,Medium,中,排除,30,银行需补充不良率/拨备/资本充足率专项数据；资产负债率过高；资产负债率相对偏高；数据质量为Medium，筛选结果置信度中等
CASS,US,"Cass Information Systems, Inc - Common Stock",Specialty Business Services,通用,ROE、现金流、资产负债率,19.61,2.44,13.2%,3.6%,33238000.00,90.7%,0.6%,-,未分红/不适用,1.1%,4,6,80,Medium,中,排除,45,资产负债率过高；资产负债率相对偏高；数据质量为Medium，筛选结果置信度中等
CAST,US,"FreeCast, Inc. - Class A common stock",Broadcasting,通用,ROE、现金流、资产负债率,-,-19.36,141.5%,89.5%,-7805999.75,-,-,-,未分红/不适用,-9.8%,4,6,80,Medium,未知,排除,0,PB低但近5年出现亏损；PB低但近5年经营现金流多次为负；10年内亏损年份过多；10年ROE波动较大；近5年自由现金流多次为负；近5年营收增长偏弱；数据质量为Medium，筛选结果置信度中等
CASY,US,"Caseys General Stores, Inc. - Common Stock",Specialty Retail,消费,ROE、毛利率稳定性、分红稳定性,49.85,8.36,16.0%,0.8%,455807000.00,57.3%,15.2%,-,未分红/不适用,7.2%,4,0,80,Medium,低,通过,85,数据质量为Medium，筛选结果置信度中等
CATY,US,Cathay General Bancorp - Common Stock,Banks - Regional,银行,不良率、拨备覆盖、资本充足率,11.51,1.25,12.1%,2.1%,383621250.00,87.9%,1.6%,-,未分红/不适用,1.1%,4,6,80,Medium,中,排除,30,银行需补充不良率/拨备/资本充足率专项数据；资产负债率过高；资产负债率相对偏高；数据质量为Medium，筛选结果置信度中等
CBAT,US,"CBAK Energy Technology, Inc. - Common Stock",Electrical Equipment & Parts,科技,营收增长、自由现金流、研发投入效率,-,0.61,-2.2%,8.4%,10856987.00,74.3%,-,-,未分红/不适用,-7.8%,4,6,80,Medium,中,排除,0,科技公司营收增长转负；PB低但近5年出现亏损；10年内亏损年份过多；10年净利润波动较大；长期ROE低于5%；资产负债率偏高；近5年营收增长偏弱；资产负债率相对偏高；数据质量为Medium，筛选结果置信度中等
CBC,US,"Central Bancompany, Inc. - Class A Common Stock",Banks - Regional,银行,不良率、拨备覆盖、资本充足率,893.17,1.69,10.2%,0.4%,293898000.00,81.8%,1.7%,-,未分红/不适用,10.8%,4,6,80,Medium,中,需专项分析,55,银行需补充不良率/拨备/资本充足率专项数据；资产负债率偏高；资产负债率相对偏高；数据质量为Medium，筛选结果置信度中等
CBFV,US,"CB Financial Services, Inc. - Common Stock",Banks - Regional,银行,不良率、拨备覆盖、资本充足率,26.66,1.11,9.5%,5.4%,11294250.00,89.8%,0.6%,-,未分红/不适用,-6.0%,4,6,80,Medium,中,排除,15,银行需补充不良率/拨备/资本充足率专项数据；资产负债率过高；近5年营收增长偏弱；资产负债率相对偏高；数据质量为Medium，筛选结果置信度中等
CBIO,US,"Crescent Biopharma, Inc. - Common Stock",Biotechnology,科技,营收增长、自由现金流、研发投入效率,-,3.59,-75.8%,-,-144451000.00,15.5%,-,-68.54,未分红/不适用,-,1,3,20,Low,低,数据不足,0,科技公司自由现金流为负；长期ROE低于5%；利息覆盖倍数过低；数据年数不足，无法进行可靠筛选
CBK,US,"Commercial Bancgroup, Inc. - Common Stock",Banks - Regional,银行,不良率、拨备覆盖、资本充足率,9.88,1.28,14.5%,1.6%,35528442.67,87.5%,0.4%,-,未分红/不适用,5.2%,3,0,60,Medium,中,排除,30,银行需补充不良率/拨备/资本充足率专项数据；资产负债率过高；资产负债率相对偏高；数据质量为Medium，筛选结果置信度中等
CBLL,US,"CeriBell, Inc. - Common Stock",Medical Devices,通用,ROE、现金流、资产负债率,-,4.44,3.4%,37.1%,-35154500.00,20.7%,-,-27.26,未分红/不适用,50.9%,4,0,80,Medium,低,排除,0,10年内亏损年份过多；10年ROE波动较大；长期ROE低于5%；近5年自由现金流多次为负；利息覆盖倍数过低；数据质量为Medium，筛选结果置信度中等
CBNK,US,"Capital Bancorp, Inc. - Common Stock",Banks - Regional,银行,不良率、拨备覆盖、资本充足率,9.13,1.21,13.9%,4.1%,48804500.00,88.9%,0.7%,-,未分红/不适用,12.7%,4,6,80,Medium,中,排除,30,银行需补充不良率/拨备/资本充足率专项数据；资产负债率过高；资产负债率相对偏高；数据质量为Medium，筛选结果置信度中等
CBRL,US,"Cracker Barrel Old Country Store, Inc. - Common Stock",Restaurants,通用,ROE、现金流、资产负债率,-,1.58,16.4%,8.1%,82705500.00,78.6%,-,2.84,未分红/不适用,2.2%,4,6,80,Medium,中,警惕,55,资产负债率偏高；利息覆盖倍数偏低；资产负债率相对偏高；数据质量为Medium，筛选结果置信度中等
CBRS,US,Cerebras Systems Inc. - Class A Common Stock,Semiconductors,科技,营收增长、自由现金流、研发投入效率,721.18,-29.13,17.4%,40.5%,-56170250.00,124.9%,-,-,未分红/不适用,174.6%,4,0,80,Medium,低,排除,0,科技公司自由现金流为负；PB低但近5年出现亏损；PB低但近5年经营现金流多次为负；10年内亏损年份过多；10年ROE波动较大；10年净利润波动较大；近5年自由现金流多次为负；资产负债率过高；数据质量为Medium，筛选结果置信度中等
CBSH,US,"Commerce Bancshares, Inc. - Common Stock",Banks - Regional,银行,不良率、拨备覆盖、资本充足率,12.49,1.73,16.7%,2.1%,504750750.00,88.4%,0.4%,-,未分红/不适用,5.4%,4,6,80,Medium,中,排除,30,银行需补充不良率/拨备/资本充足率专项数据；资产负债率过高；资产负债率相对偏高；数据质量为Medium，筛选结果置信度中等
CBUS,US,"Cibus, Inc. - Class A Common Stock",Biotechnology,科技,营收增长、自由现金流、研发投入效率,-,3.58,-294.9%,206.8%,-45358750.00,92.8%,76.2%,-2.73,未分红/不适用,185.1%,4,6,80,Medium,中,排除,0,科技公司自由现金流为负；10年内亏损年份过多；10年ROE波动较大；长期ROE低于5%；近5年自由现金流多次为负；资产负债率过高；商誉占比过高；利息覆盖倍数过低；资产负债率相对偏高；数据质量为Medium，筛选结果置信度中等
CCAP,US,"Crescent Capital BDC, Inc. - Common Stock",Asset Management,通用,ROE、现金流、资产负债率,28.07,0.59,7.2%,4.1%,-,56.5%,-,-,未分红/不适用,27.0%,4,6,80,Medium,低,警惕,85,长期ROE偏低但PE不低；数据质量为Medium，筛选结果置信度中等
CCB,US,Coastal Financial Corporation - Common Stock,Banks - Regional,银行,不良率、拨备覆盖、资本充足率,21.32,2.07,12.9%,3.5%,186397250.00,89.6%,-,-,未分红/不适用,24.1%,4,6,80,Medium,中,排除,30,银行需补充不良率/拨备/资本充足率专项数据；资产负债率过高；资产负债率相对偏高；数据质量为Medium，筛选结果置信度中等
CCBG,US,Capital City Bank Group - Common Stock,Banks - Regional,银行,不良率、拨备覆盖、资本充足率,12.98,1.40,10.5%,1.4%,67254000.00,87.4%,2.0%,-,未分红/不适用,8.1%,4,6,80,Medium,中,排除,30,银行需补充不良率/拨备/资本充足率专项数据；资产负债率过高；资产负债率相对偏高；数据质量为Medium，筛选结果置信度中等
CCC,US,CCC Intelligent Solutions Holdings Inc. - Common Stock,Software - Application,科技,营收增长、自由现金流、研发投入效率,70.92,1.45,-0.5%,3.2%,208084750.00,50.0%,54.7%,1.30,未分红/不适用,10.5%,4,6,80,Medium,低,排除,0,10年净利润波动较大；长期ROE低于5%；商誉占比过高；利息覆盖倍数过低；数据质量为Medium，筛选结果置信度中等
CCCC,US,"C4 Therapeutics, Inc. - Common Stock",Biotechnology,科技,营收增长、自由现金流、研发投入效率,-,1.27,-47.0%,5.6%,-96154750.00,28.5%,-,-,未分红/不适用,5.0%,4,6,80,Medium,低,排除,0,科技公司自由现金流为负；10年内亏损年份过多；长期ROE低于5%；近5年自由现金流多次为负；数据质量为Medium，筛选结果置信度中等
CCEC,US,Capital Clean Energy Carriers Corp. - Common Share,Marine Shipping,周期,利润波动、ROE波动、资本开支周期,12.65,0.84,12.9%,2.1%,-287366250.00,63.4%,-,2.10,未分红/不适用,28.0%,4,6,80,Medium,低,警惕,70,近5年自由现金流多次为负；利息覆盖倍数偏低；数据质量为Medium，筛选结果置信度中等
CCEP,US,Coca-Cola Europacific Partners plc - Ordinary Shares,Beverages - Non-Alcoholic,消费,ROE、毛利率稳定性、分红稳定性,17.98,4.37,20.7%,3.3%,2112000000.00,72.2%,15.2%,10.38,未分红/不适用,6.5%,4,6,80,Medium,中,警惕,70,资产负债率偏高；资产负债率相对偏高；数据质量为Medium，筛选结果置信度中等
CCG,US,Cheche Group Inc. - Class A Ordinary Shares,Internet Content & Information,科技,营收增长、自由现金流、研发投入效率,-,1.05,-14.3%,21.1%,-86005750.00,75.9%,5.7%,-6.98,未分红/不适用,4.0%,4,6,80,Medium,中,排除,0,科技公司自由现金流为负；10年内亏损年份过多；10年ROE波动较大；长期ROE低于5%；近5年自由现金流多次为负；资产负债率偏高；利息覆盖倍数过低；资产负债率相对偏高；数据质量为Medium，筛选结果置信度中等
CCHH,US,CCH Holdings Ltd - Class A Ordinary Shares,Restaurants,通用,ROE、现金流、资产负债率,19.45,1.07,11.8%,4.1%,-556138.50,44.4%,-,10.73,未分红/不适用,-8.8%,2,0,40,Low,低,数据不足,0,近5年营收增长偏弱；数据年数不足，无法进行可靠筛选
CCIX,US,Churchill Capital Corp IX - Ordinary Shares,Shell Companies,通用,ROE、现金流、资产负债率,46.83,-39.16,3.0%,0.1%,-,3.3%,-,-,未分红/不适用,-,2,3,40,Low,低,数据不足,0,长期ROE低于5%；数据年数不足，无法进行可靠筛选
CCLD,US,"CareCloud, Inc. - Common Stock",Health Information Services,通用,ROE、现金流、资产负债率,16.45,1.56,-19.4%,65.1%,11750500.00,32.1%,35.9%,39.32,未分红/不适用,-4.6%,4,6,80,Medium,低,排除,15,10年ROE波动较大；10年净利润波动较大；长期ROE低于5%；商誉占比偏高；数据质量为Medium，筛选结果置信度中等
CCNE,US,CNB Financial Corporation - Common Stock,Banks - Regional,银行,不良率、拨备覆盖、资本充足率,10.41,1.05,9.6%,1.8%,50423250.00,89.6%,1.1%,-,未分红/不适用,8.0%,4,6,80,Medium,中,排除,30,银行需补充不良率/拨备/资本充足率专项数据；资产负债率过高；资产负债率相对偏高；数据质量为Medium，筛选结果置信度中等
CCOI,US,"Cogent Communications Holdings, Inc. - Common Stock",Telecom Services,通用,ROE、现金流、资产负债率,-,-7.35,100.4%,176.2%,-104835500.00,102.1%,-,-0.52,未分红/不适用,17.6%,4,6,80,Medium,低,排除,0,PB低但近5年出现亏损；10年ROE波动较大；10年净利润波动较大；近5年自由现金流多次为负；资产负债率过高；利息覆盖倍数过低；数据质量为Medium，筛选结果置信度中等
CCRN,US,"Cross Country Healthcare, Inc. - Common Stock",Medical Care Facilities,通用,ROE、现金流、资产负债率,-,1.31,5.8%,29.6%,127820000.00,28.1%,14.2%,-36.69,未分红/不适用,-27.8%,4,6,80,Medium,低,排除,0,10年ROE波动较大；10年净利润波动较大；利息覆盖倍数过低；近5年营收明显下滑；数据质量为Medium，筛选结果置信度中等
CCSI,US,"Consensus Cloud Solutions, Inc. - Common Stock",Software - Infrastructure,科技,营收增长、自由现金流、研发投入效率,6.32,39.87,107.2%,339.6%,80979000.00,97.9%,53.2%,4.21,未分红/不适用,-1.2%,4,6,80,Medium,中,排除,0,科技公司营收增长转负；10年ROE波动较大；资产负债率过高；商誉占比过高；资产负债率相对偏高；数据质量为Medium，筛选结果置信度中等
CCTG,US,CCSC Technology International Holdings Limited - Class A Ordinary Shares,Electrical Equipment & Parts,科技,营收增长、自由现金流、研发投入效率,-,0.06,5.4%,20.0%,-618295.75,30.0%,-,-,未分红/不适用,-13.4%,4,0,80,Medium,低,排除,0,科技公司营收增长转负；科技公司自由现金流为负；PB低但近5年出现亏损；10年ROE波动较大；10年净利润波动较大；近5年营收增长偏弱；数据质量为Medium，筛选结果置信度中等
CCXI,US,Churchill Capital Corp XI - Class A Ordinary Shares,Shell Companies,通用,ROE、现金流、资产负债率,-,-40.31,-,-,-,3.9%,-,-,未分红/不适用,-,0,3,0,Insufficient,低,数据不足,0,数据年数不足，无法进行可靠筛选
CD,US,Chaince Digital Holdings Inc. - American Ordinary Shares,Capital Markets,金融,杠杆、资产质量、资本约束,-,12.70,-29.1%,18.1%,-3642876.67,5.5%,-,-,未分红/不适用,29.3%,4,6,80,Medium,高,排除,0,金融行业需专项资产质量与资本约束分析；10年内亏损年份过多；10年ROE波动较大；长期ROE低于5%；近5年自由现金流多次为负；高杠杆行业，需资产负债表专项分析；数据质量为Medium，筛选结果置信度中等
CDIO,US,Cardio Diagnostics Holdings Inc. - Common stock,Biotechnology,科技,营收增长、自由现金流、研发投入效率,-,0.40,-143.1%,93.8%,-5794256.25,10.2%,-,-438.04,未分红/不适用,149.9%,4,6,80,Medium,低,排除,0,科技公司自由现金流为负；PB低但近5年出现亏损；PB低但近5年经营现金流多次为负；10年内亏损年份过多；10年ROE波动较大；长期ROE低于5%；近5年自由现金流多次为负；利息覆盖倍数过低；数据质量为Medium，筛选结果置信度中等
CDLX,US,"Cardlytics, Inc. - Common Stock",Advertising Agencies,通用,ROE、现金流、资产负债率,-,-5.39,250.0%,896.3%,-28645250.00,102.3%,38.6%,-8.74,未分红/不适用,-7.9%,4,6,80,Medium,低,排除,0,PB低但近5年出现亏损；PB低但近5年经营现金流多次为负；10年内亏损年份过多；10年ROE波动较大；近5年自由现金流多次为负；资产负债率过高；商誉占比偏高；利息覆盖倍数过低；近5年营收增长偏弱；数据质量为Medium，筛选结果置信度中等
CDNA,US,"CareDx, Inc. - Common Stock",Diagnostics & Research,通用,ROE、现金流、资产负债率,-,3.26,-20.9%,37.0%,-2548250.00,26.7%,9.8%,-,未分红/不适用,5.7%,4,6,80,Medium,低,排除,0,10年内亏损年份过多；10年ROE波动较大；10年净利润波动较大；长期ROE低于5%；数据质量为Medium，筛选结果置信度中等
CDNL,US,Cardinal Infrastructure Group Inc. - Class A Common Stock,Engineering & Construction,周期,利润波动、ROE波动、资本开支周期,34.46,11.38,38.8%,-,-5914341.00,64.6%,6.0%,5.84,未分红/不适用,-,1,11,20,Low,中,数据不足,0,资产负债率相对偏高；数据年数不足，无法进行可靠筛选
CDNS,US,"Cadence Design Systems, Inc. - Common Stock",Software - Application,科技,营收增长、自由现金流、研发投入效率,81.27,14.49,26.1%,5.5%,1267317750.00,46.1%,27.1%,14.06,未分红/不适用,14.1%,4,6,80,Medium,低,警惕,85,商誉占比偏高；数据质量为Medium，筛选结果置信度中等
CDRO,US,"Codere Online Luxembourg, S.A. - Ordinary Shares",Gambling,通用,ROE、现金流、资产负债率,309.00,12.54,-45.2%,97.3%,-8559000.00,64.5%,-,-,未分红/不适用,22.0%,4,6,80,Medium,低,排除,30,10年ROE波动较大；10年净利润波动较大；长期ROE低于5%；数据质量为Medium，筛选结果置信度中等
CDT,US,CDT Equity Inc. - Common Stock,Biotechnology,科技,营收增长、自由现金流、研发投入效率,-,-0.02,243.7%,221.0%,-13845500.00,226.9%,-,-121.96,未分红/不适用,-,4,6,80,Medium,低,排除,0,科技公司自由现金流为负；PB低但近5年出现亏损；PB低但近5年经营现金流多次为负；10年内亏损年份过多；10年ROE波动较大；10年净利润波动较大；资产负债率过高；利息覆盖倍数过低；数据质量为Medium，筛选结果置信度中等
CDTG,US,CDT Environmental Technology Investment Holdings Limited - ordinary shares,Waste Management,科技,营收增长、自由现金流、研发投入效率,-,0.11,20.5%,11.8%,-2483944.00,58.1%,-,14.66,未分红/不适用,8.1%,4,0,80,Medium,低,排除,30,科技公司自由现金流为负；PB低但近5年经营现金流多次为负；近5年自由现金流多次为负；数据质量为Medium，筛选结果置信度中等
CDW,US,CDW Corporation - Common Stock,Information Technology Services,科技,营收增长、自由现金流、研发投入效率,12.40,5.10,52.6%,12.5%,1225350000.00,83.7%,29.1%,7.28,未分红/不适用,-1.9%,4,6,80,Medium,中,警惕,25,科技公司营收增长转负；10年ROE波动较大；资产负债率偏高；商誉占比偏高；资产负债率相对偏高；数据质量为Medium，筛选结果置信度中等
CDXS,US,"Codexis, Inc. - Common Stock",Biotechnology,科技,营收增长、自由现金流、研发投入效率,-,4.44,-73.9%,34.2%,-32910250.00,65.8%,1.7%,-8.13,未分红/不适用,-20.2%,4,6,80,Medium,低,排除,0,科技公司营收增长转负；科技公司自由现金流为负；10年内亏损年份过多；10年ROE波动较大；长期ROE低于5%；近5年自由现金流多次为负；利息覆盖倍数过低；近5年营收明显下滑；数据质量为Medium，筛选结果置信度中等
CDZI,US,"Cadiz, Inc. - Common Stock",Utilities - Regulated Water,通用,ROE、现金流、资产负债率,-,14.71,-97.4%,33.9%,-24414500.00,83.5%,4.1%,-2.75,未分红/不适用,121.5%,4,6,80,Medium,中,排除,0,10年内亏损年份过多；10年ROE波动较大；长期ROE低于5%；近5年自由现金流多次为负；资产负债率偏高；利息覆盖倍数过低；资产负债率相对偏高；数据质量为Medium，筛选结果置信度中等
CECO,US,CECO Environmental Corp. - Common Stock,Pollution & Treatment Controls,通用,ROE、现金流、资产负债率,216.07,9.43,8.7%,4.9%,16128500.00,63.8%,32.2%,4.96,未分红/不适用,22.4%,4,6,80,Medium,低,警惕,85,商誉占比偏高；数据质量为Medium，筛选结果置信度中等
CEG,US,Constellation Energy Corporation - Common Stock When-Issued,Utilities - Independent Power Producers,周期,利润波动、ROE波动、资本开支周期,23.33,2.91,14.5%,12.3%,-3876500000.00,74.1%,0.7%,7.87,未分红/不适用,1.5%,4,6,80,Medium,中,警惕,25,10年ROE波动较大；10年净利润波动较大；近5年自由现金流多次为负；资产负债率偏高；资产负债率相对偏高；数据质量为Medium，筛选结果置信度中等
CELC,US,Celcuity Inc. - Common Stock,Biotechnology,科技,营收增长、自由现金流、研发投入效率,-,64.25,-87.1%,65.7%,-81830709.00,78.4%,-,-9.32,未分红/不适用,-,4,6,80,Medium,中,排除,0,科技公司自由现金流为负；10年内亏损年份过多；10年ROE波动较大；长期ROE低于5%；近5年自由现金流多次为负；资产负债率偏高；利息覆盖倍数过低；资产负债率相对偏高；数据质量为Medium，筛选结果置信度中等
CELH,US,"Celsius Holdings, Inc. - Common Stock",Beverages - Non-Alcoholic,消费,ROE、毛利率稳定性、分红稳定性,69.49,6.13,3.7%,18.3%,196646500.00,42.5%,17.9%,3.55,未分红/不适用,56.7%,4,6,80,Medium,低,排除,15,消费公司长期ROE不够突出；10年ROE波动较大；10年净利润波动较大；长期ROE低于5%；数据质量为Medium，筛选结果置信度中等
CELU,US,Celularity Inc. - Class A Common Stock,Biotechnology,科技,营收增长、自由现金流、研发投入效率,-,-1.11,-221.6%,416.6%,-64135666.67,135.5%,6.8%,-12.58,未分红/不适用,13.9%,4,6,80,Medium,低,排除,0,科技公司自由现金流为负；PB低但近5年出现亏损；PB低但近5年经营现金流多次为负；10年内亏损年份过多；10年ROE波动较大；10年净利润波动较大；长期ROE低于5%；近5年自由现金流多次为负；资产负债率过高；利息覆盖倍数过低；数据质量为Medium，筛选结果置信度中等
CELZ,US,"Creative Medical Technology Holdings, Inc. - Common Stock",Biotechnology,科技,营收增长、自由现金流、研发投入效率,-,1.11,-70.4%,16.0%,-6814588.50,3.6%,-,-,未分红/不适用,-59.2%,4,6,80,Medium,低,排除,0,科技公司营收增长转负；科技公司自由现金流为负；10年内亏损年份过多；10年ROE波动较大；长期ROE低于5%；近5年营收明显下滑；数据质量为Medium，筛选结果置信度中等
CENN,US,Cenntro Inc. - Common Stock,Auto Manufacturers,通用,ROE、现金流、资产负债率,-,0.15,-86.8%,63.4%,-47983737.00,45.7%,-,-,未分红/不适用,26.5%,4,6,80,Medium,低,排除,0,PB低但近5年出现亏损；PB低但近5年经营现金流多次为负；10年内亏损年份过多；10年ROE波动较大；长期ROE低于5%；近5年自由现金流多次为负；数据质量为Medium，筛选结果置信度中等
CENT,US,Central Garden & Pet Company - Common Stock,Packaged Foods,消费,ROE、毛利率稳定性、分红稳定性,13.65,1.42,9.3%,1.9%,205319500.00,56.3%,15.3%,4.76,未分红/不适用,-2.1%,4,6,80,Medium,低,警惕,85,消费公司长期ROE不够突出；数据质量为Medium，筛选结果置信度中等
CENTA,US,Central Garden & Pet Company - Class A Common Stock Nonvoting,Packaged Foods,消费,ROE、毛利率稳定性、分红稳定性,12.27,1.28,9.3%,1.9%,205319500.00,56.3%,15.3%,4.76,未分红/不适用,-2.1%,4,6,80,Medium,低,警惕,85,消费公司长期ROE不够突出；数据质量为Medium，筛选结果置信度中等
CENX,US,Century Aluminum Company - Common Stock,Aluminum,通用,ROE、现金流、资产负债率,16.99,7.01,9.5%,26.9%,-17975000.00,59.0%,-,1.06,未分红/不适用,-3.1%,4,6,80,Medium,低,排除,30,10年ROE波动较大；10年净利润波动较大；利息覆盖倍数过低；数据质量为Medium，筛选结果置信度中等
CEPF,US,"Cantor Equity Partners IV, Inc. - Class A Ordinary Shares",Shell Companies,通用,ROE、现金流、资产负债率,44.83,5155.00,102.8%,237.7%,-,0.0%,-,-,未分红/不适用,-,3,0,60,Medium,低,警惕,70,10年ROE波动较大；10年净利润波动较大；数据质量为Medium，筛选结果置信度中等
CEPO,US,"Cantor Equity Partners I, Inc. - Class A Ordinary Shares",Shell Companies,通用,ROE、现金流、资产负债率,-,-16.08,-32.0%,104.7%,-,6.7%,-,-,未分红/不适用,-,4,0,80,Medium,低,排除,0,PB低但近5年出现亏损；10年内亏损年份过多；10年ROE波动较大；10年净利润波动较大；长期ROE低于5%；数据质量为Medium，筛选结果置信度中等
CEPS,US,"Cantor Equity Partners VI, Inc. - Class A Ordinary Shares",Shell Companies,通用,ROE、现金流、资产负债率,-,-462.27,-127.7%,264.7%,-,145.1%,-,-,未分红/不适用,-,3,0,60,Medium,低,排除,0,PB低但近5年出现亏损；10年内亏损年份过多；10年ROE波动较大；10年净利润波动较大；长期ROE低于5%；资产负债率过高；数据质量为Medium，筛选结果置信度中等
CEPT,US,"Cantor Equity Partners II, Inc. - Class A ordinary share",Shell Companies,通用,ROE、现金流、资产负债率,155.00,-39.37,-31.0%,105.3%,-,2.5%,-,-,未分红/不适用,-,4,0,80,Medium,低,排除,0,PB低但近5年出现亏损；10年内亏损年份过多；10年ROE波动较大；10年净利润波动较大；长期ROE低于5%；数据质量为Medium，筛选结果置信度中等
CEPV,US,"Cantor Equity Partners V, Inc. - Class A Ordinary Shares",Shell Companies,通用,ROE、现金流、资产负债率,78.92,1026.00,102.5%,237.8%,-,0.0%,-,-,未分红/不适用,-,3,0,60,Medium,低,警惕,70,10年ROE波动较大；10年净利润波动较大；数据质量为Medium，筛选结果置信度中等
CERS,US,Cerus Corporation - Common Stock,Medical Devices,通用,ROE、现金流、资产负债率,-,7.11,-49.0%,21.9%,-16437500.00,70.7%,0.6%,-0.83,未分红/不适用,8.4%,4,6,80,Medium,中,排除,0,10年内亏损年份过多；10年ROE波动较大；长期ROE低于5%；资产负债率偏高；利息覆盖倍数过低；资产负债率相对偏高；数据质量为Medium，筛选结果置信度中等
CERT,US,"Certara, Inc. - Common Stock",Health Information Services,通用,ROE、现金流、资产负债率,-,0.69,-1.3%,2.8%,69160250.00,31.7%,49.7%,1.39,未分红/不适用,7.7%,4,6,80,Medium,低,排除,0,PB低但近5年出现亏损；10年内亏损年份过多；10年净利润波动较大；长期ROE低于5%；商誉占比过高；利息覆盖倍数过低；数据质量为Medium，筛选结果置信度中等
CETX,US,Cemtrex Inc. - Common Stock,Software - Infrastructure,科技,营收增长、自由现金流、研发投入效率,0.00,0.24,-172.2%,103.1%,-7470044.75,81.8%,7.8%,-11.94,未分红/不适用,19.3%,4,6,80,Medium,中,排除,0,科技公司自由现金流为负；PB低但近5年出现亏损；PB低但近5年经营现金流多次为负；10年内亏损年份过多；10年ROE波动较大；长期ROE低于5%；近5年自由现金流多次为负；资产负债率偏高；利息覆盖倍数过低；资产负债率相对偏高；数据质量为Medium，筛选结果置信度中等
CETY,US,"Clean Energy Technologies, Inc. - Common Stock",Specialty Industrial Machinery,周期,利润波动、ROE波动、资本开支周期,-,0.50,-67.7%,75.1%,-4787788.00,69.1%,7.9%,-2.68,未分红/不适用,23.1%,4,0,80,Medium,中,排除,0,周期行业ROE波动显著；周期行业利润弹性过大；PB低但近5年出现亏损；PB低但近5年经营现金流多次为负；10年ROE波动较大；10年净利润波动较大；长期ROE低于5%；利息覆盖倍数过低；资产负债率相对偏高；数据质量为Medium，筛选结果置信度中等
CEVA,US,"CEVA, Inc. - Common Stock",Semiconductors,科技,营收增长、自由现金流、研发投入效率,-,2.99,-5.0%,2.7%,-2887750.00,13.3%,15.0%,-,未分红/不适用,-3.1%,4,6,80,Medium,低,排除,0,科技公司营收增长转负；科技公司自由现金流为负；10年内亏损年份过多；长期ROE低于5%；数据质量为Medium，筛选结果置信度中等
CFBK,US,CF Bankshares Inc. - Common Stock,Banks - Regional,银行,不良率、拨备覆盖、资本充足率,9.73,0.93,10.4%,2.2%,22093250.00,91.3%,-,-,未分红/不适用,5.4%,4,6,80,Medium,中,排除,30,银行需补充不良率/拨备/资本充足率专项数据；资产负债率过高；资产负债率相对偏高；数据质量为Medium，筛选结果置信度中等
CFFI,US,C&F Financial Corporation - Common Stock,Banks - Regional,银行,不良率、拨备覆盖、资本充足率,8.57,0.91,11.2%,2.6%,44989500.00,90.5%,0.9%,-,未分红/不适用,-3.2%,2,7,40,Low,中,数据不足,0,银行需补充不良率/拨备/资本充足率专项数据；资产负债率过高；资产负债率相对偏高；数据年数不足，无法进行可靠筛选
CFFN,US,"Capitol Federal Financial, Inc. - Common Stock",Banks - Regional,银行,不良率、拨备覆盖、资本充足率,12.47,0.91,2.0%,8.0%,51708250.00,89.3%,-,-,未分红/不适用,-2.3%,4,6,80,Medium,中,排除,0,银行需补充不良率/拨备/资本充足率专项数据；PB低但近5年出现亏损；10年净利润波动较大；长期ROE低于5%；资产负债率过高；资产负债率相对偏高；数据质量为Medium，筛选结果置信度中等
CG,US,The Carlyle Group Inc. - Common Stock,Asset Management,通用,ROE、现金流、资产负债率,33.10,3.22,10.1%,14.7%,-1278025000.00,75.8%,0.4%,-,未分红/不适用,-1.4%,4,6,80,Medium,中,警惕,25,10年ROE波动较大；10年净利润波动较大；近5年自由现金流多次为负；资产负债率偏高；资产负债率相对偏高；数据质量为Medium，筛选结果置信度中等
CGC,US,Canopy Growth Corporation - Common Shares,Drug Manufacturers - Specialty & Generic,通用,ROE、现金流、资产负债率,-,0.70,-173.7%,181.2%,-406224250.00,46.9%,5.0%,-7.01,未分红/不适用,-17.3%,4,0,80,Medium,低,排除,0,PB低但近5年出现亏损；PB低但近5年经营现金流多次为负；10年内亏损年份过多；10年ROE波动较大；10年净利润波动较大；长期ROE低于5%；近5年自由现金流多次为负；利息覆盖倍数过低；近5年营收明显下滑；数据质量为Medium，筛选结果置信度中等
CGCT,US,Cartesian Growth Corporation III - Class A Ordinary Shares,Shell Companies,通用,ROE、现金流、资产负债率,41.54,-27.11,2.3%,-,-,4.9%,-,-,未分红/不适用,-,1,3,20,Low,低,数据不足,0,长期ROE低于5%；数据年数不足，无法进行可靠筛选
CGEM,US,"Cullinan Therapeutics, Inc. - Common Stock",Biotechnology,科技,营收增长、自由现金流、研发投入效率,-,2.61,-23.8%,31.7%,-146026333.33,8.8%,-,-,未分红/不适用,-,4,6,80,Medium,低,排除,0,科技公司自由现金流为负；10年内亏损年份过多；10年ROE波动较大；10年净利润波动较大；长期ROE低于5%；近5年自由现金流多次为负；数据质量为Medium，筛选结果置信度中等
CGEN,US,Compugen Ltd. - Ordinary Shares,Biotechnology,科技,营收增长、自由现金流、研发投入效率,7.39,2.59,-15.9%,34.4%,2539000.00,34.4%,-,-,未分红/不适用,113.3%,4,6,80,Medium,低,排除,0,10年内亏损年份过多；10年ROE波动较大；10年净利润波动较大；长期ROE低于5%；数据质量为Medium，筛选结果置信度中等
CGNT,US,Cognyte Software Ltd. - Ordinary Shares,Software - Infrastructure,科技,营收增长、自由现金流、研发投入效率,-,3.42,-18.3%,27.2%,10027250.00,56.1%,24.3%,59.46,未分红/不适用,8.6%,4,6,80,Medium,低,排除,0,10年内亏损年份过多；10年ROE波动较大；10年净利润波动较大；长期ROE低于5%；商誉占比偏高；数据质量为Medium，筛选结果置信度中等
CGNX,US,Cognex Corporation - Common Stock,Scientific & Technical Instruments,通用,ROE、现金流、资产负债率,75.63,7.24,9.3%,3.8%,171096750.00,26.0%,19.2%,-,未分红/不适用,-0.4%,4,6,80,Medium,低,通过,85,数据质量为Medium，筛选结果置信度中等
CGON,US,"CG Oncology, Inc. - Common stock",Biotechnology,科技,营收增长、自由现金流、研发投入效率,-,5.43,-22.0%,7.3%,-80415000.00,4.9%,1.3%,-,未分红/不适用,176.6%,4,6,80,Medium,低,排除,0,科技公司自由现金流为负；10年内亏损年份过多；长期ROE低于5%；近5年自由现金流多次为负；数据质量为Medium，筛选结果置信度中等
CGTL,US,Creative Global Technology Holdings Limited - Class A Ordinary Shares,Specialty Retail,科技,营收增长、自由现金流、研发投入效率,-,0.68,12.1%,58.6%,655150.00,1.4%,-,-,未分红/不适用,-8.8%,4,6,80,Medium,低,排除,0,科技公司营收增长转负；PB低但近5年出现亏损；10年ROE波动较大；10年净利润波动较大；近5年营收增长偏弱；数据质量为Medium，筛选结果置信度中等
CGTX,US,"Cognition Therapeutics, Inc. - Common Stock",Biotechnology,科技,营收增长、自由现金流、研发投入效率,-,2.94,-102.1%,57.1%,-21115666.67,29.2%,-,-1805.69,未分红/不适用,-,4,6,80,Medium,低,排除,0,科技公司自由现金流为负；10年内亏损年份过多；10年ROE波动较大；长期ROE低于5%；近5年自由现金流多次为负；利息覆盖倍数过低；数据质量为Medium，筛选结果置信度中等
CHCI,US,"Comstock Holding Companies, Inc. - Class A Common Stock",Real Estate Services,地产,净负债率、现金短债比、资产负债率,10.43,2.45,24.6%,2.9%,7424250.00,17.7%,-,-,未分红/不适用,16.9%,4,6,80,Medium,低,需专项分析,85,地产需补充净负债率/现金短债比专项数据；数据质量为Medium，筛选结果置信度中等
CHCO,US,City Holding Company - Common Stock,Banks - Regional,银行,不良率、拨备覆盖、资本充足率,13.36,2.15,16.7%,0.8%,126483000.00,88.0%,2.2%,-,未分红/不适用,7.4%,4,6,80,Medium,中,排除,30,银行需补充不良率/拨备/资本充足率专项数据；资产负债率过高；资产负债率相对偏高；数据质量为Medium，筛选结果置信度中等
CHDN,US,"Churchill Downs, Incorporated - Common Stock",Gambling,通用,ROE、现金流、资产负债率,16.04,5.54,50.9%,19.5%,136150000.00,85.9%,12.0%,2.79,未分红/不适用,17.4%,4,6,80,Medium,中,排除,15,10年ROE波动较大；资产负债率过高；利息覆盖倍数偏低；资产负债率相对偏高；数据质量为Medium，筛选结果置信度中等
CHEC,US,Chenghe Acquisition III Co. - Class A Ordinary Shares,Shell Companies,通用,ROE、现金流、资产负债率,72.21,-39.49,0.9%,-,-,4.1%,-,-,未分红/不适用,-,1,3,20,Low,低,数据不足,0,长期ROE低于5%；数据年数不足，无法进行可靠筛选
CHEF,US,"The Chefs' Warehouse, Inc. - Common Stock",Food Distribution,消费,ROE、毛利率稳定性、分红稳定性,44.45,5.45,9.2%,2.4%,43211500.00,70.2%,17.9%,3.49,未分红/不适用,16.7%,4,6,80,Medium,中,警惕,55,消费公司长期ROE不够突出；资产负债率偏高；资产负债率相对偏高；数据质量为Medium，筛选结果置信度中等
CHKP,US,Check Point Software Technologies Ltd. - Ordinary Shares,Software - Infrastructure,科技,营收增长、自由现金流、研发投入效率,12.63,4.57,31.0%,4.0%,1074175000.00,63.1%,24.4%,473.55,未分红/不适用,5.4%,4,6,80,Medium,低,警惕,85,商誉占比偏高；数据质量为Medium，筛选结果置信度中等
CHMG,US,Chemung Financial Corp  - Common Stock,Banks - Regional,银行,不良率、拨备覆盖、资本充足率,17.27,1.20,11.8%,4.7%,33760250.00,90.6%,0.8%,-,未分红/不适用,-0.2%,4,6,80,Medium,中,排除,30,银行需补充不良率/拨备/资本充足率专项数据；资产负债率过高；资产负债率相对偏高；数据质量为Medium，筛选结果置信度中等
CHNR,US,"China Natural Resources, Inc. - Common Shares",Other Industrial Metals & Mining,周期,利润波动、ROE波动、资本开支周期,-,0.39,-30.7%,26.2%,-4840000.00,66.2%,-,-111.86,未分红/不适用,-,4,0,80,Medium,低,排除,0,周期行业ROE波动显著；PB低但近5年出现亏损；PB低但近5年经营现金流多次为负；10年内亏损年份过多；10年ROE波动较大；10年净利润波动较大；长期ROE低于5%；近5年自由现金流多次为负；利息覆盖倍数过低；数据质量为Medium，筛选结果置信度中等
CHR,US,"Cheer Holding, Inc.  - Class A Ordinary Share",Advertising Agencies,通用,ROE、现金流、资产负债率,0.03,0.01,10.5%,3.8%,14291000.00,7.9%,-,-,未分红/不适用,-1.8%,4,6,80,Medium,低,通过,85,数据质量为Medium，筛选结果置信度中等
CHRD,US,Chord Energy Corporation - Common Stock,Oil & Gas E&P,周期,利润波动、ROE波动、资本开支周期,-,1.02,17.5%,16.8%,979437250.00,38.2%,0.0%,4.04,未分红/不适用,10.2%,4,6,80,Medium,低,警惕,70,周期行业ROE波动显著；10年ROE波动较大；数据质量为Medium，筛选结果置信度中等
CHRS,US,"Coherus Oncology, Inc. - Common Stock",Biotechnology,科技,营收增长、自由现金流、研发投入效率,-,3.12,147.3%,128.8%,-209166500.00,76.4%,-,-19.34,未分红/不适用,-41.5%,4,6,80,Medium,中,排除,0,科技公司营收增长转负；科技公司自由现金流为负；10年ROE波动较大；10年净利润波动较大；资产负债率偏高；利息覆盖倍数过低；近5年营收明显下滑；资产负债率相对偏高；数据质量为Medium，筛选结果置信度中等
CHRW,US,"C.H. Robinson Worldwide, Inc. - Common Stock",Integrated Freight & Logistics,通用,ROE、现金流、资产负债率,33.30,11.41,37.8%,21.4%,862070250.00,63.5%,28.8%,10.96,未分红/不适用,-13.1%,4,6,80,Medium,低,警惕,55,10年ROE波动较大；商誉占比偏高；近5年营收增长偏弱；数据质量为Medium，筛选结果置信度中等
CHSN,US,Chanson International Holding - Class A Ordinary Shares,Restaurants,通用,ROE、现金流、资产负债率,0.43,0.01,-21.8%,58.9%,-670396.50,-,-,-,未分红/不适用,7.5%,4,6,80,Medium,未知,排除,0,PB低但近5年出现亏损；10年ROE波动较大；10年净利润波动较大；长期ROE低于5%；近5年自由现金流多次为负；数据质量为Medium，筛选结果置信度中等
CHTR,US,"Charter Communications, Inc. - Class A Common Stock",Telecom Services,通用,ROE、现金流、资产负债率,3.92,1.09,40.1%,11.2%,4111500000.00,86.7%,19.3%,2.48,未分红/不适用,0.5%,4,6,80,Medium,中,排除,30,资产负债率过高；利息覆盖倍数偏低；资产负债率相对偏高；数据质量为Medium，筛选结果置信度中等
CHYM,US,"Chime Financial, Inc. - Class A Common Stock",Software - Application,科技,营收增长、自由现金流、研发投入效率,-,4.74,-34.8%,29.8%,-154431000.00,28.7%,-,-,未分红/不适用,29.4%,4,0,80,Medium,低,排除,0,科技公司自由现金流为负；10年内亏损年份过多；10年ROE波动较大；10年净利润波动较大；长期ROE低于5%；数据质量为Medium，筛选结果置信度中等
CIFR,US,Cipher Digital Inc. - Common Stock,Information Technology Services,科技,营收增长、自由现金流、研发投入效率,-,11.45,-31.3%,47.2%,-372914000.00,80.5%,-,-21.58,未分红/不适用,319.3%,4,6,80,Medium,中,排除,0,科技公司自由现金流为负；10年内亏损年份过多；10年ROE波动较大；10年净利润波动较大；长期ROE低于5%；近5年自由现金流多次为负；资产负债率偏高；利息覆盖倍数过低；资产负债率相对偏高；数据质量为Medium，筛选结果置信度中等
CIGI,US,Colliers International Group Inc.  - Subordinate Voting Shares,Real Estate Services,地产,净负债率、现金短债比、资产负债率,56.60,3.11,9.0%,2.4%,148212250.00,58.5%,38.7%,4.70,未分红/不适用,7.6%,4,6,80,Medium,中,需专项分析,55,地产需补充净负债率/现金短债比专项数据；商誉占比偏高；资产负债率相对偏高；数据质量为Medium，筛选结果置信度中等
CIIT,US,"Tianci International, Inc. - Common Stock",Integrated Freight & Logistics,通用,ROE、现金流、资产负债率,-,1.74,76.0%,71.1%,-,-,-,-,未分红/不适用,-,4,6,80,Medium,未知,警惕,70,10年ROE波动较大；10年净利润波动较大；数据质量为Medium，筛选结果置信度中等
CINF,US,Cincinnati Financial Corporation - Common Stock,Insurance - Property & Casualty,保险,偿付能力、久期缺口、投资收益质量,9.58,1.65,10.5%,10.1%,2447500000.00,61.2%,-,57.23,未分红/不适用,24.4%,4,6,80,Medium,低,需专项分析,70,保险需补充偿付能力/久期缺口专项数据；10年净利润波动较大；数据质量为Medium，筛选结果置信度中等
CING,US,Cingulate Inc. - Common Stock,Biotechnology,科技,营收增长、自由现金流、研发投入效率,-,13.01,-307.4%,515.3%,-16841343.50,83.4%,-,-,未分红/不适用,-,4,6,80,Medium,中,排除,0,科技公司自由现金流为负；10年内亏损年份过多；10年ROE波动较大；长期ROE低于5%；近5年自由现金流多次为负；资产负债率偏高；资产负债率相对偏高；数据质量为Medium，筛选结果置信度中等
CISO,US,"CISO Global, Inc. - Common Stock",Software - Infrastructure,科技,营收增长、自由现金流、研发投入效率,-,0.91,-676.4%,978.7%,-7307797.25,40.8%,79.5%,0.12,未分红/不适用,-17.0%,4,6,80,Medium,低,排除,0,科技公司营收增长转负；科技公司自由现金流为负；PB低但近5年出现亏损；PB低但近5年经营现金流多次为负；10年内亏损年份过多；10年ROE波动较大；10年净利润波动较大；长期ROE低于5%；近5年自由现金流多次为负；商誉占比过高；利息覆盖倍数过低；近5年营收明显下滑；数据质量为Medium，筛选结果置信度中等
CISS,US,C3is Inc. - Common Stock,Marine Shipping,周期,利润波动、ROE波动、资本开支周期,0.12,0.00,6.3%,9.3%,-2452635.25,3.4%,-,28.98,未分红/不适用,119.5%,4,6,80,Medium,低,排除,30,周期行业利润弹性过大；PB低但近5年出现亏损；10年净利润波动较大；数据质量为Medium，筛选结果置信度中等
CIVB,US,"Civista Bancshares, Inc.  - Common Stock",Banks - Regional,银行,不良率、拨备覆盖、资本充足率,8.97,0.91,10.0%,1.9%,41029750.00,87.5%,3.0%,-,未分红/不适用,7.4%,4,6,80,Medium,中,排除,30,银行需补充不良率/拨备/资本充足率专项数据；资产负债率过高；资产负债率相对偏高；数据质量为Medium，筛选结果置信度中等
CJMB,US,Callan JMB Inc. - Common Stock,Integrated Freight & Logistics,通用,ROE、现金流、资产负债率,-,1.98,-129.9%,190.2%,2694329.25,59.7%,-,-2978.19,未分红/不适用,-36.9%,4,0,80,Medium,低,排除,0,10年ROE波动较大；10年净利润波动较大；长期ROE低于5%；利息覆盖倍数过低；近5年营收明显下滑；数据质量为Medium，筛选结果置信度中等
CLAR,US,Clarus Corporation - Common Stock,Leisure,通用,ROE、现金流、资产负债率,-,0.54,-16.6%,11.4%,85250.00,-,-,-,未分红/不适用,-7.4%,3,6,60,Medium,未知,排除,0,PB低但近5年出现亏损；10年内亏损年份过多；长期ROE低于5%；近5年营收增长偏弱；数据质量为Medium，筛选结果置信度中等
CLBK,US,"Columbia Financial, Inc. - Common Stock",Banks - Regional,银行,不良率、拨备覆盖、资本充足率,35.47,1.73,3.8%,3.8%,63117750.00,89.5%,1.0%,-,未分红/不适用,-4.5%,4,6,80,Medium,中,排除,0,银行需补充不良率/拨备/资本充足率专项数据；10年净利润波动较大；长期ROE低于5%；资产负债率过高；资产负债率相对偏高；数据质量为Medium，筛选结果置信度中等
CLBT,US,Cellebrite DI Ltd. - Ordinary Shares,Software - Infrastructure,科技,营收增长、自由现金流、研发投入效率,42.08,6.70,-35.4%,168.6%,96878250.00,48.4%,12.7%,174.38,未分红/不适用,20.7%,4,6,80,Medium,低,排除,30,10年ROE波动较大；10年净利润波动较大；长期ROE低于5%；数据质量为Medium，筛选结果置信度中等
CLDX,US,"Celldex Therapeutics, Inc. - Common Stock",Biotechnology,科技,营收增长、自由现金流、研发投入效率,-,4.63,-34.4%,11.5%,-147006250.00,9.6%,-,-,未分红/不适用,-13.1%,4,6,80,Medium,低,排除,0,科技公司营收增长转负；科技公司自由现金流为负；10年内亏损年份过多；长期ROE低于5%；近5年自由现金流多次为负；近5年营收增长偏弱；数据质量为Medium，筛选结果置信度中等
CLFD,US,"Clearfield, Inc. - Common Stock",Communication Equipment,通用,ROE、现金流、资产负债率,186.11,2.40,9.0%,17.6%,10465500.00,16.3%,1.5%,-,未分红/不适用,-17.9%,4,6,80,Medium,低,排除,30,10年ROE波动较大；10年净利润波动较大；近5年营收明显下滑；数据质量为Medium，筛选结果置信度中等
CLGN,US,CollPlant Biotechnologies Ltd. - Ordinary Shares,Biotechnology,科技,营收增长、自由现金流、研发投入效率,-,0.91,-97.4%,73.8%,-10688500.00,43.6%,-,-,未分红/不适用,99.4%,4,6,80,Medium,低,排除,0,科技公司自由现金流为负；PB低但近5年出现亏损；PB低但近5年经营现金流多次为负；10年内亏损年份过多；10年ROE波动较大；长期ROE低于5%；近5年自由现金流多次为负；数据质量为Medium，筛选结果置信度中等
CLIK,US,Click Holdings Limited - Ordinary Share,Personal Services,通用,ROE、现金流、资产负债率,-,0.10,-12.4%,213.8%,-2438801.49,14.2%,49.2%,-25.30,未分红/不适用,37.0%,3,4,60,Medium,低,排除,0,PB低但近5年出现亏损；10年ROE波动较大；10年净利润波动较大；长期ROE低于5%；商誉占比过高；利息覆盖倍数过低；数据质量为Medium，筛选结果置信度中等
CLIR,US,ClearSign Technologies Corporation - Common Stock,Pollution & Treatment Controls,通用,ROE、现金流、资产负债率,-,2.78,-64.1%,25.8%,-4504250.00,21.8%,-,-,未分红/不适用,141.0%,4,6,80,Medium,低,排除,0,10年内亏损年份过多；10年ROE波动较大；长期ROE低于5%；近5年自由现金流多次为负；数据质量为Medium，筛选结果置信度中等
CLMB,US,"Climb Global Solutions, Inc. - Common Stock",Electronics & Computer Distribution,科技,营收增长、自由现金流、研发投入效率,16.84,2.95,19.0%,2.0%,20518750.00,74.7%,8.0%,-,未分红/不适用,28.9%,4,6,80,Medium,中,警惕,70,资产负债率偏高；资产负债率相对偏高；数据质量为Medium，筛选结果置信度中等
CLMT,US,"Calumet, Inc - Common Stock",Specialty Chemicals,周期,利润波动、ROE波动、资本开支周期,-,-2.59,17.9%,18.8%,-197200000.00,118.1%,5.2%,0.41,未分红/不适用,-4.1%,4,6,80,Medium,低,排除,0,周期行业ROE波动显著；周期行业利润弹性过大；PB低但近5年出现亏损；10年内亏损年份过多；10年ROE波动较大；10年净利润波动较大；近5年自由现金流多次为负；资产负债率过高；利息覆盖倍数过低；数据质量为Medium，筛选结果置信度中等
CLNE,US,Clean Energy Fuels Corp. - Common Stock,Oil & Gas Refining & Marketing,周期,利润波动、ROE波动、资本开支周期,-,0.82,-18.3%,14.4%,-13502500.00,46.5%,0.0%,-3.28,未分红/不适用,0.4%,4,6,80,Medium,低,排除,0,PB低但近5年出现亏损；10年内亏损年份过多；10年ROE波动较大；长期ROE低于5%；利息覆盖倍数过低；数据质量为Medium，筛选结果置信度中等
CLNN,US,Clene Inc. - Common Stock,Packaged Foods,消费,ROE、毛利率稳定性、分红稳定性,-,-4.41,-175.1%,602.3%,-28654250.00,197.0%,-,-8.76,未分红/不适用,-24.9%,4,6,80,Medium,低,排除,0,消费公司长期ROE不够突出；PB低但近5年出现亏损；PB低但近5年经营现金流多次为负；10年内亏损年份过多；10年ROE波动较大；长期ROE低于5%；近5年自由现金流多次为负；资产负债率过高；利息覆盖倍数过低；近5年营收明显下滑；数据质量为Medium，筛选结果置信度中等
CLOV,US,"Clover Health Investments, Corp.  - Class A Common stock",Healthcare Plans,通用,ROE、现金流、资产负债率,-,5.37,-52.5%,38.8%,-97331750.00,42.9%,-,-,未分红/不适用,20.6%,4,6,80,Medium,低,排除,0,10年内亏损年份过多；10年ROE波动较大；长期ROE低于5%；近5年自由现金流多次为负；数据质量为Medium，筛选结果置信度中等
CLPS,US,CLPS Incorporation - Common Stock,Information Technology Services,科技,营收增长、自由现金流、研发投入效率,-,0.46,3.8%,7.0%,-1313089.75,41.9%,1.3%,-,未分红/不适用,4.2%,4,0,80,Medium,低,排除,0,科技公司自由现金流为负；PB低但近5年出现亏损；10年净利润波动较大；长期ROE低于5%；数据质量为Medium，筛选结果置信度中等
CLPT,US,ClearPoint Neuro Inc. - Common Stock,Medical Devices,通用,ROE、现金流、资产负债率,-,19.06,-78.6%,25.8%,-16439000.00,71.3%,7.6%,-9.67,未分红/不适用,21.6%,4,6,80,Medium,中,排除,0,10年内亏损年份过多；10年ROE波动较大；长期ROE低于5%；近5年自由现金流多次为负；资产负债率偏高；利息覆盖倍数过低；资产负债率相对偏高；数据质量为Medium，筛选结果置信度中等
CLRB,US,"Cellectar Biosciences, Inc. - Common Stock",Biotechnology,科技,营收增长、自由现金流、研发投入效率,-,1.60,-168.7%,305.6%,-32375144.25,43.0%,-,-,未分红/不适用,-,4,6,80,Medium,低,排除,0,科技公司自由现金流为负；10年内亏损年份过多；10年ROE波动较大；长期ROE低于5%；近5年自由现金流多次为负；数据质量为Medium，筛选结果置信度中等
CLRO,US,"ClearOne, Inc. - Common Stock",Communication Equipment,通用,ROE、现金流、资产负债率,-,-10.42,909.4%,1829.4%,13263000.00,131.1%,-,-,未分红/不适用,-,4,6,80,Medium,低,排除,0,PB低但近5年出现亏损；PB低但近5年经营现金流多次为负；10年内亏损年份过多；10年ROE波动较大；10年净利润波动较大；资产负债率过高；数据质量为Medium，筛选结果置信度中等
CLSK,US,"CleanSpark, Inc. - Common Stock",Capital Markets,金融,杠杆、资产质量、资本约束,-,3.37,-6.5%,16.3%,-624830000.00,31.7%,4.1%,36.60,未分红/不适用,79.9%,4,6,80,Medium,高,排除,0,金融行业需专项资产质量与资本约束分析；10年内亏损年份过多；10年ROE波动较大；10年净利润波动较大；长期ROE低于5%；近5年自由现金流多次为负；高杠杆行业，需资产负债表专项分析；数据质量为Medium，筛选结果置信度中等
CLST,US,"Catalyst Bancorp, Inc. - common stock",Banks - Regional,银行,不良率、拨备覆盖、资本充足率,28.89,0.73,-0.1%,2.7%,2049250.00,71.1%,-,-,未分红/不适用,9.8%,4,6,80,Medium,中,排除,0,银行需补充不良率/拨备/资本充足率专项数据；PB低但近5年出现亏损；10年净利润波动较大；长期ROE低于5%；资产负债率偏高；资产负债率相对偏高；数据质量为Medium，筛选结果置信度中等
CLWT,US,Euro Tech Holdings Company Limited - Ordinary Shares,Pollution & Treatment Controls,通用,ROE、现金流、资产负债率,62.50,0.63,5.0%,4.7%,-69250.00,22.3%,5.0%,-,未分红/不适用,-3.9%,4,6,80,Medium,低,警惕,70,10年净利润波动较大；长期ROE偏低但PE不低；数据质量为Medium，筛选结果置信度中等
CLYM,US,"Climb Bio, Inc. - Common Stock",Biotechnology,科技,营收增长、自由现金流、研发投入效率,-,3.27,-35.0%,1.9%,-54542000.00,4.3%,-,-,未分红/不适用,-,4,6,80,Medium,低,排除,5,科技公司自由现金流为负；10年内亏损年份过多；长期ROE低于5%；数据质量为Medium，筛选结果置信度中等
CMCO,US,Columbus McKinnon Corporation - Common Stock,Farm & Heavy Construction Machinery,周期,利润波动、ROE波动、资本开支周期,69.71,0.45,3.6%,2.9%,43341750.00,49.3%,40.9%,0.83,未分红/不适用,2.0%,4,0,80,Medium,低,排除,0,PB低但近5年出现亏损；10年净利润波动较大；长期ROE低于5%；商誉占比过高；利息覆盖倍数过低；数据质量为Medium，筛选结果置信度中等
CMCSA,US,Comcast Corporation - Class A Common Stock,Telecom Services,通用,ROE、现金流、资产负债率,4.95,1.02,16.2%,6.4%,14346250000.00,64.3%,22.6%,6.84,未分红/不适用,0.6%,4,6,80,Medium,低,警惕,85,商誉占比偏高；数据质量为Medium，筛选结果置信度中等
CMCT,US,Creative Media  - Common Stock,REIT - Office,地产,净负债率、现金短债比、资产负债率,-,-0.00,-8.5%,7.3%,257750.00,69.0%,-,0.03,未分红/不适用,4.6%,4,6,80,Medium,中,排除,0,地产需补充净负债率/现金短债比专项数据；PB低但近5年出现亏损；10年内亏损年份过多；10年净利润波动较大；长期ROE低于5%；近5年自由现金流多次为负；利息覆盖倍数过低；资产负债率相对偏高；数据质量为Medium，筛选结果置信度中等
CME,US,CME Group Inc. - Class A Common Stock,Financial Data & Stock Exchanges,通用,ROE、现金流、资产负债率,25.70,4.10,12.4%,1.8%,3533450000.00,85.5%,5.3%,31.74,未分红/不适用,9.1%,4,6,80,Medium,中,排除,45,资产负债率过高；资产负债率相对偏高；数据质量为Medium，筛选结果置信度中等
CMII,US,Columbus Circle Capital Corp II - Class A Ordinary Shares,Shell Companies,通用,ROE、现金流、资产负债率,-,-3296.67,-,-,-,113.7%,-,-,未分红/不适用,-,0,3,0,Insufficient,低,数据不足,0,资产负债率过高；数据年数不足，无法进行可靠筛选
CMND,US,Clearmind Medicine Inc. - Common Shares,Biotechnology,科技,营收增长、自由现金流、研发投入效率,-,0.09,-186.4%,619.5%,-3730057.00,80.4%,-,-192.81,未分红/不适用,-,4,6,80,Medium,中,排除,0,科技公司自由现金流为负；PB低但近5年出现亏损；PB低但近5年经营现金流多次为负；10年内亏损年份过多；10年ROE波动较大；长期ROE低于5%；资产负债率偏高；利息覆盖倍数过低；资产负债率相对偏高；数据质量为Medium，筛选结果置信度中等
CMPR,US,Cimpress plc - Ordinary Shares,Specialty Business Services,通用,ROE、现金流、资产负债率,51.36,-4.34,1.7%,25.8%,125342500.00,128.6%,42.0%,1.84,未分红/不适用,5.6%,4,6,80,Medium,低,排除,0,PB低但近5年出现亏损；10年ROE波动较大；10年净利润波动较大；长期ROE低于5%；资产负债率过高；商誉占比过高；利息覆盖倍数偏低；数据质量为Medium，筛选结果置信度中等
CMPX,US,"Compass Therapeutics, Inc. - Common Stock",Biotechnology,科技,营收增长、自由现金流、研发投入效率,-,1.73,-30.9%,7.6%,-42263000.00,10.4%,-,-,未分红/不适用,-,4,6,80,Medium,低,排除,0,科技公司自由现金流为负；10年内亏损年份过多；长期ROE低于5%；近5年自由现金流多次为负；数据质量为Medium，筛选结果置信度中等
CMRC,US,"Commerce.com, Inc. - Series 1 Common Stock",Software - Application,科技,营收增长、自由现金流、研发投入效率,-,4.93,-172.4%,126.5%,-21498250.00,87.3%,16.8%,-0.66,未分红/不适用,7.0%,4,6,80,Medium,中,排除,0,科技公司自由现金流为负；10年内亏损年份过多；10年ROE波动较大；10年净利润波动较大；长期ROE低于5%；资产负债率过高；利息覆盖倍数过低；资产负债率相对偏高；数据质量为Medium，筛选结果置信度中等
CMTL,US,Comtech Telecommunications Corp. - Common Stock,Communication Equipment,通用,ROE、现金流、资产负债率,-,1.72,-21.0%,22.4%,-31200250.00,60.3%,27.6%,-2.39,未分红/不适用,0.9%,4,6,80,Medium,低,排除,0,10年内亏损年份过多；10年ROE波动较大；长期ROE低于5%；近5年自由现金流多次为负；商誉占比偏高；利息覆盖倍数过低；数据质量为Medium，筛选结果置信度中等
CMTV,US,Community Bancorp.  - Common stock,Banks - Regional,银行,不良率、拨备覆盖、资本充足率,12.19,1.85,15.3%,2.2%,14915593.25,91.2%,0.9%,-,未分红/不适用,5.6%,4,6,80,Medium,中,排除,30,银行需补充不良率/拨备/资本充足率专项数据；资产负债率过高；资产负债率相对偏高；数据质量为Medium，筛选结果置信度中等
CNCK,US,Coincheck Group N.V. - Ordinary Shares,Capital Markets,金融,杠杆、资产质量、资本约束,-,3.08,-15.4%,83.3%,896750000.00,90.4%,1.1%,-380.69,未分红/不适用,-17.8%,4,0,80,Medium,高,排除,0,金融行业需专项资产质量与资本约束分析；10年ROE波动较大；10年净利润波动较大；长期ROE低于5%；利息覆盖倍数过低；近5年营收明显下滑；高杠杆行业，需资产负债表专项分析；数据质量为Medium，筛选结果置信度中等
CNDT,US,Conduent Incorporated - Common Stock,Information Technology Services,科技,营收增长、自由现金流、研发投入效率,-,0.31,-10.2%,42.4%,-68250000.00,71.4%,25.7%,-2.33,未分红/不适用,-7.6%,4,6,80,Medium,中,排除,0,科技公司营收增长转负；科技公司自由现金流为负；PB低但近5年出现亏损；10年内亏损年份过多；10年ROE波动较大；10年净利润波动较大；长期ROE低于5%；近5年自由现金流多次为负；资产负债率偏高；商誉占比偏高；利息覆盖倍数过低；近5年营收增长偏弱；资产负债率相对偏高；数据质量为Medium，筛选结果置信度中等
CNET,US,ZW Data Action Technologies Inc. - Common Stock,Advertising Agencies,通用,ROE、现金流、资产负债率,-,0.54,-79.7%,27.7%,-1916000.00,54.5%,-,-,未分红/不适用,-44.0%,4,6,80,Medium,低,排除,0,PB低但近5年出现亏损；PB低但近5年经营现金流多次为负；10年内亏损年份过多；10年ROE波动较大；长期ROE低于5%；近5年自由现金流多次为负；近5年营收明显下滑；数据质量为Medium，筛选结果置信度中等
CNEY,US,CN Energy Group Inc. - Class A Ordinary Shares,Specialty Chemicals,周期,利润波动、ROE波动、资本开支周期,-,0.04,-6.8%,7.8%,-21139038.00,5.0%,-,-65.25,未分红/不适用,-4.0%,4,6,80,Medium,低,排除,0,周期行业利润弹性过大；PB低但近5年出现亏损；PB低但近5年经营现金流多次为负；10年内亏损年份过多；10年净利润波动较大；长期ROE低于5%；利息覆盖倍数过低；数据质量为Medium，筛选结果置信度中等
CNOB,US,"ConnectOne Bancorp, Inc. - Common Stock",Banks - Regional,银行,不良率、拨备覆盖、资本充足率,15.59,0.98,7.2%,2.4%,104212500.00,88.8%,1.6%,-,未分红/不适用,6.2%,4,6,80,Medium,中,排除,15,银行需补充不良率/拨备/资本充足率专项数据；长期ROE偏低但PE不低；资产负债率过高；资产负债率相对偏高；数据质量为Medium，筛选结果置信度中等
CNSP,US,"CNS Pharmaceuticals, Inc. - Common Stock",Biotechnology,科技,营收增长、自由现金流、研发投入效率,-,0.70,-88.4%,349.1%,-13913234.50,47.6%,-,-1039.75,未分红/不适用,-,4,6,80,Medium,低,排除,0,科技公司自由现金流为负；PB低但近5年出现亏损；PB低但近5年经营现金流多次为负；10年内亏损年份过多；10年ROE波动较大；长期ROE低于5%；近5年自由现金流多次为负；利息覆盖倍数过低；数据质量为Medium，筛选结果置信度中等
CNTB,US,Connect Biopharma Holdings Limited - Ordinary Shares,Biotechnology,科技,营收增长、自由现金流、研发投入效率,-,3.47,-71.3%,47.5%,-57437250.00,25.1%,-,-,未分红/不适用,-,4,6,80,Medium,低,排除,0,科技公司自由现金流为负；10年内亏损年份过多；10年ROE波动较大；长期ROE低于5%；近5年自由现金流多次为负；数据质量为Medium，筛选结果置信度中等
CNTN,US,"Canton Strategic Holdings, Inc. - Common Stock",Biotechnology,科技,营收增长、自由现金流、研发投入效率,-,0.44,-299.2%,426.6%,-93700883.00,23.3%,-,-1484.39,未分红/不适用,-,4,6,80,Medium,低,排除,0,科技公司自由现金流为负；PB低但近5年出现亏损；PB低但近5年经营现金流多次为负；10年内亏损年份过多；10年ROE波动较大；长期ROE低于5%；利息覆盖倍数过低；数据质量为Medium，筛选结果置信度中等
CNTX,US,Context Therapeutics Inc. - Common Stock,Biotechnology,科技,营收增长、自由现金流、研发投入效率,-,3.90,-83.1%,80.2%,-23939716.00,11.7%,-,-,未分红/不适用,-,4,6,80,Medium,低,排除,0,科技公司自由现金流为负；10年内亏损年份过多；10年ROE波动较大；长期ROE低于5%；近5年自由现金流多次为负；数据质量为Medium，筛选结果置信度中等
CNTY,US,"Century Casinos, Inc. - Common Stock",Resorts & Casinos,通用,ROE、现金流、资产负债率,-,-0.35,121.9%,216.6%,-24630500.00,100.6%,0.9%,0.51,未分红/不适用,10.0%,4,6,80,Medium,低,排除,0,PB低但近5年出现亏损；10年内亏损年份过多；10年ROE波动较大；10年净利润波动较大；近5年自由现金流多次为负；资产负债率过高；利息覆盖倍数过低；数据质量为Medium，筛选结果置信度中等
CNVS,US,Cineverse Corp. - Class A Common Stock,Entertainment,通用,ROE、现金流、资产负债率,-,1.42,-18.5%,34.0%,-312500.00,47.9%,9.4%,1.89,未分红/不适用,11.7%,4,0,80,Medium,低,排除,15,10年ROE波动较大；10年净利润波动较大；长期ROE低于5%；利息覆盖倍数偏低；数据质量为Medium，筛选结果置信度中等
CNXC,US,Concentrix Corporation - Common Stock,Information Technology Services,科技,营收增长、自由现金流、研发投入效率,-,0.51,-4.2%,28.6%,489844750.00,74.5%,34.1%,-3.07,未分红/不适用,15.8%,4,6,80,Medium,中,排除,0,PB低但近5年出现亏损；10年ROE波动较大；10年净利润波动较大；长期ROE低于5%；资产负债率偏高；商誉占比偏高；利息覆盖倍数过低；资产负债率相对偏高；数据质量为Medium，筛选结果置信度中等
CNXN,US,"PC Connection, Inc. - Common Stock",Electronics & Computer Distribution,科技,营收增长、自由现金流、研发投入效率,18.67,1.78,10.1%,1.1%,109628250.00,32.6%,5.4%,-,未分红/不适用,-2.8%,4,6,80,Medium,低,警惕,85,科技公司营收增长转负；数据质量为Medium，筛选结果置信度中等
COAG,US,"Hemab Therapeutics Holdings, Inc. - Common Stock",Biotechnology,科技,营收增长、自由现金流、研发投入效率,-,-0.15,39.2%,4.3%,-53682500.00,190.7%,-,-,未分红/不适用,-,2,0,40,Low,低,数据不足,0,科技公司自由现金流为负；PB低但近5年出现亏损；资产负债率过高；数据年数不足，无法进行可靠筛选
COCH,US,"Envoy Medical, Inc. - Class A Common Stock",Medical Devices,通用,ROE、现金流、资产负债率,-,4.79,510.3%,785.7%,-15894000.00,237.5%,-,-13.94,未分红/不适用,0.6%,4,6,80,Medium,低,排除,0,10年内亏损年份过多；10年ROE波动较大；近5年自由现金流多次为负；资产负债率过高；利息覆盖倍数过低；数据质量为Medium，筛选结果置信度中等
COCO,US,"The Vita Coco Company, Inc. - Common Stock",Beverages - Non-Alcoholic,消费,ROE、毛利率稳定性、分红稳定性,55.21,12.35,17.9%,8.3%,43897250.00,28.1%,1.7%,-,未分红/不适用,12.5%,4,6,80,Medium,低,通过,85,数据质量为Medium，筛选结果置信度中等
COCP,US,"Cocrystal Pharma, Inc. - Common Stock",Biotechnology,科技,营收增长、自由现金流、研发投入效率,-,2.70,-122.4%,50.3%,-15247500.00,34.8%,-,-,未分红/不适用,-,4,6,80,Medium,低,排除,0,科技公司自由现金流为负；10年内亏损年份过多；10年ROE波动较大；长期ROE低于5%；近5年自由现金流多次为负；数据质量为Medium，筛选结果置信度中等
CODA,US,"Coda Octopus Group, Inc. - Common stock",Aerospace & Defense,通用,ROE、现金流、资产负债率,30.77,2.13,7.6%,1.6%,3576272.25,9.9%,5.6%,-,未分红/不适用,6.1%,4,6,80,Medium,低,警惕,85,长期ROE偏低但PE不低；数据质量为Medium，筛选结果置信度中等
CODX,US,"Co-Diagnostics, Inc. - Common Stock",Medical Devices,通用,ROE、现金流、资产负债率,-,0.14,-87.7%,96.0%,-19511579.25,16.6%,-,-,未分红/不适用,-73.7%,4,6,80,Medium,低,排除,0,PB低但近5年出现亏损；PB低但近5年经营现金流多次为负；10年内亏损年份过多；10年ROE波动较大；长期ROE低于5%；近5年自由现金流多次为负；近5年营收明显下滑；数据质量为Medium，筛选结果置信度中等
COFS,US,"ChoiceOne Financial Services, Inc. - Common Stock",Banks - Regional,银行,不良率、拨备覆盖、资本充足率,7.14,0.96,10.3%,3.3%,38956000.00,89.4%,2.9%,-,未分红/不适用,25.7%,4,6,80,Medium,中,排除,30,银行需补充不良率/拨备/资本充足率专项数据；资产负债率过高；资产负债率相对偏高；数据质量为Medium，筛选结果置信度中等
COGT,US,"Cogent Biosciences, Inc. - Common Stock",Biotechnology,科技,营收增长、自由现金流、研发投入效率,-,10.50,-70.2%,22.2%,-189070750.00,32.1%,-,-106.43,未分红/不适用,-,4,6,80,Medium,低,排除,0,科技公司自由现金流为负；10年内亏损年份过多；10年ROE波动较大；长期ROE低于5%；近5年自由现金流多次为负；利息覆盖倍数过低；数据质量为Medium，筛选结果置信度中等
COHU,US,"Cohu, Inc. - Common Stock",Semiconductor Equipment & Materials,科技,营收增长、自由现金流、研发投入效率,-,2.85,-1.1%,9.5%,46596500.00,36.8%,22.8%,-29.38,未分红/不适用,-17.7%,4,6,80,Medium,低,排除,0,科技公司营收增长转负；10年净利润波动较大；长期ROE低于5%；商誉占比偏高；利息覆盖倍数过低；近5年营收明显下滑；数据质量为Medium，筛选结果置信度中等
COIN,US,"Coinbase Global, Inc. - Class A Common Stock",Financial Data & Stock Exchanges,通用,ROE、现金流、资产负债率,72.58,3.84,-3.2%,31.5%,-519608000.00,50.1%,14.1%,18.82,未分红/不适用,31.0%,4,6,80,Medium,低,排除,30,10年ROE波动较大；10年净利润波动较大；长期ROE低于5%；数据质量为Medium，筛选结果置信度中等
COKE,US,"Coca-Cola Consolidated, Inc. - Common Stock",Beverages - Non-Alcoholic,消费,ROE、毛利率稳定性、分红稳定性,22.70,3.46,8.6%,57.6%,469640750.00,117.2%,3.9%,19.11,未分红/不适用,5.2%,4,6,80,Medium,低,排除,30,消费公司长期ROE不够突出；10年ROE波动较大；资产负债率过高；数据质量为Medium，筛选结果置信度中等
COLB,US,"Columbia Banking System, Inc. - Common Stock",Banks - Regional,银行,不良率、拨备覆盖、资本充足率,11.28,1.09,9.5%,3.2%,788981000.00,88.3%,2.2%,-,未分红/不适用,21.9%,4,6,80,Medium,中,排除,30,银行需补充不良率/拨备/资本充足率专项数据；资产负债率过高；资产负债率相对偏高；数据质量为Medium，筛选结果置信度中等
COLL,US,"Collegium Pharmaceutical, Inc. - Common Stock",Drug Manufacturers - Specialty & Generic,通用,ROE、现金流、资产负债率,16.76,3.58,15.7%,19.4%,231951750.00,81.8%,8.8%,2.13,未分红/不适用,18.9%,4,6,80,Medium,中,警惕,25,10年ROE波动较大；10年净利润波动较大；资产负债率偏高；利息覆盖倍数偏低；资产负债率相对偏高；数据质量为Medium，筛选结果置信度中等
COLM,US,Columbia Sportswear Company - Common Stock,Apparel Manufacturing,消费,ROE、毛利率稳定性、分红稳定性,18.57,1.88,13.0%,2.4%,286489000.00,41.6%,0.2%,-,未分红/不适用,-0.6%,4,6,80,Medium,低,通过,85,数据质量为Medium，筛选结果置信度中等
COO,US,"The Cooper Companies, Inc.  - Common Stock",Medical Instruments & Supplies,通用,ROE、现金流、资产负债率,30.35,1.42,4.7%,0.6%,346800000.00,33.5%,31.1%,6.67,未分红/不适用,7.3%,4,6,80,Medium,低,排除,45,长期ROE低于5%；商誉占比偏高；数据质量为Medium，筛选结果置信度中等
COOT,US,Australian Oilseeds Holdings Limited - Ordinary Shares,Packaged Foods,消费,ROE、毛利率稳定性、分红稳定性,-,7.78,633.3%,1215.2%,-2165296.00,97.0%,8.6%,-24.03,未分红/不适用,40.0%,4,0,80,Medium,低,排除,0,10年ROE波动较大；10年净利润波动较大；近5年自由现金流多次为负；资产负债率过高；利息覆盖倍数过低；数据质量为Medium，筛选结果置信度中等
CORT,US,Corcept Therapeutics Incorporated - Common Stock,Biotechnology,科技,营收增长、自由现金流、研发投入效率,163.74,9.64,19.3%,2.6%,146090000.00,22.6%,-,-,未分红/不适用,23.7%,4,6,80,Medium,低,通过,85,数据质量为Medium，筛选结果置信度中等
CORZ,US,"Core Scientific, Inc. - Common Stock",Software - Infrastructure,科技,营收增长、自由现金流、研发投入效率,-,-5.72,187.0%,231.6%,-215401750.00,141.0%,-,-,未分红/不适用,-20.7%,4,6,80,Medium,低,排除,0,科技公司营收增长转负；科技公司自由现金流为负；PB低但近5年出现亏损；10年内亏损年份过多；10年ROE波动较大；10年净利润波动较大；近5年自由现金流多次为负；资产负债率过高；近5年营收明显下滑；数据质量为Medium，筛选结果置信度中等
COSM,US,Cosmos Health Inc. - Common Stock,Medical Distribution,通用,ROE、现金流、资产负债率,-,0.68,-64.0%,29.5%,-14410544.75,71.9%,0.1%,-6.30,未分红/不适用,9.0%,4,6,80,Medium,中,排除,0,PB低但近5年出现亏损；PB低但近5年经营现金流多次为负；10年内亏损年份过多；10年ROE波动较大；长期ROE低于5%；近5年自由现金流多次为负；资产负债率偏高；利息覆盖倍数过低；资产负债率相对偏高；数据质量为Medium，筛选结果置信度中等
COST,US,Costco Wholesale Corporation - Common Stock,Discount Stores,通用,ROE、现金流、资产负债率,54.46,28.14,28.1%,2.5%,6178000000.00,62.2%,-,71.25,未分红/不适用,6.6%,4,6,80,Medium,低,通过,85,数据质量为Medium，筛选结果置信度中等
COYA,US,"Coya Therapeutics, Inc. - Common Stock",Biotechnology,科技,营收增长、自由现金流、研发投入效率,-,2.48,9.1%,91.8%,-,13.9%,-,-,未分红/不适用,-,4,6,80,Medium,低,排除,45,10年内亏损年份过多；10年ROE波动较大；数据质量为Medium，筛选结果置信度中等
CPB,US,The Campbell's Company - Common Stock,Packaged Foods,消费,ROE、毛利率稳定性、分红稳定性,10.88,1.49,19.1%,4.6%,771250000.00,73.8%,33.5%,3.31,未分红/不适用,6.2%,4,6,80,Medium,中,警惕,55,资产负债率偏高；商誉占比偏高；资产负债率相对偏高；数据质量为Medium，筛选结果置信度中等
CPBI,US,"Central Plains Bancshares, Inc. - Common Stock",Banks - Regional,银行,不良率、拨备覆盖、资本充足率,17.12,0.79,4.5%,0.3%,1510333.33,83.6%,-,-,未分红/不适用,-,3,0,60,Medium,中,排除,15,银行需补充不良率/拨备/资本充足率专项数据；长期ROE低于5%；资产负债率偏高；资产负债率相对偏高；数据质量为Medium，筛选结果置信度中等
CPHC,US,Canterbury Park Holding Corporation - Common Stock,Resorts & Casinos,通用,ROE、现金流、资产负债率,-,0.97,6.3%,6.4%,2267394.25,25.5%,-,-,未分红/不适用,-3.8%,4,6,80,Medium,低,排除,45,PB低但近5年出现亏损；10年净利润波动较大；数据质量为Medium，筛选结果置信度中等
CPIX,US,Cumberland Pharmaceuticals Inc. - Common Stock,Drug Manufacturers - Specialty & Generic,通用,ROE、现金流、资产负债率,-,3.55,-19.1%,7.4%,3994668.25,68.1%,1.2%,-4.67,未分红/不适用,2.0%,4,6,80,Medium,中,排除,0,10年内亏损年份过多；长期ROE低于5%；利息覆盖倍数过低；资产负债率相对偏高；数据质量为Medium，筛选结果置信度中等
CPOP,US,"Pop Culture Group Co., Ltd - Class A Ordinary Shares",Entertainment,通用,ROE、现金流、资产负债率,-,0.24,-50.6%,43.3%,-7756728.25,81.2%,1.8%,-23.73,未分红/不适用,49.4%,4,6,80,Medium,中,排除,0,PB低但近5年出现亏损；PB低但近5年经营现金流多次为负；10年内亏损年份过多；10年ROE波动较大；10年净利润波动较大；长期ROE低于5%；近5年自由现金流多次为负；资产负债率偏高；利息覆盖倍数过低；资产负债率相对偏高；数据质量为Medium，筛选结果置信度中等
CPRT,US,"Copart, Inc. - Common Stock",Specialty Business Services,通用,ROE、现金流、资产负债率,20.75,3.25,19.8%,3.0%,969785750.00,8.8%,5.1%,-,未分红/不适用,9.9%,4,6,80,Medium,低,通过,85,数据质量为Medium，筛选结果置信度中等
CPRX,US,"Catalyst Pharmaceuticals, Inc. - Common Stock",Biotechnology,科技,营收增长、自由现金流、研发投入效率,18.01,3.76,22.8%,3.8%,156434500.00,13.6%,-,-,未分红/不适用,40.1%,4,6,80,Medium,低,通过,85,数据质量为Medium，筛选结果置信度中等
CPSH,US,CPS Technologies Corp. - Common Stock,Electronic Components,科技,营收增长、自由现金流、研发投入效率,inf,3.53,0.4%,15.4%,-330751.75,16.5%,-,-,未分红/不适用,7.0%,4,6,80,Medium,低,排除,15,科技公司自由现金流为负；10年ROE波动较大；10年净利润波动较大；长期ROE低于5%；数据质量为Medium，筛选结果置信度中等
CPSS,US,"Consumer Portfolio Services, Inc. - Common Stock",Credit Services,消费,ROE、毛利率稳定性、分红稳定性,11.17,0.66,16.7%,14.7%,243204500.00,92.0%,-,-,未分红/不适用,-5.8%,4,6,80,Medium,中,排除,15,10年ROE波动较大；资产负债率过高；近5年营收增长偏弱；资产负债率相对偏高；数据质量为Medium，筛选结果置信度中等
CRAI,US,"CRA International,Inc. - Common Stock",Consulting Services,通用,ROE、现金流、资产负债率,19.37,4.28,21.6%,3.1%,32670500.00,66.0%,15.1%,15.29,未分红/不适用,8.3%,4,6,80,Medium,低,通过,85,数据质量为Medium，筛选结果置信度中等
CRBP,US,"Corbus Pharmaceuticals Holdings, Inc. - Common Stock",Biotechnology,科技,营收增长、自由现金流、研发投入效率,-,1.62,109.0%,360.5%,-51027942.00,12.3%,-,-,未分红/不适用,-,4,6,80,Medium,低,排除,30,科技公司自由现金流为负；10年内亏损年份过多；10年ROE波动较大；数据质量为Medium，筛选结果置信度中等
CRBU,US,"Caribou Biosciences, Inc. - Common Stock",Biotechnology,科技,营收增长、自由现金流、研发投入效率,-,2.05,-60.2%,42.9%,-114995000.00,30.3%,-,-,未分红/不适用,-7.0%,4,6,80,Medium,低,排除,0,科技公司营收增长转负；科技公司自由现金流为负；10年内亏损年份过多；10年ROE波动较大；长期ROE低于5%；近5年自由现金流多次为负；近5年营收增长偏弱；数据质量为Medium，筛选结果置信度中等
CRCT,US,"Cricut, Inc. - Class A common stock",Computer Hardware,科技,营收增长、自由现金流、研发投入效率,11.76,2.35,13.7%,6.1%,192684750.00,40.8%,-,191.29,未分红/不适用,-7.2%,4,6,80,Medium,低,警惕,70,科技公司营收增长转负；近5年营收增长偏弱；数据质量为Medium，筛选结果置信度中等
CRDF,US,"Cardiff Oncology, Inc. - Common Stock",Biotechnology,科技,营收增长、自由现金流、研发投入效率,-,2.50,-62.9%,27.3%,-35508750.00,26.7%,-,-,未分红/不适用,15.4%,4,6,80,Medium,低,排除,0,科技公司自由现金流为负；10年内亏损年份过多；10年ROE波动较大；长期ROE低于5%；近5年自由现金流多次为负；数据质量为Medium，筛选结果置信度中等
CRDL,US,Cardiol Therapeutics Inc. - Class A Common Shares,Drug Manufacturers - Specialty & Generic,通用,ROE、现金流、资产负债率,-,10.11,-124.1%,56.6%,-25375274.50,24.3%,-,-,未分红/不适用,-,4,6,80,Medium,低,排除,0,10年内亏损年份过多；10年ROE波动较大；长期ROE低于5%；近5年自由现金流多次为负；数据质量为Medium，筛选结果置信度中等
CRDO,US,Credo Technology Group Holding Ltd - Ordinary Shares,Semiconductors,科技,营收增长、自由现金流、研发投入效率,94.93,17.31,-2.2%,6.7%,-12158250.00,15.8%,-,-,未分红/不适用,60.1%,4,0,80,Medium,低,排除,0,科技公司自由现金流为负；10年内亏损年份过多；10年净利润波动较大；长期ROE低于5%；数据质量为Medium，筛选结果置信度中等
CRE,US,Cre8 Enterprise Limited - Class A Ordinary Shares,Specialty Business Services,通用,ROE、现金流、资产负债率,0.58,0.75,147.1%,131.9%,2205360.50,55.7%,-,28.52,未分红/不适用,10.5%,4,6,80,Medium,低,排除,30,PB低但近5年出现亏损；10年ROE波动较大；10年净利润波动较大；数据质量为Medium，筛选结果置信度中等
CREG,US,Smart Powerr Corp. - Common Stock,Utilities - Renewable,通用,ROE、现金流、资产负债率,-,0.07,-2.1%,1.4%,66158783.00,9.2%,-,-5.77,未分红/不适用,-,4,6,80,Medium,低,排除,0,PB低但近5年出现亏损；PB低但近5年经营现金流多次为负；10年内亏损年份过多；长期ROE低于5%；利息覆盖倍数过低；数据质量为Medium，筛选结果置信度中等
CREX,US,"Creative Realities, Inc. - Common Stock",Software - Application,科技,营收增长、自由现金流、研发投入效率,-,1.72,-8.4%,10.8%,-3380250.00,67.4%,35.3%,-1.87,未分红/不适用,9.7%,4,6,80,Medium,中,排除,0,科技公司自由现金流为负；10年内亏损年份过多；10年净利润波动较大；长期ROE低于5%；商誉占比偏高；利息覆盖倍数过低；资产负债率相对偏高；数据质量为Medium，筛选结果置信度中等
CRGO,US,Freightos Limited - Ordinary shares,Integrated Freight & Logistics,通用,ROE、现金流、资产负债率,-,2.50,-71.7%,36.8%,-15871500.00,31.5%,23.6%,-63.81,未分红/不适用,15.6%,4,6,80,Medium,低,排除,0,10年内亏损年份过多；10年ROE波动较大；长期ROE低于5%；近5年自由现金流多次为负；商誉占比偏高；利息覆盖倍数过低；数据质量为Medium，筛选结果置信度中等
CRIS,US,"Curis, Inc. - Common Stock",Biotechnology,科技,营收增长、自由现金流、研发投入效率,-,1.20,55.4%,448.4%,-54753000.00,72.6%,45.0%,-2.47,未分红/不适用,-2.4%,4,6,80,Medium,中,排除,0,科技公司营收增长转负；科技公司自由现金流为负；10年内亏损年份过多；10年ROE波动较大；资产负债率偏高；商誉占比过高；利息覆盖倍数过低；资产负债率相对偏高；数据质量为Medium，筛选结果置信度中等
CRMD,US,CorMedix Inc. - Common Stock,Biotechnology,科技,营收增长、自由现金流、研发投入效率,3.75,1.50,-25.2%,47.6%,14685532.00,50.9%,3.6%,54.92,未分红/不适用,1582.8%,4,6,80,Medium,低,排除,0,10年内亏损年份过多；10年ROE波动较大；10年净利润波动较大；长期ROE低于5%；近5年自由现金流多次为负；数据质量为Medium，筛选结果置信度中等
CRML,US,Critical Metals Corp. - Ordinary Shares,Other Industrial Metals & Mining,周期,利润波动、ROE波动、资本开支周期,-,9.44,310.1%,633.4%,-7630982.25,-,-,-,未分红/不适用,-,4,6,80,Medium,未知,排除,0,周期行业ROE波动显著；周期行业利润弹性过大；10年内亏损年份过多；10年ROE波动较大；10年净利润波动较大；近5年自由现金流多次为负；数据质量为Medium，筛选结果置信度中等
CRMT,US,"America's Car-Mart, Inc. - Common Stock",Auto & Truck Dealerships,通用,ROE、现金流、资产负债率,-,0.19,5.1%,11.0%,-106376500.00,64.5%,1.4%,1.32,未分红/不适用,5.3%,4,0,80,Medium,低,排除,0,PB低但近5年出现亏损；PB低但近5年经营现金流多次为负；10年净利润波动较大；近5年自由现金流多次为负；利息覆盖倍数过低；数据质量为Medium，筛选结果置信度中等
CRNC,US,Cerence Inc. - Common Stock,Software - Application,科技,营收增长、自由现金流、研发投入效率,-,2.78,-120.2%,198.3%,10451750.00,76.1%,47.4%,0.14,未分红/不适用,-8.4%,4,6,80,Medium,中,排除,0,科技公司营收增长转负；10年内亏损年份过多；10年ROE波动较大；10年净利润波动较大；长期ROE低于5%；资产负债率偏高；商誉占比过高；利息覆盖倍数过低；近5年营收增长偏弱；资产负债率相对偏高；数据质量为Medium，筛选结果置信度中等
CRNT,US,Ceragon Networks Ltd. - Ordinary Shares,Communication Equipment,通用,ROE、现金流、资产负债率,-,1.35,0.4%,12.9%,6133750.00,45.5%,3.5%,1.14,未分红/不适用,4.7%,4,6,80,Medium,低,排除,0,10年ROE波动较大；10年净利润波动较大；长期ROE低于5%；利息覆盖倍数过低；数据质量为Medium，筛选结果置信度中等
CRNX,US,"Crinetics Pharmaceuticals, Inc. - Common Stock",Biotechnology,科技,营收增长、自由现金流、研发投入效率,-,3.07,-40.3%,12.8%,-226967250.00,11.9%,-,-,未分红/不适用,17.6%,4,6,80,Medium,低,排除,0,科技公司自由现金流为负；10年内亏损年份过多；10年ROE波动较大；长期ROE低于5%；近5年自由现金流多次为负；数据质量为Medium，筛选结果置信度中等
CRON,US,Cronos Group Inc. - Common Share,Drug Manufacturers - Specialty & Generic,通用,ROE、现金流、资产负债率,inf,0.93,-4.6%,8.0%,-33684750.00,4.5%,5.6%,-,未分红/不适用,19.1%,4,6,80,Medium,低,排除,0,PB低但近5年出现亏损；10年内亏损年份过多；10年净利润波动较大；长期ROE低于5%；近5年自由现金流多次为负；数据质量为Medium，筛选结果置信度中等
CROX,US,"Crocs, Inc. - Common Stock",Footwear & Accessories,通用,ROE、现金流、资产负债率,-,3.39,41.5%,32.5%,724027500.00,69.0%,9.7%,1.83,未分红/不适用,4.4%,4,6,80,Medium,中,警惕,40,10年ROE波动较大；10年净利润波动较大；利息覆盖倍数偏低；资产负债率相对偏高；数据质量为Medium，筛选结果置信度中等
CRSP,US,CRISPR Therapeutics AG - Common Shares,Biotechnology,科技,营收增长、自由现金流、研发投入效率,-,2.62,-23.0%,11.9%,-330219250.00,15.2%,-,-,未分红/不适用,-,4,6,80,Medium,低,排除,0,科技公司自由现金流为负；10年内亏损年份过多；长期ROE低于5%；近5年自由现金流多次为负；数据质量为Medium，筛选结果置信度中等
CRSR,US,"Corsair Gaming, Inc. - Common Stock",Computer Hardware,科技,营收增长、自由现金流、研发投入效率,76.44,1.16,-6.4%,6.2%,44285250.00,48.5%,28.5%,-0.30,未分红/不适用,2.3%,4,6,80,Medium,低,排除,0,10年内亏损年份过多；10年净利润波动较大；长期ROE低于5%；商誉占比偏高；利息覆盖倍数过低；数据质量为Medium，筛选结果置信度中等
CRUS,US,"Cirrus Logic, Inc. - Common Stock",Semiconductors,科技,营收增长、自由现金流、研发投入效率,20.33,3.81,15.8%,4.1%,299134750.00,16.2%,18.7%,496.45,未分红/不适用,2.1%,4,0,80,Medium,低,通过,85,数据质量为Medium，筛选结果置信度中等
CRVL,US,CorVel Corp. - Common Stock,Insurance Brokers,保险,偿付能力、久期缺口、投资收益质量,28.37,7.88,31.1%,1.4%,63732000.00,41.0%,6.7%,-,未分红/不适用,11.5%,4,0,80,Medium,低,需专项分析,85,保险需补充偿付能力/久期缺口专项数据；数据质量为Medium，筛选结果置信度中等
CRVO,US,CervoMed Inc. - Common Stock,Biotechnology,科技,营收增长、自由现金流、研发投入效率,-,1.87,-50.4%,69.9%,-,20.4%,-,-,未分红/不适用,-,4,6,80,Medium,低,排除,0,10年内亏损年份过多；10年ROE波动较大；10年净利润波动较大；长期ROE低于5%；数据质量为Medium，筛选结果置信度中等
CRVS,US,"Corvus Pharmaceuticals, Inc. - Common Stock",Biotechnology,科技,营收增长、自由现金流、研发投入效率,-,15.30,-89.9%,71.1%,-28077333.33,13.9%,-,-,未分红/不适用,-,4,6,80,Medium,低,排除,0,科技公司自由现金流为负；10年内亏损年份过多；10年ROE波动较大；长期ROE低于5%；近5年自由现金流多次为负；数据质量为Medium，筛选结果置信度中等
CRWD,US,"CrowdStrike Holdings, Inc. - Class A Common Stock",Software - Infrastructure,科技,营收增长、自由现金流、研发投入效率,-,33.67,-3.4%,6.7%,978265250.00,59.7%,12.3%,-3.53,未分红/不适用,29.0%,4,6,80,Medium,低,排除,0,10年内亏损年份过多；10年净利润波动较大；长期ROE低于5%；利息覆盖倍数过低；数据质量为Medium，筛选结果置信度中等
CRWS,US,"Crown Crafts, Inc. - Common Stock","Furnishings, Fixtures & Appliances",通用,ROE、现金流、资产负债率,-,0.75,4.8%,19.6%,7476250.00,51.2%,0.0%,-,未分红/不适用,-0.0%,4,0,80,Medium,低,排除,0,PB低但近5年出现亏损；10年ROE波动较大；10年净利润波动较大；长期ROE低于5%；数据质量为Medium，筛选结果置信度中等
CRWV,US,"CoreWeave, Inc. - Class A Common Stock",Software - Infrastructure,科技,营收增长、自由现金流、研发投入效率,-,12.03,91.0%,121.9%,-3596373500.00,93.2%,2.2%,0.01,未分红/不适用,586.9%,3,3,60,Medium,中,排除,0,科技公司自由现金流为负；10年内亏损年份过多；10年ROE波动较大；近5年自由现金流多次为负；资产负债率过高；利息覆盖倍数过低；资产负债率相对偏高；数据质量为Medium，筛选结果置信度中等
CSAI,US,"Cloudastructure, Inc. - Class A Common Stock",Software - Infrastructure,科技,营收增长、自由现金流、研发投入效率,-,1.45,228.4%,713.6%,-7255500.00,12.0%,-,-,未分红/不适用,118.0%,4,0,80,Medium,低,排除,15,科技公司自由现金流为负；10年内亏损年份过多；10年ROE波动较大；近5年自由现金流多次为负；数据质量为Medium，筛选结果置信度中等
CSBR,US,"Champions Oncology, Inc. - Common Stock",Biotechnology,科技,营收增长、自由现金流、研发投入效率,-,20.16,99.5%,212.5%,1309250.00,88.3%,1.0%,-,未分红/不适用,5.1%,4,0,80,Medium,中,排除,15,10年ROE波动较大；10年净利润波动较大；资产负债率过高；资产负债率相对偏高；数据质量为Medium，筛选结果置信度中等
CSCO,US,"Cisco Systems, Inc. - Common Stock",Communication Equipment,通用,ROE、现金流、资产负债率,38.88,9.65,25.6%,4.0%,13821000000.00,61.7%,48.4%,7.97,未分红/不适用,3.2%,4,6,80,Medium,低,排除,60,商誉占比过高；数据质量为Medium，筛选结果置信度中等
CSGP,US,"CoStar Group, Inc. - Common Stock",Real Estate Services,地产,净负债率、现金短债比、资产负债率,466.86,1.68,3.1%,2.6%,131975000.00,20.6%,46.9%,-,未分红/不适用,14.2%,4,6,80,Medium,低,排除,0,地产需补充净负债率/现金短债比专项数据；10年净利润波动较大；长期ROE低于5%；商誉占比过高；数据质量为Medium，筛选结果置信度中等
CSGS,US,"CSG Systems International, Inc. - Common Stock",Software - Application,科技,营收增长、自由现金流、研发投入效率,36.02,7.84,21.8%,7.7%,96303000.00,81.6%,21.0%,4.13,未分红/不适用,3.9%,4,6,80,Medium,中,警惕,55,资产负债率偏高；商誉占比偏高；资产负债率相对偏高；数据质量为Medium，筛选结果置信度中等
CSHR,US,CoinShares PLC - Ordinary Shares,Capital Markets,金融,杠杆、资产质量、资本约束,3.65,0.96,102.7%,132.4%,-216307165.91,102.3%,-,-,未分红/不适用,0.2%,3,6,60,Medium,高,排除,0,金融行业需专项资产质量与资本约束分析；PB低但近5年出现亏损；PB低但近5年经营现金流多次为负；10年ROE波动较大；10年净利润波动较大；近5年自由现金流多次为负；高杠杆行业，需资产负债表专项分析；数据质量为Medium，筛选结果置信度中等
CSIQ,US,Canadian Solar Inc. - Common Shares,Solar,通用,ROE、现金流、资产负债率,-,0.42,5.2%,7.7%,-1238033250.00,71.9%,-,0.21,未分红/不适用,-9.2%,4,6,80,Medium,中,排除,0,PB低但近5年出现亏损；10年净利润波动较大；近5年自由现金流多次为负；资产负债率偏高；利息覆盖倍数过低；近5年营收增长偏弱；资产负债率相对偏高；数据质量为Medium，筛选结果置信度中等
CSPI,US,CSP Inc. - Common Stock,Information Technology Services,科技,营收增长、自由现金流、研发投入效率,-,2.11,3.8%,5.6%,2993000.00,37.4%,-,-3.65,未分红/不适用,2.6%,4,6,80,Medium,低,排除,5,10年净利润波动较大；长期ROE低于5%；利息覆盖倍数过低；数据质量为Medium，筛选结果置信度中等
CSTE,US,Caesarstone Ltd. - Ordinary Shares,Building Products & Equipment,通用,ROE、现金流、资产负债率,-,0.42,-39.3%,38.2%,-2840750.00,65.1%,-,-49.50,未分红/不适用,-16.8%,4,6,80,Medium,低,排除,0,PB低但近5年出现亏损；10年内亏损年份过多；10年ROE波动较大；长期ROE低于5%；利息覆盖倍数过低；近5年营收明显下滑；数据质量为Medium，筛选结果置信度中等
CSTL,US,"Castle Biosciences, Inc. - Common stock",Diagnostics & Research,通用,ROE、现金流、资产负债率,-,1.27,-8.2%,9.6%,-417000.00,18.6%,1.8%,-342.19,未分红/不适用,35.9%,4,6,80,Medium,低,排除,0,10年内亏损年份过多；10年净利润波动较大；长期ROE低于5%；利息覆盖倍数过低；数据质量为Medium，筛选结果置信度中等
CSWC,US,Capital Southwest Corporation - Common Stock,Asset Management,通用,ROE、现金流、资产负债率,12.40,1.58,8.7%,2.4%,-204871000.00,53.1%,-,-,未分红/不适用,9.5%,4,0,80,Medium,低,警惕,85,近5年自由现金流多次为负；数据质量为Medium，筛选结果置信度中等
CSX,US,CSX Corporation - Common Stock,Railroads,通用,ROE、现金流、资产负债率,28.05,6.26,28.2%,4.6%,2774750000.00,69.9%,0.2%,5.47,未分红/不适用,-1.7%,4,6,80,Medium,中,警惕,85,资产负债率相对偏高；数据质量为Medium，筛选结果置信度中等
CTAS,US,Cintas Corporation - Common Stock,Specialty Business Services,通用,ROE、现金流、资产负债率,35.49,14.08,36.8%,1.6%,1492031000.00,52.3%,34.6%,23.39,未分红/不适用,9.6%,4,6,80,Medium,低,警惕,85,商誉占比偏高；数据质量为Medium，筛选结果置信度中等
CTBI,US,"Community Trust Bancorp, Inc. - Common Stock",Banks - Regional,银行,不良率、拨备覆盖、资本充足率,11.22,1.33,11.6%,1.0%,91907500.00,87.2%,1.0%,-,未分红/不适用,7.6%,4,6,80,Medium,中,排除,30,银行需补充不良率/拨备/资本充足率专项数据；资产负债率过高；资产负债率相对偏高；数据质量为Medium，筛选结果置信度中等
CTKB,US,"Cytek Biosciences, Inc. - Common Stock",Medical Devices,通用,ROE、现金流、资产负债率,-,1.39,-5.9%,9.2%,-2217750.00,26.0%,3.6%,-61.96,未分红/不适用,7.1%,4,6,80,Medium,低,排除,0,10年内亏损年份过多；10年净利润波动较大；长期ROE低于5%；利息覆盖倍数过低；数据质量为Medium，筛选结果置信度中等
CTMX,US,"CytomX Therapeutics, Inc. - Common Stock",Biotechnology,科技,营收增长、自由现金流、研发投入效率,-,2.47,-1722.3%,3511.5%,-82937750.00,34.7%,0.6%,-,未分红/不适用,12.8%,4,6,80,Medium,低,排除,0,科技公司自由现金流为负；10年内亏损年份过多；10年ROE波动较大；10年净利润波动较大；长期ROE低于5%；近5年自由现金流多次为负；数据质量为Medium，筛选结果置信度中等
CTNM,US,"Contineum Therapeutics, Inc. - Common stock",Biotechnology,科技,营收增长、自由现金流、研发投入效率,-,2.02,-12.9%,26.5%,-22551500.00,5.7%,-,-,未分红/不适用,-,4,6,80,Medium,低,排除,0,科技公司自由现金流为负；10年内亏损年份过多；10年ROE波动较大；10年净利润波动较大；长期ROE低于5%；近5年自由现金流多次为负；数据质量为Medium，筛选结果置信度中等
CTNT,US,Cheetah Net Supply Chain Service Inc. - Class A Common Stock,Integrated Freight & Logistics,通用,ROE、现金流、资产负债率,-,0.00,-8.5%,40.4%,-122780.00,21.1%,4.0%,-108.46,未分红/不适用,-71.4%,4,6,80,Medium,低,排除,0,PB低但近5年出现亏损；10年ROE波动较大；10年净利润波动较大；长期ROE低于5%；利息覆盖倍数过低；近5年营收明显下滑；数据质量为Medium，筛选结果置信度中等
CTOR,US,"Citius Oncology, Inc.  - Common Stock",Drug Manufacturers - Specialty & Generic,通用,ROE、现金流、资产负债率,-,1.36,-41.4%,18.0%,-8057846.50,55.6%,-,-107.72,未分红/不适用,-,4,0,80,Medium,低,排除,0,10年内亏损年份过多；10年ROE波动较大；长期ROE低于5%；利息覆盖倍数过低；数据质量为Medium，筛选结果置信度中等
CTRM,US,Castor Maritime Inc. - Common Shares,Marine Shipping,周期,利润波动、ROE波动、资本开支周期,5.36,0.04,9.7%,10.9%,5144832.75,16.1%,3.0%,8.37,未分红/不适用,-18.3%,4,6,80,Medium,低,排除,30,周期行业利润弹性过大；10年净利润波动较大；近5年营收明显下滑；数据质量为Medium，筛选结果置信度中等
CTRN,US,"Citi Trends, Inc. - Common Stock",Apparel Retail,消费,ROE、毛利率稳定性、分红稳定性,68.14,3.00,-1.5%,30.4%,-13579500.00,75.3%,-,17.09,未分红/不适用,1.0%,4,6,80,Medium,中,排除,0,消费公司长期ROE不够突出；10年ROE波动较大；10年净利润波动较大；长期ROE低于5%；近5年自由现金流多次为负；资产负债率偏高；资产负债率相对偏高；数据质量为Medium，筛选结果置信度中等
CTSH,US,Cognizant Technology Solutions Corporation - Class A Common Stock,Information Technology Services,科技,营收增长、自由现金流、研发投入效率,10.22,1.48,16.3%,1.6%,2167750000.00,27.4%,34.3%,95.03,未分红/不适用,2.8%,4,6,80,Medium,低,警惕,85,商誉占比偏高；数据质量为Medium，筛选结果置信度中等
CTSO,US,Cytosorbents Corporation - Common Stock,Medical Devices,通用,ROE、现金流、资产负债率,-,14.74,-135.7%,39.0%,-21311557.50,86.6%,-,-2.29,未分红/不适用,8.1%,4,6,80,Medium,中,排除,0,10年内亏损年份过多；10年ROE波动较大；长期ROE低于5%；近5年自由现金流多次为负；资产负债率过高；利息覆盖倍数过低；资产负债率相对偏高；数据质量为Medium，筛选结果置信度中等
CTW,US,CTW - Class A Ordinary Shares,Electronic Gaming & Multimedia,科技,营收增长、自由现金流、研发投入效率,50.17,6.53,19.0%,5.7%,469274.00,40.5%,-,-,未分红/不适用,19.8%,3,0,60,Medium,低,通过,85,数据质量为Medium，筛选结果置信度中等
CTXR,US,"Citius Pharmaceuticals, Inc. - Common Stock",Biotechnology,科技,营收增长、自由现金流、研发投入效率,-,0.20,-45.0%,12.4%,-,40.8%,7.1%,-143.46,未分红/不适用,-,4,6,80,Medium,低,排除,0,PB低但近5年出现亏损；PB低但近5年经营现金流多次为负；10年内亏损年份过多；10年ROE波动较大；长期ROE低于5%；利息覆盖倍数过低；数据质量为Medium，筛选结果置信度中等
CUB,US,Lionheart Holdings - Class A Ordinary Shares,Shell Companies,通用,ROE、现金流、资产负债率,37.28,-33.78,3.8%,-,-,4.1%,-,-,未分红/不适用,-,1,3,20,Low,低,数据不足,0,长期ROE低于5%；数据年数不足，无法进行可靠筛选
CUE,US,"Cue Biopharma, Inc. - Common Stock",Biotechnology,科技,营收增长、自由现金流、研发投入效率,-,2.61,-137.6%,67.3%,-33412000.00,37.4%,-,-72.11,未分红/不适用,180.5%,4,6,80,Medium,低,排除,0,科技公司自由现金流为负；10年内亏损年份过多；10年ROE波动较大；长期ROE低于5%；近5年自由现金流多次为负；利息覆盖倍数过低；数据质量为Medium，筛选结果置信度中等
CULP,US,"Culp, Inc. - Common Shares",Textile Manufacturing,通用,ROE、现金流、资产负债率,-,0.80,-22.3%,15.2%,-12493000.00,53.3%,-,-80.00,未分红/不适用,-10.2%,4,0,80,Medium,低,排除,0,PB低但近5年出现亏损；PB低但近5年经营现金流多次为负；10年内亏损年份过多；10年ROE波动较大；长期ROE低于5%；近5年自由现金流多次为负；利息覆盖倍数过低；近5年营收增长偏弱；数据质量为Medium，筛选结果置信度中等
CUPR,US,Cuprina Holdings (Cayman) Limited - Ordinary shares,Medical Instruments & Supplies,通用,ROE、现金流、资产负债率,-,1.40,10.7%,69.7%,-3319680.75,40.6%,-,-312.10,未分红/不适用,-4.1%,4,6,80,Medium,低,排除,0,10年内亏损年份过多；10年ROE波动较大；10年净利润波动较大；近5年自由现金流多次为负；利息覆盖倍数过低；数据质量为Medium，筛选结果置信度中等
CURI,US,CuriosityStream Inc.  - Class A Common Stock,Broadcasting,通用,ROE、现金流、资产负债率,-,3.58,-37.1%,23.3%,-14291666.67,45.2%,-,-,未分红/不适用,-2.8%,4,6,80,Medium,低,排除,5,10年内亏损年份过多；10年ROE波动较大；长期ROE低于5%；数据质量为Medium，筛选结果置信度中等
CURR,US,Currenc Group Inc. - Ordinary Shares,Software - Application,科技,营收增长、自由现金流、研发投入效率,-,-52.43,111.1%,143.5%,707440.50,83.6%,8.5%,-4.90,未分红/不适用,-12.0%,4,6,80,Medium,低,排除,0,科技公司营收增长转负；PB低但近5年出现亏损；10年内亏损年份过多；10年ROE波动较大；资产负债率偏高；利息覆盖倍数过低；近5年营收增长偏弱；数据质量为Medium，筛选结果置信度中等
CURX,US,Curanex Pharmaceuticals Inc - Common Stock,Biotechnology,科技,营收增长、自由现金流、研发投入效率,-,24.23,-84.8%,77.3%,-,3.1%,-,-493.92,未分红/不适用,-,4,0,80,Medium,低,排除,0,10年内亏损年份过多；10年ROE波动较大；10年净利润波动较大；长期ROE低于5%；利息覆盖倍数过低；数据质量为Medium，筛选结果置信度中等
CV,US,"CapsoVision, Inc. - Common Stock",Medical Devices,通用,ROE、现金流、资产负债率,-,25.30,-55.1%,117.7%,-18251333.33,27.0%,-,-,未分红/不适用,17.9%,3,0,60,Medium,低,排除,0,10年内亏损年份过多；10年ROE波动较大；长期ROE低于5%；近5年自由现金流多次为负；数据质量为Medium，筛选结果置信度中等
CVBF,US,CVB Financial Corporation - Common Stock,Banks - Regional,银行,不良率、拨备覆盖、资本充足率,12.84,1.15,10.3%,1.4%,255364250.00,85.3%,4.9%,-,未分红/不适用,-2.3%,4,6,80,Medium,中,排除,30,银行需补充不良率/拨备/资本充足率专项数据；资产负债率过高；资产负债率相对偏高；数据质量为Medium，筛选结果置信度中等
CVCO,US,"Cavco Industries, Inc. - Common Stock",Residential Construction,周期,利润波动、ROE波动、资本开支周期,20.15,3.31,19.9%,5.0%,175372000.00,24.3%,8.7%,409.26,未分红/不适用,7.4%,4,0,80,Medium,低,通过,85,数据质量为Medium，筛选结果置信度中等
CVGI,US,"Commercial Vehicle Group, Inc. - Common Stock",Auto Parts,通用,ROE、现金流、资产负债率,-,1.28,-6.8%,23.7%,12459250.00,66.0%,-,-0.21,未分红/不适用,-6.0%,4,6,80,Medium,低,排除,0,10年内亏损年份过多；10年ROE波动较大；10年净利润波动较大；长期ROE低于5%；利息覆盖倍数过低；近5年营收增长偏弱；数据质量为Medium，筛选结果置信度中等
CVGW,US,"Calavo Growers, Inc. - Common Stock",Food Distribution,消费,ROE、毛利率稳定性、分红稳定性,29.69,2.32,0.6%,6.2%,14056000.00,28.6%,3.5%,31.02,未分红/不适用,-5.6%,4,6,80,Medium,低,排除,0,消费公司长期ROE不够突出；10年内亏损年份过多；10年净利润波动较大；长期ROE低于5%；近5年营收增长偏弱；数据质量为Medium，筛选结果置信度中等
CVKD,US,"Cadrenal Therapeutics, Inc. - Common Stock",Biotechnology,科技,营收增长、自由现金流、研发投入效率,-,4.55,-245.1%,207.1%,-7834811.33,36.7%,-,-,未分红/不适用,-,3,3,60,Medium,低,排除,0,科技公司自由现金流为负；10年内亏损年份过多；10年ROE波动较大；长期ROE低于5%；近5年自由现金流多次为负；数据质量为Medium，筛选结果置信度中等
CVLT,US,"Commvault Systems, Inc. - Common Stock",Software - Application,科技,营收增长、自由现金流、研发投入效率,64.67,561.40,19.5%,32.9%,185913500.00,-,-,-,未分红/不适用,9.0%,4,6,80,Medium,未知,警惕,70,10年ROE波动较大；10年净利润波动较大；数据质量为Medium，筛选结果置信度中等
CVRX,US,"CVRx, Inc. - Common Stock",Medical Devices,通用,ROE、现金流、资产负债率,-,5.26,-78.0%,42.9%,-41057250.00,62.5%,-,-8.15,未分红/不适用,36.1%,4,6,80,Medium,低,排除,0,10年内亏损年份过多；10年ROE波动较大；长期ROE低于5%；近5年自由现金流多次为负；利息覆盖倍数过低；数据质量为Medium，筛选结果置信度中等
CVV,US,CVD Equipment Corporation - Common Stock,Specialty Industrial Machinery,通用,ROE、现金流、资产负债率,-,1.43,-7.7%,6.3%,-1617250.00,10.1%,-,-120.69,未分红/不适用,-0.0%,4,6,80,Medium,低,排除,0,10年内亏损年份过多；10年净利润波动较大；长期ROE低于5%；近5年自由现金流多次为负；利息覆盖倍数过低；数据质量为Medium，筛选结果置信度中等
CWBC,US,Community West Bancshares - Common Stock,Banks - Regional,银行,不良率、拨备覆盖、资本充足率,10.81,1.07,9.8%,5.6%,25451500.00,88.9%,2.6%,-,未分红/不适用,20.1%,4,6,80,Medium,中,排除,30,银行需补充不良率/拨备/资本充足率专项数据；资产负债率过高；资产负债率相对偏高；数据质量为Medium，筛选结果置信度中等
CWCO,US,Consolidated Water Co. Ltd. - Ordinary Shares,Utilities - Regulated Water,通用,ROE、现金流、资产负债率,26.49,2.08,10.3%,5.4%,19925770.25,12.0%,5.0%,4839.27,未分红/不适用,12.0%,4,6,80,Medium,低,通过,85,数据质量为Medium，筛选结果置信度中等
CWD,US,CaliberCos Inc. - Class A Common Stock,Asset Management,通用,ROE、现金流、资产负债率,-,5.23,-506.4%,798.3%,-,80.6%,-,-2.43,未分红/不适用,-37.9%,4,6,80,Medium,中,排除,0,10年内亏损年份过多；10年ROE波动较大；10年净利润波动较大；长期ROE低于5%；资产负债率偏高；利息覆盖倍数过低；近5年营收明显下滑；资产负债率相对偏高；数据质量为Medium，筛选结果置信度中等
CWST,US,"Casella Waste Systems, Inc. - Class A Common Stock",Waste Management,通用,ROE、现金流、资产负债率,780.55,3.48,3.6%,4.8%,81605000.00,52.5%,33.9%,1.22,未分红/不适用,19.2%,4,6,80,Medium,低,排除,0,10年净利润波动较大；长期ROE低于5%；商誉占比偏高；利息覆盖倍数过低；数据质量为Medium，筛选结果置信度中等
CXAI,US,CXApp Inc. - Class A Common Stock,Software - Application,科技,营收增长、自由现金流、研发投入效率,-,0.34,-115.2%,16.3%,-12378666.67,56.9%,20.3%,-18.29,未分红/不适用,-,3,6,60,Medium,低,排除,0,科技公司自由现金流为负；PB低但近5年出现亏损；PB低但近5年经营现金流多次为负；10年内亏损年份过多；10年ROE波动较大；10年净利润波动较大；长期ROE低于5%；近5年自由现金流多次为负；商誉占比偏高；利息覆盖倍数过低；数据质量为Medium，筛选结果置信度中等
CXDO,US,"Crexendo, Inc. - Common Stock",Telecom Services,通用,ROE、现金流、资产负债率,70.21,4.38,-18.8%,44.6%,4560750.00,17.8%,12.2%,283.68,未分红/不适用,22.0%,4,6,80,Medium,低,排除,30,10年ROE波动较大；10年净利润波动较大；长期ROE低于5%；数据质量为Medium，筛选结果置信度中等
CYAB,US,"Cyabra, Inc. - Common Stock",Software - Infrastructure,科技,营收增长、自由现金流、研发投入效率,-,-0.01,100.9%,41.0%,-5634500.00,1799.0%,-,-24.96,未分红/不适用,92.7%,4,0,80,Medium,低,排除,0,科技公司自由现金流为负；PB低但近5年出现亏损；PB低但近5年经营现金流多次为负；10年内亏损年份过多；10年ROE波动较大；近5年自由现金流多次为负；资产负债率过高；利息覆盖倍数过低；数据质量为Medium，筛选结果置信度中等
CYCN,US,"Cyclerion Therapeutics, Inc. - Common Stock",Biotechnology,科技,营收增长、自由现金流、研发投入效率,-,1.32,-135.4%,190.9%,-,9.0%,-,-,未分红/不适用,91.1%,4,6,80,Medium,低,排除,0,10年内亏损年份过多；10年ROE波动较大；10年净利润波动较大；长期ROE低于5%；数据质量为Medium，筛选结果置信度中等
CYCU,US,"Cycurion, Inc. - Common Stock",Information Technology Services,科技,营收增长、自由现金流、研发投入效率,-,0.16,-41.4%,57.9%,-5093826.75,51.4%,62.3%,-12.64,未分红/不适用,-3.0%,4,0,80,Medium,低,排除,0,科技公司营收增长转负；科技公司自由现金流为负；PB低但近5年出现亏损；PB低但近5年经营现金流多次为负；10年内亏损年份过多；10年ROE波动较大；10年净利润波动较大；长期ROE低于5%；近5年自由现金流多次为负；商誉占比过高；利息覆盖倍数过低；数据质量为Medium，筛选结果置信度中等
CYN,US,Cyngn Inc. - Common stock,Software - Application,科技,营收增长、自由现金流、研发投入效率,-,0.38,706.6%,1651.1%,-21238636.25,22.6%,-,-,未分红/不适用,-5.8%,4,6,80,Medium,低,排除,0,科技公司营收增长转负；科技公司自由现金流为负；PB低但近5年出现亏损；PB低但近5年经营现金流多次为负；10年内亏损年份过多；10年ROE波动较大；近5年自由现金流多次为负；近5年营收增长偏弱；数据质量为Medium，筛选结果置信度中等
CYPH,US,Cypherpunk Technologies Inc. - Common Stock,Asset Management,通用,ROE、现金流、资产负债率,15.86,0.61,-104.4%,82.6%,-140902000.00,5.9%,-,420.88,未分红/不适用,-,4,6,80,Medium,低,排除,0,PB低但近5年出现亏损；PB低但近5年经营现金流多次为负；10年内亏损年份过多；10年ROE波动较大；长期ROE低于5%；数据质量为Medium，筛选结果置信度中等
CYRX,US,"CryoPort, Inc. - Common Stock",Integrated Freight & Logistics,通用,ROE、现金流、资产负债率,-,1.48,-10.0%,19.3%,-34345000.00,34.3%,2.9%,-12.63,未分红/不适用,-9.4%,4,6,80,Medium,低,排除,0,10年内亏损年份过多；10年ROE波动较大；10年净利润波动较大；长期ROE低于5%；近5年自由现金流多次为负；利息覆盖倍数过低；近5年营收增长偏弱；数据质量为Medium，筛选结果置信度中等
CYTK,US,"Cytokinetics, Incorporated - Common Stock",Biotechnology,科技,营收增长、自由现金流、研发投入效率,-,-11.50,262.8%,159.2%,-415303000.00,146.3%,-,-6.56,未分红/不适用,-2.4%,4,6,80,Medium,低,排除,0,科技公司营收增长转负；科技公司自由现金流为负；PB低但近5年出现亏损；PB低但近5年经营现金流多次为负；10年内亏损年份过多；10年ROE波动较大；近5年自由现金流多次为负；资产负债率过高；利息覆盖倍数过低；数据质量为Medium，筛选结果置信度中等
CZFS,US,"Citizens Financial Services, Inc. - Common Stock",Banks - Regional,银行,不良率、拨备覆盖、资本充足率,7.69,0.88,10.2%,3.4%,30658000.00,89.0%,2.8%,-,未分红/不适用,11.1%,4,6,80,Medium,中,排除,30,银行需补充不良率/拨备/资本充足率专项数据；资产负债率过高；资产负债率相对偏高；数据质量为Medium，筛选结果置信度中等
CZNC,US,Citizens & Northern Corp - Common Stock,Banks - Regional,银行,不良率、拨备覆盖、资本充足率,19.18,1.10,9.0%,1.6%,30955250.00,89.1%,2.0%,-,未分红/不适用,4.5%,4,6,80,Medium,中,排除,30,银行需补充不良率/拨备/资本充足率专项数据；资产负债率过高；资产负债率相对偏高；数据质量为Medium，筛选结果置信度中等
CZR,US,"Caesars Entertainment, Inc. - Common Stock",Resorts & Casinos,通用,ROE、现金流、资产负债率,-,1.64,-7.0%,17.7%,196000000.00,88.3%,33.0%,0.81,未分红/不适用,2.0%,4,6,80,Medium,中,排除,0,10年内亏损年份过多；10年ROE波动较大；10年净利润波动较大；长期ROE低于5%；资产负债率过高；商誉占比偏高；利息覆盖倍数过低；资产负债率相对偏高；数据质量为Medium，筛选结果置信度中等
CZWI,US,"Citizens Community Bancorp, Inc. - Common Stock",Banks - Regional,银行,不良率、拨备覆盖、资本充足率,13.58,1.65,8.4%,1.5%,16834000.00,89.5%,1.8%,-,未分红/不适用,-2.5%,4,6,80,Medium,中,排除,30,银行需补充不良率/拨备/资本充足率专项数据；资产负债率过高；资产负债率相对偏高；数据质量为Medium，筛选结果置信度中等
DAIC,US,"CID HoldCo, Inc. - Common Stock",Information Technology Services,科技,营收增长、自由现金流、研发投入效率,-,22.52,-3772.2%,7707.4%,-5669385.25,97.8%,-,-89.75,未分红/不适用,114.1%,4,0,80,Medium,中,排除,0,科技公司自由现金流为负；10年内亏损年份过多；10年ROE波动较大；10年净利润波动较大；长期ROE低于5%；近5年自由现金流多次为负；资产负债率过高；利息覆盖倍数过低；资产负债率相对偏高；数据质量为Medium，筛选结果置信度中等
DAIO,US,Data I/O Corporation - Common Stock,Electronic Components,科技,营收增长、自由现金流、研发投入效率,-,2.12,-14.9%,17.9%,-1286500.00,33.0%,-,-,未分红/不适用,-3.9%,4,6,80,Medium,低,排除,0,科技公司营收增长转负；科技公司自由现金流为负；10年内亏损年份过多；10年ROE波动较大；10年净利润波动较大；长期ROE低于5%；近5年自由现金流多次为负；数据质量为Medium，筛选结果置信度中等
DAKT,US,"Daktronics, Inc. - Common Stock",Electronic Components,科技,营收增长、自由现金流、研发投入效率,34.82,3.15,3.6%,7.8%,16677000.00,45.9%,0.6%,-1.04,未分红/不适用,7.4%,4,0,80,Medium,低,排除,5,10年净利润波动较大；长期ROE低于5%；利息覆盖倍数过低；数据质量为Medium，筛选结果置信度中等
DARE,US,"Dare Bioscience, Inc. - Common Stock",Biotechnology,科技,营收增长、自由现金流、研发投入效率,-,10.77,-21.2%,468.9%,-15752055.25,91.2%,-,-,未分红/不适用,-53.1%,4,6,80,Medium,中,排除,0,科技公司营收增长转负；科技公司自由现金流为负；10年内亏损年份过多；10年ROE波动较大；长期ROE低于5%；近5年自由现金流多次为负；资产负债率过高；近5年营收明显下滑；资产负债率相对偏高；数据质量为Medium，筛选结果置信度中等
DASH,US,"DoorDash, Inc. - Common Stock",Internet Retail,科技,营收增长、自由现金流、研发投入效率,74.22,6.69,-4.4%,12.8%,1249500000.00,48.9%,28.1%,-,未分红/不适用,27.7%,4,6,80,Medium,低,排除,15,10年ROE波动较大；10年净利润波动较大；长期ROE低于5%；商誉占比偏高；数据质量为Medium，筛选结果置信度中等
DAVE,US,Dave Inc.  - Class A Common Stock,Software - Application,科技,营收增长、自由现金流、研发投入效率,14.67,14.25,-22.4%,81.3%,92950000.00,27.6%,-,24.86,未分红/不适用,39.3%,4,6,80,Medium,低,排除,30,10年ROE波动较大；10年净利润波动较大；长期ROE低于5%；数据质量为Medium，筛选结果置信度中等
DBCA,US,D. Boral Acquisition I Corp. - Class A Ordinary Shares,Shell Companies,通用,ROE、现金流、资产负债率,-,-2475.00,-,-,-,122.5%,-,-,未分红/不适用,-,0,3,0,Insufficient,低,数据不足,0,资产负债率过高；数据年数不足，无法进行可靠筛选
DBGI,US,"Digital Brands Group, Inc. - Common Stock",Apparel Retail,消费,ROE、毛利率稳定性、分红稳定性,-,0.37,133.8%,747.2%,-8435655.50,80.3%,13.0%,-53.90,未分红/不适用,-10.6%,4,6,80,Medium,中,排除,0,PB低但近5年出现亏损；PB低但近5年经营现金流多次为负；10年内亏损年份过多；10年ROE波动较大；资产负债率偏高；利息覆盖倍数过低；近5年营收增长偏弱；资产负债率相对偏高；数据质量为Medium，筛选结果置信度中等
DBX,US,"Dropbox, Inc. - Class A Common Stock",Software - Infrastructure,科技,营收增长、自由现金流、研发投入效率,14.50,-3.04,-135.2%,112.7%,830825000.00,163.2%,16.0%,8.86,未分红/不适用,2.7%,4,6,80,Medium,低,排除,5,10年ROE波动较大；长期ROE低于5%；资产负债率过高；数据质量为Medium，筛选结果置信度中等
DCBO,US,Docebo Inc. - Common Shares,Software - Application,科技,营收增长、自由现金流、研发投入效率,14.93,-727.92,26.5%,25.4%,17933000.00,64.1%,7.0%,168.43,未分红/不适用,19.3%,4,6,80,Medium,低,警惕,70,10年ROE波动较大；10年净利润波动较大；数据质量为Medium，筛选结果置信度中等
DCGO,US,DocGo Inc. - Common Stock,Medical Care Facilities,通用,ROE、现金流、资产负债率,-,0.44,-26.4%,67.0%,10135412.50,42.0%,0.0%,-,未分红/不适用,-9.9%,4,6,80,Medium,低,排除,0,PB低但近5年出现亏损；10年ROE波动较大；10年净利润波动较大；长期ROE低于5%；近5年营收增长偏弱；数据质量为Medium，筛选结果置信度中等
DCOY,US,Decoy Therapeutics Inc. - Common Stock,Biotechnology,科技,营收增长、自由现金流、研发投入效率,0.04,0.42,-280.8%,70.4%,-12249754.50,46.7%,-,-,未分红/不适用,-,4,6,80,Medium,低,排除,0,科技公司自由现金流为负；PB低但近5年出现亏损；PB低但近5年经营现金流多次为负；10年内亏损年份过多；10年ROE波动较大；长期ROE低于5%；数据质量为Medium，筛选结果置信度中等
DCTH,US,"Delcath Systems, Inc. - Common Stock",Medical Devices,通用,ROE、现金流、资产负债率,1103.00,3.37,71.2%,391.9%,-13684750.00,10.0%,-,-,未分红/不适用,215.3%,4,6,80,Medium,低,排除,15,10年内亏损年份过多；10年ROE波动较大；10年净利润波动较大；近5年自由现金流多次为负；数据质量为Medium，筛选结果置信度中等
DCX,US,Digital Currency X Technology Inc. - Class A Ordinary Shares,Auto Manufacturers,科技,营收增长、自由现金流、研发投入效率,0.01,-0.00,137.9%,153.5%,-21227500.00,130.9%,0.6%,-3.16,未分红/不适用,-32.3%,4,0,80,Medium,低,排除,0,科技公司营收增长转负；科技公司自由现金流为负；PB低但近5年出现亏损；PB低但近5年经营现金流多次为负；10年内亏损年份过多；10年ROE波动较大；近5年自由现金流多次为负；资产负债率过高；利息覆盖倍数过低；近5年营收明显下滑；数据质量为Medium，筛选结果置信度中等
DDOG,US,"Datadog, Inc. - Class A Common Stock",Software - Application,科技,营收增长、自由现金流、研发投入效率,530.60,18.46,2.1%,4.3%,660221500.00,43.8%,8.0%,12.49,未分红/不适用,26.9%,4,6,80,Medium,低,排除,45,10年净利润波动较大；长期ROE低于5%；数据质量为Medium，筛选结果置信度中等
DEFT,US,"Defi Technologies, Inc. - Common Stock",Capital Markets,金融,杠杆、资产质量、资本约束,4.24,1.90,-113.7%,116.0%,-100384893.00,81.9%,4.3%,14.59,未分红/不适用,-17.8%,4,6,80,Medium,高,排除,0,金融行业需专项资产质量与资本约束分析；10年内亏损年份过多；10年ROE波动较大；10年净利润波动较大；长期ROE低于5%；近5年营收明显下滑；高杠杆行业，需资产负债表专项分析；数据质量为Medium，筛选结果置信度中等
DERM,US,Journey Medical Corporation - Common Stock,Drug Manufacturers - Specialty & Generic,通用,ROE、现金流、资产负债率,-,5.34,-75.6%,69.7%,-19140333.33,66.3%,-,-2.07,未分红/不适用,-5.7%,4,6,80,Medium,低,排除,0,10年内亏损年份过多；10年ROE波动较大；长期ROE低于5%；利息覆盖倍数过低；近5年营收增长偏弱；数据质量为Medium，筛选结果置信度中等
DETX,US,"Liberty Defense Holdings, Ltd. - Common Shares",Security & Protection Services,通用,ROE、现金流、资产负债率,-,-2.81,458.7%,846.6%,-7404482.25,110.5%,-,-9.93,未分红/不适用,-,4,0,80,Medium,低,排除,0,PB低但近5年出现亏损；PB低但近5年经营现金流多次为负；10年内亏损年份过多；10年ROE波动较大；近5年自由现金流多次为负；资产负债率过高；利息覆盖倍数过低；数据质量为Medium，筛选结果置信度中等
DEVS,US,DevvStream Corp. - Common Stock,Pollution & Treatment Controls,通用,ROE、现金流、资产负债率,-,-0.05,2737.4%,5363.6%,-,265.0%,-,-17.28,未分红/不适用,-,4,0,80,Medium,低,排除,0,PB低但近5年出现亏损；PB低但近5年经营现金流多次为负；10年内亏损年份过多；10年ROE波动较大；资产负债率过高；利息覆盖倍数过低；数据质量为Medium，筛选结果置信度中等
DFDV,US,DeFi Development Corp. - Common Stock,Asset Management,通用,ROE、现金流、资产负债率,-,1.41,-112.6%,85.5%,-79774870.33,67.7%,0.2%,-7.26,未分红/不适用,74.3%,4,6,80,Medium,中,排除,0,10年内亏损年份过多；10年ROE波动较大；10年净利润波动较大；长期ROE低于5%；近5年自由现金流多次为负；利息覆盖倍数过低；资产负债率相对偏高；数据质量为Medium，筛选结果置信度中等
DFLI,US,Dragonfly Energy Holdings Corp - Common Stock,Electrical Equipment & Parts,周期,利润波动、ROE波动、资本开支周期,-,1.97,-149.1%,449.7%,-28735000.00,86.7%,-,-2.46,未分红/不适用,-12.1%,4,6,80,Medium,中,排除,0,周期行业ROE波动显著；10年内亏损年份过多；10年ROE波动较大；长期ROE低于5%；近5年自由现金流多次为负；资产负债率过高；利息覆盖倍数过低；近5年营收增长偏弱；资产负债率相对偏高；数据质量为Medium，筛选结果置信度中等
DFNS,US,T3 Defense Inc. - Common Stock,Aerospace & Defense,通用,ROE、现金流、资产负债率,0.06,-0.42,-26.1%,294.6%,-3751607.50,22.3%,3.8%,498.47,未分红/不适用,-,4,6,80,Medium,低,排除,0,PB低但近5年出现亏损；PB低但近5年经营现金流多次为负；10年内亏损年份过多；10年ROE波动较大；10年净利润波动较大；长期ROE低于5%；数据质量为Medium，筛选结果置信度中等
DFSC,US,"DEFSEC Technologies Inc. - common stock, no R/S concurrent with offering",Aerospace & Defense,通用,ROE、现金流、资产负债率,-,1.43,36.4%,698.0%,-9573984.75,39.6%,-,-36.79,未分红/不适用,89.9%,4,6,80,Medium,低,排除,0,10年内亏损年份过多；10年ROE波动较大；近5年自由现金流多次为负；利息覆盖倍数过低；数据质量为Medium，筛选结果置信度中等
DFTX,US,"Definium Therapeutics, Inc.  - Common Shares",Biotechnology,科技,营收增长、自由现金流、研发投入效率,-,6.25,-65.1%,38.9%,-,24.5%,4.5%,-32.53,未分红/不适用,-,4,6,80,Medium,低,排除,0,10年内亏损年份过多；10年ROE波动较大；长期ROE低于5%；利息覆盖倍数过低；数据质量为Medium，筛选结果置信度中等
DGICA,US,"Donegal Group, Inc. - Class A Common Stock",Insurance - Property & Casualty,保险,偿付能力、久期缺口、投资收益质量,9.71,0.99,5.6%,6.3%,49389042.00,73.2%,0.2%,73.26,未分红/不适用,4.9%,4,6,80,Medium,中,排除,0,保险需补充偿付能力/久期缺口专项数据；PB低但近5年出现亏损；10年净利润波动较大；资产负债率偏高；资产负债率相对偏高；数据质量为Medium，筛选结果置信度中等
DGICB,US,"Donegal Group, Inc. - Class B Common Stock",Insurance - Property & Casualty,保险,偿付能力、久期缺口、投资收益质量,10.60,1.08,5.6%,6.3%,49389042.00,73.2%,0.2%,73.26,未分红/不适用,4.9%,4,6,80,Medium,中,需专项分析,25,保险需补充偿付能力/久期缺口专项数据；10年净利润波动较大；长期ROE偏低但PE不低；资产负债率偏高；资产负债率相对偏高；数据质量为Medium，筛选结果置信度中等
DGII,US,Digi International Inc. - Common Stock,Communication Equipment,通用,ROE、现金流、资产负债率,55.04,3.52,4.7%,1.2%,63591750.00,31.1%,42.6%,8.90,未分红/不适用,3.5%,4,6,80,Medium,低,排除,20,长期ROE低于5%；商誉占比过高；数据质量为Medium，筛选结果置信度中等
DGNX,US,Diginex Limited - Ordinary Shares,Consulting Services,通用,ROE、现金流、资产负债率,-,2.18,18.6%,98.0%,-6476441.00,27.0%,-,-11.71,未分红/不适用,22.1%,4,0,80,Medium,低,排除,5,10年内亏损年份过多；10年ROE波动较大；利息覆盖倍数过低；数据质量为Medium，筛选结果置信度中等
DGXX,US,Digi Power X Inc. - Common Subordinate Voting Shares,Utilities - Independent Power Producers,通用,ROE、现金流、资产负债率,-,4.11,-36.2%,37.1%,-27729191.00,8.1%,-,-,未分红/不适用,12.2%,4,6,80,Medium,低,排除,0,10年内亏损年份过多；10年ROE波动较大；10年净利润波动较大；长期ROE低于5%；近5年自由现金流多次为负；数据质量为Medium，筛选结果置信度中等
DH,US,Definitive Healthcare Corp. - Class A Common Stock,Health Information Services,通用,ROE、现金流、资产负债率,-,0.31,-41.7%,39.6%,37093750.00,48.5%,26.8%,-17.54,未分红/不适用,2.7%,4,6,80,Medium,低,排除,0,PB低但近5年出现亏损；10年内亏损年份过多；10年ROE波动较大；10年净利润波动较大；长期ROE低于5%；商誉占比偏高；利息覆盖倍数过低；数据质量为Medium，筛选结果置信度中等
DHC,US,Diversified Healthcare Trust  - Common Shares of Beneficial Interest,REIT - Healthcare Facilities,地产,净负债率、现金短债比、资产负债率,-,1.22,-12.3%,8.3%,-,61.8%,-,-0.57,未分红/不适用,6.2%,4,6,80,Medium,低,排除,0,地产需补充净负债率/现金短债比专项数据；10年内亏损年份过多；长期ROE低于5%；利息覆盖倍数过低；数据质量为Medium，筛选结果置信度中等
DIBS,US,"1stdibs.com, Inc. - Common Stock",Internet Content & Information,科技,营收增长、自由现金流、研发投入效率,-,1.73,-16.4%,1.9%,-13314750.00,29.2%,3.3%,-,未分红/不适用,-2.6%,4,6,80,Medium,低,排除,0,科技公司营收增长转负；科技公司自由现金流为负；10年内亏损年份过多；长期ROE低于5%；近5年自由现金流多次为负；数据质量为Medium，筛选结果置信度中等
DIOD,US,Diodes Incorporated - Common Stock,Semiconductors,科技,营收增长、自由现金流、研发投入效率,53.50,2.39,10.2%,9.1%,123620000.00,20.8%,7.5%,31.24,未分红/不适用,-9.5%,4,6,80,Medium,低,警惕,55,科技公司营收增长转负；10年净利润波动较大；近5年营收增长偏弱；数据质量为Medium，筛选结果置信度中等
DJCO,US,Daily Journal Corp. (S.C.) - Common Stock,Software - Application,科技,营收增长、自由现金流、研发投入效率,6.85,1.63,6.3%,33.4%,5722000.00,28.7%,-,109.68,未分红/不适用,17.5%,4,6,80,Medium,低,警惕,70,10年ROE波动较大；10年净利润波动较大；数据质量为Medium，筛选结果置信度中等
DJT,US,Trump Media & Technology Group Corp. - Common Stock,Internet Content & Information,科技,营收增长、自由现金流、研发投入效率,-,1.93,-147.3%,301.1%,-23213400.00,37.4%,4.6%,-25.03,未分红/不适用,35.8%,4,6,80,Medium,低,排除,0,科技公司自由现金流为负；10年内亏损年份过多；10年ROE波动较大；10年净利润波动较大；长期ROE低于5%；近5年自由现金流多次为负；利息覆盖倍数过低；数据质量为Medium，筛选结果置信度中等
DKI,US,DarkIris Inc. - Class A Ordinary Shares,Electronic Gaming & Multimedia,科技,营收增长、自由现金流、研发投入效率,-,1.00,11.3%,125.6%,-819997.00,19.7%,-,-,未分红/不适用,59.7%,3,0,60,Medium,低,警惕,55,科技公司自由现金流为负；10年ROE波动较大；10年净利润波动较大；数据质量为Medium，筛选结果置信度中等
DKNG,US,DraftKings Inc. - Class A Common Stock,Gambling,通用,ROE、现金流、资产负债率,287.17,21.18,-62.3%,48.1%,-9749250.00,86.1%,35.3%,-,未分红/不适用,39.3%,4,6,80,Medium,中,排除,0,10年内亏损年份过多；10年ROE波动较大；10年净利润波动较大；长期ROE低于5%；资产负债率过高；商誉占比偏高；资产负债率相对偏高；数据质量为Medium，筛选结果置信度中等
DLHC,US,DLH Holdings Corp. - Common Stock,Specialty Business Services,通用,ROE、现金流、资产负债率,-,0.75,8.7%,11.4%,20071000.00,61.1%,47.5%,1.13,未分红/不适用,-4.5%,4,6,80,Medium,低,排除,5,10年净利润波动较大；商誉占比过高；利息覆盖倍数过低；数据质量为Medium，筛选结果置信度中等
DLO,US,DLocal Limited - Class A Common Shares,Software - Infrastructure,科技,营收增长、自由现金流、研发投入效率,17.89,6.03,29.8%,4.7%,185142000.00,63.0%,-,901.21,未分红/不适用,37.7%,4,6,80,Medium,低,通过,85,数据质量为Medium，筛选结果置信度中等
DLPN,US,"Dolphin Entertainment, Inc. - Common Stock",Advertising Agencies,通用,ROE、现金流、资产负债率,-,1.70,-69.1%,54.1%,-2833416.25,83.4%,36.9%,-0.38,未分红/不适用,11.9%,4,6,80,Medium,中,排除,0,10年内亏损年份过多；10年ROE波动较大；10年净利润波动较大；长期ROE低于5%；近5年自由现金流多次为负；资产负债率偏高；商誉占比偏高；利息覆盖倍数过低；资产负债率相对偏高；数据质量为Medium，筛选结果置信度中等
DLTH,US,Duluth Holdings Inc. - Class B Common Stock,Apparel Retail,消费,ROE、毛利率稳定性、分红稳定性,-,0.66,-9.3%,10.7%,-11887000.00,58.7%,-,-1.90,未分红/不适用,-4.7%,4,6,80,Medium,低,排除,0,消费公司长期ROE不够突出；PB低但近5年出现亏损；10年内亏损年份过多；10年净利润波动较大；长期ROE低于5%；近5年自由现金流多次为负；利息覆盖倍数过低；数据质量为Medium，筛选结果置信度中等
DLTR,US,"Dollar Tree, Inc. - Common Stock",Discount Stores,通用,ROE、现金流、资产负债率,15.19,4.77,-9.3%,48.8%,1355700000.00,72.1%,3.1%,20.06,未分红/不适用,8.0%,4,6,80,Medium,中,排除,0,10年ROE波动较大；10年净利润波动较大；长期ROE低于5%；资产负债率偏高；资产负债率相对偏高；数据质量为Medium，筛选结果置信度中等
DLXY,US,Delixy Holdings Limited - Class A Ordinary Shares,Oil & Gas Refining & Marketing,周期,利润波动、ROE波动、资本开支周期,-,3.73,-1027.3%,2149.0%,-5246000.00,99.6%,-,-,未分红/不适用,-1.3%,4,0,80,Medium,中,排除,0,周期行业ROE波动显著；周期行业利润弹性过大；10年ROE波动较大；10年净利润波动较大；长期ROE低于5%；资产负债率过高；资产负债率相对偏高；数据质量为Medium，筛选结果置信度中等
DMAC,US,DiaMedica Therapeutics Inc. - Common Stock,Biotechnology,科技,营收增长、自由现金流、研发投入效率,-,5.82,-49.8%,11.0%,-20386750.00,8.6%,-,-,未分红/不适用,-,4,6,80,Medium,低,排除,0,科技公司自由现金流为负；10年内亏损年份过多；长期ROE低于5%；近5年自由现金流多次为负；数据质量为Medium，筛选结果置信度中等
DMII,US,Drugs Made In America Acquisition II Corp. - Ordinary Shares,Shell Companies,通用,ROE、现金流、资产负债率,66.87,-35.95,0.9%,-,-,3.5%,-,-,未分红/不适用,-,1,3,20,Low,低,数据不足,0,长期ROE低于5%；数据年数不足，无法进行可靠筛选
DMLP,US,"Dorchester Minerals, L.P. - Common Units Representing Limited Partnership Interests",Oil & Gas E&P,周期,利润波动、ROE波动、资本开支周期,19.78,4.28,-,-,-,1.4%,-,-,未分红/不适用,-3.6%,4,6,80,Medium,未知,通过,85,数据质量为Medium，筛选结果置信度中等
DMRA,US,"Damora Therapeutics, Inc. - Common Stock",Biotechnology,科技,营收增长、自由现金流、研发投入效率,-,-0.22,-110.3%,21.1%,-43128000.00,7.7%,-,-,未分红/不适用,-,4,6,80,Medium,低,排除,0,科技公司自由现金流为负；PB低但近5年出现亏损；PB低但近5年经营现金流多次为负；10年内亏损年份过多；10年ROE波动较大；10年净利润波动较大；长期ROE低于5%；数据质量为Medium，筛选结果置信度中等
DMRC,US,Digimarc Corporation - Common Stock,Software - Application,科技,营收增长、自由现金流、研发投入效率,-,6.95,-69.8%,9.0%,-27207000.00,24.0%,17.1%,-,未分红/不适用,3.9%,4,6,80,Medium,低,排除,0,科技公司自由现金流为负；10年内亏损年份过多；长期ROE低于5%；近5年自由现金流多次为负；数据质量为Medium，筛选结果置信度中等
DNLI,US,Denali Therapeutics Inc. - Common Stock,Biotechnology,科技,营收增长、自由现金流、研发投入效率,-,2.89,-32.6%,14.9%,-354796750.00,11.5%,-,-,未分红/不适用,-,4,6,80,Medium,低,排除,0,科技公司自由现金流为负；10年内亏损年份过多；10年ROE波动较大；长期ROE低于5%；近5年自由现金流多次为负；数据质量为Medium，筛选结果置信度中等
DNMX,US,Dynamix Corporation III - Class A Ordinary Shares,Shell Companies,通用,ROE、现金流、资产负债率,-,-39.29,-,-,-,4.1%,-,-,未分红/不适用,-,0,3,0,Insufficient,低,数据不足,0,数据年数不足，无法进行可靠筛选
DNTH,US,"Dianthus Therapeutics, Inc. - Common Stock",Biotechnology,科技,营收增长、自由现金流、研发投入效率,-,3.91,-30.4%,6.7%,-68434500.00,7.1%,-,-,未分红/不适用,-31.8%,4,6,80,Medium,低,排除,0,科技公司营收增长转负；科技公司自由现金流为负；10年内亏损年份过多；长期ROE低于5%；近5年自由现金流多次为负；近5年营收明显下滑；数据质量为Medium，筛选结果置信度中等
DNUT,US,"Krispy Kreme, Inc. - Common Stock",Grocery Stores,通用,ROE、现金流、资产负债率,-,0.86,-20.9%,39.0%,-46686750.00,74.8%,27.5%,-7.28,未分红/不适用,-0.2%,4,6,80,Medium,中,排除,0,PB低但近5年出现亏损；10年内亏损年份过多；10年ROE波动较大；10年净利润波动较大；长期ROE低于5%；近5年自由现金流多次为负；资产负债率偏高；商誉占比偏高；利息覆盖倍数过低；资产负债率相对偏高；数据质量为Medium，筛选结果置信度中等
DOCU,US,"DocuSign, Inc. - Common Stock",Software - Application,科技,营收增长、自由现金流、研发投入效率,31.85,4.86,15.0%,28.8%,823771500.00,54.7%,10.8%,137.42,未分红/不适用,8.6%,4,6,80,Medium,低,警惕,70,10年ROE波动较大；10年净利润波动较大；数据质量为Medium，筛选结果置信度中等
DOGZ,US,Dogness (International) Corporation - Class A Common Stock,Leisure,通用,ROE、现金流、资产负债率,-,0.18,-2.8%,6.8%,-8231537.75,-,-,-,未分红/不适用,-15.2%,4,6,80,Medium,未知,排除,0,PB低但近5年出现亏损；10年净利润波动较大；长期ROE低于5%；近5年自由现金流多次为负；近5年营收明显下滑；数据质量为Medium，筛选结果置信度中等
DOMH,US,Dominari Holdings Inc. - Common Stock,Capital Markets,金融,杠杆、资产质量、资本约束,-,0.80,-35.6%,5.8%,-17544500.00,38.6%,-,-,未分红/不适用,-,4,6,80,Medium,高,排除,0,金融行业需专项资产质量与资本约束分析；PB低但近5年出现亏损；PB低但近5年经营现金流多次为负；10年内亏损年份过多；长期ROE低于5%；高杠杆行业，需资产负债表专项分析；数据质量为Medium，筛选结果置信度中等
DOMO,US,"Domo, Inc. - Class B Common Stock",Software - Application,科技,营收增长、自由现金流、研发投入效率,-,-0.81,49.9%,16.6%,-12145000.00,179.0%,4.0%,-,未分红/不适用,1.1%,4,6,80,Medium,低,排除,0,科技公司自由现金流为负；PB低但近5年出现亏损；10年内亏损年份过多；10年ROE波动较大；近5年自由现金流多次为负；资产负债率过高；数据质量为Medium，筛选结果置信度中等
DOO,US,BRP Inc. - Common Subordinate Voting Shares,Recreational Vehicles,通用,ROE、现金流、资产负债率,16.54,9.29,53.3%,105.3%,548875000.00,90.3%,2.8%,2.94,未分红/不适用,-5.6%,4,6,80,Medium,中,排除,0,10年ROE波动较大；10年净利润波动较大；资产负债率过高；利息覆盖倍数偏低；近5年营收增长偏弱；资产负债率相对偏高；数据质量为Medium，筛选结果置信度中等
DORM,US,"Dorman Products, Inc. - Common Stock",Auto Parts,通用,ROE、现金流、资产负债率,19.07,2.44,12.8%,1.7%,108971500.00,40.8%,15.5%,10.64,未分红/不适用,7.1%,4,6,80,Medium,低,通过,85,数据质量为Medium，筛选结果置信度中等
DOX,US,Amdocs Limited - Ordinary Shares,Software - Infrastructure,科技,营收增长、自由现金流、研发投入效率,12.08,1.90,15.4%,0.9%,622961250.00,44.5%,46.3%,17.34,未分红/不适用,-0.3%,4,6,80,Medium,低,排除,45,科技公司营收增长转负；商誉占比过高；数据质量为Medium，筛选结果置信度中等
DPRO,US,Draganfly Inc. - Common Shares,Computer Hardware,科技,营收增长、自由现金流、研发投入效率,-,1.51,-1591.4%,2802.4%,-18124439.25,4.7%,-,-,未分红/不适用,0.5%,4,6,80,Medium,低,排除,0,科技公司自由现金流为负；10年内亏损年份过多；10年ROE波动较大；长期ROE低于5%；近5年自由现金流多次为负；数据质量为Medium，筛选结果置信度中等
DPZ,US,Domino's Pizza Inc - Common Stock,Restaurants,通用,ROE、现金流、资产负债率,17.67,-2.63,-13.4%,2.1%,514266750.00,327.3%,0.6%,4.93,未分红/不适用,2.9%,4,6,80,Medium,低,排除,20,长期ROE低于5%；资产负债率过高；数据质量为Medium，筛选结果置信度中等
DRCT,US,"Direct Digital Holdings, Inc. - Class A Common Stock",Advertising Agencies,通用,ROE、现金流、资产负债率,-,-0.30,180.7%,587.2%,-3475750.00,134.8%,32.3%,-4.33,未分红/不适用,-27.0%,4,6,80,Medium,低,排除,0,PB低但近5年出现亏损；10年内亏损年份过多；10年ROE波动较大；10年净利润波动较大；资产负债率过高；商誉占比偏高；利息覆盖倍数过低；近5年营收明显下滑；数据质量为Medium，筛选结果置信度中等
DRH,US,Diamondrock Hospitality Company - Common Stock,REIT - Hotel & Motel,地产,净负债率、现金短债比、资产负债率,22.45,1.45,5.5%,1.9%,87391750.00,51.5%,-,2.66,未分红/不适用,3.8%,4,6,80,Medium,低,需专项分析,55,地产需补充净负债率/现金短债比专项数据；长期ROE偏低但PE不低；利息覆盖倍数偏低；数据质量为Medium，筛选结果置信度中等
DRIO,US,DarioHealth Corp. - Common Stock,Health Information Services,通用,ROE、现金流、资产负债率,-,0.85,-75.2%,19.8%,-36041000.00,38.3%,52.2%,-12.78,未分红/不适用,-6.8%,4,6,80,Medium,低,排除,0,PB低但近5年出现亏损；PB低但近5年经营现金流多次为负；10年内亏损年份过多；10年ROE波动较大；长期ROE低于5%；近5年自由现金流多次为负；商誉占比过高；利息覆盖倍数过低；近5年营收增长偏弱；数据质量为Medium，筛选结果置信度中等
DRMA,US,"Dermata Therapeutics, Inc. - Common Stock",Biotechnology,科技,营收增长、自由现金流、研发投入效率,-,0.52,-297.7%,326.7%,-,20.9%,-,-,未分红/不适用,-,4,6,80,Medium,低,排除,0,PB低但近5年出现亏损；PB低但近5年经营现金流多次为负；10年内亏损年份过多；10年ROE波动较大；长期ROE低于5%；数据质量为Medium，筛选结果置信度中等
DRS,US,"Leonardo DRS, Inc. - Common Stock",Aerospace & Defense,通用,ROE、现金流、资产负债率,39.45,4.05,11.2%,5.4%,131500000.00,39.1%,27.6%,43.00,未分红/不适用,10.6%,4,6,80,Medium,低,警惕,85,商誉占比偏高；数据质量为Medium，筛选结果置信度中等
DRTS,US,Alpha Tau Medical Ltd. - Ordinary Shares,Biotechnology,科技,营收增长、自由现金流、研发投入效率,-,12.12,-43.1%,11.6%,-25979750.00,27.0%,-,-121.50,未分红/不适用,-,4,6,80,Medium,低,排除,0,科技公司自由现金流为负；10年内亏损年份过多；长期ROE低于5%；近5年自由现金流多次为负；利息覆盖倍数过低；数据质量为Medium，筛选结果置信度中等
DRUG,US,Bright Minds Biosciences Inc. - common stock,Biotechnology,科技,营收增长、自由现金流、研发投入效率,-,9.63,-79.8%,57.6%,-,2.8%,-,-,未分红/不适用,-,4,6,80,Medium,低,排除,5,10年内亏损年份过多；10年ROE波动较大；长期ROE低于5%；数据质量为Medium，筛选结果置信度中等
DRVN,US,Driven Brands Holdings Inc. - Common Stock,Auto & Truck Dealerships,通用,ROE、现金流、资产负债率,-,2.69,-31.8%,41.0%,-131082500.00,88.5%,26.7%,-1.02,未分红/不适用,16.8%,4,0,80,Medium,中,排除,0,10年ROE波动较大；10年净利润波动较大；长期ROE低于5%；近5年自由现金流多次为负；资产负债率过高；商誉占比偏高；利息覆盖倍数过低；资产负债率相对偏高；数据质量为Medium，筛选结果置信度中等
DSGN,US,"Design Therapeutics, Inc. - Common Stock",Biotechnology,科技,营收增长、自由现金流、研发投入效率,-,4.00,-24.2%,6.1%,-52261750.00,6.1%,-,-,未分红/不适用,-,4,6,80,Medium,低,排除,0,科技公司自由现金流为负；10年内亏损年份过多；长期ROE低于5%；近5年自由现金流多次为负；数据质量为Medium，筛选结果置信度中等
DSGR,US,"Distribution Solutions Group, Inc. - Common Stock",Industrial Distribution,通用,ROE、现金流、资产负债率,224.00,1.92,0.0%,1.5%,30773000.00,62.9%,26.8%,1.35,未分红/不适用,19.8%,4,6,80,Medium,低,排除,0,10年净利润波动较大；长期ROE低于5%；商誉占比偏高；利息覆盖倍数过低；数据质量为Medium，筛选结果置信度中等
DSGX,US,The Descartes Systems Group Inc. - Common Stock,Software - Application,科技,营收增长、自由现金流、研发投入效率,36.24,3.60,9.8%,0.5%,215371500.00,14.6%,54.1%,225.50,未分红/不适用,14.5%,4,6,80,Medium,低,排除,60,商誉占比过高；数据质量为Medium，筛选结果置信度中等
DSP,US,Viant Technology Inc. - common stock,Software - Application,科技,营收增长、自由现金流、研发投入效率,26.24,2.25,-2.6%,13.2%,20064250.00,39.2%,4.0%,-,未分红/不适用,20.4%,4,6,80,Medium,中,排除,15,10年ROE波动较大；10年净利润波动较大；长期ROE低于5%；资产负债率相对偏高；数据质量为Medium，筛选结果置信度中等
DSWL,US,"Deswell Industries, Inc. - Common Shares",Electronic Components,科技,营收增长、自由现金流、研发投入效率,4.29,0.49,7.6%,3.7%,9137000.00,15.0%,-,-,未分红/不适用,-7.7%,4,0,80,Medium,低,警惕,70,科技公司营收增长转负；近5年营收增长偏弱；数据质量为Medium，筛选结果置信度中等
DSY,US,Big Tree Cloud Holdings Limited - Class A Ordinary Shares,Household & Personal Products,消费,ROE、毛利率稳定性、分红稳定性,-,-1.29,-128.0%,252.7%,-715570.33,-,-,-,未分红/不适用,94.3%,3,6,60,Medium,未知,排除,0,消费公司长期ROE不够突出；PB低但近5年出现亏损；10年ROE波动较大；10年净利润波动较大；长期ROE低于5%；数据质量为Medium，筛选结果置信度中等
DTCX,US,"Datacentrex, Inc. - Common Stock",Financial Data & Stock Exchanges,通用,ROE、现金流、资产负债率,-,1.03,-12.8%,-,-35985755.00,0.9%,-,-59.38,未分红/不适用,-,1,0,20,Low,低,数据不足,0,长期ROE低于5%；利息覆盖倍数过低；数据年数不足，无法进行可靠筛选
DTI,US,Drilling Tools International Corporation  - Common Stock,Oil & Gas Equipment & Services,周期,利润波动、ROE波动、资本开支周期,-,0.89,14.8%,20.5%,-12468250.00,44.7%,6.6%,0.43,未分红/不适用,7.2%,4,6,80,Medium,低,排除,0,周期行业ROE波动显著；周期行业利润弹性过大；PB低但近5年出现亏损；10年ROE波动较大；10年净利润波动较大；近5年自由现金流多次为负；利息覆盖倍数过低；数据质量为Medium，筛选结果置信度中等
DTIL,US,"Precision BioSciences, Inc. - Common Stock",Biotechnology,科技,营收增长、自由现金流、研发投入效率,-,2.02,-136.7%,150.2%,-65181750.00,40.3%,-,-31.78,未分红/不适用,10.9%,4,6,80,Medium,低,排除,0,科技公司自由现金流为负；10年内亏损年份过多；10年ROE波动较大；10年净利润波动较大；长期ROE低于5%；近5年自由现金流多次为负；利息覆盖倍数过低；数据质量为Medium，筛选结果置信度中等
DTSS,US,Datasea Intelligent Technology Ltd. - Class A Ordinary Shares,Software - Infrastructure,科技,营收增长、自由现金流、研发投入效率,-,2.62,1159.2%,2442.1%,-5622311.25,56.3%,-,-,未分红/不适用,61.3%,4,6,80,Medium,低,排除,15,科技公司自由现金流为负；10年内亏损年份过多；10年ROE波动较大；近5年自由现金流多次为负；数据质量为Medium，筛选结果置信度中等
DTST,US,Data Storage Corporation - Common Stock,Information Technology Services,科技,营收增长、自由现金流、研发投入效率,-,0.80,7.1%,29.0%,356031.50,5.4%,-,-,未分红/不适用,-61.3%,4,6,80,Medium,低,排除,0,科技公司营收增长转负；PB低但近5年出现亏损；10年ROE波动较大；10年净利润波动较大；近5年营收明显下滑；数据质量为Medium，筛选结果置信度中等
DUO,US,Fangdd Network Group Ltd. - Class A Ordinary Shares,Real Estate Services,地产,净负债率、现金短债比、资产负债率,-,0.59,-164.1%,176.7%,-119569750.00,47.6%,-,-,未分红/不适用,-28.9%,4,0,80,Medium,低,排除,0,地产需补充净负债率/现金短债比专项数据；PB低但近5年出现亏损；PB低但近5年经营现金流多次为负；10年内亏损年份过多；10年ROE波动较大；10年净利润波动较大；长期ROE低于5%；近5年自由现金流多次为负；近5年营收明显下滑；数据质量为Medium，筛选结果置信度中等
DUOL,US,"Duolingo, Inc. - Class A Common Stock",Software - Application,科技,营收增长、自由现金流、研发投入效率,12.61,3.71,8.2%,17.5%,202064750.00,32.4%,1.8%,-,未分红/不适用,41.1%,4,6,80,Medium,低,警惕,70,10年ROE波动较大；10年净利润波动较大；数据质量为Medium，筛选结果置信度中等
DUOT,US,"Duos Technologies Group, Inc. - Common Stock",Software - Application,科技,营收增长、自由现金流、研发投入效率,-,3.60,-218.8%,189.8%,-15292870.25,23.4%,-,-21.39,未分红/不适用,21.6%,4,6,80,Medium,低,排除,0,科技公司自由现金流为负；10年内亏损年份过多；10年ROE波动较大；长期ROE低于5%；近5年自由现金流多次为负；利息覆盖倍数过低；数据质量为Medium，筛选结果置信度中等
DVLT,US,Datavault AI Inc. - Common Stock,Software - Infrastructure,科技,营收增长、自由现金流、研发投入效率,-,1.26,274.3%,409.8%,-18520750.00,13.4%,7.0%,-,未分红/不适用,126.5%,4,6,80,Medium,低,排除,15,科技公司自由现金流为负；10年内亏损年份过多；10年ROE波动较大；近5年自由现金流多次为负；数据质量为Medium，筛选结果置信度中等
DWSN,US,Dawson Geophysical Company - Common Stock,Oil & Gas Equipment & Services,周期,利润波动、ROE波动、资本开支周期,-,8.08,-28.2%,12.7%,-1047500.00,71.8%,-,-2.61,未分红/不适用,13.6%,4,6,80,Medium,中,排除,0,10年内亏损年份过多；10年ROE波动较大；10年净利润波动较大；长期ROE低于5%；近5年自由现金流多次为负；资产负债率偏高；利息覆盖倍数过低；资产负债率相对偏高；数据质量为Medium，筛选结果置信度中等
DWTX,US,"Dogwood Therapeutics, Inc.  - Common Stock",Biotechnology,科技,营收增长、自由现金流、研发投入效率,-,0.71,-92.8%,71.4%,-,16.9%,13.8%,-,未分红/不适用,-,4,6,80,Medium,低,排除,0,PB低但近5年出现亏损；PB低但近5年经营现金流多次为负；10年内亏损年份过多；10年ROE波动较大；长期ROE低于5%；数据质量为Medium，筛选结果置信度中等
DXCM,US,"DexCom, Inc. - Common Stock",Medical Devices,通用,ROE、现金流、资产负债率,26.86,8.17,25.0%,6.3%,631125000.00,56.7%,0.4%,60.48,未分红/不适用,17.0%,4,6,80,Medium,低,通过,85,数据质量为Medium，筛选结果置信度中等
DXLG,US,"Destination XL Group, Inc. - Common Stock",Apparel Retail,消费,ROE、毛利率稳定性、分红稳定性,-,0.35,13.1%,40.8%,16584000.00,70.5%,-,-,未分红/不适用,-7.3%,4,6,80,Medium,中,排除,0,PB低但近5年出现亏损；10年ROE波动较大；10年净利润波动较大；资产负债率偏高；近5年营收增长偏弱；资产负债率相对偏高；数据质量为Medium，筛选结果置信度中等
DXPE,US,"DXP Enterprises, Inc. - Common Stock",Industrial Distribution,通用,ROE、现金流、资产负债率,27.76,4.50,16.4%,2.2%,56514500.00,70.4%,29.3%,2.97,未分红/不适用,10.8%,4,6,80,Medium,中,警惕,40,资产负债率偏高；商誉占比偏高；利息覆盖倍数偏低；资产负债率相对偏高；数据质量为Medium，筛选结果置信度中等
DXST,US,Decent Holding Inc. - Class A Ordinary Shares,Waste Management,通用,ROE、现金流、资产负债率,-,0.15,35.1%,29.2%,-334403.00,55.0%,-,-,未分红/不适用,53.3%,4,6,80,Medium,低,排除,30,PB低但近5年出现亏损；10年ROE波动较大；10年净利润波动较大；数据质量为Medium，筛选结果置信度中等
DYAI,US,"Dyadic International, Inc. - Common Stock",Biotechnology,科技,营收增长、自由现金流、研发投入效率,-,20.88,-259.0%,234.6%,-,87.6%,-,-15.15,未分红/不适用,-25.1%,4,6,80,Medium,中,排除,0,科技公司营收增长转负；10年内亏损年份过多；10年ROE波动较大；长期ROE低于5%；资产负债率过高；利息覆盖倍数过低；近5年营收明显下滑；资产负债率相对偏高；数据质量为Medium，筛选结果置信度中等
DYN,US,"Dyne Therapeutics, Inc. - Common Stock",Biotechnology,科技,营收增长、自由现金流、研发投入效率,-,2.97,-105.3%,102.5%,-266065250.00,18.1%,-,-71.06,未分红/不适用,-,4,6,80,Medium,低,排除,0,科技公司自由现金流为负；10年内亏损年份过多；10年ROE波动较大；长期ROE低于5%；近5年自由现金流多次为负；利息覆盖倍数过低；数据质量为Medium，筛选结果置信度中等
DYNC,US,Dynamix Corporation - Class A Ordinary Share,Shell Companies,通用,ROE、现金流、资产负债率,-,-8.87,-9.0%,-,-,15.7%,-,-,未分红/不适用,-,1,3,20,Low,低,数据不足,0,PB低但近5年出现亏损；长期ROE低于5%；数据年数不足，无法进行可靠筛选
DYOR,US,Insight Digital Partners II - Class A Ordinary Shares,Shell Companies,通用,ROE、现金流、资产负债率,-,-40.85,-,-,-,4.0%,-,-,未分红/不适用,-,0,3,0,Insufficient,低,数据不足,0,数据年数不足，无法进行可靠筛选
EA,US,Electronic Arts Inc. - Common Stock,Electronic Gaming & Multimedia,科技,营收增长、自由现金流、研发投入效率,57.09,7.41,14.0%,3.8%,1757000000.00,-,-,-,未分红/不适用,2.2%,4,6,80,Medium,未知,通过,85,数据质量为Medium，筛选结果置信度中等
EBAY,US,eBay Inc. - Common Stock,Internet Retail,科技,营收增长、自由现金流、研发投入效率,26.43,11.13,25.2%,33.3%,1791250000.00,73.8%,25.4%,10.38,未分红/不适用,4.3%,4,6,80,Medium,中,警惕,25,10年ROE波动较大；10年净利润波动较大；资产负债率偏高；商誉占比偏高；资产负债率相对偏高；数据质量为Medium，筛选结果置信度中等
EBC,US,"Eastern Bankshares, Inc. - Common Stock",Banks - Regional,银行,不良率、拨备覆盖、资本充足率,10.66,1.00,5.3%,3.1%,289537500.00,85.8%,3.7%,-,未分红/不适用,3.8%,4,6,80,Medium,中,排除,15,银行需补充不良率/拨备/资本充足率专项数据；长期ROE偏低但PE不低；资产负债率过高；资产负债率相对偏高；数据质量为Medium，筛选结果置信度中等
EBMT,US,"Eagle Bancorp Montana, Inc. - Common Stock",Banks - Regional,银行,不良率、拨备覆盖、资本充足率,10.91,0.89,6.5%,1.0%,15777500.00,90.9%,1.6%,-,未分红/不适用,1.0%,4,6,80,Medium,中,排除,15,银行需补充不良率/拨备/资本充足率专项数据；长期ROE偏低但PE不低；资产负债率过高；资产负债率相对偏高；数据质量为Medium，筛选结果置信度中等
EBON,US,Ebang International Holdings Inc. - Class A Ordinary Shares,Computer Hardware,科技,营收增长、自由现金流、研发投入效率,-,0.05,-10.1%,3.9%,-16916257.00,4.6%,0.0%,-,未分红/不适用,-41.3%,4,6,80,Medium,低,排除,0,科技公司营收增长转负；科技公司自由现金流为负；PB低但近5年出现亏损；PB低但近5年经营现金流多次为负；10年内亏损年份过多；长期ROE低于5%；近5年自由现金流多次为负；近5年营收明显下滑；数据质量为Medium，筛选结果置信度中等
ECBK,US,"ECB Bancorp, Inc. - Common Stock",Banks - Regional,银行,不良率、拨备覆盖、资本充足率,15.52,0.90,2.8%,1.2%,7206750.00,89.3%,-,-,未分红/不适用,9.9%,4,6,80,Medium,中,排除,0,银行需补充不良率/拨备/资本充足率专项数据；长期ROE低于5%；资产负债率过高；资产负债率相对偏高；数据质量为Medium，筛选结果置信度中等
ECOR,US,"electroCore, Inc. - Common Stock",Medical Devices,通用,ROE、现金流、资产负债率,-,-8.99,69.2%,501.4%,-11563500.00,109.2%,-,-22.67,未分红/不适用,55.1%,4,6,80,Medium,低,排除,0,PB低但近5年出现亏损；PB低但近5年经营现金流多次为负；10年内亏损年份过多；10年ROE波动较大；资产负债率过高；利息覆盖倍数过低；数据质量为Medium，筛选结果置信度中等
ECPG,US,Encore Capital Group Inc - Common Stock,Credit Services,通用,ROE、现金流、资产负债率,6.21,1.77,0.6%,24.3%,122319500.00,81.7%,10.0%,2.20,未分红/不适用,8.1%,4,6,80,Medium,中,排除,0,10年ROE波动较大；10年净利润波动较大；长期ROE低于5%；资产负债率偏高；利息覆盖倍数偏低；资产负债率相对偏高；数据质量为Medium，筛选结果置信度中等
ECX,US,ECARX Holdings Inc. - Class A Ordinary shares,Auto Parts,通用,ROE、现金流、资产负债率,-,-1.42,244.2%,369.6%,-113357900.91,142.8%,0.6%,-1.85,未分红/不适用,18.0%,4,6,80,Medium,低,排除,0,PB低但近5年出现亏损；PB低但近5年经营现金流多次为负；10年内亏损年份过多；10年ROE波动较大；近5年自由现金流多次为负；资产负债率过高；利息覆盖倍数过低；数据质量为Medium，筛选结果置信度中等
EDBL,US,Edible Garden AG Incorporated - Common Stock,Farm Products,通用,ROE、现金流、资产负债率,-,-0.07,925.0%,1780.4%,-10508000.00,39.3%,-,-11.18,未分红/不适用,3.5%,4,6,80,Medium,低,排除,0,PB低但近5年出现亏损；PB低但近5年经营现金流多次为负；10年内亏损年份过多；10年ROE波动较大；近5年自由现金流多次为负；利息覆盖倍数过低；数据质量为Medium，筛选结果置信度中等
EDHL,US,Everbright Digital Holding Limited - Ordinary Shares,Advertising Agencies,通用,ROE、现金流、资产负债率,-,0.91,62.4%,41.3%,8778.67,20.4%,-,-,未分红/不适用,84.1%,3,0,60,Medium,低,警惕,85,10年ROE波动较大；数据质量为Medium，筛选结果置信度中等
EDIT,US,"Editas Medicine, Inc. - Common Stock",Biotechnology,科技,营收增长、自由现金流、研发投入效率,-,59.89,-217.0%,253.3%,-175830500.00,85.4%,-,-24.94,未分红/不适用,27.1%,4,6,80,Medium,中,排除,0,科技公司自由现金流为负；10年内亏损年份过多；10年ROE波动较大；长期ROE低于5%；近5年自由现金流多次为负；资产负债率过高；利息覆盖倍数过低；资产负债率相对偏高；数据质量为Medium，筛选结果置信度中等
EDRY,US,EuroDry Ltd. - Common Shares,Marine Shipping,周期,利润波动、ROE波动、资本开支周期,-,0.68,2.3%,18.6%,-14204477.75,51.7%,-,0.45,未分红/不适用,-9.4%,4,6,80,Medium,低,排除,0,周期行业ROE波动显著；周期行业利润弹性过大；PB低但近5年出现亏损；10年内亏损年份过多；10年ROE波动较大；10年净利润波动较大；长期ROE低于5%；近5年自由现金流多次为负；利息覆盖倍数过低；近5年营收增长偏弱；数据质量为Medium，筛选结果置信度中等
EDSA,US,"Edesa Biotech, Inc. - Common Shares",Biotechnology,科技,营收增长、自由现金流、研发投入效率,-,24.06,-168.7%,108.8%,-12284958.00,8.0%,-,-,未分红/不适用,-,4,6,80,Medium,低,排除,0,科技公司自由现金流为负；10年内亏损年份过多；10年ROE波动较大；长期ROE低于5%；数据质量为Medium，筛选结果置信度中等
EDTK,US,Skillful Craftsman Education Technology Limited - Ordinary Share,Education & Training Services,科技,营收增长、自由现金流、研发投入效率,-,1.21,-14.6%,10.1%,2465652.00,9.9%,-,-242.83,未分红/不适用,-66.2%,4,0,80,Medium,低,排除,0,科技公司营收增长转负；10年内亏损年份过多；长期ROE低于5%；利息覆盖倍数过低；近5年营收明显下滑；数据质量为Medium，筛选结果置信度中等
EDUC,US,Educational Development Corporation - Common Stock,Publishing,通用,ROE、现金流、资产负债率,3.13,0.27,0.1%,13.1%,-3919925.00,48.2%,-,-2.13,未分红/不适用,-37.8%,4,0,80,Medium,低,排除,0,PB低但近5年出现亏损；10年ROE波动较大；10年净利润波动较大；长期ROE低于5%；利息覆盖倍数过低；近5年营收明显下滑；数据质量为Medium，筛选结果置信度中等
EEFT,US,"Euronet Worldwide, Inc. - Common Stock",Software - Infrastructure,科技,营收增长、自由现金流、研发投入效率,9.81,2.01,22.4%,2.7%,560650000.00,79.6%,16.1%,6.30,未分红/不适用,8.1%,4,6,80,Medium,中,警惕,70,资产负债率偏高；资产负债率相对偏高；数据质量为Medium，筛选结果置信度中等
EEIQ,US,EpicQuest Education Group International Limited - Common Stock,Education & Training Services,通用,ROE、现金流、资产负债率,-,0.47,-63.9%,39.6%,-5673271.75,44.1%,10.3%,-,未分红/不适用,12.2%,4,6,80,Medium,低,排除,0,PB低但近5年出现亏损；PB低但近5年经营现金流多次为负；10年内亏损年份过多；10年ROE波动较大；长期ROE低于5%；近5年自由现金流多次为负；数据质量为Medium，筛选结果置信度中等
EFOI,US,"Energy Focus, Inc. - Common Stock","Furnishings, Fixtures & Appliances",周期,利润波动、ROE波动、资本开支周期,-,6.57,483.7%,1115.2%,-3009000.00,19.6%,-,-,未分红/不适用,-15.8%,4,6,80,Medium,低,排除,0,周期行业ROE波动显著；10年内亏损年份过多；10年ROE波动较大；10年净利润波动较大；近5年自由现金流多次为负；近5年营收明显下滑；数据质量为Medium，筛选结果置信度中等
EFSC,US,Enterprise Financial Services Corporation - Common Stock,Banks - Regional,银行,不良率、拨备覆盖、资本充足率,11.04,1.10,11.2%,1.6%,224461750.00,-,2.4%,-,未分红/不适用,7.8%,0,10,0,Insufficient,未知,数据不足,0,银行需补充不良率/拨备/资本充足率专项数据；数据年数不足，无法进行可靠筛选
EFSI,US,Eagle Financial Services Inc - Common Stock,Banks - Regional,银行,不良率、拨备覆盖、资本充足率,9.88,1.05,10.0%,4.5%,15217750.00,90.0%,-,-,未分红/不适用,2.8%,4,6,80,Medium,中,排除,30,银行需补充不良率/拨备/资本充足率专项数据；资产负债率过高；资产负债率相对偏高；数据质量为Medium，筛选结果置信度中等
EFTY,US,"Etoiles Capital Group Co., Ltd. - Class A Ordinary Shares",Consulting Services,周期,利润波动、ROE波动、资本开支周期,187.75,185.43,99.7%,5.2%,1547653.00,57.1%,-,265.43,未分红/不适用,3855.2%,2,0,40,Low,低,数据不足,0,周期行业利润弹性过大；10年净利润波动较大；数据年数不足，无法进行可靠筛选
EGAN,US,eGain Corporation - Common Stock,Software - Application,科技,营收增长、自由现金流、研发投入效率,4.80,1.88,4.1%,8.8%,8027333.33,45.5%,-,-,未分红/不适用,-1.3%,3,6,60,Medium,未知,排除,30,科技公司营收增长转负；10年净利润波动较大；长期ROE低于5%；数据质量为Medium，筛选结果置信度中等
EGBN,US,"Eagle Bancorp, Inc. - Common Stock",Banks - Regional,银行,不良率、拨备覆盖、资本充足率,-,0.66,0.8%,10.9%,133137750.00,89.2%,-,-,未分红/不适用,-5.7%,4,6,80,Medium,中,排除,0,银行需补充不良率/拨备/资本充足率专项数据；PB低但近5年出现亏损；10年净利润波动较大；长期ROE低于5%；资产负债率过高；近5年营收增长偏弱；资产负债率相对偏高；数据质量为Medium，筛选结果置信度中等
EGHT,US,8x8 Inc - Common stock,Software - Application,科技,营收增长、自由现金流、研发投入效率,-,2.26,-64.5%,30.9%,39051250.00,82.1%,39.7%,0.17,未分红/不适用,3.9%,4,0,80,Medium,中,排除,0,10年内亏损年份过多；10年ROE波动较大；长期ROE低于5%；资产负债率偏高；商誉占比偏高；利息覆盖倍数过低；资产负债率相对偏高；数据质量为Medium，筛选结果置信度中等
EH,US,EHang Holdings Limited - ADS,Aerospace & Defense,通用,ROE、现金流、资产负债率,-,4.40,-130.9%,101.0%,-76054500.00,39.7%,-,-65.75,未分红/不适用,100.2%,4,0,80,Medium,低,排除,0,10年内亏损年份过多；10年ROE波动较大；长期ROE低于5%；近5年自由现金流多次为负；利息覆盖倍数过低；数据质量为Medium，筛选结果置信度中等
EHGO,US,Eshallgo Inc. - Class A Ordinary Shares,Business Equipment & Supplies,通用,ROE、现金流、资产负债率,-,0.32,-20.3%,55.7%,127603.25,33.3%,-,-,未分红/不适用,-17.4%,4,0,80,Medium,低,排除,0,PB低但近5年出现亏损；10年ROE波动较大；10年净利润波动较大；长期ROE低于5%；近5年营收明显下滑；数据质量为Medium，筛选结果置信度中等
EHLD,US,Euroholdings Ltd. - Common Stock,Marine Shipping,周期,利润波动、ROE波动、资本开支周期,1.65,1.22,123.2%,74.2%,-167969.00,53.0%,-,107.76,未分红/不适用,-18.5%,4,0,80,Medium,低,排除,30,周期行业ROE波动显著；10年ROE波动较大；近5年营收明显下滑；数据质量为Medium，筛选结果置信度中等
EHTH,US,"eHealth, Inc. - Common Stock",Insurance Brokers,保险,偿付能力、久期缺口、投资收益质量,-,0.09,-2.5%,8.8%,-32930250.00,53.1%,-,6.46,未分红/不适用,11.0%,4,6,80,Medium,低,排除,0,保险需补充偿付能力/久期缺口专项数据；PB低但近5年出现亏损；PB低但近5年经营现金流多次为负；10年净利润波动较大；长期ROE低于5%；近5年自由现金流多次为负；数据质量为Medium，筛选结果置信度中等
EIKN,US,"Eikon Therapeutics, Inc. - Common Stock",Biotechnology,科技,营收增长、自由现金流、研发投入效率,-,1.29,50.1%,18.2%,-224740000.00,247.8%,-,-386.39,未分红/不适用,-,3,0,60,Medium,低,排除,0,科技公司自由现金流为负；10年内亏损年份过多；10年ROE波动较大；近5年自由现金流多次为负；资产负债率过高；利息覆盖倍数过低；数据质量为Medium，筛选结果置信度中等
EJH,US,E-Home Household Service Holdings Limited - Ordinary shares,Personal Services,消费,ROE、毛利率稳定性、分红稳定性,-,0.02,-9.0%,14.6%,-21895689.67,-,-,-,未分红/不适用,-12.2%,4,6,80,Medium,未知,排除,0,消费公司长期ROE不够突出；PB低但近5年出现亏损；10年内亏损年份过多；10年ROE波动较大；10年净利润波动较大；长期ROE低于5%；近5年营收增长偏弱；数据质量为Medium，筛选结果置信度中等
ELAB,US,PMGC Holdings Inc. - Common Stock,Biotechnology,科技,营收增长、自由现金流、研发投入效率,-,0.02,-116.0%,29.8%,-4632500.25,39.1%,7.6%,-29.08,未分红/不适用,-8.3%,4,6,80,Medium,低,排除,0,科技公司营收增长转负；科技公司自由现金流为负；PB低但近5年出现亏损；PB低但近5年经营现金流多次为负；10年内亏损年份过多；10年ROE波动较大；长期ROE低于5%；近5年自由现金流多次为负；利息覆盖倍数过低；近5年营收增长偏弱；数据质量为Medium，筛选结果置信度中等
ELBM,US,Electra Battery Materials Corporation - Common Stock,Other Industrial Metals & Mining,周期,利润波动、ROE波动、资本开支周期,-,1.73,-100.5%,130.5%,-34546750.00,75.1%,-,-11.44,未分红/不适用,-,4,6,80,Medium,中,排除,0,周期行业ROE波动显著；周期行业利润弹性过大；10年内亏损年份过多；10年ROE波动较大；10年净利润波动较大；长期ROE低于5%；近5年自由现金流多次为负；资产负债率偏高；利息覆盖倍数过低；资产负债率相对偏高；数据质量为Medium，筛选结果置信度中等
ELDN,US,"Eledon Pharmaceuticals, Inc. - Common Stock",Biotechnology,科技,营收增长、自由现金流、研发投入效率,-,2.11,-458.9%,772.3%,-,52.0%,-,-,未分红/不适用,-,4,6,80,Medium,低,排除,5,10年内亏损年份过多；10年ROE波动较大；长期ROE低于5%；数据质量为Medium，筛选结果置信度中等
ELE,US,Elemental Royalty Corporation - Common Stock,Other Precious Metals & Mining,周期,利润波动、ROE波动、资本开支周期,288.00,1.41,-3.7%,5.9%,-13319750.00,14.0%,-,14.14,未分红/不适用,65.4%,4,6,80,Medium,低,排除,0,周期行业利润弹性过大；10年内亏损年份过多；10年净利润波动较大；长期ROE低于5%；近5年自由现金流多次为负；数据质量为Medium，筛选结果置信度中等
ELMT,US,The Elmet Group Co. - Common Stock,Aerospace & Defense,通用,ROE、现金流、资产负债率,-,0.21,10.4%,16.2%,8262000.00,39.2%,1.7%,-0.14,未分红/不适用,5.9%,2,0,40,Low,低,数据不足,0,PB低但近5年出现亏损；10年ROE波动较大；10年净利润波动较大；利息覆盖倍数过低；数据年数不足，无法进行可靠筛选
ELOG,US,Eastern International Ltd. - Ordinary Shares,Integrated Freight & Logistics,通用,ROE、现金流、资产负债率,6.33,0.72,7.2%,11.8%,-554284.00,53.7%,-,17.51,未分红/不适用,14.8%,4,0,80,Medium,低,排除,0,PB低但近5年出现亏损；PB低但近5年经营现金流多次为负；10年净利润波动较大；近5年自由现金流多次为负；数据质量为Medium，筛选结果置信度中等
ELPW,US,Elong Power Holding Limited - Class A Ordinary Shares,Electrical Equipment & Parts,通用,ROE、现金流、资产负债率,-,-0.00,-181.7%,462.1%,-5088987.75,161.8%,-,-4912.11,未分红/不适用,-,4,0,80,Medium,低,排除,0,PB低但近5年出现亏损；PB低但近5年经营现金流多次为负；10年内亏损年份过多；10年ROE波动较大；长期ROE低于5%；近5年自由现金流多次为负；资产负债率过高；利息覆盖倍数过低；数据质量为Medium，筛选结果置信度中等
ELSE,US,"Electro-Sensors, Inc. - Common Stock",Scientific & Technical Instruments,通用,ROE、现金流、资产负债率,85.11,1.80,2.0%,1.0%,178500.00,5.6%,-,58.83,未分红/不适用,4.0%,4,6,80,Medium,低,排除,60,长期ROE低于5%；数据质量为Medium，筛选结果置信度中等
ELTK,US,Eltek Ltd. - Ordinary Shares,Electronic Components,科技,营收增长、自由现金流、研发投入效率,68.33,1.18,12.7%,9.2%,-484750.00,29.5%,-,-,未分红/不适用,9.3%,4,6,80,Medium,低,警惕,85,科技公司自由现金流为负；数据质量为Medium，筛选结果置信度中等
ELTX,US,"Elicio Therapeutics, Inc. - Common Stock",Biotechnology,科技,营收增长、自由现金流、研发投入效率,-,114.13,-560.5%,1278.1%,-32429000.00,93.7%,-,-33.93,未分红/不适用,-,4,6,80,Medium,中,排除,0,科技公司自由现金流为负；10年内亏损年份过多；10年ROE波动较大；长期ROE低于5%；近5年自由现金流多次为负；资产负债率过高；利息覆盖倍数过低；资产负债率相对偏高；数据质量为Medium，筛选结果置信度中等
ELUT,US,"Elutia, Inc. - Class A Common Stock",Medical Devices,通用,ROE、现金流、资产负债率,-,1.59,265.2%,262.2%,-28519500.00,55.6%,-,-,未分红/不适用,-19.8%,4,6,80,Medium,低,排除,0,10年内亏损年份过多；10年ROE波动较大；10年净利润波动较大；近5年自由现金流多次为负；近5年营收明显下滑；数据质量为Medium，筛选结果置信度中等
ELVA,US,Electrovaya Inc. - Common Shares,Electrical Equipment & Parts,通用,ROE、现金流、资产负债率,92.14,13.71,27.5%,74.5%,-5974500.00,51.3%,-,1.50,未分红/不适用,59.7%,4,6,80,Medium,低,排除,0,10年内亏损年份过多；10年ROE波动较大；10年净利润波动较大；近5年自由现金流多次为负；利息覆盖倍数偏低；数据质量为Medium，筛选结果置信度中等
ELVN,US,"Enliven Therapeutics, Inc.  - Common Stock",Biotechnology,科技,营收增长、自由现金流、研发投入效率,-,5.63,-7.8%,38.0%,-59450500.00,3.5%,-,-,未分红/不适用,-,4,6,80,Medium,低,排除,0,科技公司自由现金流为负；10年内亏损年份过多；10年ROE波动较大；长期ROE低于5%；近5年自由现金流多次为负；数据质量为Medium，筛选结果置信度中等
ELWT,US,"Elauwit Connection, Inc. - Common Stock",Telecom Services,通用,ROE、现金流、资产负债率,-,13.21,24.4%,104.3%,-,63.0%,-,-10.98,未分红/不适用,134.7%,3,0,60,Medium,低,排除,5,10年内亏损年份过多；10年ROE波动较大；利息覆盖倍数过低；数据质量为Medium，筛选结果置信度中等
EMAT,US,Evolution Metals & Technologies Corp. - Common Stock,Other Industrial Metals & Mining,周期,利润波动、ROE波动、资本开支周期,-,-0.01,16.5%,76.9%,-20759513.00,184.8%,-,-,未分红/不适用,-,3,3,60,Medium,低,排除,0,周期行业ROE波动显著；周期行业利润弹性过大；PB低但近5年出现亏损；PB低但近5年经营现金流多次为负；10年内亏损年份过多；10年ROE波动较大；10年净利润波动较大；资产负债率过高；数据质量为Medium，筛选结果置信度中等
EMBC,US,Embecta Corp. - Common Stock,Medical Instruments & Supplies,通用,ROE、现金流、资产负债率,1.67,-0.30,-14.7%,7.4%,157925000.00,159.7%,1.4%,2.27,未分红/不适用,-1.5%,4,6,80,Medium,低,排除,5,长期ROE低于5%；资产负债率过高；利息覆盖倍数偏低；数据质量为Medium，筛选结果置信度中等
EML,US,Eastern Company (The) - Common Stock,Tools & Accessories,通用,ROE、现金流、资产负债率,25.53,0.97,3.7%,7.4%,10975299.50,42.5%,27.1%,3.79,未分红/不适用,-3.8%,4,6,80,Medium,低,排除,0,PB低但近5年出现亏损；10年净利润波动较大；长期ROE低于5%；商誉占比偏高；数据质量为Medium，筛选结果置信度中等
EMPD,US,Empery Digital Inc. - Common stock,Auto Manufacturers,通用,ROE、现金流、资产负债率,-,0.64,-29217.3%,55017.0%,-137750622.25,27.7%,-,-67.31,未分红/不适用,-40.1%,4,6,80,Medium,低,排除,0,PB低但近5年出现亏损；PB低但近5年经营现金流多次为负；10年内亏损年份过多；10年ROE波动较大；长期ROE低于5%；近5年自由现金流多次为负；利息覆盖倍数过低；近5年营收明显下滑；数据质量为Medium，筛选结果置信度中等
EMPG,US,Empro Group Inc. - Ordinary shares,Medical Distribution,通用,ROE、现金流、资产负债率,192.89,17.05,48.0%,64.5%,305157.05,66.7%,-,9.85,未分红/不适用,-2.0%,4,0,80,Medium,中,警惕,55,10年ROE波动较大；10年净利润波动较大；资产负债率相对偏高；数据质量为Medium，筛选结果置信度中等
ENGN,US,enGene Therapeutics Inc. - Common Stock,Biotechnology,科技,营收增长、自由现金流、研发投入效率,-,0.40,-31.0%,102.1%,-48184000.00,24.3%,-,-38.18,未分红/不适用,-,4,6,80,Medium,低,排除,0,科技公司自由现金流为负；PB低但近5年出现亏损；PB低但近5年经营现金流多次为负；10年内亏损年份过多；10年ROE波动较大；长期ROE低于5%；近5年自由现金流多次为负；利息覆盖倍数过低；数据质量为Medium，筛选结果置信度中等
ENGS,US,Energys Group Limited - Ordinary Shares,Waste Management,周期,利润波动、ROE波动、资本开支周期,-,10.58,20.2%,49.2%,-988221.25,123.0%,-,-1.00,未分红/不适用,-2.3%,4,0,80,Medium,低,排除,0,周期行业ROE波动显著；周期行业利润弹性过大；10年内亏损年份过多；10年ROE波动较大；10年净利润波动较大；近5年自由现金流多次为负；资产负债率过高；利息覆盖倍数过低；数据质量为Medium，筛选结果置信度中等
ENLT,US,Enlight Renewable Energy Ltd. - Ordinary Shares,Utilities - Renewable,周期,利润波动、ROE波动、资本开支周期,209.76,5.48,5.2%,2.2%,-815493750.00,76.9%,1.7%,2.63,未分红/不适用,44.7%,4,6,80,Medium,中,警惕,25,长期ROE偏低但PE不低；近5年自由现金流多次为负；资产负债率偏高；利息覆盖倍数偏低；资产负债率相对偏高；数据质量为Medium，筛选结果置信度中等
ENLV,US,Enlivex Ltd. - Ordinary Shares,Biotechnology,科技,营收增长、自由现金流、研发投入效率,0.03,0.09,-37.8%,70.1%,-19857250.00,16.8%,-,-,未分红/不适用,-,4,6,80,Medium,低,排除,0,科技公司自由现金流为负；PB低但近5年出现亏损；PB低但近5年经营现金流多次为负；10年内亏损年份过多；10年ROE波动较大；10年净利润波动较大；长期ROE低于5%；近5年自由现金流多次为负；数据质量为Medium，筛选结果置信度中等
ENPH,US,"Enphase Energy, Inc. - Common Stock",Solar,周期,利润波动、ROE波动、资本开支周期,50.52,6.10,30.2%,18.8%,465185750.00,69.0%,6.1%,46.30,未分红/不适用,-14.2%,4,6,80,Medium,中,警惕,40,周期行业ROE波动显著；10年ROE波动较大；近5年营收增长偏弱；资产负债率相对偏高；数据质量为Medium，筛选结果置信度中等
ENSC,US,"Ensysce Biosciences, Inc. - Common Stock",Biotechnology,科技,营收增长、自由现金流、研发投入效率,-,0.39,851.5%,1680.9%,-7929935.00,61.3%,-,-541.24,未分红/不适用,-,4,6,80,Medium,低,排除,0,科技公司自由现金流为负；PB低但近5年出现亏损；PB低但近5年经营现金流多次为负；10年内亏损年份过多；10年ROE波动较大；利息覆盖倍数过低；数据质量为Medium，筛选结果置信度中等
ENSG,US,"The Ensign Group, Inc. - Common Stock",Medical Care Facilities,通用,ROE、现金流、资产负债率,29.19,4.38,15.9%,1.7%,253778250.00,59.1%,1.8%,58.04,未分红/不适用,18.7%,4,6,80,Medium,低,通过,85,数据质量为Medium，筛选结果置信度中等
ENTA,US,"Enanta Pharmaceuticals, Inc. - Common Stock",Biotechnology,科技,营收增长、自由现金流、研发投入效率,-,3.09,-79.1%,38.2%,-81999750.00,76.9%,-,-9.88,未分红/不适用,-8.8%,4,6,80,Medium,中,排除,0,科技公司营收增长转负；科技公司自由现金流为负；10年内亏损年份过多；10年ROE波动较大；长期ROE低于5%；近5年自由现金流多次为负；资产负债率偏高；利息覆盖倍数过低；近5年营收增长偏弱；资产负债率相对偏高；数据质量为Medium，筛选结果置信度中等
ENTG,US,"Entegris, Inc. - Common Stock",Semiconductor Equipment & Materials,科技,营收增长、自由现金流、研发投入效率,77.16,5.13,6.4%,1.1%,199234250.00,52.7%,47.3%,2.27,未分红/不适用,-0.9%,4,6,80,Medium,低,排除,15,科技公司营收增长转负；长期ROE偏低但PE不低；商誉占比过高；利息覆盖倍数偏低；数据质量为Medium，筛选结果置信度中等
ENTX,US,Entera Bio Ltd. - Ordinary Shares,Biotechnology,科技,营收增长、自由现金流、研发投入效率,-,4.44,-100.5%,16.5%,-8542750.00,18.1%,-,-,未分红/不适用,-32.1%,4,6,80,Medium,低,排除,0,科技公司营收增长转负；科技公司自由现金流为负；10年内亏损年份过多；10年ROE波动较大；长期ROE低于5%；近5年自由现金流多次为负；近5年营收明显下滑；数据质量为Medium，筛选结果置信度中等
ENVB,US,"Enveric Biosciences, Inc.  - Common Stock",Biotechnology,科技,营收增长、自由现金流、研发投入效率,-,0.57,-455.5%,353.2%,-15915239.50,18.0%,-,-,未分红/不适用,-,4,6,80,Medium,低,排除,0,科技公司自由现金流为负；PB低但近5年出现亏损；PB低但近5年经营现金流多次为负；10年内亏损年份过多；10年ROE波动较大；长期ROE低于5%；数据质量为Medium，筛选结果置信度中等
ENVX,US,Enovix Corporation - Common Stock,Electrical Equipment & Parts,通用,ROE、现金流、资产负债率,-,4.77,-61.3%,34.2%,-145929500.00,68.8%,1.4%,-6.31,未分红/不适用,72.5%,4,6,80,Medium,中,排除,0,10年内亏损年份过多；10年ROE波动较大；长期ROE低于5%；近5年自由现金流多次为负；利息覆盖倍数过低；资产负债率相对偏高；数据质量为Medium，筛选结果置信度中等
EOLS,US,"Evolus, Inc. - Common Stock",Drug Manufacturers - Specialty & Generic,通用,ROE、现金流、资产负债率,-,-15.05,-198.4%,570.6%,-49256250.00,110.2%,9.4%,-1.59,未分红/不适用,26.0%,4,6,80,Medium,低,排除,0,PB低但近5年出现亏损；PB低但近5年经营现金流多次为负；10年内亏损年份过多；10年ROE波动较大；长期ROE低于5%；近5年自由现金流多次为负；资产负债率过高；利息覆盖倍数过低；数据质量为Medium，筛选结果置信度中等
EOSE,US,"Eos Energy Enterprises, Inc. - Common Stock",Electrical Equipment & Parts,周期,利润波动、ROE波动、资本开支周期,-,-1.19,121.9%,80.4%,-211102750.00,352.9%,0.5%,-40.70,未分红/不适用,85.4%,4,6,80,Medium,低,排除,0,周期行业ROE波动显著；PB低但近5年出现亏损；PB低但近5年经营现金流多次为负；10年内亏损年份过多；10年ROE波动较大；近5年自由现金流多次为负；资产负债率过高；利息覆盖倍数过低；数据质量为Medium，筛选结果置信度中等
EPOW,US,E-Power Inc. - Class A Ordinary Shares,Electrical Equipment & Parts,通用,ROE、现金流、资产负债率,-,-1.75,-224.0%,468.4%,-22367735.50,80.9%,-,-7.90,未分红/不适用,106.2%,4,0,80,Medium,低,排除,0,PB低但近5年出现亏损；PB低但近5年经营现金流多次为负；10年内亏损年份过多；10年ROE波动较大；长期ROE低于5%；近5年自由现金流多次为负；资产负债率偏高；利息覆盖倍数过低；数据质量为Medium，筛选结果置信度中等
EPRX,US,Eupraxia Pharmaceuticals Inc. - Common Stock,Biotechnology,科技,营收增长、自由现金流、研发投入效率,-,7.07,-408.6%,582.6%,-23673157.50,6.6%,-,-,未分红/不适用,-,4,6,80,Medium,低,排除,0,科技公司自由现金流为负；10年内亏损年份过多；10年ROE波动较大；长期ROE低于5%；近5年自由现金流多次为负；数据质量为Medium，筛选结果置信度中等
EPSM,US,Epsium Enterprise Limited - Class A Ordinary Shares,Beverages - Wineries & Distilleries,消费,ROE、毛利率稳定性、分红稳定性,-,1.43,16.2%,26.5%,-151625.75,13.7%,-,-,未分红/不适用,-22.9%,4,6,80,Medium,低,排除,30,10年ROE波动较大；10年净利润波动较大；近5年营收明显下滑；数据质量为Medium，筛选结果置信度中等
EPSN,US,Epsilon Energy Ltd. - Common Shares,Oil & Gas E&P,周期,利润波动、ROE波动、资本开支周期,-,1.57,9.5%,16.9%,3742941.50,45.4%,-,-7.71,未分红/不适用,-9.7%,4,6,80,Medium,低,排除,0,周期行业ROE波动显著；周期行业利润弹性过大；10年ROE波动较大；10年净利润波动较大；利息覆盖倍数过低；近5年营收增长偏弱；数据质量为Medium，筛选结果置信度中等
EQ,US,"Equillium, Inc. - Common Stock",Biotechnology,科技,营收增长、自由现金流、研发投入效率,-,5.27,-93.8%,69.3%,-18187500.00,10.3%,-,-,未分红/不适用,-,4,6,80,Medium,低,排除,0,科技公司自由现金流为负；10年内亏损年份过多；10年ROE波动较大；10年净利润波动较大；长期ROE低于5%；近5年自由现金流多次为负；数据质量为Medium，筛选结果置信度中等
EQIX,US,"Equinix, Inc. - Common Stock",REIT - Specialty,地产,净负债率、现金短债比、资产负债率,73.51,7.34,7.4%,1.7%,226000000.00,64.7%,14.9%,3.86,未分红/不适用,8.3%,4,6,80,Medium,低,需专项分析,70,地产需补充净负债率/现金短债比专项数据；长期ROE偏低但PE不低；数据质量为Medium，筛选结果置信度中等
EQPT,US,EquipmentShare.com Inc - Class A Common Stock,Rental & Leasing Services,通用,ROE、现金流、资产负债率,2417.00,18.26,3.7%,3.6%,-1391400000.00,91.2%,-,1.19,未分红/不适用,36.2%,3,3,60,Medium,中,排除,0,长期ROE低于5%；近5年自由现金流多次为负；资产负债率过高；利息覆盖倍数过低；资产负债率相对偏高；数据质量为Medium，筛选结果置信度中等
ERAS,US,"Erasca, Inc. - Common Stock",Biotechnology,科技,营收增长、自由现金流、研发投入效率,-,8.73,-43.7%,10.2%,-119966750.00,17.9%,-,-,未分红/不适用,-,4,6,80,Medium,低,排除,0,科技公司自由现金流为负；10年内亏损年份过多；长期ROE低于5%；近5年自由现金流多次为负；数据质量为Medium，筛选结果置信度中等
ERIE,US,Erie Indemnity Company - Class A Common Stock,Insurance Brokers,保险,偿付能力、久期缺口、投资收益质量,19.80,4.80,25.5%,4.0%,411218750.00,32.0%,-,-,未分红/不适用,13.3%,4,6,80,Medium,低,需专项分析,85,保险需补充偿付能力/久期缺口专项数据；数据质量为Medium，筛选结果置信度中等
ERII,US,"Energy Recovery, Inc. - Common Stock",Pollution & Treatment Controls,周期,利润波动、ROE波动、资本开支周期,22.54,2.14,11.2%,1.3%,17137500.00,10.9%,5.5%,-,未分红/不适用,2.4%,4,6,80,Medium,低,通过,85,数据质量为Medium，筛选结果置信度中等
ERNA,US,Ernexa Therapeutics Inc. - Common Stock,Biotechnology,科技,营收增长、自由现金流、研发投入效率,-,39.79,-1094.6%,1063.1%,-16239750.00,58.8%,35.0%,-522.30,未分红/不适用,-,4,6,80,Medium,低,排除,0,科技公司自由现金流为负；10年内亏损年份过多；10年ROE波动较大；长期ROE低于5%；近5年自由现金流多次为负；商誉占比偏高；利息覆盖倍数过低；数据质量为Medium，筛选结果置信度中等
ESCA,US,"Escalade, Incorporated - Common Stock",Leisure,通用,ROE、现金流、资产负债率,16.44,1.44,8.2%,2.3%,28805000.00,22.0%,19.1%,22.56,未分红/不适用,-8.5%,4,6,80,Medium,低,警惕,85,近5年营收增长偏弱；数据质量为Medium，筛选结果置信度中等
ESEA,US,Euroseas Ltd. - Common Stock,Marine Shipping,周期,利润波动、ROE波动、资本开支周期,3.52,1.06,41.7%,15.5%,13608331.50,33.8%,-,10.14,未分红/不适用,7.6%,4,6,80,Medium,低,警惕,70,周期行业ROE波动显著；10年ROE波动较大；数据质量为Medium，筛选结果置信度中等
ESLA,US,"Estrella Immunopharma, Inc. - Common Stock",Biotechnology,科技,营收增长、自由现金流、研发投入效率,-,-4.47,52.9%,151.9%,-,426.3%,-,-,未分红/不适用,-,4,6,80,Medium,低,排除,0,PB低但近5年出现亏损；PB低但近5年经营现金流多次为负；10年内亏损年份过多；10年ROE波动较大；资产负债率过高；数据质量为Medium，筛选结果置信度中等
ESLT,US,Elbit Systems Ltd. - Ordinary Shares,Aerospace & Defense,通用,ROE、现金流、资产负债率,66.96,8.57,10.0%,2.3%,208499750.00,-,-,8.85,未分红/不适用,12.9%,0,10,0,Insufficient,中,数据不足,0,资产负债率相对偏高；数据年数不足，无法进行可靠筛选
ESOA,US,Energy Services of America Corporation - Common Stock,Engineering & Construction,周期,利润波动、ROE波动、资本开支周期,33.00,4.98,19.5%,17.7%,5231617.50,72.5%,4.6%,1.27,未分红/不适用,27.7%,4,6,80,Medium,中,排除,0,周期行业ROE波动显著；周期行业利润弹性过大；10年ROE波动较大；10年净利润波动较大；资产负债率偏高；利息覆盖倍数过低；资产负债率相对偏高；数据质量为Medium，筛选结果置信度中等
ESPR,US,"Esperion Therapeutics, Inc. - Common Stock",Drug Manufacturers - Specialty & Generic,通用,ROE、现金流、资产负债率,inf,-2.54,34.7%,30.2%,-23971000.00,164.8%,-,0.75,未分红/不适用,74.8%,4,6,80,Medium,低,排除,0,PB低但近5年出现亏损；PB低但近5年经营现金流多次为负；10年内亏损年份过多；10年ROE波动较大；10年净利润波动较大；资产负债率过高；利息覆盖倍数过低；数据质量为Medium，筛选结果置信度中等
ESQ,US,"Esquire Financial Holdings, Inc. - Common Stock",Banks - Regional,银行,不良率、拨备覆盖、资本充足率,17.63,2.85,18.7%,1.4%,42569750.00,87.8%,-,-,未分红/不适用,20.3%,4,6,80,Medium,中,排除,30,银行需补充不良率/拨备/资本充足率专项数据；资产负债率过高；资产负债率相对偏高；数据质量为Medium，筛选结果置信度中等
ESTA,US,Establishment Labs Holdings Inc. - Common Shares,Medical Devices,通用,ROE、现金流、资产负债率,-,83.18,29.0%,604.3%,-82795000.00,93.4%,0.3%,-1.30,未分红/不适用,9.3%,4,6,80,Medium,中,排除,0,10年内亏损年份过多；10年ROE波动较大；近5年自由现金流多次为负；资产负债率过高；利息覆盖倍数过低；资产负债率相对偏高；数据质量为Medium，筛选结果置信度中等
ETON,US,"Eton Pharmaceuticals, Inc. - Common Stock",Drug Manufacturers - Specialty & Generic,通用,ROE、现金流、资产负债率,-,30.19,-27.1%,28.4%,2304750.00,71.6%,-,-,未分红/不适用,55.5%,4,6,80,Medium,中,排除,0,10年内亏损年份过多；10年ROE波动较大；长期ROE低于5%；资产负债率偏高；资产负债率相对偏高；数据质量为Medium，筛选结果置信度中等
ETOR,US,eToro Group Ltd. - Class A Common Shares,Capital Markets,金融,杠杆、资产质量、资本约束,17.16,2.45,-0.1%,29.0%,257897250.00,22.1%,1.0%,7.14,未分红/不适用,29.7%,4,0,80,Medium,高,排除,0,金融行业需专项资产质量与资本约束分析；10年ROE波动较大；10年净利润波动较大；长期ROE低于5%；高杠杆行业，需资产负债表专项分析；数据质量为Medium，筛选结果置信度中等
ETS,US,Elite Express Holding Inc. - Class A Common Stock,Trucking,通用,ROE、现金流、资产负债率,-,0.70,-269.0%,357.0%,-1460471.50,3.7%,4.9%,-,未分红/不适用,9.9%,2,3,40,Low,低,数据不足,0,PB低但近5年出现亏损；10年ROE波动较大；10年净利润波动较大；长期ROE低于5%；数据年数不足，无法进行可靠筛选
EU,US,enCore Energy Corp. - Common Stock,Uranium,周期,利润波动、ROE波动、资本开支周期,-,1.26,-16.7%,7.6%,-38650000.00,40.0%,-,-17.72,未分红/不适用,116.6%,4,6,80,Medium,低,排除,0,10年内亏损年份过多；长期ROE低于5%；近5年自由现金流多次为负；利息覆盖倍数过低；数据质量为Medium，筛选结果置信度中等
EUDA,US,Euda Health Holdings Limited - Ordinary Shares,Real Estate Services,地产,净负债率、现金短债比、资产负债率,-,-6.61,376.9%,324.3%,-2075569.00,348.6%,-,-10.92,未分红/不适用,21.9%,4,6,80,Medium,低,排除,0,地产需补充净负债率/现金短债比专项数据；地产资产负债率偏高；PB低但近5年出现亏损；PB低但近5年经营现金流多次为负；10年内亏损年份过多；10年ROE波动较大；近5年自由现金流多次为负；资产负债率过高；利息覆盖倍数过低；数据质量为Medium，筛选结果置信度中等
EVCM,US,EverCommerce Inc. - Common Stock,Software - Application,科技,营收增长、自由现金流、研发投入效率,74.92,2.42,-3.8%,4.2%,75527000.00,47.7%,65.2%,-,未分红/不适用,-1.7%,4,6,80,Medium,低,排除,0,科技公司营收增长转负；10年内亏损年份过多；10年净利润波动较大；长期ROE低于5%；商誉占比过高；数据质量为Medium，筛选结果置信度中等
EVER,US,"EverQuote, Inc. - Class A Common Stock",Internet Content & Information,科技,营收增长、自由现金流、研发投入效率,5.94,2.56,-5.2%,47.4%,31506750.00,27.2%,6.6%,-,未分红/不适用,19.7%,4,6,80,Medium,低,排除,30,10年ROE波动较大；10年净利润波动较大；长期ROE低于5%；数据质量为Medium，筛选结果置信度中等
EVGN,US,Evogene Ltd. - Ordinary Shares,Biotechnology,科技,营收增长、自由现金流、研发投入效率,-,-80.33,2797.5%,5069.7%,-20241500.00,40.3%,-,-84.97,未分红/不适用,32.0%,4,6,80,Medium,低,排除,0,科技公司自由现金流为负；PB低但近5年出现亏损；PB低但近5年经营现金流多次为负；10年内亏损年份过多；10年ROE波动较大；近5年自由现金流多次为负；利息覆盖倍数过低；数据质量为Medium，筛选结果置信度中等
EVGO,US,EVgo Inc. - Common Stock,Specialty Retail,消费,ROE、毛利率稳定性、分红稳定性,-,-2.22,21.7%,12.0%,-170368500.00,60.0%,3.2%,-15.36,未分红/不适用,91.6%,4,6,80,Medium,低,排除,0,PB低但近5年出现亏损；PB低但近5年经营现金流多次为负；10年内亏损年份过多；近5年自由现金流多次为负；利息覆盖倍数过低；数据质量为Medium，筛选结果置信度中等
EVLV,US,"Evolv Technologies Holdings, Inc. - Class A Common Stock",Security & Protection Services,通用,ROE、现金流、资产负债率,-,8.36,-46.7%,20.2%,-66970750.00,60.8%,-,-18.10,未分红/不适用,40.4%,4,6,80,Medium,低,排除,0,10年内亏损年份过多；10年ROE波动较大；长期ROE低于5%；近5年自由现金流多次为负；利息覆盖倍数过低；数据质量为Medium，筛选结果置信度中等
EVRG,US,"Evergy, Inc. - Common Stock",Utilities - Regulated Electric,通用,ROE、现金流、资产负债率,21.70,1.84,8.2%,0.5%,-455750000.00,69.8%,6.9%,2.45,未分红/不适用,0.6%,4,6,80,Medium,中,警惕,55,近5年自由现金流多次为负；利息覆盖倍数偏低；资产负债率相对偏高；数据质量为Medium，筛选结果置信度中等
EVTV,US,"Envirotech Vehicles, Inc. - Common stock",Auto Manufacturers,通用,ROE、现金流、资产负债率,-,-1.91,49.4%,262.4%,-5512001.25,291.3%,0.0%,-,未分红/不适用,9.7%,4,6,80,Medium,低,排除,0,PB低但近5年出现亏损；PB低但近5年经营现金流多次为负；10年内亏损年份过多；10年ROE波动较大；近5年自由现金流多次为负；资产负债率过高；数据质量为Medium，筛选结果置信度中等
EWBC,US,"East West Bancorp, Inc. - Common Stock",Banks - Regional,银行,不良率、拨备覆盖、资本充足率,11.88,1.81,16.4%,1.8%,-,88.9%,0.6%,-,未分红/不适用,7.7%,4,6,80,Medium,中,排除,30,银行需补充不良率/拨备/资本充足率专项数据；资产负债率过高；资产负债率相对偏高；数据质量为Medium，筛选结果置信度中等
EWTX,US,"Edgewise Therapeutics, Inc. - Common Stock",Biotechnology,科技,营收增长、自由现金流、研发投入效率,-,7.25,-28.0%,5.8%,-102571500.00,5.5%,-,-,未分红/不适用,-,4,6,80,Medium,低,排除,0,科技公司自由现金流为负；10年内亏损年份过多；长期ROE低于5%；近5年自由现金流多次为负；数据质量为Medium，筛选结果置信度中等
EXC,US,Exelon Corporation - Common Stock,Utilities - Regulated Electric,通用,ROE、现金流、资产负债率,16.14,1.54,9.1%,0.4%,-2196250000.00,75.3%,5.7%,2.55,未分红/不适用,8.3%,4,6,80,Medium,中,警惕,40,近5年自由现金流多次为负；资产负债率偏高；利息覆盖倍数偏低；资产负债率相对偏高；数据质量为Medium，筛选结果置信度中等
EXE,US,Expand Energy Corporation - Common Stock,Oil & Gas E&P,周期,利润波动、ROE波动、资本开支周期,7.22,1.19,20.6%,24.8%,1126250000.00,34.3%,-,10.71,未分红/不适用,2.1%,4,6,80,Medium,低,警惕,40,周期行业ROE波动显著；周期行业利润弹性过大；10年ROE波动较大；10年净利润波动较大；数据质量为Medium，筛选结果置信度中等
EXEL,US,"Exelixis, Inc. - Common Stock",Biotechnology,科技,营收增长、自由现金流、研发投入效率,16.62,6.58,19.0%,13.5%,468159500.00,24.0%,2.2%,-,未分红/不适用,12.9%,4,6,80,Medium,低,警惕,85,10年ROE波动较大；数据质量为Medium，筛选结果置信度中等
EXFY,US,"Expensify, Inc. - Class A Common Stock",Software - Application,科技,营收增长、自由现金流、研发投入效率,-,0.79,-23.2%,14.5%,14430000.00,28.6%,-,-,未分红/不适用,-5.7%,4,6,80,Medium,低,排除,0,科技公司营收增长转负；PB低但近5年出现亏损；10年内亏损年份过多；10年ROE波动较大；长期ROE低于5%；近5年营收增长偏弱；数据质量为Medium，筛选结果置信度中等
EXLS,US,"ExlService Holdings, Inc. - Common Stock",Information Technology Services,科技,营收增长、自由现金流、研发投入效率,17.57,4.73,22.1%,3.7%,200020500.00,46.4%,24.7%,18.89,未分红/不适用,13.9%,4,6,80,Medium,低,警惕,85,商誉占比偏高；数据质量为Medium，筛选结果置信度中等
EXOZ,US,eXoZymes Inc. - Common Stock,Biotechnology,科技,营收增长、自由现金流、研发投入效率,-,24.16,25.7%,348.7%,-4621679.75,43.1%,-,-,未分红/不适用,-,4,6,80,Medium,低,排除,15,科技公司自由现金流为负；10年内亏损年份过多；10年ROE波动较大；近5年自由现金流多次为负；数据质量为Medium，筛选结果置信度中等
EXPE,US,"Expedia Group, Inc. - Common Stock",Travel Services,通用,ROE、现金流、资产负债率,19.27,45.43,61.9%,36.8%,2515250000.00,89.6%,28.1%,6.32,未分红/不适用,8.1%,4,6,80,Medium,中,排除,15,10年ROE波动较大；资产负债率过高；商誉占比偏高；资产负债率相对偏高；数据质量为Medium，筛选结果置信度中等
EXPO,US,"Exponent, Inc. - Common Stock",Engineering & Construction,周期,利润波动、ROE波动、资本开支周期,25.32,6.89,28.3%,2.6%,113174500.00,49.8%,1.1%,-,未分红/不适用,4.3%,4,6,80,Medium,低,通过,85,数据质量为Medium，筛选结果置信度中等
EXTR,US,"Extreme Networks, Inc. - Common Stock",Communication Equipment,通用,ROE、现金流、资产负债率,205.17,41.31,-58.9%,190.4%,128209750.00,94.3%,34.6%,1.27,未分红/不适用,0.8%,4,6,80,Medium,中,排除,0,10年ROE波动较大；10年净利润波动较大；长期ROE低于5%；资产负债率过高；商誉占比偏高；利息覆盖倍数过低；资产负债率相对偏高；数据质量为Medium，筛选结果置信度中等
EYE,US,"National Vision Holdings, Inc. - Common Stock",Specialty Retail,消费,ROE、毛利率稳定性、分红稳定性,31.15,1.62,-0.8%,5.9%,43876750.00,56.2%,35.3%,3.43,未分红/不适用,6.5%,4,6,80,Medium,低,排除,15,消费公司长期ROE不够突出；10年净利润波动较大；长期ROE低于5%；商誉占比偏高；数据质量为Medium，筛选结果置信度中等
EYPT,US,"EyePoint, Inc. - Common Stock",Biotechnology,科技,营收增长、自由现金流、研发投入效率,-,32.20,-61.8%,36.2%,-110607750.00,15.9%,-,-7019.70,未分红/不适用,-8.8%,4,6,80,Medium,低,排除,0,科技公司营收增长转负；科技公司自由现金流为负；10年内亏损年份过多；10年ROE波动较大；长期ROE低于5%；近5年自由现金流多次为负；利息覆盖倍数过低；近5年营收增长偏弱；数据质量为Medium，筛选结果置信度中等
EZGO,US,EZGO Technologies Ltd. - Ordinary Shares,Recreational Vehicles,通用,ROE、现金流、资产负债率,-,0.00,-15.5%,4.8%,-11234354.50,26.2%,0.0%,-63.07,未分红/不适用,5.6%,4,6,80,Medium,低,排除,0,PB低但近5年出现亏损；PB低但近5年经营现金流多次为负；10年内亏损年份过多；长期ROE低于5%；近5年自由现金流多次为负；利息覆盖倍数过低；数据质量为Medium，筛选结果置信度中等
EZPW,US,"EZCORP, Inc. - Class A Non-Voting Common Stock",Credit Services,通用,ROE、现金流、资产负债率,17.54,1.87,8.4%,2.6%,71072000.00,47.4%,16.7%,7.37,未分红/不适用,12.9%,4,6,80,Medium,低,通过,85,数据质量为Medium，筛选结果置信度中等
EZRA,US,"Reliance Global Group, Inc. - Common Stock",Insurance Brokers,保险,偿付能力、久期缺口、投资收益质量,-,0.19,-126.7%,155.7%,-2691432.50,52.6%,35.3%,-5.70,未分红/不适用,1.9%,4,6,80,Medium,低,排除,0,保险需补充偿付能力/久期缺口专项数据；PB低但近5年出现亏损；PB低但近5年经营现金流多次为负；10年内亏损年份过多；10年ROE波动较大；10年净利润波动较大；长期ROE低于5%；近5年自由现金流多次为负；商誉占比偏高；利息覆盖倍数过低；数据质量为Medium，筛选结果置信度中等
FA,US,First Advantage Corporation - Common Stock,Specialty Business Services,通用,ROE、现金流、资产负债率,295.80,1.96,-0.3%,6.5%,114042000.00,65.7%,55.9%,0.78,未分红/不适用,24.8%,4,6,80,Medium,低,排除,0,10年净利润波动较大；长期ROE低于5%；商誉占比过高；利息覆盖倍数过低；数据质量为Medium，筛选结果置信度中等
FABC,US,"Fabric.AI, Inc. - Common Stock",Auto Manufacturers,通用,ROE、现金流、资产负债率,-,1.58,-102.6%,92.0%,-20751369.33,14.9%,-,-,未分红/不适用,-,4,6,80,Medium,低,排除,0,10年内亏损年份过多；10年ROE波动较大；长期ROE低于5%；近5年自由现金流多次为负；数据质量为Medium，筛选结果置信度中等
FAMI,US,"Farmmi, Inc. - Class A Ordinary Shares",Packaged Foods,消费,ROE、毛利率稳定性、分红稳定性,-,0.06,-10.6%,21.5%,-4870439.25,15.8%,-,-126.62,未分红/不适用,-34.4%,4,6,80,Medium,低,排除,0,消费公司长期ROE不够突出；PB低但近5年出现亏损；10年ROE波动较大；10年净利润波动较大；长期ROE低于5%；利息覆盖倍数过低；近5年营收明显下滑；数据质量为Medium，筛选结果置信度中等
FANG,US,"Diamondback Energy, Inc. - Common Stock",Oil & Gas E&P,周期,利润波动、ROE波动、资本开支周期,207.79,1.57,15.4%,11.0%,-539750000.00,39.5%,-,8.07,未分红/不适用,16.0%,4,6,80,Medium,低,通过,85,数据质量为Medium，筛选结果置信度中等
FAST,US,Fastenal Company - Common Stock,Industrial Distribution,通用,ROE、现金流、资产负债率,38.51,12.52,33.1%,1.5%,1006125000.00,22.0%,-,267.94,未分红/不适用,5.5%,4,6,80,Medium,低,通过,85,数据质量为Medium，筛选结果置信度中等
FATE,US,"Fate Therapeutics, Inc. - Common Stock",Biotechnology,科技,营收增长、自由现金流、研发投入效率,-,1.16,-56.5%,9.3%,-164457750.00,35.0%,-,-,未分红/不适用,-59.0%,4,6,80,Medium,低,排除,0,科技公司营收增长转负；科技公司自由现金流为负；10年内亏损年份过多；长期ROE低于5%；近5年自由现金流多次为负；近5年营收明显下滑；数据质量为Medium，筛选结果置信度中等
FATN,US,"FatPipe, Inc. - common stock",Software - Infrastructure,科技,营收增长、自由现金流、研发投入效率,76.40,2.51,20.5%,12.5%,-785306.75,43.7%,-,10.97,未分红/不适用,9.5%,4,0,80,Medium,低,警惕,55,科技公司自由现金流为负；10年ROE波动较大；近5年自由现金流多次为负；数据质量为Medium，筛选结果置信度中等
FBGL,US,FBS Global Limited - Ordinary Shares,Engineering & Construction,周期,利润波动、ROE波动、资本开支周期,-,0.96,-8.3%,10.5%,-324025.50,53.5%,-,-139.78,未分红/不适用,15.4%,4,6,80,Medium,低,排除,0,周期行业利润弹性过大；PB低但近5年出现亏损；PB低但近5年经营现金流多次为负；10年净利润波动较大；长期ROE低于5%；近5年自由现金流多次为负；利息覆盖倍数过低；数据质量为Medium，筛选结果置信度中等
FBIO,US,"Fortress Biotech, Inc. - Common Stock",Biotechnology,科技,营收增长、自由现金流、研发投入效率,-,1.55,-166.3%,123.7%,-137990000.00,66.5%,-,-2.85,未分红/不适用,-5.8%,4,6,80,Medium,中,排除,0,科技公司营收增长转负；科技公司自由现金流为负；10年内亏损年份过多；10年ROE波动较大；10年净利润波动较大；长期ROE低于5%；近5年自由现金流多次为负；利息覆盖倍数过低；近5年营收增长偏弱；资产负债率相对偏高；数据质量为Medium，筛选结果置信度中等
FBIZ,US,"First Business Financial Services, Inc. - Common Stock",Banks - Regional,银行,不良率、拨备覆盖、资本充足率,9.00,1.24,13.9%,1.3%,50799750.00,90.9%,0.3%,-,未分红/不适用,9.7%,4,6,80,Medium,中,排除,30,银行需补充不良率/拨备/资本充足率专项数据；资产负债率过高；资产负债率相对偏高；数据质量为Medium，筛选结果置信度中等
FBLA,US,"FB Bancorp, Inc. - Common Stock",Banks - Regional,银行,不良率、拨备覆盖、资本充足率,67.10,0.75,0.1%,1.4%,5583500.00,75.0%,-,-,未分红/不适用,-8.9%,4,0,80,Medium,中,排除,0,银行需补充不良率/拨备/资本充足率专项数据；PB低但近5年出现亏损；10年净利润波动较大；长期ROE低于5%；近5年自由现金流多次为负；资产负债率偏高；近5年营收增长偏弱；资产负债率相对偏高；数据质量为Medium，筛选结果置信度中等
FBLG,US,"FibroBiologics, Inc. - Common Stock",Biotechnology,科技,营收增长、自由现金流、研发投入效率,-,0.59,-474.6%,606.8%,-11879000.00,36.0%,-,-90.40,未分红/不适用,-,4,6,80,Medium,低,排除,0,科技公司自由现金流为负；PB低但近5年出现亏损；PB低但近5年经营现金流多次为负；10年内亏损年份过多；10年ROE波动较大；长期ROE低于5%；近5年自由现金流多次为负；利息覆盖倍数过低；数据质量为Medium，筛选结果置信度中等
FBNC,US,First Bancorp - Common Stock,Banks - Regional,银行,不良率、拨备覆盖、资本充足率,19.59,1.41,8.5%,4.0%,180838000.00,86.9%,3.8%,-,未分红/不适用,-0.6%,4,6,80,Medium,中,排除,30,银行需补充不良率/拨备/资本充足率专项数据；资产负债率过高；资产负债率相对偏高；数据质量为Medium，筛选结果置信度中等
FBRX,US,"Forte Biosciences, Inc.  - Common Stock",Biotechnology,科技,营收增长、自由现金流、研发投入效率,-,6.69,-76.6%,33.1%,-36858000.00,26.3%,-,-,未分红/不适用,-,4,6,80,Medium,低,排除,0,科技公司自由现金流为负；10年内亏损年份过多；10年ROE波动较大；长期ROE低于5%；近5年自由现金流多次为负；数据质量为Medium，筛选结果置信度中等
FBYD,US,"Falcon's Beyond Global, Inc. - Class A Common Stock",Conglomerates,通用,ROE、现金流、资产负债率,407.67,49.31,-44.7%,176.5%,-20164750.00,64.3%,-,2.86,未分红/不适用,-2.3%,4,6,80,Medium,中,排除,0,10年ROE波动较大；10年净利润波动较大；长期ROE低于5%；近5年自由现金流多次为负；利息覆盖倍数偏低；资产负债率相对偏高；数据质量为Medium，筛选结果置信度中等
FCAP,US,"First Capital, Inc. - Common Stock",Banks - Regional,银行,不良率、拨备覆盖、资本充足率,10.79,1.36,12.1%,1.5%,17803000.00,89.2%,0.5%,-,未分红/不适用,7.9%,4,6,80,Medium,中,排除,30,银行需补充不良率/拨备/资本充足率专项数据；资产负债率过高；资产负债率相对偏高；数据质量为Medium，筛选结果置信度中等
FCBC,US,"First Community Bankshares, Inc. - Common Stock",Banks - Regional,银行,不良率、拨备覆盖、资本充足率,15.60,1.49,10.0%,0.7%,57964250.00,84.6%,4.4%,-,未分红/不适用,3.8%,4,6,80,Medium,中,需专项分析,55,银行需补充不良率/拨备/资本充足率专项数据；资产负债率偏高；资产负债率相对偏高；数据质量为Medium，筛选结果置信度中等
FCCO,US,First Community Corporation - Common Stock,Banks - Regional,银行,不良率、拨备覆盖、资本充足率,11.51,1.37,10.6%,1.5%,15239250.00,91.9%,0.7%,-,未分红/不适用,9.9%,4,6,80,Medium,中,排除,30,银行需补充不良率/拨备/资本充足率专项数据；资产负债率过高；资产负债率相对偏高；数据质量为Medium，筛选结果置信度中等
FCEL,US,"FuelCell Energy, Inc. - Common Stock",Electrical Equipment & Parts,周期,利润波动、ROE波动、资本开支周期,-,1.53,-19.3%,4.9%,-187930000.00,21.6%,0.0%,-17.43,未分红/不适用,6.6%,4,6,80,Medium,低,排除,0,10年内亏损年份过多；长期ROE低于5%；近5年自由现金流多次为负；利息覆盖倍数过低；数据质量为Medium，筛选结果置信度中等
FCFS,US,"FirstCash Holdings, Inc. - Common Stock",Credit Services,通用,ROE、现金流、资产负债率,28.53,4.35,12.9%,1.5%,448115500.00,57.0%,38.2%,4.69,未分红/不适用,10.3%,4,6,80,Medium,低,警惕,85,商誉占比偏高；数据质量为Medium，筛选结果置信度中等
FCHL,US,Fitness Champs Holdings Limited - Ordinary Shares,Education & Training Services,通用,ROE、现金流、资产负债率,-,-0.48,727.5%,448.8%,631000.00,99.4%,-,7.84,未分红/不适用,23.5%,3,0,60,Medium,中,排除,30,10年ROE波动较大；资产负债率过高；资产负债率相对偏高；数据质量为Medium，筛选结果置信度中等
FCNCA,US,"First Citizens BancShares, Inc. - Class A Common Stock",Banks - Regional,银行,不良率、拨备覆盖、资本充足率,11.06,1.10,21.9%,21.4%,1477750000.00,90.3%,0.2%,-,未分红/不适用,26.9%,4,6,80,Medium,中,排除,0,银行需补充不良率/拨备/资本充足率专项数据；10年ROE波动较大；10年净利润波动较大；资产负债率过高；资产负债率相对偏高；数据质量为Medium，筛选结果置信度中等
FCUV,US,Focus Universal Inc. - Common Stock,Scientific & Technical Instruments,通用,ROE、现金流、资产负债率,-,0.29,-120.7%,52.0%,-4128381.00,71.0%,-,-,未分红/不适用,-10.3%,4,6,80,Medium,中,排除,0,PB低但近5年出现亏损；PB低但近5年经营现金流多次为负；10年内亏损年份过多；10年ROE波动较大；长期ROE低于5%；近5年自由现金流多次为负；资产负债率偏高；近5年营收增长偏弱；资产负债率相对偏高；数据质量为Medium，筛选结果置信度中等
FDBC,US,"Fidelity D & D Bancorp, Inc. - Common Stock",Banks - Regional,银行,不良率、拨备覆盖、资本充足率,8.81,1.07,12.5%,4.1%,29094000.00,91.3%,0.7%,-,未分红/不适用,1.5%,4,6,80,Medium,中,排除,30,银行需补充不良率/拨备/资本充足率专项数据；资产负债率过高；资产负债率相对偏高；数据质量为Medium，筛选结果置信度中等
FDMT,US,"4D Molecular Therapeutics, Inc. - Common Stock",Biotechnology,科技,营收增长、自由现金流、研发投入效率,-,1.08,-34.6%,8.2%,-106193250.00,10.8%,-,-,未分红/不适用,200.9%,4,6,80,Medium,低,排除,0,科技公司自由现金流为负；10年内亏损年份过多；长期ROE低于5%；近5年自由现金流多次为负；数据质量为Medium，筛选结果置信度中等
FDSB,US,"Fifth District Bancorp, Inc. - Common Stock",Banks - Regional,银行,不良率、拨备覆盖、资本充足率,17.56,0.62,1.8%,2.1%,292156.00,75.7%,-,-,未分红/不适用,8.0%,4,0,80,Medium,中,排除,0,银行需补充不良率/拨备/资本充足率专项数据；PB低但近5年出现亏损；10年净利润波动较大；长期ROE低于5%；资产负债率偏高；资产负债率相对偏高；数据质量为Medium，筛选结果置信度中等
FEAM,US,"5E Advanced Materials, Inc. - Common Stock",Specialty Chemicals,周期,利润波动、ROE波动、资本开支周期,-,1.15,-198.2%,255.3%,-42639250.00,10.7%,-,-3.86,未分红/不适用,-,4,6,80,Medium,低,排除,0,周期行业ROE波动显著；10年内亏损年份过多；10年ROE波动较大；长期ROE低于5%；近5年自由现金流多次为负；利息覆盖倍数过低；数据质量为Medium，筛选结果置信度中等
FEBO,US,Fenbo Holdings Limited - Class A Ordinary Shares,Consumer Electronics,科技,营收增长、自由现金流、研发投入效率,-,2.33,-2.6%,23.9%,-319750.00,52.8%,-,-23.89,未分红/不适用,-1.9%,4,0,80,Medium,低,排除,0,科技公司营收增长转负；科技公司自由现金流为负；10年ROE波动较大；10年净利润波动较大；长期ROE低于5%；利息覆盖倍数过低；数据质量为Medium，筛选结果置信度中等
FEED,US,"ENvue Medical, Inc. - Common Stock",Medical Devices,通用,ROE、现金流、资产负债率,-,0.04,-226.7%,247.4%,-5648000.00,18.5%,70.7%,-,未分红/不适用,50.3%,4,6,80,Medium,低,排除,0,PB低但近5年出现亏损；PB低但近5年经营现金流多次为负；10年内亏损年份过多；10年ROE波动较大；10年净利润波动较大；长期ROE低于5%；近5年自由现金流多次为负；商誉占比过高；数据质量为Medium，筛选结果置信度中等
FEIM,US,"Frequency Electronics, Inc. - Common Stock",Communication Equipment,科技,营收增长、自由现金流、研发投入效率,79.09,9.43,5.3%,29.0%,1603250.00,40.7%,0.7%,117.77,未分红/不适用,13.1%,4,0,80,Medium,低,警惕,55,10年ROE波动较大；10年净利润波动较大；长期ROE偏低但PE不低；数据质量为Medium，筛选结果置信度中等
FELE,US,"Franklin Electric Co., Inc. - Common Stock",Specialty Industrial Machinery,通用,ROE、现金流、资产负债率,29.36,3.26,14.7%,2.8%,186819500.00,31.8%,20.5%,19.29,未分红/不适用,1.4%,4,6,80,Medium,低,警惕,85,商誉占比偏高；数据质量为Medium，筛选结果置信度中等
FEMY,US,Femasys Inc. - Common Stock,Medical Instruments & Supplies,通用,ROE、现金流、资产负债率,-,3.86,-321.6%,349.0%,-15544086.75,71.7%,-,-8.85,未分红/不适用,23.9%,4,6,80,Medium,中,排除,0,10年内亏损年份过多；10年ROE波动较大；长期ROE低于5%；近5年自由现金流多次为负；资产负债率偏高；利息覆盖倍数过低；资产负债率相对偏高；数据质量为Medium，筛选结果置信度中等
FENC,US,Fennec Pharmaceuticals Inc. - Common Stock,Biotechnology,科技,营收增长、自由现金流、研发投入效率,-,9.22,260.3%,447.6%,-,-,-,-3.63,未分红/不适用,207.5%,0,10,0,Insufficient,未知,数据不足,0,10年内亏损年份过多；10年ROE波动较大；利息覆盖倍数过低；数据年数不足，无法进行可靠筛选
FER,US,Ferrovial N.V. - Ordinary Shares,Engineering & Construction,周期,利润波动、ROE波动、资本开支周期,49.14,7.01,20.5%,22.3%,1222500000.00,72.0%,1.5%,3.44,未分红/不适用,8.4%,4,6,80,Medium,中,警惕,10,周期行业ROE波动显著；周期行业利润弹性过大；10年ROE波动较大；10年净利润波动较大；资产负债率偏高；资产负债率相对偏高；数据质量为Medium，筛选结果置信度中等
FFAI,US,Faraday Future Intelligent Electric Inc. - Class A Common Stock,Auto Manufacturers,通用,ROE、现金流、资产负债率,-,-2.77,157.7%,849.4%,-252202250.00,97.2%,9.3%,-44.90,未分红/不适用,-,4,6,80,Medium,低,排除,0,PB低但近5年出现亏损；PB低但近5年经营现金流多次为负；10年内亏损年份过多；10年ROE波动较大；近5年自由现金流多次为负；资产负债率过高；利息覆盖倍数过低；数据质量为Medium，筛选结果置信度中等
FFBC,US,First Financial Bancorp. - Common Stock,Banks - Regional,银行,不良率、拨备覆盖、资本充足率,10.53,1.06,10.1%,1.0%,302021750.00,86.9%,5.2%,-,未分红/不适用,8.3%,4,6,80,Medium,中,排除,30,银行需补充不良率/拨备/资本充足率专项数据；资产负债率过高；资产负债率相对偏高；数据质量为Medium，筛选结果置信度中等
FFIC,US,Flushing Financial Corporation - Common Stock,Banks - Regional,银行,不良率、拨备覆盖、资本充足率,15.38,0.73,3.5%,6.4%,44102750.00,91.9%,0.0%,-,未分红/不适用,-2.0%,4,6,80,Medium,中,排除,0,银行需补充不良率/拨备/资本充足率专项数据；PB低但近5年出现亏损；10年净利润波动较大；长期ROE低于5%；资产负债率过高；资产负债率相对偏高；数据质量为Medium，筛选结果置信度中等
FFIN,US,"First Financial Bankshares, Inc. - Common Stock",Banks - Regional,银行,不良率、拨备覆盖、资本充足率,16.93,2.31,14.7%,2.5%,288746000.00,87.6%,-,-,未分红/不适用,5.9%,4,6,80,Medium,中,排除,30,银行需补充不良率/拨备/资本充足率专项数据；资产负债率过高；资产负债率相对偏高；数据质量为Medium，筛选结果置信度中等
FFIV,US,"F5, Inc. - Common Stock",Software - Infrastructure,科技,营收增长、自由现金流、研发投入效率,29.88,5.85,16.1%,3.0%,669161250.00,43.2%,38.7%,-,未分红/不适用,4.6%,4,6,80,Medium,低,警惕,85,商誉占比偏高；数据质量为Medium，筛选结果置信度中等
FGBI,US,"First Guaranty Bancshares, Inc. - Common Stock",Banks - Regional,银行,不良率、拨备覆盖、资本充足率,-,0.75,-1.0%,16.3%,15422500.00,94.5%,0.0%,-,未分红/不适用,-5.0%,4,6,80,Medium,中,排除,0,银行需补充不良率/拨备/资本充足率专项数据；PB低但近5年出现亏损；10年ROE波动较大；10年净利润波动较大；长期ROE低于5%；资产负债率过高；资产负债率相对偏高；数据质量为Medium，筛选结果置信度中等
FGI,US,FGI Industries Ltd. - Ordinary Shares,"Furnishings, Fixtures & Appliances",通用,ROE、现金流、资产负债率,-,0.52,-5.4%,21.9%,-2570158.25,77.6%,-,-2.26,未分红/不适用,-6.9%,4,6,80,Medium,中,排除,0,PB低但近5年出现亏损；10年ROE波动较大；10年净利润波动较大；长期ROE低于5%；近5年自由现金流多次为负；资产负债率偏高；利息覆盖倍数过低；近5年营收增长偏弱；资产负债率相对偏高；数据质量为Medium，筛选结果置信度中等
FGL,US,Founder Group Limited - Class A Ordinary Shares,Engineering & Construction,周期,利润波动、ROE波动、资本开支周期,-,8.88,11.1%,45.0%,-17645062.25,84.1%,-,-0.05,未分红/不适用,23.9%,4,6,80,Medium,中,排除,0,周期行业ROE波动显著；周期行业利润弹性过大；10年ROE波动较大；10年净利润波动较大；近5年自由现金流多次为负；资产负债率偏高；利息覆盖倍数过低；资产负债率相对偏高；数据质量为Medium，筛选结果置信度中等
FGMC,US,FG Merger II Corp. - Common stock,Shell Companies,通用,ROE、现金流、资产负债率,73.79,271.84,491.9%,693.3%,-,0.2%,-,-,未分红/不适用,-,2,3,40,Low,低,数据不足,0,10年ROE波动较大；10年净利润波动较大；数据年数不足，无法进行可靠筛选
FGNX,US,FG Nexus Inc. - Common Stock,Asset Management,通用,ROE、现金流、资产负债率,1.75,0.36,-21.3%,25.6%,-4657666.67,12.4%,-,-511.93,未分红/不适用,-42.2%,4,6,80,Medium,低,排除,0,PB低但近5年出现亏损；PB低但近5年经营现金流多次为负；10年内亏损年份过多；10年ROE波动较大；10年净利润波动较大；长期ROE低于5%；利息覆盖倍数过低；近5年营收明显下滑；数据质量为Medium，筛选结果置信度中等
FHB,US,"First Hawaiian, Inc. - Common Stock",Banks - Regional,银行,不良率、拨备覆盖、资本充足率,11.55,1.16,10.0%,1.2%,312096750.00,88.4%,4.2%,-,未分红/不适用,3.6%,4,6,80,Medium,中,排除,30,银行需补充不良率/拨备/资本充足率专项数据；资产负债率过高；资产负债率相对偏高；数据质量为Medium，筛选结果置信度中等
FHTX,US,Foghorn Therapeutics Inc. - Common Stock,Biotechnology,科技,营收增长、自由现金流、研发投入效率,-,-2.01,-24207.5%,48672.4%,-28597250.00,154.8%,-,-,未分红/不适用,17.1%,4,6,80,Medium,低,排除,0,科技公司自由现金流为负；PB低但近5年出现亏损；PB低但近5年经营现金流多次为负；10年内亏损年份过多；10年ROE波动较大；长期ROE低于5%；近5年自由现金流多次为负；资产负债率过高；数据质量为Medium，筛选结果置信度中等
FIBK,US,"First Interstate BancSystem, Inc. - Common Stock",Banks - Regional,银行,不良率、拨备覆盖、资本充足率,11.06,0.98,7.5%,1.0%,383375000.00,87.1%,4.1%,-,未分红/不适用,-1.4%,4,6,80,Medium,中,排除,15,银行需补充不良率/拨备/资本充足率专项数据；长期ROE偏低但PE不低；资产负债率过高；资产负债率相对偏高；数据质量为Medium，筛选结果置信度中等
FIEE,US,"FiEE, Inc - Common Stock",Communication Equipment,通用,ROE、现金流、资产负债率,29.50,7.45,-3010.4%,8281.3%,-1648958.33,38.8%,-,-,未分红/不适用,-50.4%,4,6,80,Medium,低,排除,0,10年内亏损年份过多；10年ROE波动较大；10年净利润波动较大；长期ROE低于5%；近5年营收明显下滑；数据质量为Medium，筛选结果置信度中等
FIGR,US,"Figure Technology Solutions, Inc. - Class A Common Stock",Capital Markets,科技,营收增长、自由现金流、研发投入效率,51.76,7.47,-2.1%,17.6%,-50778333.33,46.6%,-,3.33,未分红/不适用,61.4%,3,0,60,Medium,高,排除,0,科技公司自由现金流为负；10年ROE波动较大；10年净利润波动较大；长期ROE低于5%；高杠杆行业，需资产负债表专项分析；数据质量为Medium，筛选结果置信度中等
FINW,US,FinWise Bancorp - Common Stock,Banks - Regional,银行,不良率、拨备覆盖、资本充足率,11.82,0.91,11.2%,4.8%,1167500.00,80.2%,-,-,未分红/不适用,10.8%,4,6,80,Medium,中,需专项分析,55,银行需补充不良率/拨备/资本充足率专项数据；资产负债率偏高；资产负债率相对偏高；数据质量为Medium，筛选结果置信度中等
FIP,US,FTAI Infrastructure Inc. - Common Stock,Conglomerates,通用,ROE、现金流、资产负债率,-,-4.58,-56.2%,39.7%,-213106000.00,99.9%,6.4%,0.42,未分红/不适用,24.3%,4,6,80,Medium,中,排除,0,PB低但近5年出现亏损；PB低但近5年经营现金流多次为负；10年内亏损年份过多；10年ROE波动较大；长期ROE低于5%；近5年自由现金流多次为负；资产负债率过高；利息覆盖倍数过低；资产负债率相对偏高；数据质量为Medium，筛选结果置信度中等
FISI,US,"Financial Institutions, Inc. - Common Stock",Banks - Regional,银行,不良率、拨备覆盖、资本充足率,8.82,1.09,7.4%,9.9%,54628250.00,90.0%,0.9%,-,未分红/不适用,4.7%,4,6,80,Medium,中,排除,15,银行需补充不良率/拨备/资本充足率专项数据；10年净利润波动较大；资产负债率过高；资产负债率相对偏高；数据质量为Medium，筛选结果置信度中等
FISV,US,"Fiserv, Inc. - Common Stock",-,通用,ROE、现金流、资产负债率,9.27,1.11,10.9%,2.2%,4068500000.00,67.8%,47.1%,3.79,未分红/不适用,6.1%,4,6,80,Medium,中,排除,45,商誉占比过高；资产负债率相对偏高；数据质量为Medium，筛选结果置信度中等
FITB,US,Fifth Third Bancorp - Common Stock,Banks - Regional,银行,不良率、拨备覆盖、资本充足率,15.84,1.56,12.4%,1.2%,3987750000.00,89.9%,2.3%,-,未分红/不适用,2.9%,4,6,80,Medium,中,排除,30,银行需补充不良率/拨备/资本充足率专项数据；资产负债率过高；资产负债率相对偏高；数据质量为Medium，筛选结果置信度中等
FITBI,US,Fifth Third Bancorp - Depositary Share repstg 1/1000th Ownership Interest Perp Pfd Series I,Banks - Regional,银行,不良率、拨备覆盖、资本充足率,7.31,1.01,12.4%,1.2%,3987750000.00,89.9%,2.3%,-,未分红/不适用,2.9%,4,6,80,Medium,中,排除,30,银行需补充不良率/拨备/资本充足率专项数据；资产负债率过高；资产负债率相对偏高；数据质量为Medium，筛选结果置信度中等
FIVE,US,"Five Below, Inc. - Common Stock",Specialty Retail,消费,ROE、毛利率稳定性、分红稳定性,33.07,5.40,17.1%,2.5%,186470500.00,55.6%,-,-,未分红/不适用,15.7%,4,6,80,Medium,低,通过,85,数据质量为Medium，筛选结果置信度中等
FIVN,US,"Five9, Inc. - Common Stock",Software - Infrastructure,科技,营收增长、自由现金流、研发投入效率,32.92,2.10,-10.7%,15.7%,90356750.00,56.1%,20.5%,4.19,未分红/不适用,13.8%,4,6,80,Medium,低,排除,0,10年内亏损年份过多；10年ROE波动较大；10年净利润波动较大；长期ROE低于5%；商誉占比偏高；数据质量为Medium，筛选结果置信度中等
FIZZ,US,National Beverage Corp. - Common Stock,Beverages - Non-Alcoholic,消费,ROE、毛利率稳定性、分红稳定性,17.56,5.52,44.5%,15.1%,145456500.00,34.0%,2.0%,-,未分红/不适用,1.8%,4,0,80,Medium,低,警惕,85,10年ROE波动较大；数据质量为Medium，筛选结果置信度中等
FKWL,US,Franklin Wireless Corp. - common stock,Communication Equipment,通用,ROE、现金流、资产负债率,159.50,1.07,-7.1%,4.6%,-2853226.25,26.2%,0.5%,-,未分红/不适用,24.3%,4,6,80,Medium,低,排除,5,10年内亏损年份过多；长期ROE低于5%；近5年自由现金流多次为负；数据质量为Medium，筛选结果置信度中等
FLD,US,"Fold Holdings, Inc. - Class A Common Stock",Capital Markets,金融,杠杆、资产质量、资本约束,-,1.14,233.1%,481.5%,-7084772.00,59.0%,-,-11.19,未分红/不适用,3.3%,4,0,80,Medium,高,排除,0,金融行业需专项资产质量与资本约束分析；10年内亏损年份过多；10年ROE波动较大；10年净利润波动较大；近5年自由现金流多次为负；利息覆盖倍数过低；高杠杆行业，需资产负债表专项分析；数据质量为Medium，筛选结果置信度中等
FLEX,US,Flex Ltd. - Ordinary Shares,Electronic Components,科技,营收增长、自由现金流、研发投入效率,59.79,10.00,18.3%,3.4%,689750000.00,72.8%,7.3%,5.69,未分红/不适用,1.6%,4,0,80,Medium,中,警惕,70,资产负债率偏高；资产负债率相对偏高；数据质量为Medium，筛选结果置信度中等
FLGT,US,"Fulgent Genetics, Inc. - Common Stock",Diagnostics & Research,通用,ROE、现金流、资产负债率,-,0.44,-3.2%,10.8%,24018500.00,8.8%,2.1%,-932.67,未分红/不适用,-19.5%,4,6,80,Medium,低,排除,0,PB低但近5年出现亏损；10年内亏损年份过多；10年净利润波动较大；长期ROE低于5%；利息覆盖倍数过低；近5年营收明显下滑；数据质量为Medium，筛选结果置信度中等
FLL,US,"Full House Resorts, Inc. - Common Stock",Resorts & Casinos,通用,ROE、现金流、资产负债率,-,-18.85,-432.8%,768.3%,-96187250.00,99.6%,3.0%,0.01,未分红/不适用,22.8%,4,6,80,Medium,中,排除,0,PB低但近5年出现亏损；10年内亏损年份过多；10年ROE波动较大；长期ROE低于5%；近5年自由现金流多次为负；资产负债率过高；利息覆盖倍数过低；资产负债率相对偏高；数据质量为Medium，筛选结果置信度中等
FLNA,US,"Filana Therapeutics, Inc. - Common Stock",Biotechnology,科技,营收增长、自由现金流、研发投入效率,-,0.77,-60.8%,46.8%,-78132500.00,37.1%,-,-,未分红/不适用,-,4,6,80,Medium,低,排除,0,科技公司自由现金流为负；PB低但近5年出现亏损；PB低但近5年经营现金流多次为负；10年内亏损年份过多；10年ROE波动较大；长期ROE低于5%；近5年自由现金流多次为负；数据质量为Medium，筛选结果置信度中等
FLNC,US,"Fluence Energy, Inc. - Class A Common Stock",Utilities - Renewable,周期,利润波动、ROE波动、资本开支周期,-,7.09,-11.9%,12.3%,-132274250.00,76.7%,1.2%,-,未分红/不适用,23.6%,4,6,80,Medium,中,排除,0,周期行业利润弹性过大；10年内亏损年份过多；10年ROE波动较大；10年净利润波动较大；长期ROE低于5%；近5年自由现金流多次为负；资产负债率偏高；资产负债率相对偏高；数据质量为Medium，筛选结果置信度中等
FLNT,US,"Fluent, Inc. - Common Stock",Advertising Agencies,通用,ROE、现金流、资产负债率,-,4.81,-145.4%,28.7%,-7077500.00,79.6%,-,-7.84,未分红/不适用,-16.7%,4,6,80,Medium,中,排除,0,10年内亏损年份过多；10年ROE波动较大；长期ROE低于5%；近5年自由现金流多次为负；资产负债率偏高；利息覆盖倍数过低；近5年营收明显下滑；资产负债率相对偏高；数据质量为Medium，筛选结果置信度中等
FLUX,US,"Flux Power Holdings, Inc. - Common Stock",Electrical Equipment & Parts,通用,ROE、现金流、资产负债率,-,4.70,-1105.8%,2129.7%,-8747500.00,115.6%,-,-,未分红/不适用,16.2%,4,6,80,Medium,低,排除,0,10年内亏损年份过多；10年ROE波动较大；长期ROE低于5%；近5年自由现金流多次为负；资产负债率过高；数据质量为Medium，筛选结果置信度中等
FLWS,US,"1-800-FLOWERS.COM, Inc. - Class A Common Stock",Specialty Retail,消费,ROE、毛利率稳定性、分红稳定性,-,1.49,-19.9%,37.0%,-493250.00,65.3%,4.9%,-12.82,未分红/不适用,-8.6%,4,6,80,Medium,低,排除,0,消费公司长期ROE不够突出；10年内亏损年份过多；10年ROE波动较大；10年净利润波动较大；长期ROE低于5%；利息覆盖倍数过低；近5年营收增长偏弱；数据质量为Medium，筛选结果置信度中等
FLXS,US,"Flexsteel Industries, Inc. - Common Stock","Furnishings, Fixtures & Appliances",周期,利润波动、ROE波动、资本开支周期,9.86,1.56,7.7%,4.7%,20792750.00,40.6%,-,386.23,未分红/不适用,-6.8%,4,6,80,Medium,低,警惕,85,近5年营收增长偏弱；数据质量为Medium，筛选结果置信度中等
FLY,US,Firefly Aerospace Inc. - Common Stock,Aerospace & Defense,通用,ROE、现金流、资产负债率,-,5.39,10.6%,31.0%,-199593000.00,34.8%,24.7%,-14.56,未分红/不适用,70.1%,3,0,60,Medium,低,排除,0,10年内亏损年份过多；10年ROE波动较大；近5年自由现金流多次为负；商誉占比偏高；利息覆盖倍数过低；数据质量为Medium，筛选结果置信度中等
FLYE,US,"Fly-E Group, Inc. - Common Stock",Auto Manufacturers,通用,ROE、现金流、资产负债率,-,0.19,16.4%,48.2%,-2698879.75,70.8%,-,-11.22,未分红/不适用,13.9%,4,0,80,Medium,中,排除,0,PB低但近5年出现亏损；10年ROE波动较大；10年净利润波动较大；资产负债率偏高；利息覆盖倍数过低；资产负债率相对偏高；数据质量为Medium，筛选结果置信度中等
FLYW,US,Flywire Corporation - Voting Common Stock,Software - Infrastructure,科技,营收增长、自由现金流、研发投入效率,67.23,2.34,-1.8%,4.4%,62859250.00,33.4%,32.4%,7.08,未分红/不适用,29.1%,4,6,80,Medium,低,排除,30,10年净利润波动较大；长期ROE低于5%；商誉占比偏高；数据质量为Medium，筛选结果置信度中等
FMAO,US,"Farmers & Merchants Bancorp, Inc. - Common Stock",Banks - Regional,银行,不良率、拨备覆盖、资本充足率,10.08,0.96,8.7%,1.6%,28715250.00,89.2%,2.5%,-,未分红/不适用,5.8%,4,6,80,Medium,中,排除,30,银行需补充不良率/拨备/资本充足率专项数据；资产负债率过高；资产负债率相对偏高；数据质量为Medium，筛选结果置信度中等
FMBH,US,"First Mid Bancshares, Inc. - Common Stock",Banks - Regional,银行,不良率、拨备覆盖、资本充足率,10.57,1.03,9.8%,1.2%,93272500.00,88.0%,2.6%,-,未分红/不适用,10.4%,4,6,80,Medium,中,排除,30,银行需补充不良率/拨备/资本充足率专项数据；资产负债率过高；资产负债率相对偏高；数据质量为Medium，筛选结果置信度中等
FMFC,US,Kandal M Venture Limited - Class A ordinary Shares,Footwear & Accessories,通用,ROE、现金流、资产负债率,-,0.95,213.9%,396.0%,2466087.33,96.2%,-,1.39,未分红/不适用,13.0%,3,0,60,Medium,中,排除,0,10年ROE波动较大；资产负债率过高；利息覆盖倍数过低；资产负债率相对偏高；数据质量为Medium，筛选结果置信度中等
FMNB,US,Farmers National Banc Corp. - Common Stock,Banks - Regional,银行,不良率、拨备覆盖、资本充足率,9.44,1.06,13.9%,4.6%,61273500.00,90.7%,3.2%,-,未分红/不适用,5.6%,4,6,80,Medium,中,排除,30,银行需补充不良率/拨备/资本充足率专项数据；资产负债率过高；资产负债率相对偏高；数据质量为Medium，筛选结果置信度中等
FMST,US,Foremost Clean Energy Ltd. - Common Shares,Other Industrial Metals & Mining,周期,利润波动、ROE波动、资本开支周期,-,1.01,-25.2%,29.9%,-3104378.25,11.7%,-,-11.44,未分红/不适用,-,4,0,80,Medium,低,排除,0,周期行业ROE波动显著；10年内亏损年份过多；10年ROE波动较大；10年净利润波动较大；长期ROE低于5%；近5年自由现金流多次为负；利息覆盖倍数过低；数据质量为Medium，筛选结果置信度中等
FNGR,US,"FingerMotion, Inc. - common stock",Telecom Services,通用,ROE、现金流、资产负债率,-,3.07,-56.4%,29.5%,-7518499.75,72.0%,-,-35.50,未分红/不适用,15.8%,4,0,80,Medium,中,排除,0,10年内亏损年份过多；10年ROE波动较大；长期ROE低于5%；近5年自由现金流多次为负；资产负债率偏高；利息覆盖倍数过低；资产负债率相对偏高；数据质量为Medium，筛选结果置信度中等
FNKO,US,"Funko, Inc. - Class A Common Stock",Leisure,通用,ROE、现金流、资产负债率,-,1.66,-27.8%,29.9%,-12707500.00,72.8%,19.5%,-2.33,未分红/不适用,-11.8%,4,6,80,Medium,中,排除,0,10年内亏损年份过多；10年ROE波动较大；10年净利润波动较大；长期ROE低于5%；近5年自由现金流多次为负；资产负债率偏高；利息覆盖倍数过低；近5年营收增长偏弱；资产负债率相对偏高；数据质量为Medium，筛选结果置信度中等
FNLC,US,"First Bancorp, Inc (ME) - Common Stock",Banks - Regional,银行,不良率、拨备覆盖、资本充足率,8.70,1.11,13.0%,2.8%,33314750.00,91.1%,1.0%,-,未分红/不适用,0.6%,4,6,80,Medium,中,排除,30,银行需补充不良率/拨备/资本充足率专项数据；资产负债率过高；资产负债率相对偏高；数据质量为Medium，筛选结果置信度中等
FNRN,US,First Northern Community Bancorp - Common stock,Banks - Regional,银行,不良率、拨备覆盖、资本充足率,13.78,1.38,11.9%,1.6%,17976750.00,88.9%,-,-,未分红/不适用,6.1%,4,6,80,Medium,中,排除,30,银行需补充不良率/拨备/资本充足率专项数据；资产负债率过高；资产负债率相对偏高；数据质量为Medium，筛选结果置信度中等
FNUC,US,Frontier Nuclear and Minerals Inc. - Common Shares,Other Industrial Metals & Mining,周期,利润波动、ROE波动、资本开支周期,-,0.44,-33.5%,24.5%,-9424035.25,14.8%,-,-1143.87,未分红/不适用,-,4,0,80,Medium,低,排除,0,周期行业ROE波动显著；PB低但近5年出现亏损；PB低但近5年经营现金流多次为负；10年内亏损年份过多；10年ROE波动较大；长期ROE低于5%；近5年自由现金流多次为负；利息覆盖倍数过低；数据质量为Medium，筛选结果置信度中等
FNWB,US,First Northwest Bancorp - Common Stock,Banks - Regional,银行,不良率、拨备覆盖、资本充足率,17.44,0.58,1.0%,6.2%,14646000.00,92.5%,0.1%,-,未分红/不适用,-4.9%,4,6,80,Medium,中,排除,0,银行需补充不良率/拨备/资本充足率专项数据；PB低但近5年出现亏损；10年净利润波动较大；长期ROE低于5%；资产负债率过高；资产负债率相对偏高；数据质量为Medium，筛选结果置信度中等
FNWD,US,Finward Bancorp - common stock,Banks - Regional,银行,不良率、拨备覆盖、资本充足率,14.04,0.81,7.3%,2.8%,13385250.00,91.4%,1.1%,-,未分红/不适用,-5.7%,4,6,80,Medium,中,排除,0,银行需补充不良率/拨备/资本充足率专项数据；长期ROE偏低但PE不低；资产负债率过高；近5年营收增长偏弱；资产负债率相对偏高；数据质量为Medium，筛选结果置信度中等
FOFO,US,"Hang Feng Technology Innovation Co., Ltd. - Ordinary Shares",Consulting Services,科技,营收增长、自由现金流、研发投入效率,-,2.09,-18.6%,81.3%,16435.00,3.2%,-,-,未分红/不适用,341.3%,3,0,60,Medium,低,排除,30,10年ROE波动较大；10年净利润波动较大；长期ROE低于5%；数据质量为Medium，筛选结果置信度中等
FONR,US,Fonar Corporation - Common Stock,Diagnostics & Research,通用,ROE、现金流、资产负债率,18.86,0.70,6.4%,1.4%,10379021.25,26.2%,2.0%,539.06,未分红/不适用,2.3%,4,6,80,Medium,低,警惕,85,长期ROE偏低但PE不低；数据质量为Medium，筛选结果置信度中等
FORA,US,Forian Inc. - Common Stock,Health Information Services,通用,ROE、现金流、资产负债率,-,2.27,-47.2%,110.8%,-3987763.50,32.5%,-,-17.59,未分红/不适用,22.6%,4,6,80,Medium,低,排除,0,10年内亏损年份过多；10年ROE波动较大；10年净利润波动较大；长期ROE低于5%；利息覆盖倍数过低；数据质量为Medium，筛选结果置信度中等
FORM,US,"FormFactor, Inc. - Common Stock",Semiconductor Equipment & Materials,科技,营收增长、自由现金流、研发投入效率,144.25,9.24,7.0%,1.6%,41486250.00,15.4%,17.6%,134.19,未分红/不适用,1.6%,4,6,80,Medium,低,警惕,85,长期ROE偏低但PE不低；数据质量为Medium，筛选结果置信度中等
FORR,US,"Forrester Research, Inc. - Common Stock",Consulting Services,通用,ROE、现金流、资产负债率,-,1.17,-21.4%,48.9%,15193250.00,68.7%,29.8%,-43.56,未分红/不适用,-9.6%,4,6,80,Medium,中,排除,0,10年ROE波动较大；10年净利润波动较大；长期ROE低于5%；商誉占比偏高；利息覆盖倍数过低；近5年营收增长偏弱；资产负债率相对偏高；数据质量为Medium，筛选结果置信度中等
FOSL,US,"Fossil Group, Inc. - Common Stock",Footwear & Accessories,通用,ROE、现金流、资产负债率,-,2.23,-54.5%,29.6%,-53500750.00,87.4%,-,-1.46,未分红/不适用,-15.8%,4,6,80,Medium,中,排除,0,10年内亏损年份过多；10年ROE波动较大；长期ROE低于5%；近5年自由现金流多次为负；资产负债率过高；利息覆盖倍数过低；近5年营收明显下滑；资产负债率相对偏高；数据质量为Medium，筛选结果置信度中等
FOX,US,Fox Corporation - Class B Common Stock,Entertainment,通用,ROE、现金流、资产负债率,15.30,2.26,13.9%,3.6%,1877000000.00,46.7%,15.7%,8.60,未分红/不适用,5.3%,4,6,80,Medium,低,通过,85,数据质量为Medium，筛选结果置信度中等
FOXA,US,Fox Corporation - Class A Common Stock,Entertainment,通用,ROE、现金流、资产负债率,17.07,2.52,13.9%,3.6%,1877000000.00,46.7%,15.7%,8.60,未分红/不适用,5.3%,4,6,80,Medium,低,通过,85,数据质量为Medium，筛选结果置信度中等
FOXF,US,Fox Factory Holding Corp. - Common Stock,Auto Parts,通用,ROE、现金流、资产负债率,-,1.03,-13.1%,46.0%,97506750.00,59.9%,5.0%,-9.74,未分红/不适用,-2.9%,4,6,80,Medium,低,排除,0,10年ROE波动较大；10年净利润波动较大；长期ROE低于5%；利息覆盖倍数过低；数据质量为Medium，筛选结果置信度中等
FOXX,US,Foxx Development Holdings Inc. - Common Stock,Consumer Electronics,科技,营收增长、自由现金流、研发投入效率,-,-2.71,17.5%,59.4%,-2362772.50,-,-,-,未分红/不适用,-50.0%,3,6,60,Medium,未知,排除,0,科技公司营收增长转负；科技公司自由现金流为负；PB低但近5年出现亏损；10年ROE波动较大；10年净利润波动较大；近5年营收明显下滑；数据质量为Medium，筛选结果置信度中等
FRAF,US,Franklin Financial Services Corporation - Common Stock,Banks - Regional,银行,不良率、拨备覆盖、资本充足率,10.40,1.40,10.8%,2.4%,20714000.00,92.2%,0.4%,-,未分红/不适用,10.2%,4,6,80,Medium,中,排除,30,银行需补充不良率/拨备/资本充足率专项数据；资产负债率过高；资产负债率相对偏高；数据质量为Medium，筛选结果置信度中等
FRBA,US,First Bank  - Common Stock,Banks - Regional,银行,不良率、拨备覆盖、资本充足率,8.90,0.83,9.6%,2.9%,65767500.00,88.8%,1.1%,-,未分红/不适用,14.7%,4,6,80,Medium,中,排除,30,银行需补充不良率/拨备/资本充足率专项数据；资产负债率过高；资产负债率相对偏高；数据质量为Medium，筛选结果置信度中等
FRD,US,Friedman Industries Inc. - Common Stock,Steel,周期,利润波动、ROE波动、资本开支周期,9.18,1.02,13.6%,6.4%,3938250.00,41.6%,-,3.61,未分红/不适用,15.9%,4,0,80,Medium,低,警惕,85,近5年自由现金流多次为负；数据质量为Medium，筛选结果置信度中等
FRGT,US,"Freight Technologies, Inc. - Ordinary Shares",Software - Application,科技,营收增长、自由现金流、研发投入效率,0.01,1.73,82.6%,549.9%,-6489094.25,111.5%,-,-7.19,未分红/不适用,-13.9%,4,0,80,Medium,低,排除,0,科技公司营收增长转负；科技公司自由现金流为负；10年内亏损年份过多；10年ROE波动较大；近5年自由现金流多次为负；资产负债率过高；利息覆盖倍数过低；近5年营收增长偏弱；数据质量为Medium，筛选结果置信度中等
FRHC,US,Freedom Holding Corp. - Common Stock,Financial Conglomerates,通用,ROE、现金流、资产负债率,14030.00,6.15,26.7%,14.5%,-411988000.00,87.8%,0.5%,1.21,未分红/不适用,43.4%,4,0,80,Medium,中,排除,0,10年ROE波动较大；资产负债率过高；利息覆盖倍数过低；资产负债率相对偏高；数据质量为Medium，筛选结果置信度中等
FRME,US,First Merchants Corporation - Common Stock,Banks - Regional,银行,不良率、拨备覆盖、资本充足率,11.54,0.92,9.7%,1.0%,-,87.0%,3.7%,-,未分红/不适用,1.8%,4,6,80,Medium,中,排除,30,银行需补充不良率/拨备/资本充足率专项数据；资产负债率过高；资产负债率相对偏高；数据质量为Medium，筛选结果置信度中等
FRMI,US,Fermi Inc. - Common Stock,REIT - Specialty,地产,净负债率、现金短债比、资产负债率,-,3.96,-44.4%,-,-603455000.00,22.5%,-,-,未分红/不适用,-,1,0,20,Low,低,数据不足,0,地产需补充净负债率/现金短债比专项数据；长期ROE低于5%；数据年数不足，无法进行可靠筛选
FRMM,US,"Forum Markets, Incorporated - Common Stock",Software - Application,科技,营收增长、自由现金流、研发投入效率,-,0.32,3752.7%,7903.6%,-,21.8%,-,-144.13,未分红/不适用,-,4,6,80,Medium,低,排除,0,PB低但近5年出现亏损；PB低但近5年经营现金流多次为负；10年内亏损年份过多；10年ROE波动较大；10年净利润波动较大；利息覆盖倍数过低；数据质量为Medium，筛选结果置信度中等
FROG,US,JFrog Ltd. - Ordinary shares,Software - Application,科技,营收增长、自由现金流、研发投入效率,-,8.84,-10.1%,2.9%,84755000.00,33.8%,27.7%,-,未分红/不适用,23.8%,4,6,80,Medium,低,排除,5,10年内亏损年份过多；长期ROE低于5%；商誉占比偏高；数据质量为Medium，筛选结果置信度中等
FRPH,US,"FRP Holdings, Inc. - Common Stock",Real Estate Services,地产,净负债率、现金短债比、资产负债率,433.10,0.97,1.2%,0.3%,-,38.0%,0.9%,2.27,未分红/不适用,4.6%,4,6,80,Medium,低,排除,30,地产需补充净负债率/现金短债比专项数据；长期ROE低于5%；利息覆盖倍数偏低；数据质量为Medium，筛选结果置信度中等
FRPT,US,"Freshpet, Inc. - Common Stock",Packaged Foods,消费,ROE、毛利率稳定性、分红稳定性,12.99,1.93,1.7%,7.9%,-114219500.00,32.0%,-,6.01,未分红/不适用,22.8%,4,6,80,Medium,低,排除,15,消费公司长期ROE不够突出；10年净利润波动较大；长期ROE低于5%；近5年自由现金流多次为负；数据质量为Medium，筛选结果置信度中等
FRSH,US,Freshworks Inc. - Class A Common Stock,Software - Application,科技,营收增长、自由现金流、研发投入效率,14.45,2.41,-6.4%,17.1%,107482750.00,35.6%,9.2%,-,未分红/不适用,19.0%,4,6,80,Medium,低,排除,0,10年内亏损年份过多；10年ROE波动较大；10年净利润波动较大；长期ROE低于5%；数据质量为Medium，筛选结果置信度中等
FRST,US,Primis Financial Corp. - Common Stock,Banks - Regional,银行,不良率、拨备覆盖、资本充足率,7.42,0.81,2.9%,8.5%,16421250.00,89.6%,2.3%,-,未分红/不适用,5.5%,4,6,80,Medium,中,排除,0,银行需补充不良率/拨备/资本充足率专项数据；PB低但近5年出现亏损；10年净利润波动较大；长期ROE低于5%；资产负债率过高；资产负债率相对偏高；数据质量为Medium，筛选结果置信度中等
FSBC,US,Five Star Bancorp - Common Stock,Banks - Regional,银行,不良率、拨备覆盖、资本充足率,12.78,1.88,14.9%,2.8%,51582000.00,90.6%,-,-,未分红/不适用,13.0%,4,6,80,Medium,中,排除,30,银行需补充不良率/拨备/资本充足率专项数据；资产负债率过高；资产负债率相对偏高；数据质量为Medium，筛选结果置信度中等
FSBW,US,"FS Bancorp, Inc. - Common Stock",Banks - Regional,银行,不良率、拨备覆盖、资本充足率,9.25,0.94,12.3%,1.2%,90118000.00,90.4%,0.1%,-,未分红/不适用,7.8%,4,6,80,Medium,中,排除,30,银行需补充不良率/拨备/资本充足率专项数据；资产负债率过高；资产负债率相对偏高；数据质量为Medium，筛选结果置信度中等
FSEA,US,"First Seacoast Bancorp, Inc. - Common Stock",Banks - Regional,银行,不良率、拨备覆盖、资本充足率,-,1.14,-4.8%,7.5%,-1095250.00,89.4%,-,-,未分红/不适用,-0.7%,4,6,80,Medium,中,排除,0,银行需补充不良率/拨备/资本充足率专项数据；10年内亏损年份过多；10年净利润波动较大；长期ROE低于5%；资产负债率过高；资产负债率相对偏高；数据质量为Medium，筛选结果置信度中等
FSLR,US,"First Solar, Inc. - Common Stock",Solar,通用,ROE、现金流、资产负债率,15.07,2.54,11.0%,8.0%,16100500.00,28.4%,0.2%,36.82,未分红/不适用,25.8%,4,6,80,Medium,低,警惕,85,近5年自由现金流多次为负；数据质量为Medium，筛选结果置信度中等
FSLY,US,"Fastly, Inc. - Class A Common Stock",Software - Application,科技,营收增长、自由现金流、研发投入效率,-,2.76,-15.8%,3.2%,-38642750.00,38.0%,44.7%,-8.39,未分红/不适用,13.0%,4,6,80,Medium,低,排除,0,科技公司自由现金流为负；10年内亏损年份过多；长期ROE低于5%；近5年自由现金流多次为负；商誉占比过高；利息覆盖倍数过低；数据质量为Medium，筛选结果置信度中等
FSTR,US,L.B. Foster Company - Common Stock,Railroads,通用,ROE、现金流、资产负债率,38.29,2.28,-0.9%,23.8%,13067500.00,46.7%,10.0%,4.56,未分红/不适用,2.8%,4,6,80,Medium,低,排除,30,10年ROE波动较大；10年净利润波动较大；长期ROE低于5%；数据质量为Medium，筛选结果置信度中等
FSUN,US,FirstSun Capital Bancorp - Common Stock,Banks - Regional,银行,不良率、拨备覆盖、资本充足率,10.24,0.83,8.8%,2.1%,103827250.00,86.4%,1.1%,-,未分红/不适用,8.2%,4,6,80,Medium,中,排除,30,银行需补充不良率/拨备/资本充足率专项数据；资产负债率过高；资产负债率相对偏高；数据质量为Medium，筛选结果置信度中等
FSV,US,FirstService Corporation - Common Shares,Real Estate Services,地产,净负债率、现金短债比、资产负债率,36.62,4.32,11.2%,1.5%,176755500.00,56.5%,35.1%,4.62,未分红/不适用,13.6%,4,6,80,Medium,低,需专项分析,70,地产需补充净负债率/现金短债比专项数据；商誉占比偏高；数据质量为Medium，筛选结果置信度中等
FTAI,US,FTAI Aviation Ltd. - Common Stock,Aerospace & Defense,通用,ROE、现金流、资产负债率,48.92,75.40,-181.0%,565.2%,-955998000.00,92.4%,2.2%,3.45,未分红/不适用,52.4%,4,6,80,Medium,中,排除,0,10年ROE波动较大；10年净利润波动较大；长期ROE低于5%；近5年自由现金流多次为负；资产负债率过高；资产负债率相对偏高；数据质量为Medium，筛选结果置信度中等
FTCI,US,"FTC Solar, Inc. - Common Stock",Solar,通用,ROE、现金流、资产负债率,-,-1.56,-75.1%,187.9%,-44971000.00,138.4%,6.7%,-8.63,未分红/不适用,-6.8%,4,6,80,Medium,低,排除,0,PB低但近5年出现亏损；PB低但近5年经营现金流多次为负；10年内亏损年份过多；10年ROE波动较大；长期ROE低于5%；近5年自由现金流多次为负；资产负债率过高；利息覆盖倍数过低；近5年营收增长偏弱；数据质量为Medium，筛选结果置信度中等
FTDR,US,"Frontdoor, Inc. - Common Stock",Personal Services,通用,ROE、现金流、资产负债率,17.75,18.22,111.2%,11.7%,223250000.00,88.7%,50.3%,5.28,未分红/不适用,8.0%,4,6,80,Medium,中,排除,5,资产负债率过高；商誉占比过高；资产负债率相对偏高；数据质量为Medium，筛选结果置信度中等
FTEK,US,"Fuel Tech, Inc. - Common Stock",Pollution & Treatment Controls,通用,ROE、现金流、资产负债率,-,1.11,-4.3%,1.2%,-1384000.00,15.4%,4.5%,-,未分红/不适用,-0.3%,4,6,80,Medium,低,排除,20,10年内亏损年份过多；长期ROE低于5%；数据质量为Medium，筛选结果置信度中等
FTFT,US,Future FinTech Group Inc. - Common Stock,Software - Application,科技,营收增长、自由现金流、研发投入效率,-,0.14,-83.8%,100.3%,-8523844.75,17.5%,-,-240.45,未分红/不适用,-45.7%,4,6,80,Medium,低,排除,0,科技公司营收增长转负；科技公司自由现金流为负；PB低但近5年出现亏损；PB低但近5年经营现金流多次为负；10年内亏损年份过多；10年ROE波动较大；长期ROE低于5%；近5年自由现金流多次为负；利息覆盖倍数过低；近5年营收明显下滑；数据质量为Medium，筛选结果置信度中等
FTHM,US,Fathom Holdings Inc. - Common Stock,Real Estate Services,地产,净负债率、现金短债比、资产负债率,-,0.59,-47.6%,4.9%,-13601500.00,52.0%,22.6%,-33.04,未分红/不适用,0.6%,4,6,80,Medium,低,排除,0,地产需补充净负债率/现金短债比专项数据；PB低但近5年出现亏损；PB低但近5年经营现金流多次为负；10年内亏损年份过多；长期ROE低于5%；近5年自由现金流多次为负；商誉占比偏高；利息覆盖倍数过低；数据质量为Medium，筛选结果置信度中等
FTLF,US,"FitLife Brands, Inc. - Common Stock",Packaged Foods,消费,ROE、毛利率稳定性、分红稳定性,17.22,2.33,19.9%,4.3%,7037000.00,59.0%,18.2%,5.42,未分红/不适用,41.4%,4,6,80,Medium,低,通过,85,数据质量为Medium，筛选结果置信度中等
FTNT,US,"Fortinet, Inc. - Common Stock",Software - Infrastructure,科技,营收增长、自由现金流、研发投入效率,47.41,90.73,-71.4%,237.9%,1821450000.00,88.1%,2.5%,114.54,未分红/不适用,15.5%,4,6,80,Medium,中,排除,0,10年ROE波动较大；长期ROE低于5%；资产负债率过高；资产负债率相对偏高；数据质量为Medium，筛选结果置信度中等
FTRE,US,Fortrea Holdings Inc. - Common Stock,Biotechnology,科技,营收增长、自由现金流、研发投入效率,-,2.28,-48.8%,85.1%,120500000.00,79.3%,35.4%,-9.75,未分红/不适用,-1.4%,4,6,80,Medium,中,排除,0,科技公司营收增长转负；10年内亏损年份过多；10年ROE波动较大；10年净利润波动较大；长期ROE低于5%；资产负债率偏高；商誉占比偏高；利息覆盖倍数过低；资产负债率相对偏高；数据质量为Medium，筛选结果置信度中等
FTRK,US,FAST TRACK GROUP - Ordinary shares,Entertainment,通用,ROE、现金流、资产负债率,-,0.77,10.5%,23.5%,316000.44,188.8%,-,-16.14,未分红/不适用,359.3%,3,0,60,Medium,低,排除,0,PB低但近5年出现亏损；10年ROE波动较大；10年净利润波动较大；资产负债率过高；利息覆盖倍数过低；数据质量为Medium，筛选结果置信度中等
FUFU,US,BitFuFu Inc. - Class A Ordinary Shares,Capital Markets,金融,杠杆、资产质量、资本约束,-,2.33,26.9%,34.7%,-160328000.00,58.2%,1.2%,-2.42,未分红/不适用,34.1%,4,6,80,Medium,高,排除,0,金融行业需专项资产质量与资本约束分析；10年ROE波动较大；10年净利润波动较大；近5年自由现金流多次为负；利息覆盖倍数过低；高杠杆行业，需资产负债表专项分析；数据质量为Medium，筛选结果置信度中等
FULC,US,"Fulcrum Therapeutics, Inc. - Common Stock",Biotechnology,科技,营收增长、自由现金流、研发投入效率,-,1.30,-30.5%,22.5%,-63340250.00,4.7%,-,-,未分红/不适用,-,4,6,80,Medium,低,排除,0,科技公司自由现金流为负；10年内亏损年份过多；10年ROE波动较大；长期ROE低于5%；近5年自由现金流多次为负；数据质量为Medium，筛选结果置信度中等
FULT,US,Fulton Financial Corporation - Common Stock,Banks - Regional,银行,不良率、拨备覆盖、资本充足率,9.84,1.13,10.4%,1.0%,390505000.00,89.1%,1.7%,-,未分红/不适用,9.2%,4,6,80,Medium,中,排除,30,银行需补充不良率/拨备/资本充足率专项数据；资产负债率过高；资产负债率相对偏高；数据质量为Medium，筛选结果置信度中等
FUNC,US,First United Corporation - Common Stock,Banks - Regional,银行,不良率、拨备覆盖、资本充足率,9.47,1.16,12.3%,3.0%,20211750.00,90.2%,-,-,未分红/不适用,5.5%,4,6,80,Medium,中,排除,30,银行需补充不良率/拨备/资本充足率专项数据；资产负债率过高；资产负债率相对偏高；数据质量为Medium，筛选结果置信度中等
FUSB,US,"First US Bancshares, Inc. - Common Stock",Banks - Regional,银行,不良率、拨备覆盖、资本充足率,15.43,0.86,7.8%,1.6%,9403750.00,90.9%,0.6%,-,未分红/不适用,0.8%,4,6,80,Medium,中,排除,15,银行需补充不良率/拨备/资本充足率专项数据；长期ROE偏低但PE不低；资产负债率过高；资产负债率相对偏高；数据质量为Medium，筛选结果置信度中等
FUSE,US,Fusemachines Inc. - Common stock,Software - Application,科技,营收增长、自由现金流、研发投入效率,-,-3.02,42.2%,35.0%,-2908000.00,293.4%,-,-2.45,未分红/不适用,3.9%,4,0,80,Medium,低,排除,0,科技公司自由现金流为负；PB低但近5年出现亏损；PB低但近5年经营现金流多次为负；10年内亏损年份过多；10年ROE波动较大；10年净利润波动较大；近5年自由现金流多次为负；资产负债率过高；利息覆盖倍数过低；数据质量为Medium，筛选结果置信度中等
FVCB,US,"FVCBankcorp, Inc. - Common Stock",Banks - Regional,银行,不良率、拨备覆盖、资本充足率,12.05,1.07,7.3%,4.4%,20046500.00,88.9%,0.3%,-,未分红/不适用,-1.0%,4,6,80,Medium,中,排除,15,银行需补充不良率/拨备/资本充足率专项数据；长期ROE偏低但PE不低；资产负债率过高；资产负债率相对偏高；数据质量为Medium，筛选结果置信度中等
FWDI,US,"Forward Industries, Inc. - Common Stock",Footwear & Accessories,通用,ROE、现金流、资产负债率,-,0.43,-60.5%,59.7%,-450785.50,0.3%,0.0%,-3439.34,未分红/不适用,-21.9%,4,6,80,Medium,低,排除,0,PB低但近5年出现亏损；10年内亏损年份过多；10年ROE波动较大；10年净利润波动较大；长期ROE低于5%；利息覆盖倍数过低；近5年营收明显下滑；数据质量为Medium，筛选结果置信度中等
FWONA,US,Liberty Media Corporation - Series A Liberty Formula One Common Stock,Entertainment,通用,ROE、现金流、资产负债率,36.31,2.62,-0.6%,19.3%,1089250000.00,45.1%,45.6%,3.94,未分红/不适用,20.3%,4,6,80,Medium,低,排除,0,10年ROE波动较大；10年净利润波动较大；长期ROE低于5%；商誉占比过高；数据质量为Medium，筛选结果置信度中等
FWONK,US,Liberty Media Corporation - Series C Liberty Formula One Common Stock,Entertainment,通用,ROE、现金流、资产负债率,39.86,2.88,-0.6%,19.3%,1089250000.00,45.1%,45.6%,3.94,未分红/不适用,20.3%,4,6,80,Medium,低,排除,0,10年ROE波动较大；10年净利润波动较大；长期ROE低于5%；商誉占比过高；数据质量为Medium，筛选结果置信度中等
FWRD,US,Forward Air Corporation - Common Stock,Integrated Freight & Logistics,通用,ROE、现金流、资产负债率,-,3.63,-112.7%,202.9%,68326250.00,94.1%,19.2%,0.19,未分红/不适用,14.1%,4,6,80,Medium,中,排除,0,10年ROE波动较大；10年净利润波动较大；长期ROE低于5%；资产负债率过高；利息覆盖倍数过低；资产负债率相对偏高；数据质量为Medium，筛选结果置信度中等
FWRG,US,"First Watch Restaurant Group, Inc. - Common Stock",Restaurants,通用,ROE、现金流、资产负债率,39.34,1.08,3.0%,1.3%,-8182750.00,64.0%,24.1%,1.73,未分红/不适用,18.7%,4,6,80,Medium,低,排除,15,长期ROE低于5%；近5年自由现金流多次为负；商誉占比偏高；利息覆盖倍数偏低；数据质量为Medium，筛选结果置信度中等
FXNC,US,First National Corporation - Common Stock,Banks - Regional,银行,不良率、拨备覆盖、资本充足率,11.50,1.28,9.4%,4.7%,8885000.00,90.9%,0.1%,-,未分红/不适用,15.6%,4,6,80,Medium,中,排除,30,银行需补充不良率/拨备/资本充足率专项数据；资产负债率过高；资产负债率相对偏高；数据质量为Medium，筛选结果置信度中等
GABC,US,"German American Bancorp, Inc. - Common Stock",Banks - Regional,银行,不良率、拨备覆盖、资本充足率,11.49,1.34,12.3%,2.1%,112097750.00,86.1%,4.5%,-,未分红/不适用,11.6%,4,6,80,Medium,中,排除,30,银行需补充不良率/拨备/资本充足率专项数据；资产负债率过高；资产负债率相对偏高；数据质量为Medium，筛选结果置信度中等
GAIA,US,"Gaia, Inc. - Class A Common Stock",Entertainment,通用,ROE、现金流、资产负债率,-,0.71,-5.7%,1.1%,-3650250.00,34.0%,22.0%,-,未分红/不适用,6.4%,4,6,80,Medium,低,排除,0,PB低但近5年出现亏损；10年内亏损年份过多；长期ROE低于5%；近5年自由现金流多次为负；商誉占比偏高；数据质量为Medium，筛选结果置信度中等
GAIN,US,Gladstone Investment Corporation - Business Development Company,Asset Management,通用,ROE、现金流、资产负债率,3.43,1.09,15.4%,6.3%,-,50.4%,-,-,未分红/不适用,-14.7%,4,0,80,Medium,低,警惕,85,近5年营收增长偏弱；数据质量为Medium，筛选结果置信度中等
GALT,US,Galectin Therapeutics Inc. - Common Stock,Biotechnology,科技,营收增长、自由现金流、研发投入效率,-,-1.14,64.7%,41.2%,-,746.1%,-,-3.21,未分红/不适用,-,4,6,80,Medium,低,排除,0,PB低但近5年出现亏损；PB低但近5年经营现金流多次为负；10年内亏损年份过多；10年ROE波动较大；资产负债率过高；利息覆盖倍数过低；数据质量为Medium，筛选结果置信度中等
GAMB,US,Gambling.com Group Limited - Ordinary Shares,Gambling,通用,ROE、现金流、资产负债率,-,0.81,3.1%,24.2%,11458500.00,64.0%,24.4%,-3.26,未分红/不适用,29.3%,4,6,80,Medium,低,排除,0,PB低但近5年出现亏损；10年ROE波动较大；10年净利润波动较大；长期ROE低于5%；商誉占比偏高；利息覆盖倍数过低；数据质量为Medium，筛选结果置信度中等
GAME,US,"GameSquare Holdings, Inc. - Common stock",Electronic Gaming & Multimedia,科技,营收增长、自由现金流、研发投入效率,-,1.25,281.8%,920.1%,-33736671.00,55.0%,7.5%,-,未分红/不适用,17.0%,4,6,80,Medium,低,排除,15,科技公司自由现金流为负；10年内亏损年份过多；10年ROE波动较大；近5年自由现金流多次为负；数据质量为Medium，筛选结果置信度中等
GANX,US,"Gain Therapeutics, Inc. - Common Stock",Biotechnology,科技,营收增长、自由现金流、研发投入效率,-,5.42,-164.2%,84.2%,-17529547.67,18.6%,-,-,未分红/不适用,-,4,6,80,Medium,低,排除,0,科技公司自由现金流为负；10年内亏损年份过多；10年ROE波动较大；长期ROE低于5%；近5年自由现金流多次为负；数据质量为Medium，筛选结果置信度中等
GASS,US,"StealthGas, Inc. - common stock",Marine Shipping,周期,利润波动、ROE波动、资本开支周期,6.20,0.53,9.0%,1.9%,50446895.75,3.0%,-,25.79,未分红/不适用,4.3%,4,6,80,Medium,低,通过,85,数据质量为Medium，筛选结果置信度中等
GAUZ,US,Gauzy Ltd. - Ordinary Shares,Electronic Components,科技,营收增长、自由现金流、研发投入效率,-,1.10,6.6%,78.3%,-33212000.00,65.0%,14.7%,-3.61,未分红/不适用,141.9%,4,0,80,Medium,低,排除,0,科技公司自由现金流为负；10年内亏损年份过多；10年ROE波动较大；近5年自由现金流多次为负；利息覆盖倍数过低；数据质量为Medium，筛选结果置信度中等
GBFH,US,GBank Financial Holdings Inc. - Common Stock,Banks - Regional,银行,不良率、拨备覆盖、资本充足率,21.80,2.30,12.4%,0.9%,1742500.00,87.8%,-,-,未分红/不适用,20.9%,4,6,80,Medium,中,排除,30,银行需补充不良率/拨备/资本充足率专项数据；资产负债率过高；资产负债率相对偏高；数据质量为Medium，筛选结果置信度中等
GBLI,US,"Global Indemnity Group, LLC - Class A Common Shares",Insurance - Property & Casualty,保险,偿付能力、久期缺口、投资收益质量,12.09,0.58,3.4%,2.7%,-,58.9%,0.3%,-,未分红/不适用,-10.5%,4,6,80,Medium,低,排除,0,保险需补充偿付能力/久期缺口专项数据；PB低但近5年出现亏损；长期ROE低于5%；近5年营收增长偏弱；数据质量为Medium，筛选结果置信度中等
GCBC,US,"Greene County Bancorp, Inc. - Common Stock",Banks - Regional,银行,不良率、拨备覆盖、资本充足率,10.83,1.58,14.9%,2.8%,27891000.00,92.1%,-,-,未分红/不适用,2.4%,4,6,80,Medium,中,排除,30,银行需补充不良率/拨备/资本充足率专项数据；资产负债率过高；资产负债率相对偏高；数据质量为Medium，筛选结果置信度中等
GCL,US,GCL Global Holdings Ltd - Ordinary Shares,Electronic Gaming & Multimedia,科技,营收增长、自由现金流、研发投入效率,45.07,1.67,14.0%,18.8%,-5549078.00,63.6%,2.9%,3.74,未分红/不适用,29.2%,4,0,80,Medium,低,警惕,40,科技公司自由现金流为负；10年ROE波动较大；10年净利润波动较大；近5年自由现金流多次为负；数据质量为Medium，筛选结果置信度中等
GCMG,US,GCM Grosvenor Inc. - Class A Common Stock,Asset Management,通用,ROE、现金流、资产负债率,21.70,25.29,-11.5%,121.7%,152780000.00,84.3%,3.6%,7.80,未分红/不适用,7.7%,4,6,80,Medium,中,排除,15,10年ROE波动较大；长期ROE低于5%；资产负债率偏高；资产负债率相对偏高；数据质量为Medium，筛选结果置信度中等
GCT,US,GigaCloud Technology Inc - Class A Ordinary Shares,Software - Infrastructure,科技,营收增长、自由现金流、研发投入效率,9.21,2.61,26.0%,9.3%,125837000.00,59.6%,1.0%,806.95,未分红/不适用,38.1%,4,6,80,Medium,低,通过,85,数据质量为Medium，筛选结果置信度中等
GCTK,US,"GlucoTrack, Inc. - Common Stock",Medical Instruments & Supplies,通用,ROE、现金流、资产负债率,-,0.21,-273.6%,356.0%,-10553333.33,63.9%,-,-,未分红/不适用,-,4,6,80,Medium,低,排除,0,PB低但近5年出现亏损；PB低但近5年经营现金流多次为负；10年内亏损年份过多；10年ROE波动较大；长期ROE低于5%；近5年自由现金流多次为负；数据质量为Medium，筛选结果置信度中等
GDC,US,GD Culture Group Limited - Common Stock,Electronic Gaming & Multimedia,科技,营收增长、自由现金流、研发投入效率,-,0.02,961.1%,2660.9%,-8525277.50,0.3%,-,-,未分红/不适用,-,4,6,80,Medium,低,排除,0,科技公司自由现金流为负；PB低但近5年出现亏损；PB低但近5年经营现金流多次为负；10年内亏损年份过多；10年ROE波动较大；10年净利润波动较大；数据质量为Medium，筛选结果置信度中等
GDEV,US,GDEV Inc. - Ordinary Shares,Electronic Gaming & Multimedia,科技,营收增长、自由现金流、研发投入效率,4.58,-3.46,-38.2%,30.6%,47360500.00,138.8%,0.8%,890.24,未分红/不适用,-5.5%,4,6,80,Medium,低,排除,0,科技公司营收增长转负；10年ROE波动较大；长期ROE低于5%；资产负债率过高；近5年营收增长偏弱；数据质量为Medium，筛选结果置信度中等
GDHG,US,Golden Heaven Group Holdings Ltd.  - Class A Ordinary Shares,Leisure,通用,ROE、现金流、资产负债率,-,0.02,8.2%,15.4%,-3932733.33,5.6%,-,-557.19,未分红/不适用,-28.5%,4,6,80,Medium,低,排除,0,PB低但近5年出现亏损；10年ROE波动较大；10年净利润波动较大；利息覆盖倍数过低；近5年营收明显下滑；数据质量为Medium，筛选结果置信度中等
GDRX,US,"GoodRx Holdings, Inc. - Class A Common Stock",Health Information Services,通用,ROE、现金流、资产负债率,41.17,1.37,0.5%,3.9%,95380250.00,56.1%,30.6%,2.33,未分红/不适用,1.3%,4,6,80,Medium,低,排除,15,10年净利润波动较大；长期ROE低于5%；商誉占比偏高；利息覆盖倍数偏低；数据质量为Medium，筛选结果置信度中等
GDTC,US,CytoMed Therapeutics Limited - Ordinary Shares,Biotechnology,科技,营收增长、自由现金流、研发投入效率,-,2.25,-164.8%,246.2%,-3516664.25,14.2%,0.0%,-190.16,未分红/不适用,-,4,6,80,Medium,低,排除,0,科技公司自由现金流为负；10年内亏损年份过多；10年ROE波动较大；长期ROE低于5%；近5年自由现金流多次为负；利息覆盖倍数过低；数据质量为Medium，筛选结果置信度中等
GDYN,US,"Grid Dynamics Holdings, Inc. - Class A Common Stock",Information Technology Services,科技,营收增长、自由现金流、研发投入效率,108.42,1.03,-1.5%,4.5%,25626000.00,11.6%,13.8%,-,未分红/不适用,9.9%,4,6,80,Medium,低,排除,45,10年净利润波动较大；长期ROE低于5%；数据质量为Medium，筛选结果置信度中等
GEG,US,"Great Elm Group, Inc.  - Common Stock",Asset Management,通用,ROE、现金流、资产负债率,-,1.64,3.8%,37.2%,13425500.00,47.6%,0.3%,4.76,未分红/不适用,53.4%,4,6,80,Medium,低,排除,30,10年ROE波动较大；10年净利润波动较大；长期ROE低于5%；数据质量为Medium，筛选结果置信度中等
GEHC,US,GE HealthCare Technologies Inc. - Common Stock,Medical Devices,通用,ROE、现金流、资产负债率,14.78,2.71,21.5%,1.6%,1643000000.00,71.3%,36.5%,7.29,未分红/不适用,4.0%,4,6,80,Medium,中,警惕,55,资产负债率偏高；商誉占比偏高；资产负债率相对偏高；数据质量为Medium，筛选结果置信度中等
GELS,US,Gelteq Limited - Ordinary Shares,Drug Manufacturers - Specialty & Generic,通用,ROE、现金流、资产负债率,-,0.39,-25.1%,11.7%,-,26.4%,-,-2.51,未分红/不适用,3.9%,4,10,80,Medium,低,排除,0,PB低但近5年出现亏损；10年内亏损年份过多；长期ROE低于5%；利息覆盖倍数过低；数据质量为Medium，筛选结果置信度中等
GEMI,US,"Gemini Space Station, Inc. - Class A Common Stock",Capital Markets,金融,杠杆、资产质量、资本约束,-,1.26,-43.9%,90.3%,-184979666.67,70.0%,-,-7.37,未分红/不适用,35.3%,3,0,60,Medium,高,排除,0,金融行业需专项资产质量与资本约束分析；10年内亏损年份过多；10年ROE波动较大；长期ROE低于5%；近5年自由现金流多次为负；利息覆盖倍数过低；高杠杆行业，需资产负债表专项分析；数据质量为Medium，筛选结果置信度中等
GEN,US,Gen Digital Inc. - Common Stock,Software - Infrastructure,科技,营收增长、自由现金流、研发投入效率,14.80,5.36,-195.4%,469.3%,1242250000.00,85.4%,66.1%,2.78,未分红/不适用,12.1%,4,0,80,Medium,中,排除,0,10年ROE波动较大；长期ROE低于5%；资产负债率过高；商誉占比过高；利息覆盖倍数偏低；资产负债率相对偏高；数据质量为Medium，筛选结果置信度中等
GENB,US,"Generate Biomedicines, Inc. - Common Stock",Biotechnology,科技,营收增长、自由现金流、研发投入效率,-,-1.26,36.5%,5.0%,-162665000.00,288.7%,-,-195.13,未分红/不适用,55.9%,2,0,40,Low,低,数据不足,0,科技公司自由现金流为负；PB低但近5年出现亏损；资产负债率过高；利息覆盖倍数过低；数据年数不足，无法进行可靠筛选
GENK,US,"GEN Restaurant Group, Inc. - Class A Common Stock",Restaurants,通用,ROE、现金流、资产负债率,-,0.91,32.5%,71.0%,-2504000.00,89.2%,3.7%,-24.38,未分红/不适用,9.1%,4,6,80,Medium,中,排除,0,PB低但近5年出现亏损；10年ROE波动较大；10年净利润波动较大；资产负债率过高；利息覆盖倍数过低；资产负债率相对偏高；数据质量为Medium，筛选结果置信度中等
GEOS,US,Geospace Technologies Corporation - Common Stock,Oil & Gas Equipment & Services,周期,利润波动、ROE波动、资本开支周期,-,0.78,-5.6%,11.5%,-,18.0%,0.8%,-54.24,未分红/不适用,7.5%,4,10,80,Medium,低,排除,0,周期行业利润弹性过大；PB低但近5年出现亏损；10年内亏损年份过多；10年净利润波动较大；长期ROE低于5%；利息覆盖倍数过低；数据质量为Medium，筛选结果置信度中等
GERN,US,Geron Corporation - Common Stock,Biotechnology,科技,营收增长、自由现金流、研发投入效率,-,3.68,-87.7%,61.8%,-156691750.00,60.4%,-,-1.56,未分红/不适用,575.7%,4,6,80,Medium,低,排除,0,科技公司自由现金流为负；10年内亏损年份过多；10年ROE波动较大；长期ROE低于5%；近5年自由现金流多次为负；利息覆盖倍数过低；数据质量为Medium，筛选结果置信度中等
GEVO,US,"Gevo, Inc. - Common Stock",Specialty Chemicals,周期,利润波动、ROE波动、资本开支周期,-,0.89,-12.8%,4.2%,-97138500.00,34.5%,6.1%,-0.86,未分红/不适用,415.1%,4,6,80,Medium,低,排除,0,PB低但近5年出现亏损；PB低但近5年经营现金流多次为负；10年内亏损年份过多；长期ROE低于5%；近5年自由现金流多次为负；利息覆盖倍数过低；数据质量为Medium，筛选结果置信度中等
GFAI,US,"Guardforce AI Co., Limited - Ordinary Shares",Security & Protection Services,通用,ROE、现金流、资产负债率,-,0.33,-62.9%,51.5%,-8500826.25,30.5%,0.0%,-,未分红/不适用,1.2%,4,6,80,Medium,低,排除,0,PB低但近5年出现亏损；PB低但近5年经营现金流多次为负；10年内亏损年份过多；10年ROE波动较大；长期ROE低于5%；近5年自由现金流多次为负；数据质量为Medium，筛选结果置信度中等
GFS,US,GlobalFoundries Inc. - Ordinary Share,Semiconductors,科技,营收增长、自由现金流、研发投入效率,51.08,3.31,7.2%,7.1%,498000000.00,30.1%,2.4%,19.22,未分红/不适用,-5.7%,4,6,80,Medium,低,警惕,40,科技公司营收增长转负；10年净利润波动较大；长期ROE偏低但PE不低；近5年营收增长偏弱；数据质量为Medium，筛选结果置信度中等
GGR,US,Gogoro Inc. - Ordinary Shares,Auto Manufacturers,通用,ROE、现金流、资产负债率,-,0.53,-51.8%,23.1%,-97965500.00,82.0%,-,-4.46,未分红/不适用,-9.7%,4,6,80,Medium,中,排除,0,PB低但近5年出现亏损；10年内亏损年份过多；10年ROE波动较大；长期ROE低于5%；近5年自由现金流多次为负；资产负债率偏高；利息覆盖倍数过低；近5年营收增长偏弱；资产负债率相对偏高；数据质量为Medium，筛选结果置信度中等
GGRP,US,"The Glimpse Group, Inc. - Common Stock",Software - Infrastructure,科技,营收增长、自由现金流、研发投入效率,-,0.76,-86.4%,113.5%,-5002321.75,12.2%,56.3%,-,未分红/不适用,13.1%,4,6,80,Medium,低,排除,0,科技公司自由现金流为负；PB低但近5年出现亏损；PB低但近5年经营现金流多次为负；10年内亏损年份过多；10年ROE波动较大；10年净利润波动较大；长期ROE低于5%；近5年自由现金流多次为负；商誉占比过高；数据质量为Medium，筛选结果置信度中等
GH,US,"Guardant Health, Inc. - Common Stock",Diagnostics & Research,通用,ROE、现金流、资产负债率,-,-68.81,-164.5%,692.7%,-310098500.00,104.9%,3.8%,-106.14,未分红/不适用,29.8%,4,6,80,Medium,低,排除,0,PB低但近5年出现亏损；PB低但近5年经营现金流多次为负；10年内亏损年份过多；10年ROE波动较大；长期ROE低于5%；近5年自由现金流多次为负；资产负债率过高；利息覆盖倍数过低；数据质量为Medium，筛选结果置信度中等
GHRS,US,GH Research PLC - Ordinary Shares,Biotechnology,科技,营收增长、自由现金流、研发投入效率,-,4.73,-16.1%,5.3%,-36427250.00,3.0%,-,-1377.80,未分红/不适用,-,4,6,80,Medium,低,排除,0,科技公司自由现金流为负；10年内亏损年份过多；长期ROE低于5%；近5年自由现金流多次为负；利息覆盖倍数过低；数据质量为Medium，筛选结果置信度中等
GIBO,US,GIBO Holdings Limited - Class A Ordinary Shares,Internet Content & Information,科技,营收增长、自由现金流、研发投入效率,-,10.82,-1023.5%,1569.6%,-9206730.50,24.5%,-,-,未分红/不适用,-,3,0,60,Medium,低,排除,0,科技公司自由现金流为负；10年内亏损年份过多；10年ROE波动较大；长期ROE低于5%；数据质量为Medium，筛选结果置信度中等
GIFT,US,"Giftify, Inc. - Common Stock",Internet Content & Information,科技,营收增长、自由现金流、研发投入效率,-,1.36,-24.8%,56.3%,-1272340.50,29.9%,62.8%,-14.72,未分红/不适用,-5.0%,4,6,80,Medium,低,排除,0,科技公司营收增长转负；科技公司自由现金流为负；10年内亏损年份过多；10年ROE波动较大；10年净利润波动较大；长期ROE低于5%；商誉占比过高；利息覆盖倍数过低；数据质量为Medium，筛选结果置信度中等
GIG,US,GigCapital7 Corp. - Class A Ordinary Share,Shell Companies,通用,ROE、现金流、资产负债率,62.63,-50.61,1.5%,0.5%,-,1.7%,-,-,未分红/不适用,-,2,0,40,Low,低,数据不足,0,长期ROE低于5%；数据年数不足，无法进行可靠筛选
GIGM,US,GigaMedia Limited - Ordinary Shares,Electronic Gaming & Multimedia,科技,营收增长、自由现金流、研发投入效率,-,0.41,-5.8%,1.5%,-2059250.00,5.5%,-,-,未分红/不适用,-14.6%,4,6,80,Medium,低,排除,0,科技公司营收增长转负；科技公司自由现金流为负；PB低但近5年出现亏损；PB低但近5年经营现金流多次为负；10年内亏损年份过多；长期ROE低于5%；近5年自由现金流多次为负；近5年营收增长偏弱；数据质量为Medium，筛选结果置信度中等
GIII,US,"G-III Apparel Group, LTD. - Common Stock",Apparel Manufacturing,消费,ROE、毛利率稳定性、分红稳定性,19.40,0.70,4.3%,9.9%,243407500.00,32.6%,-,218.85,未分红/不适用,-2.9%,4,6,80,Medium,低,排除,0,消费公司长期ROE不够突出；PB低但近5年出现亏损；10年净利润波动较大；长期ROE低于5%；数据质量为Medium，筛选结果置信度中等
GILD,US,"Gilead Sciences, Inc. - Common Stock",Drug Manufacturers - General,通用,ROE、现金流、资产负债率,17.71,7.13,21.6%,14.5%,8881500000.00,61.7%,14.1%,10.57,未分红/不适用,2.6%,4,6,80,Medium,低,警惕,85,10年ROE波动较大；数据质量为Medium，筛选结果置信度中等
GILT,US,Gilat Satellite Networks Ltd. - Ordinary Shares,Communication Equipment,通用,ROE、现金流、资产负债率,29.31,2.25,4.6%,5.1%,13365750.00,32.9%,22.7%,3.90,未分红/不适用,23.5%,4,6,80,Medium,低,排除,30,10年净利润波动较大；长期ROE低于5%；商誉占比偏高；数据质量为Medium，筛选结果置信度中等
GIPR,US,Generation Income Properties Inc. - Common stock,REIT - Diversified,地产,净负债率、现金短债比、资产负债率,-,-0.35,8.6%,166.7%,-16320558.33,70.8%,-,-0.11,未分红/不适用,21.5%,4,6,80,Medium,低,排除,0,地产需补充净负债率/现金短债比专项数据；PB低但近5年出现亏损；10年内亏损年份过多；10年ROE波动较大；近5年自由现金流多次为负；资产负债率偏高；利息覆盖倍数过低；数据质量为Medium，筛选结果置信度中等
GITS,US,"Global Interactive Technologies, Inc. Common Stock - Common Stock",Internet Content & Information,科技,营收增长、自由现金流、研发投入效率,-,1.00,-22.3%,432.1%,-4622266.33,10.4%,-,-4049.51,未分红/不适用,-,4,0,80,Medium,低,排除,0,科技公司自由现金流为负；PB低但近5年出现亏损；PB低但近5年经营现金流多次为负；10年内亏损年份过多；10年ROE波动较大；长期ROE低于5%；近5年自由现金流多次为负；利息覆盖倍数过低；数据质量为Medium，筛选结果置信度中等
GIW,US,GigCapital8 Corp. - Class A Ordinary Shares,Shell Companies,通用,ROE、现金流、资产负债率,-,250.75,-,-,-,50.1%,-,-,未分红/不适用,-,0,3,0,Insufficient,低,数据不足,0,数据年数不足，无法进行可靠筛选
GLBE,US,Global-E Online Ltd. - ordinary shares,Internet Retail,科技,营收增长、自由现金流、研发投入效率,41.91,5.18,-9.3%,12.2%,158799500.00,36.2%,25.7%,-,未分红/不适用,33.0%,4,6,80,Medium,低,排除,0,10年内亏损年份过多；10年ROE波动较大；10年净利润波动较大；长期ROE低于5%；商誉占比偏高；数据质量为Medium，筛选结果置信度中等
GLBS,US,Globus Maritime Limited - Common Stock,Marine Shipping,周期,利润波动、ROE波动、资本开支周期,-,0.25,4.1%,6.9%,-31146250.00,39.1%,-,0.78,未分红/不适用,-10.5%,4,6,80,Medium,低,排除,0,周期行业利润弹性过大；PB低但近5年出现亏损；10年净利润波动较大；长期ROE低于5%；近5年自由现金流多次为负；利息覆盖倍数过低；近5年营收增长偏弱；数据质量为Medium，筛选结果置信度中等
GLE,US,Global Engine Group Holding Limited - Class A Ordinary Shares,Information Technology Services,科技,营收增长、自由现金流、研发投入效率,-,0.91,111.4%,138.1%,3133295.50,-,-,-,未分红/不适用,24.5%,4,6,80,Medium,未知,警惕,85,10年ROE波动较大；数据质量为Medium，筛选结果置信度中等
GLIBA,US,"GCI Liberty, Inc. - Series A GCI Group Common Stock",Telecom Services,通用,ROE、现金流、资产负债率,-,0.61,-3.5%,12.8%,69000000.00,47.2%,19.7%,-7.58,未分红/不适用,2.6%,3,0,60,Medium,低,排除,0,PB低但近5年出现亏损；10年ROE波动较大；10年净利润波动较大；长期ROE低于5%；利息覆盖倍数过低；数据质量为Medium，筛选结果置信度中等
GLIBK,US,"GCI Liberty, Inc. - Series C GCI Group Common Stock",Telecom Services,通用,ROE、现金流、资产负债率,-,0.60,-3.5%,12.8%,69000000.00,47.2%,19.7%,-7.58,未分红/不适用,2.6%,3,0,60,Medium,低,排除,0,PB低但近5年出现亏损；10年ROE波动较大；10年净利润波动较大；长期ROE低于5%；利息覆盖倍数过低；数据质量为Medium，筛选结果置信度中等
GLMD,US,Galmed Pharmaceuticals Ltd. - Ordinary Shares,Biotechnology,科技,营收增长、自由现金流、研发投入效率,-,0.25,-73.6%,40.6%,-18505000.00,15.3%,-,-,未分红/不适用,-,4,6,80,Medium,低,排除,0,科技公司自由现金流为负；PB低但近5年出现亏损；PB低但近5年经营现金流多次为负；10年内亏损年份过多；10年ROE波动较大；长期ROE低于5%；数据质量为Medium，筛选结果置信度中等
GLNG,US,Golar LNG Limited - Common Shares,Oil & Gas Midstream,周期,利润波动、ROE波动、资本开支周期,95.42,3.15,8.8%,15.3%,-225458250.00,61.2%,-,4.28,未分红/不适用,13.7%,4,6,80,Medium,低,警惕,25,周期行业ROE波动显著；周期行业利润弹性过大；10年ROE波动较大；10年净利润波动较大；近5年自由现金流多次为负；数据质量为Medium，筛选结果置信度中等
GLOO,US,"Gloo Holdings, Inc. - Common Stock",Software - Application,科技,营收增长、自由现金流、研发投入效率,-,3.59,-116.2%,-,-94510000.00,40.2%,40.7%,-10.23,未分红/不适用,307.7%,1,10,20,Low,低,数据不足,0,科技公司自由现金流为负；长期ROE低于5%；商誉占比过高；利息覆盖倍数过低；数据年数不足，无法进行可靠筛选
GLPI,US,"Gaming and Leisure Properties, Inc. - Common Stock",REIT - Specialty,地产,净负债率、现金短债比、资产负债率,14.77,2.86,18.0%,0.3%,929023250.00,61.2%,-,3.28,未分红/不适用,6.7%,4,6,80,Medium,低,需专项分析,85,地产需补充净负债率/现金短债比专项数据；数据质量为Medium，筛选结果置信度中等
GLRE,US,"Greenlight Reinsurance, Ltd. - Class A Ordinary Shares",Insurance - Reinsurance,保险,偿付能力、久期缺口、投资收益质量,7.36,0.83,9.2%,4.2%,-,67.4%,-,17.36,未分红/不适用,12.7%,4,6,80,Medium,中,需专项分析,70,保险需补充偿付能力/久期缺口专项数据；资产负债率相对偏高；数据质量为Medium，筛选结果置信度中等
GLSI,US,"Greenwich LifeSciences, Inc. - Common stock",Biotechnology,科技,营收增长、自由现金流、研发投入效率,-,167.09,-208.0%,280.8%,-,38.1%,-,-,未分红/不适用,-,4,0,80,Medium,低,排除,5,10年内亏损年份过多；10年ROE波动较大；长期ROE低于5%；数据质量为Medium，筛选结果置信度中等
GLUE,US,"Monte Rosa Therapeutics, Inc. - Common Stock",Biotechnology,科技,营收增长、自由现金流、研发投入效率,-,2.93,-41.2%,24.9%,-39427500.00,48.1%,-,-,未分红/不适用,-,4,6,80,Medium,低,排除,0,科技公司自由现金流为负；10年内亏损年份过多；10年ROE波动较大；长期ROE低于5%；近5年自由现金流多次为负；数据质量为Medium，筛选结果置信度中等
GLXG,US,Galaxy Payroll Group Limited - Class A Ordinary Shares,Staffing & Employment Services,通用,ROE、现金流、资产负债率,-,0.56,114.4%,33.1%,9853981.33,75.6%,-,211.22,未分红/不适用,-4.7%,4,0,80,Medium,中,警惕,55,10年ROE波动较大；资产负债率偏高；资产负债率相对偏高；数据质量为Medium，筛选结果置信度中等
GLXY,US,Galaxy Digital Inc. - Class A common stock,Capital Markets,金融,杠杆、资产质量、资本约束,-,3.15,-35.5%,94.4%,-607655333.33,73.3%,0.6%,-3.57,未分红/不适用,-,4,6,80,Medium,高,排除,0,金融行业需专项资产质量与资本约束分析；10年ROE波动较大；10年净利润波动较大；长期ROE低于5%；近5年自由现金流多次为负；利息覆盖倍数过低；高杠杆行业，需资产负债表专项分析；数据质量为Medium，筛选结果置信度中等
GMEX,US,GMEX ROBOTICS CORPORATION - Class A Ordinary Shares,Consumer Electronics,科技,营收增长、自由现金流、研发投入效率,-,0.23,-33.8%,47.6%,-183522.00,19.4%,10.2%,-2.06,未分红/不适用,-13.9%,4,6,80,Medium,低,排除,0,科技公司营收增长转负；科技公司自由现金流为负；PB低但近5年出现亏损；PB低但近5年经营现金流多次为负；10年内亏损年份过多；10年ROE波动较大；10年净利润波动较大；长期ROE低于5%；利息覆盖倍数过低；近5年营收增长偏弱；数据质量为Medium，筛选结果置信度中等
GMHS,US,Gamehaus Holdings Inc. - Class A Ordinary Shares,Electronic Gaming & Multimedia,科技,营收增长、自由现金流、研发投入效率,10.88,1.43,15.8%,7.9%,-859409.33,-,-,-,未分红/不适用,1.5%,3,6,60,Medium,未知,警惕,85,科技公司自由现金流为负；数据质量为Medium，筛选结果置信度中等
GMM,US,Global Mofy AI Limited  - Class A Ordinary Shares,Information Technology Services,科技,营收增长、自由现金流、研发投入效率,-,0.64,5.0%,29.4%,-8024108.50,20.6%,-,-94.46,未分红/不适用,48.2%,4,6,80,Medium,低,排除,0,科技公司自由现金流为负；PB低但近5年出现亏损；10年ROE波动较大；10年净利润波动较大；长期ROE低于5%；近5年自由现金流多次为负；利息覆盖倍数过低；数据质量为Medium，筛选结果置信度中等
GNLN,US,"Greenlane Holdings, Inc. - Class A Common Stock",Tobacco,通用,ROE、现金流、资产负债率,-,0.03,-281.1%,126.2%,-15881000.00,9.6%,-,-216.19,未分红/不适用,-68.3%,4,6,80,Medium,低,排除,0,PB低但近5年出现亏损；PB低但近5年经营现金流多次为负；10年内亏损年份过多；10年ROE波动较大；10年净利润波动较大；长期ROE低于5%；近5年自由现金流多次为负；利息覆盖倍数过低；近5年营收明显下滑；数据质量为Medium，筛选结果置信度中等
GNLX,US,Genelux Corporation - Common Stock,Biotechnology,科技,营收增长、自由现金流、研发投入效率,-,9.49,-130.7%,120.3%,-18223750.00,39.3%,-,-,未分红/不适用,-91.0%,4,6,80,Medium,低,排除,0,科技公司营收增长转负；科技公司自由现金流为负；10年内亏损年份过多；10年ROE波动较大；长期ROE低于5%；近5年自由现金流多次为负；近5年营收明显下滑；数据质量为Medium，筛选结果置信度中等
GNPX,US,"Genprex, Inc. - Common Stock",Biotechnology,科技,营收增长、自由现金流、研发投入效率,-,0.35,-507.4%,545.9%,-21245609.50,21.6%,-,-20.93,未分红/不适用,-,4,6,80,Medium,低,排除,0,科技公司自由现金流为负；PB低但近5年出现亏损；PB低但近5年经营现金流多次为负；10年内亏损年份过多；10年ROE波动较大；长期ROE低于5%；利息覆盖倍数过低；数据质量为Medium，筛选结果置信度中等
GNSS,US,Genasys Inc. - Common Stock,Scientific & Technical Instruments,通用,ROE、现金流、资产负债率,-,44.50,-275.8%,379.0%,-9601750.00,96.6%,21.1%,-10.42,未分红/不适用,-9.0%,4,6,80,Medium,中,排除,0,10年内亏损年份过多；10年ROE波动较大；长期ROE低于5%；近5年自由现金流多次为负；资产负债率过高；商誉占比偏高；利息覆盖倍数过低；近5年营收增长偏弱；资产负债率相对偏高；数据质量为Medium，筛选结果置信度中等
GNTX,US,Gentex Corporation - Common Stock,Auto Parts,通用,ROE、现金流、资产负债率,12.96,1.96,16.5%,1.5%,339230067.25,14.9%,12.2%,-,未分红/不适用,9.7%,4,6,80,Medium,低,通过,85,数据质量为Medium，筛选结果置信度中等
GO,US,Grocery Outlet Holding Corp. - Common Stock,Grocery Stores,通用,ROE、现金流、资产负债率,-,0.75,-1.8%,14.1%,14189500.00,68.2%,20.5%,-6.92,未分红/不适用,9.4%,4,6,80,Medium,中,排除,0,PB低但近5年出现亏损；10年ROE波动较大；10年净利润波动较大；长期ROE低于5%；商誉占比偏高；利息覆盖倍数过低；资产负债率相对偏高；数据质量为Medium，筛选结果置信度中等
GOAI,US,Eva Live Inc. - Common Stock,Software - Infrastructure,科技,营收增长、自由现金流、研发投入效率,13.69,11.52,80.5%,671.2%,-785209.50,40.6%,-,-,未分红/不适用,132.8%,4,0,80,Medium,低,排除,15,科技公司自由现金流为负；10年内亏损年份过多；10年ROE波动较大；10年净利润波动较大；数据质量为Medium，筛选结果置信度中等
GOCO,US,"GoHealth, Inc. - Class A Common Stock",Insurance Brokers,保险,偿付能力、久期缺口、投资收益质量,-,0.38,-85.4%,125.4%,-5682500.00,100.5%,-,-4.74,未分红/不适用,-16.9%,4,6,80,Medium,中,排除,0,保险需补充偿付能力/久期缺口专项数据；PB低但近5年出现亏损；10年内亏损年份过多；10年ROE波动较大；10年净利润波动较大；长期ROE低于5%；资产负债率过高；利息覆盖倍数过低；近5年营收明显下滑；资产负债率相对偏高；数据质量为Medium，筛选结果置信度中等
GOGO,US,Gogo Inc. - Common Stock,Telecom Services,通用,ROE、现金流、资产负债率,39.55,5.26,75.0%,195.1%,43017000.00,92.2%,14.8%,1.36,未分红/不适用,31.1%,4,6,80,Medium,中,排除,0,10年ROE波动较大；10年净利润波动较大；资产负债率过高；利息覆盖倍数过低；资产负债率相对偏高；数据质量为Medium，筛选结果置信度中等
GOOD,US,Gladstone Commercial Corporation - Real Estate Investment Trust,REIT - Diversified,地产,净负债率、现金短债比、资产负债率,68.53,3.65,8.4%,5.0%,-,86.2%,-,1.46,未分红/不适用,2.7%,4,6,80,Medium,中,排除,0,地产需补充净负债率/现金短债比专项数据；地产资产负债率偏高；资产负债率过高；利息覆盖倍数过低；资产负债率相对偏高；数据质量为Medium，筛选结果置信度中等
GOOG,US,Alphabet Inc. - Class C Capital Stock,Internet Content & Information,科技,营收增长、自由现金流、研发投入效率,30.07,9.98,28.0%,4.0%,68883750000.00,-,5.6%,216.80,未分红/不适用,12.5%,0,10,0,Insufficient,未知,数据不足,0,数据年数不足，无法进行可靠筛选
GOOGL,US,Alphabet Inc. - Class A Common Stock,Internet Content & Information,科技,营收增长、自由现金流、研发投入效率,30.35,10.07,28.0%,4.0%,68883750000.00,-,5.6%,216.80,未分红/不适用,12.5%,0,10,0,Insufficient,未知,数据不足,0,数据年数不足，无法进行可靠筛选
GOSS,US,"Gossamer Bio, Inc. - Common Stock",Biotechnology,科技,营收增长、自由现金流、研发投入效率,-,-0.61,-559.7%,911.5%,-179426000.00,171.3%,-,-14.51,未分红/不适用,-,4,6,80,Medium,低,排除,0,科技公司自由现金流为负；PB低但近5年出现亏损；PB低但近5年经营现金流多次为负；10年内亏损年份过多；10年ROE波动较大；长期ROE低于5%；资产负债率过高；利息覆盖倍数过低；数据质量为Medium，筛选结果置信度中等
GOVX,US,"GeoVax Labs, Inc. - Common Stock",Biotechnology,科技,营收增长、自由现金流、研发投入效率,-,0.57,-389.9%,229.3%,-22646199.00,39.7%,-,-,未分红/不适用,212.5%,4,6,80,Medium,低,排除,0,科技公司自由现金流为负；PB低但近5年出现亏损；PB低但近5年经营现金流多次为负；10年内亏损年份过多；10年ROE波动较大；长期ROE低于5%；近5年自由现金流多次为负；数据质量为Medium，筛选结果置信度中等
GP,US,GreenPower Motor Company Inc. - Common Shares,Farm & Heavy Construction Machinery,周期,利润波动、ROE波动、资本开支周期,-,-1.15,226.4%,626.0%,-10809724.75,104.6%,-,-7.58,未分红/不适用,4.8%,4,0,80,Medium,低,排除,0,周期行业ROE波动显著；PB低但近5年出现亏损；PB低但近5年经营现金流多次为负；10年内亏损年份过多；10年ROE波动较大；近5年自由现金流多次为负；资产负债率过高；利息覆盖倍数过低；数据质量为Medium，筛选结果置信度中等
GPRE,US,"Green Plains, Inc. - Common Stock",Chemicals,周期,利润波动、ROE波动、资本开支周期,-,1.49,-12.6%,2.8%,-61447000.00,51.1%,-,-0.88,未分红/不适用,-17.0%,4,6,80,Medium,低,排除,0,10年内亏损年份过多；长期ROE低于5%；近5年自由现金流多次为负；利息覆盖倍数过低；近5年营收明显下滑；数据质量为Medium，筛选结果置信度中等
GPRO,US,"GoPro, Inc. - Class A Common Stock",Consumer Electronics,科技,营收增长、自由现金流、研发投入效率,-,2.38,-103.0%,133.9%,-46323500.00,82.1%,31.3%,-9.82,未分红/不适用,-15.9%,4,6,80,Medium,中,排除,0,科技公司营收增长转负；科技公司自由现金流为负；10年内亏损年份过多；10年ROE波动较大；10年净利润波动较大；长期ROE低于5%；近5年自由现金流多次为负；资产负债率偏高；商誉占比偏高；利息覆盖倍数过低；近5年营收明显下滑；资产负债率相对偏高；数据质量为Medium，筛选结果置信度中等
GRAB,US,Grab Holdings Limited - Class A Ordinary Shares,Software - Application,科技,营收增长、自由现金流、研发投入效率,88.63,2.23,-7.5%,12.8%,-45750000.00,43.6%,7.5%,4.79,未分红/不适用,33.0%,4,6,80,Medium,低,排除,0,科技公司自由现金流为负；10年内亏损年份过多；10年ROE波动较大；10年净利润波动较大；长期ROE低于5%；近5年自由现金流多次为负；数据质量为Medium，筛选结果置信度中等
GRAL,US,"GRAIL, Inc. - Common Stock",Diagnostics & Research,通用,ROE、现金流、资产负债率,-,0.93,-48.4%,46.1%,-518784750.00,11.8%,-,-,未分红/不适用,38.4%,4,0,80,Medium,低,排除,0,PB低但近5年出现亏损；PB低但近5年经营现金流多次为负；10年内亏损年份过多；10年ROE波动较大；10年净利润波动较大；长期ROE低于5%；近5年自由现金流多次为负；数据质量为Medium，筛选结果置信度中等
GRAN,US,Grande Group Limited - Class A Ordinary Shares,Capital Markets,金融,杠杆、资产质量、资本约束,-,2.96,-5.5%,202.7%,654994.00,55.0%,-,-,未分红/不适用,5.9%,3,0,60,Medium,高,排除,0,金融行业需专项资产质量与资本约束分析；10年ROE波动较大；长期ROE低于5%；高杠杆行业，需资产负债表专项分析；数据质量为Medium，筛选结果置信度中等
GRCE,US,"Grace Therapeutics, Inc. - Common Stock",Biotechnology,科技,营收增长、自由现金流、研发投入效率,-,0.52,-26.7%,24.3%,-14142500.00,7.5%,11.3%,-,未分红/不适用,-,4,0,80,Medium,低,排除,0,科技公司自由现金流为负；PB低但近5年出现亏损；PB低但近5年经营现金流多次为负；10年内亏损年份过多；10年ROE波动较大；10年净利润波动较大；长期ROE低于5%；数据质量为Medium，筛选结果置信度中等
GRDX,US,GridAI Technologies Corp.  - Common Stock,Biotechnology,科技,营收增长、自由现金流、研发投入效率,-,-,-257.5%,266.6%,-12877852.00,40.6%,49.7%,-,未分红/不适用,-,4,6,80,Medium,低,排除,0,科技公司自由现金流为负；10年内亏损年份过多；10年ROE波动较大；长期ROE低于5%；商誉占比过高；数据质量为Medium，筛选结果置信度中等
GREE,US,Greenidge Generation Holdings Inc. - Class A Common Stock,Capital Markets,金融,杠杆、资产质量、资本约束,4.36,-0.51,164.5%,275.9%,-53131000.00,186.5%,-,2.19,未分红/不适用,-13.2%,4,6,80,Medium,高,排除,0,金融行业需专项资产质量与资本约束分析；PB低但近5年出现亏损；PB低但近5年经营现金流多次为负；10年内亏损年份过多；10年ROE波动较大；10年净利润波动较大；近5年自由现金流多次为负；利息覆盖倍数偏低；近5年营收增长偏弱；高杠杆行业，需资产负债表专项分析；数据质量为Medium，筛选结果置信度中等
GRI,US,"GRI Bio, Inc. - Common Stock",Biotechnology,科技,营收增长、自由现金流、研发投入效率,-,0.18,-1309.5%,2489.8%,-6758333.33,30.7%,-,-,未分红/不适用,-,4,6,80,Medium,低,排除,0,科技公司自由现金流为负；PB低但近5年出现亏损；PB低但近5年经营现金流多次为负；10年内亏损年份过多；10年ROE波动较大；长期ROE低于5%；近5年自由现金流多次为负；数据质量为Medium，筛选结果置信度中等
GRNQ,US,Greenpro Capital Corp. - Common Stock,Consulting Services,通用,ROE、现金流、资产负债率,-,3.88,-33.0%,44.3%,-1813518.25,29.5%,0.0%,-3362.64,未分红/不适用,-17.4%,4,6,80,Medium,低,排除,0,10年内亏损年份过多；10年ROE波动较大；10年净利润波动较大；长期ROE低于5%；近5年自由现金流多次为负；利息覆盖倍数过低；近5年营收明显下滑；数据质量为Medium，筛选结果置信度中等
GROW,US,"U.S. Global Investors, Inc. - Class A Common Stock",Asset Management,通用,ROE、现金流、资产负债率,10.48,0.75,3.6%,3.3%,3289750.00,5.9%,-,-261.00,未分红/不适用,-30.1%,4,6,80,Medium,低,排除,0,PB低但近5年出现亏损；10年净利润波动较大；长期ROE低于5%；利息覆盖倍数过低；近5年营收明显下滑；数据质量为Medium，筛选结果置信度中等
GRPN,US,"Groupon, Inc. - Common Stock",Internet Content & Information,科技,营收增长、自由现金流、研发投入效率,-,-10.69,-653.9%,1440.8%,-46196750.00,106.3%,26.7%,-2.19,未分红/不适用,-5.9%,4,6,80,Medium,低,排除,0,科技公司营收增长转负；科技公司自由现金流为负；PB低但近5年出现亏损；10年内亏损年份过多；10年ROE波动较大；长期ROE低于5%；资产负债率过高；商誉占比偏高；利息覆盖倍数过低；近5年营收增长偏弱；数据质量为Medium，筛选结果置信度中等
GRRR,US,Gorilla Technology Group Inc. - Ordinary shares,Software - Infrastructure,科技,营收增长、自由现金流、研发投入效率,-,1.73,-94.0%,149.7%,-21365435.50,27.9%,-,-19.11,未分红/不适用,65.4%,4,6,80,Medium,低,排除,0,科技公司自由现金流为负；10年内亏损年份过多；10年ROE波动较大；10年净利润波动较大；长期ROE低于5%；近5年自由现金流多次为负；利息覆盖倍数过低；数据质量为Medium，筛选结果置信度中等
GRWG,US,GrowGeneration Corp. - Common Stock,Specialty Retail,消费,ROE、毛利率稳定性、分红稳定性,-,0.92,-42.1%,23.6%,-4996250.00,33.7%,1.4%,-,未分红/不适用,-16.5%,4,6,80,Medium,低,排除,0,消费公司长期ROE不够突出；PB低但近5年出现亏损；10年内亏损年份过多；10年ROE波动较大；10年净利润波动较大；长期ROE低于5%；近5年自由现金流多次为负；近5年营收明显下滑；数据质量为Medium，筛选结果置信度中等
GSAT,US,"Globalstar, Inc. - Common Stock",Telecom Services,通用,ROE、现金流、资产负债率,-,30.64,-27.0%,36.9%,191307250.00,84.7%,1.3%,-,未分红/不适用,22.5%,4,6,80,Medium,中,排除,0,10年内亏损年份过多；10年ROE波动较大；10年净利润波动较大；长期ROE低于5%；资产负债率偏高；资产负债率相对偏高；数据质量为Medium，筛选结果置信度中等
GSBC,US,"Great Southern Bancorp, Inc. - Common Stock",Banks - Regional,银行,不良率、拨备覆盖、资本充足率,10.72,1.16,11.9%,1.7%,61833000.00,88.6%,0.1%,-,未分红/不适用,-0.6%,4,6,80,Medium,中,排除,30,银行需补充不良率/拨备/资本充足率专项数据；资产负债率过高；资产负债率相对偏高；数据质量为Medium，筛选结果置信度中等
GSHD,US,"Goosehead Insurance, Inc. - Class A Common Stock",Insurance Brokers,保险,偿付能力、久期缺口、投资收益质量,33.38,-7.43,24.0%,44.5%,48610250.00,139.2%,-,3.14,未分红/不适用,20.4%,4,6,80,Medium,低,排除,30,保险需补充偿付能力/久期缺口专项数据；10年ROE波动较大；资产负债率过高；数据质量为Medium，筛选结果置信度中等
GSIT,US,"GSI Technology, Inc. - Common Stock",Semiconductors,科技,营收增长、自由现金流、研发投入效率,-,4.33,-37.5%,13.2%,-15694000.00,34.8%,18.4%,-,未分红/不适用,-15.0%,4,0,80,Medium,低,排除,0,科技公司营收增长转负；科技公司自由现金流为负；10年内亏损年份过多；10年ROE波动较大；长期ROE低于5%；近5年自由现金流多次为负；近5年营收增长偏弱；数据质量为Medium，筛选结果置信度中等
GSIW,US,Garden Stage Limited - Class A Ordinary Shares,Capital Markets,金融,杠杆、资产质量、资本约束,-,1.54,-130.4%,179.2%,-4323964.75,57.8%,-,-,未分红/不适用,34.1%,4,0,80,Medium,高,排除,0,金融行业需专项资产质量与资本约束分析；10年内亏损年份过多；10年ROE波动较大；10年净利润波动较大；长期ROE低于5%；近5年自由现金流多次为负；高杠杆行业，需资产负债表专项分析；数据质量为Medium，筛选结果置信度中等
GSM,US,Ferroglobe PLC - Ordinary Shares,Other Industrial Metals & Mining,周期,利润波动、ROE波动、资本开支周期,-,1.23,13.3%,40.1%,148976000.00,51.1%,0.9%,-9.32,未分红/不适用,-19.9%,4,6,80,Medium,低,排除,0,周期行业ROE波动显著；周期行业利润弹性过大；10年ROE波动较大；10年净利润波动较大；利息覆盖倍数过低；近5年营收明显下滑；数据质量为Medium，筛选结果置信度中等
GSUN,US,Golden Sun Technology Group Limited - Class A Ordinary Shares,Education & Training Services,科技,营收增长、自由现金流、研发投入效率,-,0.40,-181.6%,227.7%,-4456409.50,63.1%,16.5%,-16.49,未分红/不适用,48.6%,4,6,80,Medium,低,排除,0,科技公司自由现金流为负；PB低但近5年出现亏损；PB低但近5年经营现金流多次为负；10年内亏损年份过多；10年ROE波动较大；长期ROE低于5%；近5年自由现金流多次为负；利息覆盖倍数过低；数据质量为Medium，筛选结果置信度中等
GT,US,The Goodyear Tire & Rubber Company - Common Stock,Auto Parts,通用,ROE、现金流、资产负债率,-,0.54,-16.0%,26.3%,-269500000.00,81.3%,0.2%,0.70,未分红/不适用,-4.2%,4,6,80,Medium,中,排除,0,PB低但近5年出现亏损；10年ROE波动较大；10年净利润波动较大；长期ROE低于5%；近5年自由现金流多次为负；资产负债率偏高；利息覆盖倍数过低；资产负债率相对偏高；数据质量为Medium，筛选结果置信度中等
GTBP,US,"GT Biopharma, Inc. - Common Stock",Biotechnology,科技,营收增长、自由现金流、研发投入效率,-,1.79,4.6%,548.7%,-,28.6%,-,-222.26,未分红/不适用,-,4,6,80,Medium,低,排除,0,10年内亏损年份过多；10年ROE波动较大；长期ROE低于5%；利息覆盖倍数过低；数据质量为Medium，筛选结果置信度中等
GTEC,US,Greenland Technologies Holding Corporation - Class A Ordinary Shares,Auto Parts,通用,ROE、现金流、资产负债率,1.74,0.13,-0.1%,23.1%,-,42.7%,-,109.45,未分红/不适用,-0.1%,4,6,80,Medium,低,排除,0,PB低但近5年出现亏损；10年ROE波动较大；10年净利润波动较大；长期ROE低于5%；数据质量为Medium，筛选结果置信度中等
GTEN,US,"Gores Holdings X, Inc. - Class A ordinary shares",Shell Companies,通用,ROE、现金流、资产负债率,345.17,-14.92,0.1%,0.2%,-,8.8%,-,-,未分红/不适用,-,2,3,40,Low,低,数据不足,0,10年净利润波动较大；长期ROE低于5%；数据年数不足，无法进行可靠筛选
GTIM,US,Good Times Restaurants Inc. - Common Stock,Restaurants,通用,ROE、现金流、资产负债率,7.24,0.39,8.0%,18.6%,1594500.00,59.7%,6.8%,2.40,未分红/不适用,0.8%,4,6,80,Medium,低,排除,15,PB低但近5年出现亏损；10年ROE波动较大；10年净利润波动较大；利息覆盖倍数偏低；数据质量为Medium，筛选结果置信度中等
GTLB,US,GitLab Inc. - Class A Common Stock,Software - Infrastructure,科技,营收增长、自由现金流、研发投入效率,-,4.02,-26.2%,34.5%,26064250.00,39.8%,1.0%,-,未分红/不适用,31.1%,4,6,80,Medium,低,排除,0,10年内亏损年份过多；10年ROE波动较大；10年净利润波动较大；长期ROE低于5%；数据质量为Medium，筛选结果置信度中等
GTM,US,ZoomInfo Technologies Inc. - Common Stock,Software - Application,科技,营收增长、自由现金流、研发投入效率,9.89,0.79,4.4%,2.9%,371600000.00,76.6%,26.3%,5.56,未分红/不适用,4.4%,4,6,80,Medium,中,排除,15,长期ROE低于5%；资产负债率偏高；商誉占比偏高；资产负债率相对偏高；数据质量为Medium，筛选结果置信度中等
GTX,US,Garrett Motion Inc. - Common Stock,Auto Parts,通用,ROE、现金流、资产负债率,18.21,-7.40,-113.1%,148.8%,331000000.00,133.9%,8.2%,4.53,未分红/不适用,-0.2%,4,6,80,Medium,低,排除,5,10年ROE波动较大；长期ROE低于5%；资产负债率过高；数据质量为Medium，筛选结果置信度中等
GURE,US,"Gulf Resources, Inc. - Common Stock",Chemicals,周期,利润波动、ROE波动、资本开支周期,-,0.05,-16.9%,22.0%,-17681661.00,15.2%,-,-622.36,未分红/不适用,-48.2%,4,0,80,Medium,低,排除,0,周期行业ROE波动显著；周期行业利润弹性过大；PB低但近5年出现亏损；10年内亏损年份过多；10年ROE波动较大；10年净利润波动较大；长期ROE低于5%；利息覆盖倍数过低；近5年营收明显下滑；数据质量为Medium，筛选结果置信度中等
GUTS,US,"Fractyl Health, Inc. - Common Stock",Biotechnology,科技,营收增长、自由现金流、研发投入效率,-,13.53,-422.5%,722.6%,-61913000.00,92.2%,-,-,未分红/不适用,-,4,6,80,Medium,中,排除,0,科技公司自由现金流为负；10年内亏损年份过多；10年ROE波动较大；长期ROE低于5%；近5年自由现金流多次为负；资产负债率过高；资产负债率相对偏高；数据质量为Medium，筛选结果置信度中等
GV,US,Visionary Holdings Inc. - Common Shares,Education & Training Services,通用,ROE、现金流、资产负债率,-,0.28,-82.7%,151.9%,-33890086.00,91.8%,1.4%,-2.16,未分红/不适用,-1.3%,4,1,80,Medium,中,排除,0,PB低但近5年出现亏损；10年ROE波动较大；10年净利润波动较大；长期ROE低于5%；资产负债率过高；利息覆盖倍数过低；资产负债率相对偏高；数据质量为Medium，筛选结果置信度中等
GVH,US,Globavend Holdings Limited - Ord Shares,Integrated Freight & Logistics,通用,ROE、现金流、资产负债率,3.07,0.75,84.3%,93.8%,688425.00,10.5%,-,888.57,未分红/不适用,-0.6%,4,6,80,Medium,低,警惕,85,10年ROE波动较大；数据质量为Medium，筛选结果置信度中等
GWAV,US,"Greenwave Technology Solutions, Inc. - Common Stock",Waste Management,科技,营收增长、自由现金流、研发投入效率,0.02,0.08,79.6%,363.7%,-12005518.50,41.4%,-,-3.46,未分红/不适用,60.2%,4,0,80,Medium,低,排除,0,科技公司自由现金流为负；PB低但近5年出现亏损；PB低但近5年经营现金流多次为负；10年内亏损年份过多；10年ROE波动较大；近5年自由现金流多次为负；利息覆盖倍数过低；数据质量为Medium，筛选结果置信度中等
GWRS,US,"Global Water Resources, Inc. - common stock",Utilities - Regulated Water,通用,ROE、现金流、资产负债率,85.00,2.32,11.1%,5.5%,-16314750.00,82.1%,1.3%,1.67,未分红/不适用,7.6%,4,6,80,Medium,中,警惕,40,近5年自由现金流多次为负；资产负债率偏高；利息覆盖倍数偏低；资产负债率相对偏高；数据质量为Medium，筛选结果置信度中等
GXAI,US,Gaxos.ai Inc. - Common Stock,Electronic Gaming & Multimedia,科技,营收增长、自由现金流、研发投入效率,-,0.66,-93.2%,87.2%,-3068309.50,5.1%,-,-,未分红/不适用,-,4,6,80,Medium,低,排除,0,科技公司自由现金流为负；PB低但近5年出现亏损；PB低但近5年经营现金流多次为负；10年内亏损年份过多；10年ROE波动较大；长期ROE低于5%；近5年自由现金流多次为负；数据质量为Medium，筛选结果置信度中等
GYRE,US,"Gyre Therapeutics, Inc. - Common Stock",Biotechnology,科技,营收增长、自由现金流、研发投入效率,-,6.09,154.1%,288.8%,3825750.00,14.4%,-,-,未分红/不适用,4.5%,4,6,80,Medium,低,警惕,70,10年ROE波动较大；10年净利润波动较大；数据质量为Medium，筛选结果置信度中等
GYRO,US,"Gyrodyne , LLC - Common Stock",Real Estate Services,地产,净负债率、现金短债比、资产负债率,46.25,0.21,-,-,-,46.0%,-,-,未分红/不适用,-,0,16,0,Insufficient,未知,数据不足,0,地产需补充净负债率/现金短债比专项数据；数据年数不足，无法进行可靠筛选
HAFC,US,Hanmi Financial Corporation - Common Stock,Banks - Regional,银行,不良率、拨备覆盖、资本充足率,10.85,1.07,11.3%,3.3%,126463750.00,89.9%,0.1%,-,未分红/不适用,-0.2%,4,6,80,Medium,中,排除,30,银行需补充不良率/拨备/资本充足率专项数据；资产负债率过高；资产负债率相对偏高；数据质量为Medium，筛选结果置信度中等
HAIN,US,"The Hain Celestial Group, Inc. - Common Stock",Packaged Foods,消费,ROE、毛利率稳定性、分红稳定性,-,0.21,-31.0%,54.4%,39735250.00,70.4%,31.2%,-9.02,未分红/不适用,-6.2%,4,6,80,Medium,中,排除,0,消费公司长期ROE不够突出；PB低但近5年出现亏损；10年内亏损年份过多；10年ROE波动较大；10年净利润波动较大；长期ROE低于5%；资产负债率偏高；商誉占比偏高；利息覆盖倍数过低；近5年营收增长偏弱；资产负债率相对偏高；数据质量为Medium，筛选结果置信度中等
HALO,US,"Halozyme Therapeutics, Inc. - Common Stock",Biotechnology,科技,营收增长、自由现金流、研发投入效率,23.63,36.34,306.6%,250.0%,358440500.00,98.1%,23.0%,26.76,未分红/不适用,28.4%,4,6,80,Medium,中,排除,15,10年ROE波动较大；资产负债率过高；商誉占比偏高；资产负债率相对偏高；数据质量为Medium，筛选结果置信度中等
HAO,US,Haoxi Health Technology Limited - Class A Ord Share,Advertising Agencies,科技,营收增长、自由现金流、研发投入效率,0.01,0.09,124.4%,213.4%,60249.75,-,-,-,未分红/不适用,55.7%,4,6,80,Medium,未知,排除,30,PB低但近5年经营现金流多次为负；10年ROE波动较大；近5年自由现金流多次为负；数据质量为Medium，筛选结果置信度中等
HAS,US,"Hasbro, Inc. - Common Stock",Leisure,通用,ROE、现金流、资产负债率,-,24.81,-39.9%,77.6%,514950000.00,89.8%,22.6%,0.38,未分红/不适用,-7.1%,4,6,80,Medium,中,排除,0,10年ROE波动较大；10年净利润波动较大；长期ROE低于5%；资产负债率过高；商誉占比偏高；利息覆盖倍数过低；近5年营收增长偏弱；资产负债率相对偏高；数据质量为Medium，筛选结果置信度中等
HBAN,US,Huntington Bancshares Incorporated - Common Stock,Banks - Regional,银行,不良率、拨备覆盖、资本充足率,11.74,1.04,10.4%,1.5%,2559500000.00,89.2%,2.7%,-,未分红/不适用,3.9%,4,6,80,Medium,中,排除,30,银行需补充不良率/拨备/资本充足率专项数据；资产负债率过高；资产负债率相对偏高；数据质量为Medium，筛选结果置信度中等
HBCP,US,"Home Bancorp, Inc. - Common Stock",Banks - Regional,银行,不良率、拨备覆盖、资本充足率,10.52,1.10,10.3%,0.8%,44210750.00,87.5%,2.3%,-,未分红/不适用,4.1%,4,6,80,Medium,中,排除,30,银行需补充不良率/拨备/资本充足率专项数据；资产负债率过高；资产负债率相对偏高；数据质量为Medium，筛选结果置信度中等
HBIO,US,"Harvard Bioscience, Inc. - Common Stock",Medical Instruments & Supplies,通用,ROE、现金流、资产负债率,-,1.75,-112.6%,200.3%,3580500.00,82.8%,11.9%,-10.67,未分红/不适用,-8.6%,4,6,80,Medium,中,排除,0,10年内亏损年份过多；10年ROE波动较大；10年净利润波动较大；长期ROE低于5%；资产负债率偏高；利息覆盖倍数过低；近5年营收增长偏弱；资产负债率相对偏高；数据质量为Medium，筛选结果置信度中等
HBNB,US,Hotel101 Global Holdings Corp. - Class A Ordinary Shares,Real Estate Services,地产,净负债率、现金短债比、资产负债率,-,78.72,-228.8%,217.0%,-28439279.33,88.8%,-,-1.65,未分红/不适用,22965.6%,3,3,60,Medium,中,排除,0,地产需补充净负债率/现金短债比专项数据；地产资产负债率偏高；10年内亏损年份过多；10年ROE波动较大；10年净利润波动较大；长期ROE低于5%；近5年自由现金流多次为负；资产负债率过高；利息覆盖倍数过低；资产负债率相对偏高；数据质量为Medium，筛选结果置信度中等
HBNC,US,"Horizon Bancorp, Inc. - Common Stock",Banks - Regional,银行,不良率、拨备覆盖、资本充足率,-,1.29,0.1%,15.3%,61167750.00,89.3%,2.4%,-,未分红/不适用,-,4,6,80,Medium,中,排除,0,银行需补充不良率/拨备/资本充足率专项数据；10年ROE波动较大；10年净利润波动较大；长期ROE低于5%；资产负债率过高；资产负债率相对偏高；数据质量为Medium，筛选结果置信度中等
HBT,US,"HBT Financial, Inc. - Common Stock",Banks - Regional,银行,不良率、拨备覆盖、资本充足率,12.48,1.39,13.6%,1.1%,73230750.00,87.9%,1.2%,-,未分红/不适用,9.5%,4,6,80,Medium,中,排除,30,银行需补充不良率/拨备/资本充足率专项数据；资产负债率过高；资产负债率相对偏高；数据质量为Medium，筛选结果置信度中等
HCAI,US,"Huachen AI Parking Management Technology Holding Co., Ltd. - Class A Ordinary Shares",Farm & Heavy Construction Machinery,科技,营收增长、自由现金流、研发投入效率,-,0.29,11.0%,14.4%,-833739.75,39.3%,-,4.00,未分红/不适用,69.2%,4,0,80,Medium,低,排除,0,科技公司自由现金流为负；PB低但近5年出现亏损；10年ROE波动较大；10年净利润波动较大；近5年自由现金流多次为负；数据质量为Medium，筛选结果置信度中等
HCAT,US,"Health Catalyst, Inc - Common stock",Health Information Services,通用,ROE、现金流、资产负债率,-,0.63,-39.0%,23.1%,-30684000.00,51.1%,41.6%,-6.31,未分红/不适用,4.0%,4,6,80,Medium,低,排除,0,PB低但近5年出现亏损；10年内亏损年份过多；10年ROE波动较大；长期ROE低于5%；近5年自由现金流多次为负；商誉占比过高；利息覆盖倍数过低；数据质量为Medium，筛选结果置信度中等
HCHL,US,Happy City Holdings Limited - Class A Ordinary shares,Restaurants,通用,ROE、现金流、资产负债率,-,27.30,61.1%,165.1%,-789350.00,72.5%,-,-9.74,未分红/不适用,0.3%,3,0,60,Medium,中,排除,0,10年ROE波动较大；10年净利润波动较大；资产负债率偏高；利息覆盖倍数过低；资产负债率相对偏高；数据质量为Medium，筛选结果置信度中等
HCIC,US,Hennessy Capital Investment Corp. VIII - Class A Ordinary Shares,Shell Companies,通用,ROE、现金流、资产负债率,-,-4940.00,-,-,-,105.7%,-,-,未分红/不适用,-,0,3,0,Insufficient,低,数据不足,0,资产负债率过高；数据年数不足，无法进行可靠筛选
HCKT,US,"The Hackett Group, Inc. - Common Stock",Information Technology Services,科技,营收增长、自由现金流、研发投入效率,18.35,3.64,38.1%,22.6%,40908750.00,67.0%,43.9%,13.71,未分红/不适用,1.3%,4,6,80,Medium,中,排除,30,10年ROE波动较大；商誉占比过高；资产负债率相对偏高；数据质量为Medium，筛选结果置信度中等
HCSG,US,"Healthcare Services Group, Inc. - Common Stock",Medical Care Facilities,通用,ROE、现金流、资产负债率,22.69,2.87,9.0%,1.7%,47082750.00,35.8%,10.0%,43.95,未分红/不适用,2.8%,4,6,80,Medium,低,通过,85,数据质量为Medium，筛选结果置信度中等
HCTI,US,"Healthcare Triangle, Inc. - Common Stock",Health Information Services,通用,ROE、现金流、资产负债率,-,0.13,102.1%,377.4%,-8892333.33,56.3%,13.0%,-15.71,未分红/不适用,-32.9%,4,6,80,Medium,低,排除,0,PB低但近5年出现亏损；PB低但近5年经营现金流多次为负；10年内亏损年份过多；10年ROE波动较大；近5年自由现金流多次为负；利息覆盖倍数过低；近5年营收明显下滑；数据质量为Medium，筛选结果置信度中等
HCWB,US,HCW Biologics Inc. - Common Stock,Biotechnology,科技,营收增长、自由现金流、研发投入效率,-,1.42,-17.5%,323.7%,-21289001.33,88.7%,-,-5.37,未分红/不适用,-79.9%,4,6,80,Medium,中,排除,0,科技公司营收增长转负；科技公司自由现金流为负；10年内亏损年份过多；10年ROE波动较大；长期ROE低于5%；近5年自由现金流多次为负；资产负债率过高；利息覆盖倍数过低；近5年营收明显下滑；资产负债率相对偏高；数据质量为Medium，筛选结果置信度中等
HDSN,US,"Hudson Technologies, Inc. - Common Stock",Specialty Chemicals,周期,利润波动、ROE波动、资本开支周期,15.14,0.83,24.7%,24.1%,48105000.00,23.6%,20.5%,-,未分红/不适用,-8.8%,4,6,80,Medium,低,警惕,25,周期行业ROE波动显著；10年ROE波动较大；10年净利润波动较大；商誉占比偏高；近5年营收增长偏弱；数据质量为Medium，筛选结果置信度中等
HELE,US,Helen of Troy Limited - Common Stock,Household & Personal Products,消费,ROE、毛利率稳定性、分红稳定性,-,0.66,-21.3%,60.9%,129463000.00,62.3%,22.3%,-13.53,未分红/不适用,-4.8%,4,6,80,Medium,低,排除,0,消费公司长期ROE不够突出；PB低但近5年出现亏损；10年ROE波动较大；10年净利润波动较大；长期ROE低于5%；商誉占比偏高；利息覆盖倍数过低；数据质量为Medium，筛选结果置信度中等
HELP,US,Cybin Inc. - Common Stock,Biotechnology,科技,营收增长、自由现金流、研发投入效率,-,88.28,-65.4%,33.9%,-67337750.00,8.3%,19.9%,-,未分红/不适用,-,4,0,80,Medium,低,排除,0,科技公司自由现金流为负；10年内亏损年份过多；10年ROE波动较大；长期ROE低于5%；近5年自由现金流多次为负；数据质量为Medium，筛选结果置信度中等
HFBL,US,"Home Federal Bancorp, Inc. of Louisiana - Common Stock",Banks - Regional,银行,不良率、拨备覆盖、资本充足率,10.23,1.04,8.6%,2.1%,7616750.00,90.9%,0.5%,-,未分红/不适用,-0.1%,4,6,80,Medium,中,排除,30,银行需补充不良率/拨备/资本充足率专项数据；资产负债率过高；资产负债率相对偏高；数据质量为Medium，筛选结果置信度中等
HFFG,US,HF Foods Group Inc. - Common Stock,Food Distribution,消费,ROE、毛利率稳定性、分红稳定性,-,0.50,-10.0%,11.2%,9734250.00,62.4%,0.0%,-2.95,未分红/不适用,1.6%,4,6,80,Medium,低,排除,0,消费公司长期ROE不够突出；PB低但近5年出现亏损；10年内亏损年份过多；10年净利润波动较大；长期ROE低于5%；利息覆盖倍数过低；数据质量为Medium，筛选结果置信度中等
HFWA,US,Heritage Financial Corporation - Common Stock,Banks - Regional,银行,不良率、拨备覆盖、资本充足率,12.82,0.97,7.5%,2.2%,84068500.00,86.8%,3.5%,-,未分红/不适用,-0.4%,4,6,80,Medium,中,排除,15,银行需补充不良率/拨备/资本充足率专项数据；长期ROE偏低但PE不低；资产负债率过高；资产负债率相对偏高；数据质量为Medium，筛选结果置信度中等
HGBL,US,Heritage Global Inc. - Common Stock,Capital Markets,金融,杠杆、资产质量、资本约束,13.56,0.63,16.5%,12.3%,6076750.00,24.3%,8.4%,-,未分红/不适用,2.8%,4,6,80,Medium,高,需专项分析,40,金融行业需专项资产质量与资本约束分析；10年ROE波动较大；高杠杆行业，需资产负债表专项分析；数据质量为Medium，筛选结果置信度中等
HHS,US,"Harte Hanks, Inc. - Common Stock",Conglomerates,通用,ROE、现金流、资产负债率,-,1.00,11.0%,138.3%,4858000.00,77.6%,0.3%,-,未分红/不适用,-8.2%,4,6,80,Medium,中,排除,0,10年内亏损年份过多；10年ROE波动较大；10年净利润波动较大；资产负债率偏高；近5年营收增长偏弱；资产负债率相对偏高；数据质量为Medium，筛选结果置信度中等
HIFS,US,Hingham Institution for Savings - Common Stock,Banks - Regional,银行,不良率、拨备覆盖、资本充足率,11.44,1.19,8.5%,2.4%,29765250.00,89.4%,-,-,未分红/不适用,6.9%,4,6,80,Medium,中,排除,30,银行需补充不良率/拨备/资本充足率专项数据；资产负债率过高；资产负债率相对偏高；数据质量为Medium，筛选结果置信度中等
HIHO,US,Highway Holdings Limited - Common Stock,Metal Fabrication,通用,ROE、现金流、资产负债率,-,0.62,-2.9%,8.4%,63750.00,34.4%,0.0%,-,未分红/不适用,-15.7%,4,0,80,Medium,低,排除,0,PB低但近5年出现亏损；10年净利润波动较大；长期ROE低于5%；近5年营收明显下滑；数据质量为Medium，筛选结果置信度中等
HIND,US,"Vyome Holdings, Inc. - Common Stock",Biotechnology,科技,营收增长、自由现金流、研发投入效率,-,4.58,-88.0%,221.6%,-,42.1%,-,-70.45,未分红/不适用,-5.8%,4,0,80,Medium,低,排除,0,科技公司营收增长转负；10年内亏损年份过多；10年ROE波动较大；10年净利润波动较大；长期ROE低于5%；利息覆盖倍数过低；近5年营收增长偏弱；数据质量为Medium，筛选结果置信度中等
HIT,US,"Health In Tech, Inc. - Class A Common Stock",Software - Application,科技,营收增长、自由现金流、研发投入效率,-,3.84,15.2%,17.0%,291809.00,25.9%,-,-,未分红/不适用,79.4%,4,0,80,Medium,低,警惕,70,10年ROE波动较大；10年净利润波动较大；数据质量为Medium，筛选结果置信度中等
HITI,US,High Tide Inc. - Common Shares,Pharmaceutical Retailers,消费,ROE、毛利率稳定性、分红稳定性,-,3.25,-34.2%,23.7%,12258750.00,70.6%,25.8%,-2.84,未分红/不适用,18.5%,4,6,80,Medium,中,排除,0,消费公司长期ROE不够突出；10年内亏损年份过多；10年ROE波动较大；长期ROE低于5%；资产负债率偏高；商誉占比偏高；利息覆盖倍数过低；资产负债率相对偏高；数据质量为Medium，筛选结果置信度中等
HIVE,US,HIVE Digital Technologies Ltd - Common Shares,Capital Markets,金融,杠杆、资产质量、资本约束,-,1.17,-32.2%,84.9%,-92719036.50,15.5%,-,1.70,未分红/不适用,-18.3%,4,0,80,Medium,高,排除,0,金融行业需专项资产质量与资本约束分析；10年ROE波动较大；10年净利润波动较大；长期ROE低于5%；近5年自由现金流多次为负；利息覆盖倍数偏低；近5年营收明显下滑；高杠杆行业，需资产负债表专项分析；数据质量为Medium，筛选结果置信度中等
HKIT,US,Hitek Global Inc. - Class A Ordinary Share,Information Technology Services,科技,营收增长、自由现金流、研发投入效率,0.72,0.17,3.0%,5.6%,713229.00,15.4%,-,1.42,未分红/不适用,0.6%,4,6,80,Medium,低,排除,0,PB低但近5年出现亏损；PB低但近5年经营现金流多次为负；10年净利润波动较大；长期ROE低于5%；利息覆盖倍数过低；数据质量为Medium，筛选结果置信度中等
HKPD,US,"Cellyan Biotechnology Co., Ltd  - Class A Ordinary Shares",Medical Distribution,科技,营收增长、自由现金流、研发投入效率,-,1.18,67.1%,91.0%,513750.67,47.0%,-,1.37,未分红/不适用,27.2%,3,0,60,Medium,低,排除,30,10年ROE波动较大；10年净利润波动较大；利息覆盖倍数过低；数据质量为Medium，筛选结果置信度中等
HLIT,US,Harmonic Inc. - Common Stock,Communication Equipment,通用,ROE、现金流、资产负债率,143.89,3.96,6.3%,12.7%,36106750.00,46.7%,8.5%,3.33,未分红/不适用,-16.8%,4,6,80,Medium,低,排除,15,10年ROE波动较大；10年净利润波动较大；长期ROE偏低但PE不低；近5年营收明显下滑；数据质量为Medium，筛选结果置信度中等
HLMN,US,Hillman Solutions Corp. - Common Stock,Tools & Accessories,通用,ROE、现金流、资产负债率,40.56,1.18,0.6%,2.2%,88722500.00,47.9%,35.3%,2.00,未分红/不适用,1.5%,4,6,80,Medium,低,排除,15,10年净利润波动较大；长期ROE低于5%；商誉占比偏高；利息覆盖倍数偏低；数据质量为Medium，筛选结果置信度中等
HLNE,US,Hamilton Lane Incorporated - Class A Common Stock,Asset Management,通用,ROE、现金流、资产负债率,15.15,4.26,31.4%,7.4%,195320500.00,45.3%,-,28.17,未分红/不适用,24.7%,4,0,80,Medium,低,通过,85,数据质量为Medium，筛选结果置信度中等
HLP,US,Hongli Group Inc. - Ordinary Shares,Steel,周期,利润波动、ROE波动、资本开支周期,19.10,1.26,12.6%,14.7%,-1832362.25,17.7%,-,-3.02,未分红/不适用,-13.4%,4,0,80,Medium,低,排除,0,周期行业利润弹性过大；10年ROE波动较大；10年净利润波动较大；利息覆盖倍数过低；近5年营收增长偏弱；数据质量为Medium，筛选结果置信度中等
HMH,US,HMH Holding Inc. - Common Stock,Oil & Gas Equipment & Services,周期,利润波动、ROE波动、资本开支周期,163.46,-,2.6%,5.3%,18639500.00,38.4%,22.8%,2.86,未分红/不适用,6.7%,4,0,80,Medium,中,排除,0,周期行业利润弹性过大；10年净利润波动较大；长期ROE低于5%；商誉占比偏高；利息覆盖倍数偏低；资产负债率相对偏高；数据质量为Medium，筛选结果置信度中等
HMR,US,Heidmar Maritime Holdings Corp. - Common Stock,Marine Shipping,周期,利润波动、ROE波动、资本开支周期,-,5.68,-1.7%,146.3%,9728666.67,85.2%,0.5%,-,未分红/不适用,22.9%,4,0,80,Medium,中,排除,0,周期行业ROE波动显著；周期行业利润弹性过大；10年ROE波动较大；10年净利润波动较大；长期ROE低于5%；资产负债率过高；资产负债率相对偏高；数据质量为Medium，筛选结果置信度中等
HNNA,US,"Hennessy Advisors, Inc. - Common Stock",Asset Management,通用,ROE、现金流、资产负债率,9.43,0.79,7.6%,2.0%,9421000.00,39.1%,-,6.94,未分红/不适用,6.2%,4,6,80,Medium,低,通过,85,数据质量为Medium，筛选结果置信度中等
HNRG,US,Hallador Energy Company - Common Stock,Thermal Coal,周期,利润波动、ROE波动、资本开支周期,35.34,5.13,-41.4%,117.2%,2174250.00,60.8%,-,3.93,未分红/不适用,9.1%,4,6,80,Medium,低,排除,0,周期行业ROE波动显著；周期行业利润弹性过大；10年ROE波动较大；10年净利润波动较大；长期ROE低于5%；数据质量为Medium，筛选结果置信度中等
HNST,US,"The Honest Company, Inc. - Common Stock",Household & Personal Products,消费,ROE、毛利率稳定性、分红稳定性,-,2.09,-19.5%,15.4%,-11441250.00,24.7%,1.0%,-,未分红/不适用,5.8%,4,6,80,Medium,低,排除,0,消费公司长期ROE不够突出；10年内亏损年份过多；10年ROE波动较大；长期ROE低于5%；数据质量为Medium，筛选结果置信度中等
HNVR,US,"Hanover Bancorp, Inc. - Common Stock",Banks - Regional,银行,不良率、拨备覆盖、资本充足率,21.70,0.83,5.0%,1.8%,13429666.67,91.6%,0.8%,-,未分红/不适用,2.3%,2,12,40,Low,中,数据不足,0,银行需补充不良率/拨备/资本充足率专项数据；长期ROE偏低但PE不低；资产负债率过高；资产负债率相对偏高；数据年数不足，无法进行可靠筛选
HOFT,US,Hooker Furnishings Corporation - Common Stock,"Furnishings, Fixtures & Appliances",通用,ROE、现金流、资产负债率,-,0.81,-4.9%,8.5%,6319000.00,25.1%,0.3%,-21.27,未分红/不适用,-21.9%,4,6,80,Medium,低,排除,0,PB低但近5年出现亏损；10年内亏损年份过多；10年净利润波动较大；长期ROE低于5%；利息覆盖倍数过低；近5年营收明显下滑；数据质量为Medium，筛选结果置信度中等
HOLO,US,MicroCloud Hologram Inc. - Ordinary Shares,Electronic Components,科技,营收增长、自由现金流、研发投入效率,-,0.10,-33.3%,35.4%,-51838482.00,3.0%,-,-,未分红/不适用,-6.1%,4,6,80,Medium,低,排除,0,科技公司营收增长转负；科技公司自由现金流为负；PB低但近5年出现亏损；PB低但近5年经营现金流多次为负；10年内亏损年份过多；10年ROE波动较大；长期ROE低于5%；近5年自由现金流多次为负；近5年营收增长偏弱；数据质量为Medium，筛选结果置信度中等
HON,US,Honeywell International Inc. - Common Stock,Conglomerates,通用,ROE、现金流、资产负债率,33.98,9.93,32.5%,2.8%,4938750000.00,79.6%,28.6%,5.07,未分红/不适用,1.8%,4,6,80,Medium,中,警惕,55,资产负债率偏高；商誉占比偏高；资产负债率相对偏高；数据质量为Medium，筛选结果置信度中等
HOOD,US,"Robinhood Markets, Inc. - Class A Common Stock",Capital Markets,金融,杠杆、资产质量、资本约束,37.47,7.46,3.9%,17.9%,407000000.00,76.0%,1.0%,-,未分红/不适用,48.8%,4,6,80,Medium,高,排除,0,金融行业需专项资产质量与资本约束分析；10年ROE波动较大；10年净利润波动较大；长期ROE低于5%；高杠杆行业，需资产负债表专项分析；数据质量为Medium，筛选结果置信度中等
HOPE,US,"Hope Bancorp, Inc. - Common Stock",Banks - Regional,银行,不良率、拨备覆盖、资本充足率,21.56,0.67,6.1%,3.5%,298860750.00,87.7%,2.6%,-,未分红/不适用,-7.5%,4,6,80,Medium,中,排除,0,银行需补充不良率/拨备/资本充足率专项数据；长期ROE偏低但PE不低；资产负债率过高；近5年营收增长偏弱；资产负债率相对偏高；数据质量为Medium，筛选结果置信度中等
HOTH,US,"Hoth Therapeutics, Inc. - Common Stock",Biotechnology,科技,营收增长、自由现金流、研发投入效率,-,1.63,-157.2%,65.7%,-9371854.00,19.1%,-,-,未分红/不适用,-,4,6,80,Medium,低,排除,0,科技公司自由现金流为负；10年内亏损年份过多；10年ROE波动较大；长期ROE低于5%；数据质量为Medium，筛选结果置信度中等
HOUR,US,"Hour Loop, Inc. - common stock",Internet Retail,科技,营收增长、自由现金流、研发投入效率,42.60,10.70,-9.8%,35.7%,-2810151.25,70.6%,-,14.01,未分红/不适用,14.1%,4,6,80,Medium,中,排除,0,科技公司自由现金流为负；10年ROE波动较大；10年净利润波动较大；长期ROE低于5%；资产负债率偏高；资产负债率相对偏高；数据质量为Medium，筛选结果置信度中等
HOVR,US,New Horizon Aircraft Ltd. - Class A Ordinary Shares,Aerospace & Defense,通用,ROE、现金流、资产负债率,-,17.35,84.6%,102.4%,-6485500.00,69.2%,-,-,未分红/不适用,-,3,6,60,Medium,中,警惕,55,10年ROE波动较大；10年净利润波动较大；资产负债率相对偏高；数据质量为Medium，筛选结果置信度中等
HOWL,US,"Werewolf Therapeutics, Inc. - Common Stock",Biotechnology,科技,营收增长、自由现金流、研发投入效率,-,1.01,-104.7%,97.6%,-44676666.67,64.3%,-,-10.53,未分红/不适用,-,4,6,80,Medium,低,排除,0,科技公司自由现金流为负；10年内亏损年份过多；10年ROE波动较大；长期ROE低于5%；近5年自由现金流多次为负；利息覆盖倍数过低；数据质量为Medium，筛选结果置信度中等
HPAI,US,Helport AI Limited - Ordinary Shares,Software - Infrastructure,科技,营收增长、自由现金流、研发投入效率,23.90,2.56,61.6%,37.6%,-3980645.00,53.0%,-,22.34,未分红/不适用,135.5%,4,0,80,Medium,低,警惕,70,科技公司自由现金流为负；10年ROE波动较大；数据质量为Medium，筛选结果置信度中等
HPK,US,"HighPeak Energy, Inc. - Common Stock",Oil & Gas E&P,周期,利润波动、ROE波动、资本开支周期,-,0.60,10.3%,8.4%,-279557250.00,50.4%,-,1.19,未分红/不适用,4.5%,4,6,80,Medium,低,排除,45,近5年自由现金流多次为负；利息覆盖倍数过低；数据质量为Medium，筛选结果置信度中等
HQ,US,Horizon Quantum Holdings Ltd. - Class A Ordinary Shares,Software - Infrastructure,科技,营收增长、自由现金流、研发投入效率,-,-3.39,-50.6%,30.3%,-7803598.00,12.7%,-,-150.31,未分红/不适用,620.0%,2,0,40,Low,低,数据不足,0,科技公司自由现金流为负；PB低但近5年出现亏损；10年ROE波动较大；长期ROE低于5%；利息覆盖倍数过低；数据年数不足，无法进行可靠筛选
HQI,US,"HireQuest, Inc. - Common Stock",Staffing & Employment Services,通用,ROE、现金流、资产负债率,27.01,2.66,11.5%,6.8%,12263500.00,22.6%,1.9%,22.85,未分红/不适用,-0.3%,4,6,80,Medium,低,通过,85,数据质量为Medium，筛选结果置信度中等
HQY,US,"HealthEquity, Inc. - Common Stock",Health Information Services,通用,ROE、现金流、资产负债率,33.37,3.31,4.0%,4.8%,117748500.00,37.7%,48.8%,5.86,未分红/不适用,15.1%,4,6,80,Medium,低,排除,5,10年净利润波动较大；长期ROE低于5%；商誉占比过高；数据质量为Medium，筛选结果置信度中等
HRMY,US,"Harmony Biosciences Holdings, Inc. - Common Stock",Biotechnology,科技,营收增长、自由现金流、研发投入效率,12.21,1.92,28.2%,11.8%,232481500.00,31.6%,-,15.68,未分红/不适用,25.6%,4,6,80,Medium,低,通过,85,数据质量为Medium，筛选结果置信度中等
HROW,US,"Harrow, Inc. - Common Stock",Drug Manufacturers - Specialty & Generic,通用,ROE、现金流、资产负债率,-,40.51,-30.1%,17.3%,-43223750.00,87.0%,0.1%,0.94,未分红/不适用,45.4%,4,6,80,Medium,中,排除,0,10年内亏损年份过多；10年ROE波动较大；长期ROE低于5%；近5年自由现金流多次为负；资产负债率过高；利息覆盖倍数过低；资产负债率相对偏高；数据质量为Medium，筛选结果置信度中等
HRTX,US,"Heron Therapeutics, Inc.   - Common Stock",Biotechnology,科技,营收增长、自由现金流、研发投入效率,-,20.53,-279.1%,733.6%,-65303500.00,94.4%,-,-1.10,未分红/不适用,12.9%,4,6,80,Medium,中,排除,0,科技公司自由现金流为负；10年内亏损年份过多；10年ROE波动较大；10年净利润波动较大；长期ROE低于5%；近5年自由现金流多次为负；资产负债率过高；利息覆盖倍数过低；资产负债率相对偏高；数据质量为Medium，筛选结果置信度中等
HRZN,US,Horizon Technology Finance Corporation - Common Stock,Asset Management,科技,营收增长、自由现金流、研发投入效率,-,0.61,-0.3%,5.0%,-,60.7%,-,-,未分红/不适用,-35.3%,4,6,80,Medium,低,排除,0,科技公司营收增长转负；PB低但近5年出现亏损；10年内亏损年份过多；10年净利润波动较大；长期ROE低于5%；近5年营收明显下滑；数据质量为Medium，筛选结果置信度中等
HSCS,US,HeartSciences Inc. - Common Stock,Medical Devices,通用,ROE、现金流、资产负债率,-,2.26,-1759.7%,2119.4%,-5769149.75,95.1%,-,-16.51,未分红/不适用,-32.9%,4,0,80,Medium,中,排除,0,10年内亏损年份过多；10年ROE波动较大；长期ROE低于5%；近5年自由现金流多次为负；资产负债率过高；利息覆盖倍数过低；近5年营收明显下滑；资产负债率相对偏高；数据质量为Medium，筛选结果置信度中等
HSDT,US,Solana Company - Class A Common Stock,Asset Management,通用,ROE、现金流、资产负债率,-,0.34,-417.9%,484.0%,-24277750.00,1.0%,-,-63.39,未分红/不适用,97.0%,4,6,80,Medium,低,排除,0,PB低但近5年出现亏损；PB低但近5年经营现金流多次为负；10年内亏损年份过多；10年ROE波动较大；长期ROE低于5%；近5年自由现金流多次为负；利息覆盖倍数过低；数据质量为Medium，筛选结果置信度中等
HSIC,US,"Henry Schein, Inc. - Common Stock",Medical Distribution,通用,ROE、现金流、资产负债率,21.68,2.51,12.7%,2.0%,492250000.00,57.3%,37.6%,4.55,未分红/不适用,1.4%,4,6,80,Medium,低,警惕,85,商誉占比偏高；数据质量为Medium，筛选结果置信度中等
HSPT,US,Horizon Space Acquisition II Corp. - Ordinary share,Shell Companies,通用,ROE、现金流、资产负债率,42.55,-58.69,1.4%,1.6%,-,1.8%,-,-,未分红/不适用,-,2,3,40,Low,低,数据不足,0,10年净利润波动较大；长期ROE低于5%；数据年数不足，无法进行可靠筛选
HST,US,"Host Hotels & Resorts, Inc. - Common Stock",REIT - Hotel & Motel,地产,净负债率、现金短债比、资产负债率,14.44,2.13,10.7%,1.0%,880750000.00,48.4%,-,4.48,未分红/不适用,7.6%,4,6,80,Medium,低,需专项分析,85,地产需补充净负债率/现金短债比专项数据；数据质量为Medium，筛选结果置信度中等
HSTM,US,"HealthStream, Inc. - Common Stock",Health Information Services,通用,ROE、现金流、资产负债率,33.87,1.90,4.7%,0.9%,30681000.00,32.0%,41.8%,-,未分红/不适用,4.5%,4,6,80,Medium,低,排除,20,长期ROE低于5%；商誉占比过高；数据质量为Medium，筛选结果置信度中等
HTCO,US,High-Trend International Group - Class A Ordinary Shares,Marine Shipping,周期,利润波动、ROE波动、资本开支周期,-,5.52,-67.5%,342.6%,4626847.00,61.1%,-,-436.60,未分红/不适用,5.0%,4,6,80,Medium,中,排除,0,周期行业ROE波动显著；周期行业利润弹性过大；10年内亏损年份过多；10年ROE波动较大；10年净利润波动较大；长期ROE低于5%；利息覆盖倍数过低；资产负债率相对偏高；数据质量为Medium，筛选结果置信度中等
HTCR,US,"Heartcore Enterprises, Inc. - Common Stock",Software - Application,科技,营收增长、自由现金流、研发投入效率,-,16.71,-46.5%,86.8%,-4540283.33,44.2%,-,-46.22,未分红/不适用,0.6%,4,6,80,Medium,低,排除,0,科技公司自由现金流为负；10年内亏损年份过多；10年ROE波动较大；10年净利润波动较大；长期ROE低于5%；近5年自由现金流多次为负；利息覆盖倍数过低；数据质量为Medium，筛选结果置信度中等
HTFL,US,"Heartflow, Inc. - Common Stock",Health Information Services,通用,ROE、现金流、资产负债率,-,8.31,-5.1%,29.2%,-71648333.33,16.4%,-,-6.70,未分红/不适用,42.1%,3,0,60,Medium,低,排除,0,10年内亏损年份过多；10年ROE波动较大；长期ROE低于5%；近5年自由现金流多次为负；利息覆盖倍数过低；数据质量为Medium，筛选结果置信度中等
HTLD,US,"Heartland Express, Inc. - Common Stock",Trucking,通用,ROE、现金流、资产负债率,-,1.40,1.7%,9.9%,-10306500.00,36.6%,27.1%,-4.93,未分红/不适用,-5.9%,4,6,80,Medium,低,排除,0,10年净利润波动较大；长期ROE低于5%；商誉占比偏高；利息覆盖倍数过低；近5年营收增长偏弱；数据质量为Medium，筛选结果置信度中等
HTLM,US,HomesToLife Ltd - Ordinary Shares,Specialty Retail,消费,ROE、毛利率稳定性、分红稳定性,9.67,5.61,211.1%,289.6%,8124930.25,80.0%,-,15.75,未分红/不适用,298.5%,4,6,80,Medium,中,警惕,55,10年ROE波动较大；资产负债率偏高；资产负债率相对偏高；数据质量为Medium，筛选结果置信度中等
HTO,US,H2O America  - Common Stock,Utilities - Regulated Water,通用,ROE、现金流、资产负债率,19.15,1.28,6.8%,0.1%,-160286000.00,70.1%,12.4%,2.58,未分红/不适用,8.9%,4,6,80,Medium,中,警惕,25,长期ROE偏低但PE不低；近5年自由现金流多次为负；资产负债率偏高；利息覆盖倍数偏低；资产负债率相对偏高；数据质量为Medium，筛选结果置信度中等
HTOO,US,Fusion Fuel Green PLC - Ordinary Shares,Utilities - Renewable,通用,ROE、现金流、资产负债率,-,0.18,-322.3%,546.8%,-25234500.00,62.0%,67.5%,-24.81,未分红/不适用,-,4,0,80,Medium,低,排除,0,PB低但近5年出现亏损；PB低但近5年经营现金流多次为负；10年内亏损年份过多；10年ROE波动较大；10年净利润波动较大；长期ROE低于5%；近5年自由现金流多次为负；商誉占比过高；利息覆盖倍数过低；数据质量为Medium，筛选结果置信度中等
HTZ,US,"Hertz Global Holdings, Inc - Common Stock",Rental & Leasing Services,通用,ROE、现金流、资产负债率,-,-3.85,-402.5%,980.5%,-8124000000.00,102.1%,4.7%,0.23,未分红/不适用,-0.7%,4,6,80,Medium,低,排除,0,PB低但近5年出现亏损；10年ROE波动较大；10年净利润波动较大；长期ROE低于5%；近5年自由现金流多次为负；资产负债率过高；利息覆盖倍数过低；数据质量为Medium，筛选结果置信度中等
HUBC,US,Hub Cyber Security Ltd. - Ordinary Shares,Software - Infrastructure,科技,营收增长、自由现金流、研发投入效率,-,-0.00,-270.0%,672.5%,-15870500.00,394.8%,6.8%,-2.07,未分红/不适用,0.0%,4,0,80,Medium,低,排除,0,科技公司自由现金流为负；PB低但近5年出现亏损；PB低但近5年经营现金流多次为负；10年内亏损年份过多；10年ROE波动较大；长期ROE低于5%；近5年自由现金流多次为负；资产负债率过高；利息覆盖倍数过低；数据质量为Medium，筛选结果置信度中等
HUBG,US,"Hub Group, Inc. - Class A Common Stock",Integrated Freight & Logistics,通用,ROE、现金流、资产负债率,21.35,1.34,12.9%,6.8%,196142000.00,41.0%,28.4%,10.16,未分红/不适用,-2.3%,4,0,80,Medium,低,警惕,85,商誉占比偏高；数据质量为Medium，筛选结果置信度中等
HUDI,US,"Huadi International Group Co., Ltd. - Ordinary Shares",Steel,周期,利润波动、ROE波动、资本开支周期,-,0.24,1.7%,3.0%,-2876300.50,30.8%,-,-,未分红/不适用,-6.3%,4,6,80,Medium,低,排除,0,周期行业利润弹性过大；PB低但近5年出现亏损；10年净利润波动较大；长期ROE低于5%；近5年营收增长偏弱；数据质量为Medium，筛选结果置信度中等
HUHU,US,HUHUTECH International Group Inc. - Ordinary Shares,Specialty Industrial Machinery,通用,ROE、现金流、资产负债率,-,31.73,-49.2%,126.8%,-631469.25,66.8%,-,-143.27,未分红/不适用,23.5%,4,6,80,Medium,中,排除,0,10年ROE波动较大；10年净利润波动较大；长期ROE低于5%；利息覆盖倍数过低；资产负债率相对偏高；数据质量为Medium，筛选结果置信度中等
HUMA,US,"Humacyte, Inc. - Common Stock",Biotechnology,科技,营收增长、自由现金流、研发投入效率,-,57.75,-464.8%,732.5%,-88345500.00,97.3%,-,-2.63,未分红/不适用,-,4,6,80,Medium,中,排除,0,科技公司自由现金流为负；10年内亏损年份过多；10年ROE波动较大；10年净利润波动较大；长期ROE低于5%；近5年自由现金流多次为负；资产负债率过高；利息覆盖倍数过低；资产负债率相对偏高；数据质量为Medium，筛选结果置信度中等
HURA,US,"TuHURA Biosciences, Inc. - Common Stock",Biotechnology,科技,营收增长、自由现金流、研发投入效率,-,6.78,378.1%,1002.3%,-15516473.25,23.5%,39.3%,-47.06,未分红/不适用,-,4,6,80,Medium,低,排除,0,科技公司自由现金流为负；10年内亏损年份过多；10年ROE波动较大；近5年自由现金流多次为负；商誉占比偏高；利息覆盖倍数过低；数据质量为Medium，筛选结果置信度中等
HURC,US,"Hurco Companies, Inc. - Common Stock",Specialty Industrial Machinery,通用,ROE、现金流、资产负债率,-,0.55,-2.5%,6.2%,-3103000.00,24.8%,-,-135.73,未分红/不适用,-10.7%,4,6,80,Medium,低,排除,0,PB低但近5年出现亏损；PB低但近5年经营现金流多次为负；10年净利润波动较大；长期ROE低于5%；近5年自由现金流多次为负；利息覆盖倍数过低；近5年营收增长偏弱；数据质量为Medium，筛选结果置信度中等
HURN,US,Huron Consulting Group Inc. - Common Stock,Consulting Services,通用,ROE、现金流、资产负债率,18.28,4.14,16.5%,4.5%,123055750.00,65.4%,51.5%,-,未分红/不适用,13.6%,4,6,80,Medium,低,排除,60,商誉占比过高；数据质量为Medium，筛选结果置信度中等
HUT,US,Hut 8 Corp. - Common Stock,Capital Markets,金融,杠杆、资产质量、资本约束,-,7.81,-64.5%,120.5%,-308276250.00,38.6%,7.6%,-8.97,未分红/不适用,43.7%,4,6,80,Medium,高,排除,0,金融行业需专项资产质量与资本约束分析；10年内亏损年份过多；10年ROE波动较大；10年净利润波动较大；长期ROE低于5%；近5年自由现金流多次为负；利息覆盖倍数过低；高杠杆行业，需资产负债表专项分析；数据质量为Medium，筛选结果置信度中等
HVII,US,Hennessy Capital Investment Corp. VII - Ordinary Shares,Shell Companies,通用,ROE、现金流、资产负债率,69.40,-29.91,2.0%,-,-,5.2%,-,-,未分红/不适用,-,1,3,20,Low,低,数据不足,0,长期ROE低于5%；数据年数不足，无法进行可靠筛选
HVMC,US,Highview Merger Corp. - Class A Ordinary Share,Shell Companies,通用,ROE、现金流、资产负债率,-,-36.05,-,-,-,4.0%,-,-,未分红/不适用,-,0,3,0,Insufficient,低,数据不足,0,数据年数不足，无法进行可靠筛选
HWBK,US,"Hawthorn Bancshares, Inc. - Common Stock",Banks - Regional,银行,不良率、拨备覆盖、资本充足率,10.46,1.43,10.7%,6.9%,19663750.00,90.8%,-,-,未分红/不适用,3.4%,4,6,80,Medium,中,排除,30,银行需补充不良率/拨备/资本充足率专项数据；资产负债率过高；资产负债率相对偏高；数据质量为Medium，筛选结果置信度中等
HWC,US,Hancock Whitney Corporation - Common Stock,Banks - Regional,银行,不良率、拨备覆盖、资本充足率,13.24,1.18,12.0%,2.5%,605415750.00,87.4%,2.6%,-,未分红/不适用,3.1%,4,6,80,Medium,中,排除,30,银行需补充不良率/拨备/资本充足率专项数据；资产负债率过高；资产负债率相对偏高；数据质量为Medium，筛选结果置信度中等
HWH,US,HWH International Inc. - Common Stock,Leisure,通用,ROE、现金流、资产负债率,-,2.89,-68.7%,54.1%,-2078118.00,41.2%,-,-48.97,未分红/不适用,2.2%,3,12,60,Medium,低,排除,0,10年内亏损年份过多；10年ROE波动较大；长期ROE低于5%；近5年自由现金流多次为负；利息覆盖倍数过低；数据质量为Medium，筛选结果置信度中等
HWKN,US,"Hawkins, Inc. - Common Stock",Specialty Chemicals,周期,利润波动、ROE波动、资本开支周期,40.13,7.40,17.8%,0.8%,58188000.00,40.2%,17.6%,22.06,未分红/不适用,8.0%,4,0,80,Medium,低,通过,85,数据质量为Medium，筛选结果置信度中等
HXHX,US,Haoxin Holdings Limited - Class A Ordinary Shares,Integrated Freight & Logistics,通用,ROE、现金流、资产负债率,1.53,0.23,22.9%,9.1%,-4391601.50,45.0%,-,22.08,未分红/不适用,4.5%,4,6,80,Medium,低,排除,45,PB低但近5年经营现金流多次为负；近5年自由现金流多次为负；数据质量为Medium，筛选结果置信度中等
HYFM,US,"Hydrofarm Holdings Group, Inc. - Common Stock",Farm & Heavy Construction Machinery,周期,利润波动、ROE波动、资本开支周期,-,-0.08,81.0%,252.6%,-427500.00,151.1%,-,-20.64,未分红/不适用,-27.0%,4,6,80,Medium,低,排除,0,周期行业ROE波动显著；PB低但近5年出现亏损；10年内亏损年份过多；10年ROE波动较大；资产负债率过高；利息覆盖倍数过低；近5年营收明显下滑；数据质量为Medium，筛选结果置信度中等
HYFT,US,MindWalk Holdings Corp. - Common Stock,Biotechnology,科技,营收增长、自由现金流、研发投入效率,-,5.17,-67.3%,45.5%,-11074000.00,46.8%,18.5%,-,未分红/不适用,8.2%,4,0,80,Medium,低,排除,0,科技公司自由现金流为负；10年内亏损年份过多；10年ROE波动较大；长期ROE低于5%；近5年自由现金流多次为负；数据质量为Medium，筛选结果置信度中等
HYMC,US,Hycroft Mining Holding Corporation - Class A Common Stock,Gold,周期,利润波动、ROE波动、资本开支周期,-,14.78,-91.9%,256.9%,-49728000.00,18.8%,-,-2.73,未分红/不适用,-,4,6,80,Medium,低,排除,0,周期行业ROE波动显著；10年内亏损年份过多；10年ROE波动较大；长期ROE低于5%；近5年自由现金流多次为负；利息覆盖倍数过低；数据质量为Medium，筛选结果置信度中等
HYNE,US,"Hoyne Bancorp, Inc. - Common Stock",Banks - Regional,银行,不良率、拨备覆盖、资本充足率,390.00,0.78,0.0%,1.7%,-2069897.33,67.0%,-,-,未分红/不适用,14.9%,3,0,60,Medium,中,排除,0,银行需补充不良率/拨备/资本充足率专项数据；PB低但近5年出现亏损；10年净利润波动较大；长期ROE低于5%；资产负债率相对偏高；数据质量为Medium，筛选结果置信度中等
HYPD,US,"Hyperion DeFi, Inc. - Common Stock",Biotechnology,科技,营收增长、自由现金流、研发投入效率,-,0.71,-48.9%,297.5%,-42698493.50,20.7%,-,-28.09,未分红/不适用,-,4,6,80,Medium,低,排除,0,科技公司自由现金流为负；PB低但近5年出现亏损；PB低但近5年经营现金流多次为负；10年内亏损年份过多；10年ROE波动较大；长期ROE低于5%；近5年自由现金流多次为负；利息覆盖倍数过低；数据质量为Medium，筛选结果置信度中等
HYPR,US,"Hyperfine, Inc.  - Class A Common Stock",Medical Devices,通用,ROE、现金流、资产负债率,-,3.68,-70.3%,17.1%,-45955000.00,25.8%,-,-,未分红/不适用,25.8%,4,6,80,Medium,低,排除,0,10年内亏损年份过多；10年ROE波动较大；长期ROE低于5%；近5年自由现金流多次为负；数据质量为Medium，筛选结果置信度中等
IAC,US,IAC Inc. - Common Stock,Internet Content & Information,科技,营收增长、自由现金流、研发投入效率,24.60,0.66,-6.8%,10.4%,63745000.00,32.8%,25.1%,0.32,未分红/不适用,-23.0%,4,6,80,Medium,低,排除,0,科技公司营收增长转负；PB低但近5年出现亏损；10年内亏损年份过多；10年净利润波动较大；长期ROE低于5%；商誉占比偏高；利息覆盖倍数过低；近5年营收明显下滑；数据质量为Medium，筛选结果置信度中等
IART,US,Integra LifeSciences Holdings Corporation - Common Stock,Medical Devices,通用,ROE、现金流、资产负债率,-,1.05,-8.9%,27.4%,65057750.00,71.0%,17.1%,-5.53,未分红/不适用,1.6%,4,6,80,Medium,中,排除,0,10年ROE波动较大；10年净利润波动较大；长期ROE低于5%；资产负债率偏高；利息覆盖倍数过低；资产负债率相对偏高；数据质量为Medium，筛选结果置信度中等
IBCP,US,Independent Bank Corporation - Common Stock,Banks - Regional,银行,不良率、拨备覆盖、资本充足率,9.79,1.32,15.3%,2.0%,70971750.00,90.9%,0.5%,-,未分红/不适用,2.2%,4,6,80,Medium,中,排除,30,银行需补充不良率/拨备/资本充足率专项数据；资产负债率过高；资产负债率相对偏高；数据质量为Medium，筛选结果置信度中等
IBEX,US,IBEX Limited - Common Share,Information Technology Services,科技,营收增长、自由现金流、研发投入效率,9.55,2.55,21.9%,3.8%,22833000.00,50.8%,4.3%,29.11,未分红/不适用,4.2%,4,6,80,Medium,低,通过,85,数据质量为Medium，筛选结果置信度中等
IBG,US,Innovation Beverage Group Limited - Ordinary Shares,Beverages - Wineries & Distilleries,消费,ROE、毛利率稳定性、分红稳定性,-,0.14,-456.1%,641.8%,-1446181.50,47.1%,-,-11.52,未分红/不适用,-7.9%,4,0,80,Medium,低,排除,0,消费公司长期ROE不够突出；PB低但近5年出现亏损；PB低但近5年经营现金流多次为负；10年内亏损年份过多；10年ROE波动较大；长期ROE低于5%；近5年自由现金流多次为负；利息覆盖倍数过低；近5年营收增长偏弱；数据质量为Medium，筛选结果置信度中等
IBIO,US,"iBio, Inc. - Common Stock",Biotechnology,科技,营收增长、自由现金流、研发投入效率,-,0.78,-185.6%,159.2%,-29842000.00,35.8%,-,-85.68,未分红/不适用,-40.3%,4,6,80,Medium,低,排除,0,科技公司营收增长转负；科技公司自由现金流为负；PB低但近5年出现亏损；PB低但近5年经营现金流多次为负；10年内亏损年份过多；10年ROE波动较大；长期ROE低于5%；近5年自由现金流多次为负；利息覆盖倍数过低；近5年营收明显下滑；数据质量为Medium，筛选结果置信度中等
IBKR,US,"Interactive Brokers Group, Inc. - Class A Common Stock",Capital Markets,金融,杠杆、资产质量、资本约束,37.35,6.94,16.5%,2.2%,8203250000.00,89.9%,-,2.13,未分红/不适用,34.6%,4,6,80,Medium,高,需专项分析,40,金融行业需专项资产质量与资本约束分析；利息覆盖倍数偏低；高杠杆行业，需资产负债表专项分析；数据质量为Medium，筛选结果置信度中等
IBOC,US,International Bancshares Corporation - Common Stock,Banks - Regional,银行,不良率、拨备覆盖、资本充足率,10.58,1.35,14.7%,1.7%,437100000.00,80.4%,1.7%,-,未分红/不适用,7.7%,4,6,80,Medium,中,需专项分析,55,银行需补充不良率/拨备/资本充足率专项数据；资产负债率偏高；资产负债率相对偏高；数据质量为Medium，筛选结果置信度中等
IBRX,US,"ImmunityBio, Inc. - Common Stock",Biotechnology,科技,营收增长、自由现金流、研发投入效率,-,-9.61,86.8%,12.6%,-385388250.00,199.5%,0.2%,-2.12,未分红/不适用,678.6%,4,6,80,Medium,低,排除,0,科技公司自由现金流为负；PB低但近5年出现亏损；PB低但近5年经营现金流多次为负；10年内亏损年份过多；10年ROE波动较大；近5年自由现金流多次为负；资产负债率过高；利息覆盖倍数过低；数据质量为Medium，筛选结果置信度中等
ICCC,US,ImmuCell Corporation - Common Stock,Biotechnology,科技,营收增长、自由现金流、研发投入效率,-,2.91,-10.7%,8.5%,-2742215.75,36.4%,0.2%,-1.34,未分红/不适用,14.2%,4,6,80,Medium,低,排除,0,科技公司自由现金流为负；10年内亏损年份过多；长期ROE低于5%；近5年自由现金流多次为负；利息覆盖倍数过低；数据质量为Medium，筛选结果置信度中等
ICCM,US,IceCure Medical Ltd. - Ordinary Shares,Medical Devices,通用,ROE、现金流、资产负债率,-,1.90,-143.9%,66.1%,-13864250.00,34.8%,-,-,未分红/不适用,3.1%,4,6,80,Medium,低,排除,0,10年内亏损年份过多；10年ROE波动较大；长期ROE低于5%；近5年自由现金流多次为负；数据质量为Medium，筛选结果置信度中等
ICFI,US,"ICF International, Inc. - Common Stock",Consulting Services,通用,ROE、现金流、资产负债率,13.29,1.09,9.2%,1.5%,134525500.00,49.8%,61.1%,4.63,未分红/不适用,1.7%,4,6,80,Medium,低,排除,60,商誉占比过高；数据质量为Medium，筛选结果置信度中等
ICHR,US,Ichor Holdings - Ordinary Shares,Semiconductor Equipment & Materials,科技,营收增长、自由现金流、研发投入效率,-,3.72,-1.5%,9.6%,12029250.00,29.6%,35.6%,-6.19,未分红/不适用,-9.5%,4,6,80,Medium,低,排除,0,科技公司营收增长转负；10年内亏损年份过多；10年净利润波动较大；长期ROE低于5%；商誉占比偏高；利息覆盖倍数过低；近5年营收增长偏弱；数据质量为Medium，筛选结果置信度中等
ICLR,US,ICON plc - Ordinary Shares,Diagnostics & Research,通用,ROE、现金流、资产负债率,15.95,0.97,5.7%,2.7%,823868500.00,43.6%,53.6%,5.22,未分红/不适用,14.8%,4,0,80,Medium,低,排除,45,长期ROE偏低但PE不低；商誉占比过高；数据质量为Medium，筛选结果置信度中等
ICMB,US,"Investcorp Credit Management BDC, Inc. - Common Stock",Asset Management,通用,ROE、现金流、资产负债率,-,0.35,-3.4%,8.4%,-,67.5%,-,-,未分红/不适用,-,4,6,80,Medium,中,排除,0,PB低但近5年出现亏损；10年净利润波动较大；长期ROE低于5%；资产负债率相对偏高；数据质量为Medium，筛选结果置信度中等
ICON,US,Icon Energy Corp. - Common stock,Marine Shipping,周期,利润波动、ROE波动、资本开支周期,-,0.04,5.2%,20.9%,-4050250.00,63.4%,-,-0.10,未分红/不适用,15.8%,4,6,80,Medium,低,排除,0,周期行业ROE波动显著；周期行业利润弹性过大；PB低但近5年出现亏损；10年ROE波动较大；10年净利润波动较大；利息覆盖倍数过低；数据质量为Medium，筛选结果置信度中等
ICU,US,SeaStar Medical Holding Corporation - Common Stock,Biotechnology,科技,营收增长、自由现金流、研发投入效率,-,1.52,317.2%,561.0%,-,26.4%,-,-390.84,未分红/不适用,-,4,6,80,Medium,低,排除,5,10年内亏损年份过多；10年ROE波动较大；利息覆盖倍数过低；数据质量为Medium，筛选结果置信度中等
ICUI,US,"ICU Medical, Inc. - Common Stock",Medical Instruments & Supplies,通用,ROE、现金流、资产负债率,65.27,1.44,-2.7%,2.6%,26933000.00,47.6%,37.0%,1.05,未分红/不适用,-0.7%,4,6,80,Medium,低,排除,0,10年内亏损年份过多；10年净利润波动较大；长期ROE低于5%；商誉占比偏高；利息覆盖倍数过低；数据质量为Medium，筛选结果置信度中等
IDAI,US,T Stamp Inc. - Class A Common Stock,Software - Application,科技,营收增长、自由现金流、研发投入效率,-,1.36,-814.2%,1200.2%,-8072811.25,20.9%,11.1%,-54.21,未分红/不适用,-16.5%,4,6,80,Medium,低,排除,0,科技公司营收增长转负；科技公司自由现金流为负；10年内亏损年份过多；10年ROE波动较大；长期ROE低于5%；近5年自由现金流多次为负；利息覆盖倍数过低；近5年营收明显下滑；数据质量为Medium，筛选结果置信度中等
IDCC,US,"InterDigital, Inc. - Common Stock",Software - Application,科技,营收增长、自由现金流、研发投入效率,24.99,6.15,32.1%,13.0%,274779750.00,46.7%,1.2%,12.75,未分红/不适用,22.1%,4,6,80,Medium,低,警惕,85,10年ROE波动较大；数据质量为Medium，筛选结果置信度中等
IDN,US,"Intellicheck, Inc. - Common Stock",Software - Application,科技,营收增长、自由现金流、研发投入效率,35.29,4.14,-8.5%,12.4%,-1335500.00,15.5%,33.1%,-,未分红/不适用,12.4%,4,6,80,Medium,低,排除,0,科技公司自由现金流为负；10年内亏损年份过多；10年ROE波动较大；10年净利润波动较大；长期ROE低于5%；近5年自由现金流多次为负；商誉占比偏高；数据质量为Medium，筛选结果置信度中等
IDXX,US,"IDEXX Laboratories, Inc. - Common Stock",Diagnostics & Research,通用,ROE、现金流、资产负债率,39.29,26.51,72.5%,26.4%,749670750.00,52.1%,12.4%,35.08,未分红/不适用,8.5%,4,6,80,Medium,低,警惕,85,10年ROE波动较大；数据质量为Medium，筛选结果置信度中等
IDYA,US,"IDEAYA Biosciences, Inc. - Common Stock",Biotechnology,科技,营收增长、自由现金流、研发投入效率,-,2.42,-18.0%,6.1%,-133279250.00,7.8%,-,-,未分红/不适用,62.5%,4,6,80,Medium,低,排除,0,科技公司自由现金流为负；10年内亏损年份过多；长期ROE低于5%；近5年自由现金流多次为负；数据质量为Medium，筛选结果置信度中等
IEP,US,Icahn Enterprises L.P. - Depositary Units representing Limited Partner Interests,Oil & Gas Refining & Marketing,周期,利润波动、ROE波动、资本开支周期,-,1.89,-,-,1012000000.00,75.9%,2.0%,0.32,未分红/不适用,-13.0%,4,6,80,Medium,未知,排除,0,10年内亏损年份过多；资产负债率偏高；利息覆盖倍数过低；近5年营收增长偏弱；数据质量为Medium，筛选结果置信度中等
IESC,US,"IES Holdings, Inc. - Common Stock",Engineering & Construction,周期,利润波动、ROE波动、资本开支周期,36.20,12.61,26.0%,12.2%,132832500.00,44.4%,6.8%,295.16,未分红/不适用,15.9%,4,6,80,Medium,低,警惕,85,10年ROE波动较大；数据质量为Medium，筛选结果置信度中等
IFBD,US,"Infobird Co., Ltd - Ordinary Shares",Software - Application,科技,营收增长、自由现金流、研发投入效率,-,0.45,-149.1%,175.3%,-1605795.50,21.4%,54.2%,-112.47,未分红/不适用,-,4,6,80,Medium,低,排除,0,科技公司自由现金流为负；PB低但近5年出现亏损；PB低但近5年经营现金流多次为负；10年内亏损年份过多；10年ROE波动较大；10年净利润波动较大；长期ROE低于5%；商誉占比过高；利息覆盖倍数过低；数据质量为Medium，筛选结果置信度中等
IFRX,US,InflaRx N.V. - Common Stock,Biotechnology,科技,营收增长、自由现金流、研发投入效率,-,3.76,-64.9%,34.9%,-38958214.25,24.7%,-,-1161.66,未分红/不适用,-,4,6,80,Medium,低,排除,0,科技公司自由现金流为负；10年内亏损年份过多；10年ROE波动较大；长期ROE低于5%；近5年自由现金流多次为负；利息覆盖倍数过低；数据质量为Medium，筛选结果置信度中等
IGIC,US,International General Insurance Holdings Ltd. - Ordinary Shares,Insurance - Diversified,保险,偿付能力、久期缺口、投资收益质量,8.85,1.46,20.5%,1.8%,164249500.00,66.2%,-,-,未分红/不适用,10.0%,4,6,80,Medium,低,需专项分析,85,保险需补充偿付能力/久期缺口专项数据；数据质量为Medium，筛选结果置信度中等
IHRT,US,"iHeartMedia, Inc. - Class A Common Stock",Broadcasting,通用,ROE、现金流、资产负债率,-,-0.37,84.9%,137.8%,88561000.00,135.6%,21.6%,-0.18,未分红/不适用,-0.4%,4,6,80,Medium,低,排除,0,PB低但近5年出现亏损；10年内亏损年份过多；10年ROE波动较大；资产负债率过高；商誉占比偏高；利息覆盖倍数过低；数据质量为Medium，筛选结果置信度中等
III,US,"Information Services Group, Inc. - Common Stock",Information Technology Services,科技,营收增长、自由现金流、研发投入效率,20.02,2.13,9.6%,7.3%,14646500.00,55.1%,42.4%,4.57,未分红/不适用,-5.1%,4,6,80,Medium,低,排除,30,科技公司营收增长转负；商誉占比过高；近5年营收增长偏弱；数据质量为Medium，筛选结果置信度中等
IIIV,US,"i3 Verticals, Inc. - Common Stock",Software - Infrastructure,科技,营收增长、自由现金流、研发投入效率,173.73,1.21,6.6%,16.3%,20281750.00,18.9%,38.9%,5.73,未分红/不适用,4.3%,4,6,80,Medium,低,警惕,40,10年ROE波动较大；10年净利润波动较大；长期ROE偏低但PE不低；商誉占比偏高；数据质量为Medium，筛选结果置信度中等
IINN,US,Inspira Technologies Oxy B.H.N. Ltd. - Ordinary Shares,Medical Devices,通用,ROE、现金流、资产负债率,-,6.20,-282.8%,200.0%,-9717750.00,56.5%,-,-,未分红/不适用,-,4,6,80,Medium,低,排除,0,10年内亏损年份过多；10年ROE波动较大；长期ROE低于5%；近5年自由现金流多次为负；数据质量为Medium，筛选结果置信度中等
IKT,US,"Inhibikase Therapeutics, Inc. - Common Stock",Biotechnology,科技,营收增长、自由现金流、研发投入效率,-,1.72,-79.0%,68.4%,-21310708.67,4.6%,-,-,未分红/不适用,-,4,6,80,Medium,低,排除,0,科技公司自由现金流为负；10年内亏损年份过多；10年ROE波动较大；长期ROE低于5%；近5年自由现金流多次为负；数据质量为Medium，筛选结果置信度中等
ILAG,US,Intelligent Living Application Group Inc. - Ordinary Shares,Building Products & Equipment,通用,ROE、现金流、资产负债率,-,1.81,-114.4%,189.5%,-4621767.50,42.7%,-,-407.63,未分红/不适用,-28.2%,4,6,80,Medium,低,排除,0,10年内亏损年份过多；10年ROE波动较大；10年净利润波动较大；长期ROE低于5%；近5年自由现金流多次为负；利息覆盖倍数过低；近5年营收明显下滑；数据质量为Medium，筛选结果置信度中等
ILLR,US,Triller Group Inc. - Common Stock,Software - Application,科技,营收增长、自由现金流、研发投入效率,-,-0.10,-82.5%,452.9%,-64558000.00,1024.1%,-,-8.38,未分红/不适用,-23.2%,4,0,80,Medium,低,排除,0,科技公司营收增长转负；科技公司自由现金流为负；PB低但近5年出现亏损；PB低但近5年经营现金流多次为负；10年内亏损年份过多；10年ROE波动较大；10年净利润波动较大；长期ROE低于5%；资产负债率过高；利息覆盖倍数过低；近5年营收明显下滑；数据质量为Medium，筛选结果置信度中等
ILMN,US,"Illumina, Inc. - Common Stock",Diagnostics & Research,通用,ROE、现金流、资产负债率,25.54,8.03,-26.8%,43.3%,507250000.00,59.0%,16.8%,11.75,未分红/不适用,-1.8%,4,6,80,Medium,低,排除,0,10年内亏损年份过多；10年ROE波动较大；10年净利润波动较大；长期ROE低于5%；数据质量为Medium，筛选结果置信度中等
ILPT,US,Industrial Logistics Properties Trust - Common Shares of Beneficial Interest,REIT - Industrial,地产,净负债率、现金短债比、资产负债率,-,1.07,-18.8%,6.7%,-,82.6%,-,0.54,未分红/不适用,5.0%,4,6,80,Medium,中,排除,0,地产需补充净负债率/现金短债比专项数据；地产资产负债率偏高；10年内亏损年份过多；长期ROE低于5%；资产负债率偏高；利息覆盖倍数过低；资产负债率相对偏高；数据质量为Medium，筛选结果置信度中等
IMA,US,"ImageneBio, Inc. - Common Stock",Biotechnology,科技,营收增长、自由现金流、研发投入效率,-,0.49,1.8%,31.2%,-18538000.00,13.0%,-,-,未分红/不适用,-68.3%,3,0,60,Medium,低,排除,0,科技公司营收增长转负；科技公司自由现金流为负；PB低但近5年出现亏损；PB低但近5年经营现金流多次为负；10年内亏损年份过多；10年ROE波动较大；长期ROE低于5%；近5年营收明显下滑；数据质量为Medium，筛选结果置信度中等
IMCC,US,IM Cannabis Corp. - Common Shares,Drug Manufacturers - Specialty & Generic,通用,ROE、现金流、资产负债率,-,-0.51,54.5%,907.2%,-4847000.00,111.4%,5.9%,-3.23,未分红/不适用,0.2%,4,6,80,Medium,低,排除,0,PB低但近5年出现亏损；PB低但近5年经营现金流多次为负；10年内亏损年份过多；10年ROE波动较大；10年净利润波动较大；近5年自由现金流多次为负；资产负债率过高；利息覆盖倍数过低；数据质量为Medium，筛选结果置信度中等
IMDX,US,Insight Molecular Diagnostics Inc. - Common Stock,Diagnostics & Research,通用,ROE、现金流、资产负债率,-,-5.75,76.4%,321.5%,-30022000.00,222.2%,-,-459.75,未分红/不适用,61.8%,4,6,80,Medium,低,排除,0,PB低但近5年出现亏损；PB低但近5年经营现金流多次为负；10年内亏损年份过多；10年ROE波动较大；近5年自由现金流多次为负；资产负债率过高；利息覆盖倍数过低；数据质量为Medium，筛选结果置信度中等
IMKTA,US,"Ingles Markets, Incorporated - Class A Common Stock",Grocery Stores,通用,ROE、现金流、资产负债率,15.73,0.99,12.0%,7.6%,100991945.00,37.0%,-,6.58,未分红/不适用,-2.1%,4,6,80,Medium,低,通过,85,数据质量为Medium，筛选结果置信度中等
IMMR,US,Immersion Corporation - Common Stock,Software - Application,科技,营收增长、自由现金流、研发投入效率,-,0.66,17.1%,5.7%,-3861000.00,49.3%,6.3%,9.36,未分红/不适用,253.9%,4,0,80,Medium,低,警惕,85,科技公司自由现金流为负；数据质量为Medium，筛选结果置信度中等
IMMX,US,"Immix Biopharma, Inc. - Common Stock",Biotechnology,科技,营收增长、自由现金流、研发投入效率,-,6.07,-87.8%,56.4%,-17286512.67,10.5%,-,-,未分红/不适用,-,4,6,80,Medium,低,排除,0,科技公司自由现金流为负；10年内亏损年份过多；10年ROE波动较大；长期ROE低于5%；近5年自由现金流多次为负；数据质量为Medium，筛选结果置信度中等
IMNM,US,"Immunome, Inc. - Common Stock",Biotechnology,科技,营收增长、自由现金流、研发投入效率,-,4.06,-126.5%,82.3%,-102122250.00,7.1%,-,-,未分红/不适用,-,4,6,80,Medium,低,排除,0,科技公司自由现金流为负；10年内亏损年份过多；10年ROE波动较大；长期ROE低于5%；近5年自由现金流多次为负；数据质量为Medium，筛选结果置信度中等
IMNN,US,"Imunon, Inc. - Common Stock",Biotechnology,科技,营收增长、自由现金流、研发投入效率,-,3.89,-228.0%,144.7%,-18975077.25,42.5%,-,-,未分红/不适用,-,4,6,80,Medium,低,排除,0,科技公司自由现金流为负；10年内亏损年份过多；10年ROE波动较大；长期ROE低于5%；近5年自由现金流多次为负；数据质量为Medium，筛选结果置信度中等
IMPP,US,Imperial Petroleum Inc. - Common Shares,Oil & Gas Midstream,周期,利润波动、ROE波动、资本开支周期,3.79,0.41,12.9%,4.6%,13925500.00,3.0%,-,22.51,未分红/不适用,18.4%,4,6,80,Medium,低,通过,85,数据质量为Medium，筛选结果置信度中等
IMRX,US,Immuneering Corporation - Class A Common Stock,Biotechnology,科技,营收增长、自由现金流、研发投入效率,-,1.50,-69.5%,53.7%,-48681598.75,5.8%,2.9%,-,未分红/不适用,-,4,6,80,Medium,低,排除,0,科技公司自由现金流为负；10年内亏损年份过多；10年ROE波动较大；长期ROE低于5%；近5年自由现金流多次为负；数据质量为Medium，筛选结果置信度中等
IMSR,US,Terrestrial Energy Inc. - Common Stock,Utilities - Regulated Electric,周期,利润波动、ROE波动、资本开支周期,-,2.61,110.9%,135.1%,-12248488.33,2.5%,-,-5.45,未分红/不适用,-,3,0,60,Medium,低,排除,0,周期行业ROE波动显著；10年内亏损年份过多；10年ROE波动较大；近5年自由现金流多次为负；利息覆盖倍数过低；数据质量为Medium，筛选结果置信度中等
IMTE,US,Integrated Media Technology Limited - Ordinary Shares,Electronic Components,科技,营收增长、自由现金流、研发投入效率,-,0.13,-13.8%,15.1%,-14816515.50,12.7%,-,0.63,未分红/不适用,-41.9%,4,6,80,Medium,低,排除,0,科技公司营收增长转负；科技公司自由现金流为负；PB低但近5年出现亏损；PB低但近5年经营现金流多次为负；10年内亏损年份过多；10年ROE波动较大；10年净利润波动较大；长期ROE低于5%；利息覆盖倍数过低；近5年营收明显下滑；数据质量为Medium，筛选结果置信度中等
IMTX,US,Immatics N.V. - Ordinary Shares,Biotechnology,科技,营收增长、自由现金流、研发投入效率,-,2.56,-17.0%,29.3%,-69188500.00,13.9%,-,-208.76,未分红/不适用,-34.6%,4,6,80,Medium,低,排除,0,科技公司营收增长转负；科技公司自由现金流为负；10年ROE波动较大；10年净利润波动较大；长期ROE低于5%；近5年自由现金流多次为负；利息覆盖倍数过低；近5年营收明显下滑；数据质量为Medium，筛选结果置信度中等
IMUX,US,"Immunic, Inc.  - Common Stock",Biotechnology,科技,营收增长、自由现金流、研发投入效率,-,-21.75,120.3%,908.5%,-76853750.00,127.7%,-,-,未分红/不适用,-,4,6,80,Medium,低,排除,0,科技公司自由现金流为负；PB低但近5年出现亏损；PB低但近5年经营现金流多次为负；10年内亏损年份过多；10年ROE波动较大；近5年自由现金流多次为负；资产负债率过高；数据质量为Medium，筛选结果置信度中等
IMVT,US,"Immunovant, Inc.  - Common Stock",Biotechnology,科技,营收增长、自由现金流、研发投入效率,-,5.82,-48.0%,12.4%,-221494000.00,8.9%,-,-,未分红/不适用,-,4,0,80,Medium,低,排除,0,科技公司自由现金流为负；10年内亏损年份过多；10年ROE波动较大；长期ROE低于5%；近5年自由现金流多次为负；数据质量为Medium，筛选结果置信度中等
IMXI,US,"International Money Express, Inc. - Common Stock",Software - Infrastructure,科技,营收增长、自由现金流、研发投入效率,17.97,2.83,35.5%,10.4%,43156000.00,68.9%,10.4%,4.98,未分红/不适用,3.6%,4,6,80,Medium,中,警惕,85,资产负债率相对偏高；数据质量为Medium，筛选结果置信度中等
INAB,US,"IN8bio, Inc. - Common Stock",Biotechnology,科技,营收增长、自由现金流、研发投入效率,-,0.64,-131.6%,58.0%,-25367333.33,14.6%,-,-,未分红/不适用,-,4,6,80,Medium,低,排除,0,科技公司自由现金流为负；PB低但近5年出现亏损；PB低但近5年经营现金流多次为负；10年内亏损年份过多；10年ROE波动较大；长期ROE低于5%；近5年自由现金流多次为负；数据质量为Medium，筛选结果置信度中等
INBK,US,First Internet Bancorp - Common Stock,Banks - Regional,银行,不良率、拨备覆盖、资本充足率,-,0.57,2.2%,8.6%,21035000.00,93.5%,0.1%,-,未分红/不适用,-1.2%,4,6,80,Medium,中,排除,0,银行需补充不良率/拨备/资本充足率专项数据；PB低但近5年出现亏损；10年净利润波动较大；长期ROE低于5%；资产负债率过高；资产负债率相对偏高；数据质量为Medium，筛选结果置信度中等
INBS,US,Intelligent Bio Solutions Inc.  - Common Stock,Medical Devices,通用,ROE、现金流、资产负债率,-,0.48,-220.0%,115.1%,-7830725.50,65.9%,-,-173.16,未分红/不适用,-,4,6,80,Medium,低,排除,0,PB低但近5年出现亏损；PB低但近5年经营现金流多次为负；10年内亏损年份过多；10年ROE波动较大；长期ROE低于5%；近5年自由现金流多次为负；利息覆盖倍数过低；数据质量为Medium，筛选结果置信度中等
INBX,US,"Inhibrx Biosciences, Inc. - Common Stock",Biotechnology,科技,营收增长、自由现金流、研发投入效率,-,192.09,134.0%,1570.3%,-154057500.00,94.5%,-,-10.48,未分红/不适用,-0.0%,4,0,80,Medium,中,排除,0,科技公司营收增长转负；科技公司自由现金流为负；10年内亏损年份过多；10年ROE波动较大；10年净利润波动较大；近5年自由现金流多次为负；资产负债率过高；利息覆盖倍数过低；资产负债率相对偏高；数据质量为Medium，筛选结果置信度中等
INCR,US,Intercure Ltd. - ordinary shares,Drug Manufacturers - Specialty & Generic,通用,ROE、现金流、资产负债率,-,0.11,-7.7%,11.6%,-20683750.00,42.6%,31.7%,-1.24,未分红/不适用,-11.4%,4,6,80,Medium,低,排除,0,PB低但近5年出现亏损；10年内亏损年份过多；10年净利润波动较大；长期ROE低于5%；商誉占比偏高；利息覆盖倍数过低；近5年营收增长偏弱；数据质量为Medium，筛选结果置信度中等
INCY,US,Incyte Corporation - Common Stock,Biotechnology,科技,营收增长、自由现金流、研发投入效率,13.46,3.39,11.3%,10.1%,726478500.00,25.7%,1.9%,686.52,未分红/不适用,14.8%,4,6,80,Medium,低,警惕,85,10年净利润波动较大；数据质量为Medium，筛选结果置信度中等
INDB,US,Independent Bank Corp. - Common Stock,Banks - Regional,银行,不良率、拨备覆盖、资本充足率,15.15,1.05,7.4%,1.6%,277197250.00,85.7%,4.4%,-,未分红/不适用,5.6%,4,6,80,Medium,中,排除,15,银行需补充不良率/拨备/资本充足率专项数据；长期ROE偏低但PE不低；资产负债率过高；资产负债率相对偏高；数据质量为Medium，筛选结果置信度中等
INDI,US,"indie Semiconductor, Inc. - Class A Common Stock",Semiconductors,科技,营收增长、自由现金流、研发投入效率,-,2.34,-28.0%,10.9%,-86883750.00,54.3%,34.8%,-8.63,未分红/不适用,25.2%,4,6,80,Medium,低,排除,0,科技公司自由现金流为负；10年内亏损年份过多；长期ROE低于5%；近5年自由现金流多次为负；商誉占比偏高；利息覆盖倍数过低；数据质量为Medium，筛选结果置信度中等
INDP,US,"Indaptus Therapeutics, Inc. - Common Stock",Biotechnology,科技,营收增长、自由现金流、研发投入效率,-,1.25,-307.0%,274.0%,-,66.1%,-,-,未分红/不适用,-,4,6,80,Medium,低,排除,5,10年内亏损年份过多；10年ROE波动较大；长期ROE低于5%；数据质量为Medium，筛选结果置信度中等
INDV,US,"Indivior Pharmaceuticals, Inc.  - Common Stock",Drug Manufacturers - Specialty & Generic,通用,ROE、现金流、资产负债率,19.15,-31.64,-58.7%,119.7%,-112750000.00,108.2%,0.2%,6.31,未分红/不适用,11.2%,4,6,80,Medium,低,排除,0,PB低但近5年出现亏损；PB低但近5年经营现金流多次为负；10年ROE波动较大；10年净利润波动较大；长期ROE低于5%；近5年自由现金流多次为负；资产负债率过高；数据质量为Medium，筛选结果置信度中等
INEO,US,INNEOVA Holdings Limited - Class A Ordinary Shares,Auto Parts,通用,ROE、现金流、资产负债率,-,0.94,70.0%,54.8%,951000.00,77.6%,-,1.09,未分红/不适用,10.5%,4,0,80,Medium,中,排除,15,10年ROE波动较大；资产负债率偏高；利息覆盖倍数过低；资产负债率相对偏高；数据质量为Medium，筛选结果置信度中等
INGN,US,"Inogen, Inc - Common Stock",Medical Devices,通用,ROE、现金流、资产负债率,-,0.92,-27.7%,16.3%,-30444250.00,35.6%,3.6%,-,未分红/不适用,-2.6%,4,6,80,Medium,低,排除,0,PB低但近5年出现亏损；PB低但近5年经营现金流多次为负；10年内亏损年份过多；10年ROE波动较大；长期ROE低于5%；近5年自由现金流多次为负；数据质量为Medium，筛选结果置信度中等
INHD,US,Inno Holdings Inc. - Common Stock,Steel,周期,利润波动、ROE波动、资本开支周期,-,0.25,-2.3%,156.8%,-3322026.33,5.2%,0.0%,-,未分红/不适用,-14.2%,4,6,80,Medium,低,排除,0,周期行业ROE波动显著；PB低但近5年出现亏损；PB低但近5年经营现金流多次为负；10年内亏损年份过多；10年ROE波动较大；长期ROE低于5%；近5年自由现金流多次为负；近5年营收增长偏弱；数据质量为Medium，筛选结果置信度中等
INKT,US,"MiNK Therapeutics, Inc. - Common Stock",Biotechnology,科技,营收增长、自由现金流、研发投入效率,-,-3.67,1810.6%,3443.1%,-17476481.00,199.9%,-,-,未分红/不适用,-,4,6,80,Medium,低,排除,0,科技公司自由现金流为负；PB低但近5年出现亏损；PB低但近5年经营现金流多次为负；10年内亏损年份过多；10年ROE波动较大；资产负债率过高；数据质量为Medium，筛选结果置信度中等
INLF,US,INLIF LIMITED - Class A Ordinary shares,Specialty Industrial Machinery,通用,ROE、现金流、资产负债率,-,0.32,1.0%,23.5%,218115.25,34.9%,-,-33.63,未分红/不适用,40.4%,4,6,80,Medium,低,排除,0,PB低但近5年出现亏损；10年ROE波动较大；10年净利润波动较大；长期ROE低于5%；利息覆盖倍数过低；数据质量为Medium，筛选结果置信度中等
INM,US,InMed Pharmaceuticals Inc. - Common Shares,Drug Manufacturers - Specialty & Generic,通用,ROE、现金流、资产负债率,-,0.19,-103.7%,68.2%,-10020998.00,13.8%,-,-20.97,未分红/不适用,65.5%,4,6,80,Medium,低,排除,0,PB低但近5年出现亏损；PB低但近5年经营现金流多次为负；10年内亏损年份过多；10年ROE波动较大；长期ROE低于5%；近5年自由现金流多次为负；利息覆盖倍数过低；数据质量为Medium，筛选结果置信度中等
INMB,US,INmune Bio Inc. - Common stock,Biotechnology,科技,营收增长、自由现金流、研发投入效率,-,1.82,-112.6%,65.4%,-23624000.00,27.3%,-,-,未分红/不适用,-48.9%,4,6,80,Medium,低,排除,0,科技公司营收增长转负；科技公司自由现金流为负；10年内亏损年份过多；10年ROE波动较大；长期ROE低于5%；近5年营收明显下滑；数据质量为Medium，筛选结果置信度中等
INMD,US,InMode Ltd.  - Ordinary Shares,Medical Devices,通用,ROE、现金流、资产负债率,10.30,1.29,23.4%,6.7%,143101000.00,10.9%,-,-,未分红/不适用,-6.6%,4,6,80,Medium,低,警惕,85,近5年营收增长偏弱；数据质量为Medium，筛选结果置信度中等
INNV,US,InnovAge Holding Corp. - Common Stock,Medical Care Facilities,通用,ROE、现金流、资产负债率,-,4.31,-9.1%,5.4%,-8065750.00,50.1%,27.0%,-6.38,未分红/不适用,6.9%,4,6,80,Medium,低,排除,0,10年内亏损年份过多；长期ROE低于5%；近5年自由现金流多次为负；商誉占比偏高；利息覆盖倍数过低；数据质量为Medium，筛选结果置信度中等
INO,US,"Inovio Pharmaceuticals, Inc. - Common Stock",Biotechnology,科技,营收增长、自由现金流、研发投入效率,-,3.87,-187.5%,111.4%,-133837634.00,67.6%,-,-,未分红/不适用,-81.5%,4,6,80,Medium,中,排除,0,科技公司营收增长转负；科技公司自由现金流为负；10年内亏损年份过多；10年ROE波动较大；长期ROE低于5%；近5年自由现金流多次为负；近5年营收明显下滑；资产负债率相对偏高；数据质量为Medium，筛选结果置信度中等
INOD,US,Innodata Inc. - Common Stock,Information Technology Services,科技,营收增长、自由现金流、研发投入效率,83.28,28.15,2.0%,48.2%,13842000.00,36.5%,1.2%,-,未分红/不适用,47.1%,4,6,80,Medium,低,排除,30,10年ROE波动较大；10年净利润波动较大；长期ROE低于5%；数据质量为Medium，筛选结果置信度中等
INSE,US,"Inspired Entertainment, Inc. - Common Stock",Gambling,通用,ROE、现金流、资产负债率,-,-12.14,-473.1%,995.3%,3975000.00,103.7%,14.1%,0.86,未分红/不适用,2.2%,4,6,80,Medium,低,排除,0,PB低但近5年出现亏损；10年ROE波动较大；10年净利润波动较大；长期ROE低于5%；资产负债率过高；利息覆盖倍数过低；数据质量为Medium，筛选结果置信度中等
INSG,US,Inseego Corp. - Common Stock,Communication Equipment,通用,ROE、现金流、资产负债率,21.77,-8.90,21.5%,61.4%,-5652750.00,104.3%,4.2%,1.34,未分红/不适用,-12.2%,4,6,80,Medium,低,排除,0,PB低但近5年出现亏损；10年ROE波动较大；10年净利润波动较大；近5年自由现金流多次为负；资产负债率过高；利息覆盖倍数过低；近5年营收增长偏弱；数据质量为Medium，筛选结果置信度中等
INSM,US,Insmed Incorporated - Common Stock,Biotechnology,科技,营收增长、自由现金流、研发投入效率,-,31.88,-203.7%,325.2%,-658308000.00,67.4%,6.0%,-15.39,未分红/不适用,35.2%,4,6,80,Medium,中,排除,0,科技公司自由现金流为负；10年内亏损年份过多；10年ROE波动较大；长期ROE低于5%；近5年自由现金流多次为负；利息覆盖倍数过低；资产负债率相对偏高；数据质量为Medium，筛选结果置信度中等
INTA,US,"Intapp, Inc. - Common Stock",Software - Application,科技,营收增长、自由现金流、研发投入效率,-,5.16,-17.7%,15.9%,50515500.00,41.9%,36.5%,-,未分红/不适用,22.8%,4,6,80,Medium,低,排除,0,10年内亏损年份过多；10年ROE波动较大；长期ROE低于5%；商誉占比偏高；数据质量为Medium，筛选结果置信度中等
INTC,US,Intel Corporation - Common Stock,Semiconductors,科技,营收增长、自由现金流、研发投入效率,-,4.72,-2.4%,11.5%,-11073750000.00,40.2%,11.3%,2.43,未分红/不适用,-5.7%,4,6,80,Medium,低,排除,0,科技公司营收增长转负；科技公司自由现金流为负；10年净利润波动较大；长期ROE低于5%；近5年自由现金流多次为负；利息覆盖倍数偏低；近5年营收增长偏弱；数据质量为Medium，筛选结果置信度中等
INTG,US,The Intergroup Corporation - Common Stock,Lodging,通用,ROE、现金流、资产负债率,-,-0.96,10.5%,3.4%,-2431250.00,209.8%,-,0.53,未分红/不适用,10.9%,4,6,80,Medium,低,排除,0,PB低但近5年出现亏损；10年内亏损年份过多；资产负债率过高；利息覆盖倍数过低；数据质量为Medium，筛选结果置信度中等
INTJ,US,Intelligent Group Limited - Class A Ordinary Shares,Consulting Services,通用,ROE、现金流、资产负债率,-,1.35,7.4%,22.1%,2911457.33,5.4%,-,-262.43,未分红/不适用,8.8%,4,6,80,Medium,低,排除,30,10年ROE波动较大；10年净利润波动较大；利息覆盖倍数过低；数据质量为Medium，筛选结果置信度中等
INTR,US,Inter & Co. Inc. - Class A Common Shares,Banks - Regional,银行,不良率、拨备覆盖、资本充足率,9.05,1.27,6.7%,5.9%,4875814000.00,89.5%,0.8%,-,未分红/不适用,33.1%,4,6,80,Medium,中,排除,15,银行需补充不良率/拨备/资本充足率专项数据；10年净利润波动较大；资产负债率过高；资产负债率相对偏高；数据质量为Medium，筛选结果置信度中等
INTS,US,"Intensity Therapeutics, Inc. - Common Stock",Biotechnology,科技,营收增长、自由现金流、研发投入效率,-,1.02,-171.3%,265.8%,-,15.8%,-,-,未分红/不适用,-,4,6,80,Medium,低,排除,5,10年内亏损年份过多；10年ROE波动较大；长期ROE低于5%；数据质量为Medium，筛选结果置信度中等
INTU,US,Intuit Inc. - Common Stock,Software - Application,科技,营收增长、自由现金流、研发投入效率,25.49,5.70,15.5%,3.1%,4790750000.00,46.7%,37.8%,20.57,未分红/不适用,14.0%,4,6,80,Medium,低,警惕,85,商誉占比偏高；数据质量为Medium，筛选结果置信度中等
INTZ,US,Intrusion Inc. - Common Stock,Software - Infrastructure,科技,营收增长、自由现金流、研发投入效率,-,1.97,70.3%,245.4%,-10323500.00,29.9%,-,-110.84,未分红/不适用,-2.0%,4,6,80,Medium,低,排除,0,科技公司营收增长转负；科技公司自由现金流为负；10年内亏损年份过多；10年ROE波动较大；近5年自由现金流多次为负；利息覆盖倍数过低；数据质量为Medium，筛选结果置信度中等
INV,US,"Innventure, Inc. - Common Stock",Asset Management,通用,ROE、现金流、资产负债率,-,2.27,-33.1%,25.3%,-50371333.33,19.3%,54.0%,-49.51,未分红/不适用,29.7%,4,6,80,Medium,低,排除,0,10年内亏损年份过多；10年ROE波动较大；10年净利润波动较大；长期ROE低于5%；近5年自由现金流多次为负；商誉占比过高；利息覆盖倍数过低；数据质量为Medium，筛选结果置信度中等
INVA,US,"Innoviva, Inc. - Common Stock",Biotechnology,科技,营收增长、自由现金流、研发投入效率,3.55,1.22,22.7%,14.3%,178290750.00,28.3%,1.1%,20.57,未分红/不适用,7.5%,4,6,80,Medium,低,警惕,85,10年ROE波动较大；数据质量为Medium，筛选结果置信度中等
INVE,US,"Identiv, Inc. - Common Stock",Building Products & Equipment,通用,ROE、现金流、资产负债率,-,0.64,7.0%,28.2%,-9893250.00,7.0%,-,-,未分红/不适用,-42.5%,4,6,80,Medium,低,排除,0,PB低但近5年出现亏损；PB低但近5年经营现金流多次为负；10年内亏损年份过多；10年ROE波动较大；10年净利润波动较大；近5年自由现金流多次为负；近5年营收明显下滑；数据质量为Medium，筛选结果置信度中等
INVZ,US,Innoviz Technologies Ltd. - Ordinary shares,Auto Parts,通用,ROE、现金流、资产负债率,-,1.96,-88.5%,22.8%,-87286250.00,43.9%,-,-,未分红/不适用,109.1%,4,6,80,Medium,低,排除,0,10年内亏损年份过多；10年ROE波动较大；长期ROE低于5%；近5年自由现金流多次为负；数据质量为Medium，筛选结果置信度中等
IONS,US,"Ionis Pharmaceuticals, Inc. - Common Stock",Biotechnology,科技,营收增长、自由现金流、研发投入效率,-,25.08,-74.2%,19.8%,-376731500.00,86.1%,-,-3.50,未分红/不适用,17.1%,4,6,80,Medium,中,排除,0,科技公司自由现金流为负；10年内亏损年份过多；10年ROE波动较大；长期ROE低于5%；近5年自由现金流多次为负；资产负债率过高；利息覆盖倍数过低；资产负债率相对偏高；数据质量为Medium，筛选结果置信度中等
IOSP,US,Innospec Inc. - Common Stock,Specialty Chemicals,周期,利润波动、ROE波动、资本开支周期,17.17,1.47,9.2%,4.5%,88625000.00,27.3%,21.8%,-,未分红/不适用,-3.3%,4,6,80,Medium,低,警惕,85,商誉占比偏高；数据质量为Medium，筛选结果置信度中等
IOTR,US,iOThree Limited - Ordinary Shares,Telecom Services,通用,ROE、现金流、资产负债率,-,1.29,11.0%,23.3%,340684.25,69.2%,-,-5.16,未分红/不适用,39.2%,4,0,80,Medium,中,排除,15,10年ROE波动较大；10年净利润波动较大；利息覆盖倍数过低；资产负债率相对偏高；数据质量为Medium，筛选结果置信度中等
IOVA,US,"Iovance Biotherapeutics, Inc. - Common Stock",Biotechnology,科技,营收增长、自由现金流、研发投入效率,-,2.10,-65.9%,13.7%,-349395500.00,23.5%,-,-,未分红/不适用,-,4,6,80,Medium,低,排除,0,科技公司自由现金流为负；10年内亏损年份过多；10年ROE波动较大；长期ROE低于5%；近5年自由现金流多次为负；数据质量为Medium，筛选结果置信度中等
IPAR,US,"Interparfums, Inc. - Common Stock",Household & Personal Products,消费,ROE、毛利率稳定性、分红稳定性,16.37,3.14,20.7%,1.5%,91731250.00,30.4%,-,38.44,未分红/不适用,11.1%,4,6,80,Medium,低,通过,85,数据质量为Medium，筛选结果置信度中等
IPDN,US,"Professional Diversity Network, Inc. - Common Stock",Staffing & Employment Services,通用,ROE、现金流、资产负债率,-,0.41,-86.4%,44.0%,-3526635.25,37.4%,7.9%,-109.81,未分红/不适用,-7.7%,4,6,80,Medium,低,排除,0,PB低但近5年出现亏损；PB低但近5年经营现金流多次为负；10年内亏损年份过多；10年ROE波动较大；长期ROE低于5%；近5年自由现金流多次为负；利息覆盖倍数过低；近5年营收增长偏弱；数据质量为Medium，筛选结果置信度中等
IPGP,US,IPG Photonics Corporation - Common Stock,Semiconductor Equipment & Materials,科技,营收增长、自由现金流、研发投入效率,148.53,2.00,1.5%,7.7%,108482250.00,12.2%,3.0%,-,未分红/不适用,-11.1%,4,6,80,Medium,低,排除,15,科技公司营收增长转负；10年净利润波动较大；长期ROE低于5%；近5年营收增长偏弱；数据质量为Medium，筛选结果置信度中等
IPM,US,Intelligent Protection Management Corp.  - Common Stock,Software - Application,科技,营收增长、自由现金流、研发投入效率,-,1.41,-25.8%,30.3%,796575.00,30.2%,17.5%,-,未分红/不适用,29.0%,4,6,80,Medium,低,排除,0,10年内亏损年份过多；10年ROE波动较大；10年净利润波动较大；长期ROE低于5%；数据质量为Medium，筛选结果置信度中等
IPSC,US,"Century Therapeutics, Inc. - Common Stock",Biotechnology,科技,营收增长、自由现金流、研发投入效率,-,1.26,-50.4%,33.5%,-83412250.00,29.0%,-,-,未分红/不适用,175.9%,4,6,80,Medium,低,排除,0,科技公司自由现金流为负；10年内亏损年份过多；10年ROE波动较大；长期ROE低于5%；近5年自由现金流多次为负；数据质量为Medium，筛选结果置信度中等
IPST,US,"IP Strategy Holdings, Inc. - Common Stock",Capital Markets,金融,杠杆、资产质量、资本约束,-,0.05,54.8%,138.0%,-16546879.50,9.7%,0.0%,-82.86,未分红/不适用,6.8%,4,6,80,Medium,高,排除,0,金融行业需专项资产质量与资本约束分析；PB低但近5年出现亏损；PB低但近5年经营现金流多次为负；10年内亏损年份过多；10年ROE波动较大；10年净利润波动较大；近5年自由现金流多次为负；利息覆盖倍数过低；高杠杆行业，需资产负债表专项分析；数据质量为Medium，筛选结果置信度中等
IPW,US,iPower Inc. - Common Stock,Internet Retail,科技,营收增长、自由现金流、研发投入效率,-,0.05,-15.6%,28.2%,-6945056.00,-,-,-,未分红/不适用,16.8%,4,6,80,Medium,未知,排除,0,科技公司自由现金流为负；PB低但近5年出现亏损；10年内亏损年份过多；10年ROE波动较大；10年净利润波动较大；长期ROE低于5%；数据质量为Medium，筛选结果置信度中等
IPWR,US,Ideal Power Inc. - Common Stock,Semiconductors,科技,营收增长、自由现金流、研发投入效率,-,6.20,-82.9%,42.1%,-8296289.75,21.6%,-,-,未分红/不适用,-,4,6,80,Medium,低,排除,0,科技公司自由现金流为负；10年内亏损年份过多；10年ROE波动较大；长期ROE低于5%；近5年自由现金流多次为负；数据质量为Medium，筛选结果置信度中等
IQST,US,iQSTEL Inc. - Common Stock,Telecom Services,通用,ROE、现金流、资产负债率,-,0.54,-65.6%,37.8%,-2655199.50,68.1%,11.3%,-4.20,未分红/不适用,50.4%,4,6,80,Medium,中,排除,0,PB低但近5年出现亏损；PB低但近5年经营现金流多次为负；10年内亏损年份过多；10年ROE波动较大；长期ROE低于5%；近5年自由现金流多次为负；利息覆盖倍数过低；资产负债率相对偏高；数据质量为Medium，筛选结果置信度中等
IRD,US,"Opus Genetics, Inc. - Common Stock",Biotechnology,科技,营收增长、自由现金流、研发投入效率,-,21.73,-290.0%,409.0%,-,69.5%,-,-32.83,未分红/不适用,-29.1%,4,6,80,Medium,中,排除,0,科技公司营收增长转负；10年内亏损年份过多；10年ROE波动较大；10年净利润波动较大；长期ROE低于5%；利息覆盖倍数过低；近5年营收明显下滑；资产负债率相对偏高；数据质量为Medium，筛选结果置信度中等
IRDM,US,Iridium Communications Inc - Common Stock,Telecom Services,通用,ROE、现金流、资产负债率,42.40,9.48,11.7%,12.2%,280186500.00,81.7%,3.9%,2.64,未分红/不适用,6.5%,4,6,80,Medium,中,警惕,25,10年ROE波动较大；10年净利润波动较大；资产负债率偏高；利息覆盖倍数偏低；资产负债率相对偏高；数据质量为Medium，筛选结果置信度中等
IREN,US,IREN Limited - Ordinary Shares,Capital Markets,金融,杠杆、资产质量、资本约束,69.84,7.11,-37.5%,47.5%,-499123250.00,38.2%,-,9.47,未分红/不适用,104.0%,4,6,80,Medium,高,排除,0,金融行业需专项资产质量与资本约束分析；10年内亏损年份过多；10年ROE波动较大；10年净利润波动较大；长期ROE低于5%；近5年自由现金流多次为负；高杠杆行业，需资产负债表专项分析；数据质量为Medium，筛选结果置信度中等
IRHO,US,Iron Horse Acquisitions II Corp. - Common Stock,Shell Companies,通用,ROE、现金流、资产负债率,249.75,-28.79,117.7%,-,-,147.6%,-,-,未分红/不适用,-,1,3,20,Low,低,数据不足,0,PB低但近5年出现亏损；资产负债率过高；数据年数不足，无法进行可靠筛选
IRIX,US,IRIDEX Corporation - Common Stock,Medical Devices,通用,ROE、现金流、资产负债率,-,-16.52,-164.8%,175.1%,-6553750.00,83.1%,3.3%,-,未分红/不适用,-2.6%,4,6,80,Medium,中,排除,0,PB低但近5年出现亏损；PB低但近5年经营现金流多次为负；10年内亏损年份过多；10年ROE波动较大；长期ROE低于5%；近5年自由现金流多次为负；资产负债率偏高；资产负债率相对偏高；数据质量为Medium，筛选结果置信度中等
IRMD,US,iRadimed Corporation - Common Stock,Medical Devices,通用,ROE、现金流、资产负债率,47.81,11.35,21.8%,3.1%,11739639.75,13.0%,-,-,未分红/不适用,16.3%,4,6,80,Medium,低,通过,85,数据质量为Medium，筛选结果置信度中等
IRON,US,"Disc Medicine, Inc. - Common Stock",Biotechnology,科技,营收增长、自由现金流、研发投入效率,-,3.73,-25.5%,2.8%,-97927750.00,8.3%,-,-57.73,未分红/不适用,-,4,6,80,Medium,低,排除,0,科技公司自由现金流为负；10年内亏损年份过多；长期ROE低于5%；近5年自由现金流多次为负；利息覆盖倍数过低；数据质量为Medium，筛选结果置信度中等
IRTC,US,"iRhythm Holdings, Inc.  - Common Stock",Medical Devices,通用,ROE、现金流、资产负债率,-,23.79,-65.2%,41.4%,-38599500.00,85.0%,0.1%,-2.31,未分红/不适用,22.1%,4,6,80,Medium,中,排除,0,10年内亏损年份过多；10年ROE波动较大；长期ROE低于5%；近5年自由现金流多次为负；资产负债率过高；利息覆盖倍数过低；资产负债率相对偏高；数据质量为Medium，筛选结果置信度中等
IRWD,US,"Ironwood Pharmaceuticals, Inc. - Class A Common Stock",Drug Manufacturers - Specialty & Generic,通用,ROE、现金流、资产负债率,5.67,-2.66,76.7%,142.6%,171799500.00,166.0%,-,3.14,未分红/不适用,-10.3%,4,6,80,Medium,低,排除,0,PB低但近5年出现亏损；10年ROE波动较大；10年净利润波动较大；资产负债率过高；近5年营收增长偏弱；数据质量为Medium，筛选结果置信度中等
ISBA,US,Isabella Bank Corporation - Common stock,Banks - Regional,银行,不良率、拨备覆盖、资本充足率,15.10,1.28,8.9%,2.2%,21167000.00,89.5%,2.2%,-,未分红/不适用,2.3%,4,6,80,Medium,中,排除,30,银行需补充不良率/拨备/资本充足率专项数据；资产负债率过高；资产负债率相对偏高；数据质量为Medium，筛选结果置信度中等
ISPC,US,iSpecimen Inc. - Common Stock,Diagnostics & Research,通用,ROE、现金流、资产负债率,-,10.85,-220.4%,162.4%,-8443913.50,67.6%,-,-1056.42,未分红/不适用,-43.0%,4,6,80,Medium,中,排除,0,10年内亏损年份过多；10年ROE波动较大；长期ROE低于5%；近5年自由现金流多次为负；利息覆盖倍数过低；近5年营收明显下滑；资产负债率相对偏高；数据质量为Medium，筛选结果置信度中等
ISPR,US,Ispire Technology Inc. - Common Stock,Tobacco,科技,营收增长、自由现金流、研发投入效率,-,-5.84,-1641.8%,3231.7%,-12003770.25,99.4%,-,-,未分红/不适用,13.1%,4,6,80,Medium,中,排除,0,科技公司自由现金流为负；PB低但近5年出现亏损；PB低但近5年经营现金流多次为负；10年内亏损年份过多；10年ROE波动较大；10年净利润波动较大；长期ROE低于5%；近5年自由现金流多次为负；资产负债率过高；资产负债率相对偏高；数据质量为Medium，筛选结果置信度中等
ISRG,US,"Intuitive Surgical, Inc. - Common Stock",Medical Instruments & Supplies,通用,ROE、现金流、资产负债率,51.89,8.65,13.9%,1.7%,1375625000.00,12.3%,1.8%,-,未分红/不适用,17.4%,4,6,80,Medium,低,通过,85,数据质量为Medium，筛选结果置信度中等
ISSC,US,"Innovative Solutions and Support, Inc. - Common Stock",Aerospace & Defense,通用,ROE、现金流、资产负债率,15.39,4.22,18.2%,4.2%,4915163.75,37.5%,6.5%,12.56,未分红/不适用,44.8%,4,6,80,Medium,低,通过,85,数据质量为Medium，筛选结果置信度中等
ISTR,US,Investar Holding Corporation - Common Stock,Banks - Regional,银行,不良率、拨备覆盖、资本充足率,12.21,1.00,10.0%,4.4%,24780250.00,89.4%,-,-,未分红/不适用,-5.9%,4,6,80,Medium,中,排除,15,银行需补充不良率/拨备/资本充足率专项数据；资产负债率过高；近5年营收增长偏弱；资产负债率相对偏高；数据质量为Medium，筛选结果置信度中等
ITIC,US,Investors Title Company - Common Stock,Insurance - Specialty,保险,偿付能力、久期缺口、投资收益质量,11.70,1.65,11.0%,2.1%,19140750.00,26.1%,2.6%,-,未分红/不适用,-1.2%,4,6,80,Medium,低,需专项分析,85,保险需补充偿付能力/久期缺口专项数据；数据质量为Medium，筛选结果置信度中等
ITOC,US,iTonic Holdings Ltd - Class A Ordinary Shares,Medical Devices,通用,ROE、现金流、资产负债率,-,0.85,-39.4%,49.2%,-2005547.00,10.7%,21.5%,-,未分红/不适用,-8.4%,4,6,80,Medium,低,排除,0,PB低但近5年出现亏损；PB低但近5年经营现金流多次为负；10年内亏损年份过多；10年ROE波动较大；10年净利润波动较大；长期ROE低于5%；商誉占比偏高；近5年营收增长偏弱；数据质量为Medium，筛选结果置信度中等
ITRI,US,"Itron, Inc. - Common Stock",Scientific & Technical Instruments,通用,ROE、现金流、资产负债率,12.75,2.20,10.3%,8.8%,173378500.00,53.3%,36.1%,16.25,未分红/不适用,9.7%,4,6,80,Medium,低,警惕,70,10年净利润波动较大；商誉占比偏高；数据质量为Medium，筛选结果置信度中等
ITRN,US,Ituran Location and Control Ltd. - Ordinary Shares,Scientific & Technical Instruments,通用,ROE、现金流、资产负债率,19.89,5.29,27.2%,1.5%,52256250.00,41.9%,10.3%,41.40,未分红/不适用,7.0%,4,6,80,Medium,低,通过,85,数据质量为Medium，筛选结果置信度中等
IVDA,US,"Iveda Solutions, Inc. - Common Stock",Security & Protection Services,通用,ROE、现金流、资产负债率,-,0.40,-89.8%,49.6%,-4421398.00,25.6%,-,-85.76,未分红/不适用,5.7%,4,6,80,Medium,低,排除,0,PB低但近5年出现亏损；PB低但近5年经营现金流多次为负；10年内亏损年份过多；10年ROE波动较大；长期ROE低于5%；近5年自由现金流多次为负；利息覆盖倍数过低；数据质量为Medium，筛选结果置信度中等
IVF,US,"INVO Fertility, Inc. - Common Stock",Medical Devices,通用,ROE、现金流、资产负债率,-,-0.07,12.9%,829.5%,-5364622.25,72.6%,50.7%,-7.63,未分红/不适用,16.2%,4,0,80,Medium,中,排除,0,PB低但近5年出现亏损；PB低但近5年经营现金流多次为负；10年内亏损年份过多；10年ROE波动较大；近5年自由现金流多次为负；资产负债率偏高；商誉占比过高；利息覆盖倍数过低；资产负债率相对偏高；数据质量为Medium，筛选结果置信度中等
IVVD,US,"Invivyd, Inc. - Common Stock",Biotechnology,科技,营收增长、自由现金流、研发投入效率,-,1.55,-113.3%,99.3%,-156098000.00,12.8%,-,-,未分红/不适用,-,4,6,80,Medium,低,排除,0,科技公司自由现金流为负；10年内亏损年份过多；10年ROE波动较大；长期ROE低于5%；近5年自由现金流多次为负；数据质量为Medium，筛选结果置信度中等
IXHL,US,Incannex Healthcare Inc. - Common Stock,Drug Manufacturers - Specialty & Generic,通用,ROE、现金流、资产负债率,-,0.64,-143.3%,80.0%,-13593500.00,-,-,-,未分红/不适用,-79.7%,4,6,80,Medium,未知,排除,0,PB低但近5年出现亏损；PB低但近5年经营现金流多次为负；10年内亏损年份过多；10年ROE波动较大；10年净利润波动较大；长期ROE低于5%；近5年营收明显下滑；数据质量为Medium，筛选结果置信度中等
IZEA,US,"IZEA Worldwide, Inc. - Common Stock",Internet Content & Information,科技,营收增长、自由现金流、研发投入效率,-,1.39,-14.0%,17.0%,-5300063.25,14.9%,-,7.61,未分红/不适用,-8.7%,4,6,80,Medium,低,排除,0,科技公司营收增长转负；科技公司自由现金流为负；10年内亏损年份过多；10年ROE波动较大；10年净利润波动较大；长期ROE低于5%；近5年自由现金流多次为负；近5年营收增长偏弱；数据质量为Medium，筛选结果置信度中等
IZM,US,ICZOOM Group Inc. - Class A Ordinary Shares,Electronics & Computer Distribution,科技,营收增长、自由现金流、研发投入效率,4.00,0.31,14.1%,21.7%,555255.75,61.5%,-,-2.35,未分红/不适用,-14.0%,4,0,80,Medium,低,排除,0,科技公司营收增长转负；PB低但近5年出现亏损；10年ROE波动较大；10年净利润波动较大；利息覆盖倍数过低；近5年营收增长偏弱；数据质量为Medium，筛选结果置信度中等
JACK,US,Jack In The Box Inc. - Common Stock,Restaurants,通用,ROE、现金流、资产负债率,-,-0.22,-5.3%,13.7%,80798250.00,136.2%,5.2%,-0.28,未分红/不适用,-0.1%,4,6,80,Medium,低,排除,0,PB低但近5年出现亏损；10年ROE波动较大；10年净利润波动较大；长期ROE低于5%；资产负债率过高；利息覆盖倍数过低；数据质量为Medium，筛选结果置信度中等
JAGX,US,"Jaguar Health, Inc. - Common Stock",Biotechnology,科技,营收增长、自由现金流、研发投入效率,-,-0.04,1542.8%,3817.4%,-29373666.67,148.8%,-,-804.93,未分红/不适用,-1.3%,4,6,80,Medium,低,排除,0,科技公司营收增长转负；科技公司自由现金流为负；PB低但近5年出现亏损；PB低但近5年经营现金流多次为负；10年内亏损年份过多；10年ROE波动较大；近5年自由现金流多次为负；资产负债率过高；利息覆盖倍数过低；数据质量为Medium，筛选结果置信度中等
JAKK,US,"JAKKS Pacific, Inc. - Common Stock",Leisure,通用,ROE、现金流、资产负债率,30.37,1.01,25.3%,25.9%,39959500.00,43.7%,7.9%,32.35,未分红/不适用,-10.5%,4,6,80,Medium,低,警惕,70,10年ROE波动较大；近5年营收增长偏弱；数据质量为Medium，筛选结果置信度中等
JANX,US,"Janux Therapeutics, Inc. - Common Stock",Biotechnology,科技,营收增长、自由现金流、研发投入效率,-,0.89,-13.8%,5.7%,-57310750.00,4.5%,-,-,未分红/不适用,5.1%,4,6,80,Medium,低,排除,0,科技公司自由现金流为负；PB低但近5年出现亏损；PB低但近5年经营现金流多次为负；10年内亏损年份过多；长期ROE低于5%；近5年自由现金流多次为负；数据质量为Medium，筛选结果置信度中等
JAZZ,US,Jazz Pharmaceuticals plc - Ordinary Shares,Biotechnology,科技,营收增长、自由现金流、研发投入效率,1908.38,3.26,2.3%,11.7%,1079171750.00,63.0%,15.7%,-2.22,未分红/不适用,5.3%,4,6,80,Medium,低,排除,5,10年净利润波动较大；长期ROE低于5%；利息覆盖倍数过低；数据质量为Medium，筛选结果置信度中等
JBDI,US,JBDI Holdings Limited - Ordinary Shares,Specialty Retail,消费,ROE、毛利率稳定性、分红稳定性,-,2.75,-5.3%,170.3%,1320000.00,-,-,-,未分红/不适用,-0.1%,4,6,80,Medium,未知,排除,15,消费公司长期ROE不够突出；10年ROE波动较大；10年净利润波动较大；长期ROE低于5%；数据质量为Medium，筛选结果置信度中等
JBHT,US,"J.B. Hunt Transport Services, Inc. - Common Stock",Integrated Freight & Logistics,通用,ROE、现金流、资产负债率,40.73,6.88,18.8%,5.3%,420910250.00,55.0%,1.7%,11.56,未分红/不适用,-6.8%,4,6,80,Medium,低,警惕,85,近5年营收增长偏弱；数据质量为Medium，筛选结果置信度中等
JBIO,US,"Jade Biosciences, Inc. - Common Stock",Biotechnology,科技,营收增长、自由现金流、研发投入效率,-,3.76,-38.3%,-,-94885000.00,4.9%,-,-,未分红/不适用,-,1,3,20,Low,低,数据不足,0,科技公司自由现金流为负；长期ROE低于5%；数据年数不足，无法进行可靠筛选
JBLU,US,JetBlue Airways Corporation - Common Stock,Airlines,通用,ROE、现金流、资产负债率,-,0.82,-19.5%,11.3%,-1010250000.00,87.2%,-,-0.34,未分红/不适用,-0.4%,4,6,80,Medium,中,排除,0,PB低但近5年出现亏损；10年内亏损年份过多；长期ROE低于5%；近5年自由现金流多次为负；资产负债率过高；利息覆盖倍数过低；资产负债率相对偏高；数据质量为Medium，筛选结果置信度中等
JBSS,US,"John B. Sanfilippo & Son, Inc. - Common Stock",Packaged Foods,消费,ROE、毛利率稳定性、分红稳定性,13.00,2.24,19.7%,2.7%,39741750.00,39.6%,2.0%,22.92,未分红/不适用,5.0%,4,6,80,Medium,低,通过,85,数据质量为Medium，筛选结果置信度中等
JCAP,US,"Jefferson Capital, Inc. - Common Stock",Credit Services,通用,ROE、现金流、资产负债率,3.18,2.19,37.9%,3.7%,182906000.00,77.2%,2.8%,-,未分红/不适用,37.8%,3,0,60,Medium,中,警惕,70,资产负债率偏高；资产负债率相对偏高；数据质量为Medium，筛选结果置信度中等
JCSE,US,JE Cleantech Holdings Limited - Ordinary Shares,Specialty Industrial Machinery,通用,ROE、现金流、资产负债率,2.57,0.54,2.7%,3.4%,-376750.00,53.0%,-,1.55,未分红/不适用,9.3%,4,0,80,Medium,低,排除,30,10年净利润波动较大；长期ROE低于5%；利息覆盖倍数偏低；数据质量为Medium，筛选结果置信度中等
JCTC,US,Jewett-Cameron Trading Company - Common Shares,Lumber & Wood Production,通用,ROE、现金流、资产负债率,-,0.44,-3.1%,11.4%,-60418.50,18.4%,-,-,未分红/不适用,-13.1%,4,6,80,Medium,低,排除,0,PB低但近5年出现亏损；10年净利润波动较大；长期ROE低于5%；近5年营收增长偏弱；数据质量为Medium，筛选结果置信度中等
JDZG,US,JIADE LIMITED - Class A Ordinary Shares,Education & Training Services,通用,ROE、现金流、资产负债率,-,0.11,31.0%,37.7%,-17177532.00,16.1%,18.4%,-34.53,未分红/不适用,35.9%,4,6,80,Medium,低,排除,0,PB低但近5年出现亏损；10年ROE波动较大；10年净利润波动较大；近5年自由现金流多次为负；利息覆盖倍数过低；数据质量为Medium，筛选结果置信度中等
JEM,US,707 Cayman Holdings Limited - Ordinary Shares,Apparel Retail,消费,ROE、毛利率稳定性、分红稳定性,-,0.31,79.6%,124.8%,1831351.25,33.7%,-,-148.44,未分红/不适用,41.0%,4,0,80,Medium,低,排除,0,PB低但近5年出现亏损；10年ROE波动较大；10年净利润波动较大；利息覆盖倍数过低；数据质量为Medium，筛选结果置信度中等
JFB,US,JFB Construction Holdings - Class A Common Stock,Real Estate - Development,地产,净负债率、现金短债比、资产负债率,-,1.71,35.8%,50.3%,-1909377.25,5.5%,-,-10781.31,未分红/不适用,8.1%,4,0,80,Medium,低,排除,15,地产需补充净负债率/现金短债比专项数据；10年ROE波动较大；10年净利润波动较大；利息覆盖倍数过低；数据质量为Medium，筛选结果置信度中等
JJSF,US,J & J Snack Foods Corp. - Common Stock,Packaged Foods,消费,ROE、毛利率稳定性、分红稳定性,23.70,1.50,7.5%,1.7%,47015750.00,30.0%,13.4%,58.89,未分红/不适用,4.7%,4,6,80,Medium,低,警惕,70,消费公司长期ROE不够突出；长期ROE偏低但PE不低；数据质量为Medium，筛选结果置信度中等
JKHY,US,"Jack Henry & Associates, Inc. - Common Stock",Information Technology Services,科技,营收增长、自由现金流、研发投入效率,19.21,4.59,22.8%,2.5%,308443250.00,30.0%,26.4%,57.14,未分红/不适用,6.9%,4,6,80,Medium,低,警惕,85,商誉占比偏高；数据质量为Medium，筛选结果置信度中等
JL,US,J-Long Group Limited - Class A Ordinary Shares,Apparel Manufacturing,消费,ROE、毛利率稳定性、分红稳定性,9.85,1.51,36.9%,28.3%,2998867.50,35.9%,-,26.12,未分红/不适用,0.7%,4,0,80,Medium,低,警惕,85,10年ROE波动较大；数据质量为Medium，筛选结果置信度中等
JLHL,US,Julong Holding Limited - Class A Ordinary Shares,Building Products & Equipment,通用,ROE、现金流、资产负债率,143.45,57.25,43.4%,37.6%,27731455.50,79.5%,-,-,未分红/不适用,55.9%,4,0,80,Medium,中,警惕,55,10年ROE波动较大；资产负债率偏高；资产负债率相对偏高；数据质量为Medium，筛选结果置信度中等
JMSB,US,"John Marshall Bancorp, Inc. - Common Stock",Banks - Regional,银行,不良率、拨备覆盖、资本充足率,13.13,1.11,8.0%,5.2%,22299250.00,88.6%,-,-,未分红/不适用,-4.6%,4,6,80,Medium,中,排除,30,银行需补充不良率/拨备/资本充足率专项数据；资产负债率过高；资产负债率相对偏高；数据质量为Medium，筛选结果置信度中等
JOUT,US,Johnson Outdoors Inc. - Class A Common Stock,Leisure,通用,ROE、现金流、资产负债率,-,0.98,-0.2%,8.1%,-3898000.00,30.7%,1.7%,-40.42,未分红/不适用,-7.3%,4,6,80,Medium,低,排除,0,PB低但近5年出现亏损；10年净利润波动较大；长期ROE低于5%；利息覆盖倍数过低；近5年营收增长偏弱；数据质量为Medium，筛选结果置信度中等
JRSH,US,"Jerash Holdings (US), Inc. - Common Stock",Apparel Manufacturing,消费,ROE、毛利率稳定性、分红稳定性,23.43,0.66,2.6%,6.5%,1469153.25,24.2%,0.6%,1.09,未分红/不适用,0.6%,4,0,80,Medium,低,排除,0,消费公司长期ROE不够突出；PB低但近5年出现亏损；10年净利润波动较大；长期ROE低于5%；利息覆盖倍数过低；数据质量为Medium，筛选结果置信度中等
JRVR,US,"James River Group Holdings, Inc. - Common Stock",Insurance - Specialty,保险,偿付能力、久期缺口、投资收益质量,10.13,0.36,-4.5%,11.9%,5118000.00,86.2%,3.7%,3.15,未分红/不适用,1.3%,4,6,80,Medium,中,排除,0,保险需补充偿付能力/久期缺口专项数据；PB低但近5年出现亏损；10年净利润波动较大；长期ROE低于5%；资产负债率过高；资产负债率相对偏高；数据质量为Medium，筛选结果置信度中等
JSPR,US,"Jasper Therapeutics, Inc. - Class A Common Stock",Biotechnology,科技,营收增长、自由现金流、研发投入效率,-,5.54,-532.1%,862.7%,-59772500.00,88.4%,-,-,未分红/不适用,-,4,6,80,Medium,中,排除,0,科技公司自由现金流为负；10年内亏损年份过多；10年ROE波动较大；长期ROE低于5%；近5年自由现金流多次为负；资产负债率过高；资产负债率相对偏高；数据质量为Medium，筛选结果置信度中等
JTAI,US,Jet.AI Inc. - Common Stock,Software - Application,科技,营收增长、自由现金流、研发投入效率,0.11,0.01,-226.3%,589.1%,-6038926.00,14.4%,-,-,未分红/不适用,-25.1%,4,6,80,Medium,低,排除,0,科技公司营收增长转负；科技公司自由现金流为负；PB低但近5年出现亏损；PB低但近5年经营现金流多次为负；10年内亏损年份过多；10年ROE波动较大；10年净利润波动较大；长期ROE低于5%；近5年营收明显下滑；数据质量为Medium，筛选结果置信度中等
JUNS,US,"Jupiter Neurosciences, Inc. - Common Stock",Biotechnology,科技,营收增长、自由现金流、研发投入效率,-,-6.60,141.3%,229.4%,-,132.9%,-,-129.94,未分红/不适用,-54.6%,4,6,80,Medium,低,排除,0,科技公司营收增长转负；PB低但近5年出现亏损；PB低但近5年经营现金流多次为负；10年内亏损年份过多；10年ROE波动较大；资产负债率过高；利息覆盖倍数过低；近5年营收明显下滑；数据质量为Medium，筛选结果置信度中等
JVA,US,"Coffee Holding Co., Inc. - Common Stock",Packaged Foods,消费,ROE、毛利率稳定性、分红稳定性,12.50,0.84,-1.3%,10.5%,-1876815.25,34.4%,-,8.96,未分红/不适用,13.6%,4,6,80,Medium,低,排除,0,消费公司长期ROE不够突出；PB低但近5年出现亏损；10年净利润波动较大；长期ROE低于5%；近5年自由现金流多次为负；数据质量为Medium，筛选结果置信度中等
JWEL,US,Jowell Global Ltd. - Ordinary Shares,Internet Retail,科技,营收增长、自由现金流、研发投入效率,-,0.30,-44.6%,10.0%,-6929134.25,47.7%,-,-,未分红/不适用,-7.7%,4,6,80,Medium,低,排除,0,科技公司营收增长转负；科技公司自由现金流为负；PB低但近5年出现亏损；PB低但近5年经营现金流多次为负；10年内亏损年份过多；长期ROE低于5%；近5年自由现金流多次为负；近5年营收增长偏弱；数据质量为Medium，筛选结果置信度中等
JXG,US,JX Luxventure Group Inc. - Common Stock,Apparel Manufacturing,消费,ROE、毛利率稳定性、分红稳定性,-,0.09,-170.5%,291.2%,-6280239.75,29.6%,-,275.78,未分红/不适用,-2.7%,4,0,80,Medium,低,排除,0,消费公司长期ROE不够突出；PB低但近5年出现亏损；PB低但近5年经营现金流多次为负；10年ROE波动较大；10年净利润波动较大；长期ROE低于5%；近5年自由现金流多次为负；数据质量为Medium，筛选结果置信度中等
JYD,US,Jayud Global Logistics Limited - Class A Ordinary Shares,Integrated Freight & Logistics,通用,ROE、现金流、资产负债率,-,0.72,104.9%,203.6%,-40152889.00,-,-,-,未分红/不适用,1.2%,4,6,80,Medium,未知,排除,0,PB低但近5年出现亏损；PB低但近5年经营现金流多次为负；10年ROE波动较大；10年净利润波动较大；近5年自由现金流多次为负；数据质量为Medium，筛选结果置信度中等
JYNT,US,The Joint Corp. - Common Stock,Medical Care Facilities,通用,ROE、现金流、资产负债率,92.33,7.81,-11.6%,27.0%,5138287.50,75.3%,-,-,未分红/不适用,-18.5%,4,6,80,Medium,中,排除,0,10年ROE波动较大；10年净利润波动较大；长期ROE低于5%；资产负债率偏高；近5年营收明显下滑；资产负债率相对偏高；数据质量为Medium，筛选结果置信度中等
JZXN,US,"Jiuzi Holdings, Inc. - Ordinary Shares",Auto & Truck Dealerships,通用,ROE、现金流、资产负债率,-,0.11,-320.0%,269.9%,-4987825.50,18.2%,-,-93.96,未分红/不适用,-,4,6,80,Medium,低,排除,0,PB低但近5年出现亏损；PB低但近5年经营现金流多次为负；10年内亏损年份过多；10年ROE波动较大；10年净利润波动较大；长期ROE低于5%；利息覆盖倍数过低；数据质量为Medium，筛选结果置信度中等
KALA,US,"KALA BIO, Inc. - Common Stock",Biotechnology,科技,营收增长、自由现金流、研发投入效率,-,0.23,-374.1%,139.5%,-42338500.00,26.3%,-,-7.24,未分红/不适用,-,4,6,80,Medium,低,排除,0,科技公司自由现金流为负；PB低但近5年出现亏损；PB低但近5年经营现金流多次为负；10年内亏损年份过多；10年ROE波动较大；长期ROE低于5%；近5年自由现金流多次为负；利息覆盖倍数过低；数据质量为Medium，筛选结果置信度中等
KALU,US,Kaiser Aluminum Corporation - Common Stock,Aluminum,通用,ROE、现金流、资产负债率,18.59,3.15,7.0%,8.1%,-44025000.00,67.8%,0.7%,3.99,未分红/不适用,-0.5%,4,6,80,Medium,中,警惕,40,10年净利润波动较大；长期ROE偏低但PE不低；近5年自由现金流多次为负；资产负债率相对偏高；数据质量为Medium，筛选结果置信度中等
KALV,US,"KalVista Pharmaceuticals, Inc. - Common Stock",Biotechnology,科技,营收增长、自由现金流、研发投入效率,-,-504.72,-59.5%,2.6%,-81732000.00,100.8%,-,-,未分红/不适用,-,2,6,40,Low,低,数据不足,0,科技公司自由现金流为负；PB低但近5年出现亏损；PB低但近5年经营现金流多次为负；10年内亏损年份过多；长期ROE低于5%；近5年自由现金流多次为负；资产负债率过高；数据年数不足，无法进行可靠筛选
KARO,US,Karooooo Ltd. - Ordinary shares,Software - Application,科技,营收增长、自由现金流、研发投入效率,23.73,7.11,24.3%,3.4%,428767250.00,36.1%,3.4%,25.80,未分红/不适用,18.5%,4,0,80,Medium,低,通过,85,数据质量为Medium，筛选结果置信度中等
KBON,US,Karbon Capital Partners Corp. - Class A Ordinary Shares,Shell Companies,通用,ROE、现金流、资产负债率,-,-37.65,-,-,-,3.6%,-,-,未分红/不适用,-,0,3,0,Insufficient,低,数据不足,0,数据年数不足，无法进行可靠筛选
KBSX,US,FST Corp. - Ordinary Shares,Steel,周期,利润波动、ROE波动、资本开支周期,19.43,3.60,2.3%,23.3%,-6149418.33,-,-,-,未分红/不适用,-14.4%,3,6,60,Medium,未知,排除,0,周期行业ROE波动显著；周期行业利润弹性过大；10年ROE波动较大；10年净利润波动较大；长期ROE低于5%；近5年营收增长偏弱；数据质量为Medium，筛选结果置信度中等
KDK,US,"Kodiak AI, Inc. - Common Stock",Software - Infrastructure,科技,营收增长、自由现金流、研发投入效率,-,-5.82,88.3%,102.7%,-72577666.67,277.6%,-,-106.97,未分红/不适用,-52.7%,3,0,60,Medium,低,排除,0,科技公司营收增长转负；科技公司自由现金流为负；PB低但近5年出现亏损；PB低但近5年经营现金流多次为负；10年内亏损年份过多；10年ROE波动较大；10年净利润波动较大；近5年自由现金流多次为负；资产负债率过高；利息覆盖倍数过低；近5年营收明显下滑；数据质量为Medium，筛选结果置信度中等
KDP,US,Keurig Dr Pepper Inc. - Common Stock,Beverages - Non-Alcoholic,消费,ROE、毛利率稳定性、分红稳定性,21.50,1.56,7.1%,1.4%,1597750000.00,54.0%,36.5%,4.56,未分红/不适用,5.7%,4,6,80,Medium,低,警惕,55,消费公司长期ROE不够突出；长期ROE偏低但PE不低；商誉占比偏高；数据质量为Medium，筛选结果置信度中等
KE,US,"Kimball Electronics, Inc. - Common Stock",Electrical Equipment & Parts,科技,营收增长、自由现金流、研发投入效率,23.33,1.02,6.1%,3.5%,-21486250.00,47.1%,0.6%,2.78,未分红/不适用,3.3%,4,6,80,Medium,低,警惕,55,科技公司自由现金流为负；长期ROE偏低但PE不低；利息覆盖倍数偏低；数据质量为Medium，筛选结果置信度中等
KEEL,US,Keel Infrastructure Corp. - Common Stock,Information Technology Services,科技,营收增长、自由现金流、研发投入效率,-,4.54,-30.2%,29.7%,-331052500.00,56.8%,-,-16.71,未分红/不适用,17.2%,4,6,80,Medium,低,排除,0,科技公司自由现金流为负；10年内亏损年份过多；10年ROE波动较大；10年净利润波动较大；长期ROE低于5%；近5年自由现金流多次为负；利息覆盖倍数过低；数据质量为Medium，筛选结果置信度中等
KELYA,US,"Kelly Services, Inc. - Class A Common Stock",Staffing & Employment Services,通用,ROE、现金流、资产负债率,-,0.34,-7.0%,13.1%,25750000.00,56.6%,9.0%,-5.35,未分红/不适用,-5.0%,4,6,80,Medium,低,排除,0,PB低但近5年出现亏损；10年内亏损年份过多；10年ROE波动较大；10年净利润波动较大；长期ROE低于5%；利息覆盖倍数过低；近5年营收增长偏弱；数据质量为Medium，筛选结果置信度中等
KELYB,US,"Kelly Services, Inc. - Class B Common Stock",Staffing & Employment Services,通用,ROE、现金流、资产负债率,-,0.57,-7.0%,13.1%,25750000.00,56.6%,9.0%,-5.35,未分红/不适用,-5.0%,4,6,80,Medium,低,排除,0,PB低但近5年出现亏损；10年内亏损年份过多；10年ROE波动较大；10年净利润波动较大；长期ROE低于5%；利息覆盖倍数过低；近5年营收增长偏弱；数据质量为Medium，筛选结果置信度中等
KEQU,US,Kewaunee Scientific Corporation - Common Stock,"Furnishings, Fixtures & Appliances",通用,ROE、现金流、资产负债率,10.40,1.57,9.2%,22.0%,2519250.00,66.0%,6.4%,5.60,未分红/不适用,12.5%,4,0,80,Medium,低,警惕,70,10年ROE波动较大；10年净利润波动较大；数据质量为Medium，筛选结果置信度中等
KFFB,US,Kentucky First Federal Bancorp - Common Stock,Banks - Regional,银行,不良率、拨备覆盖、资本充足率,26.26,0.74,1.2%,3.3%,868750.00,-,-,-,未分红/不适用,-11.9%,4,6,80,Medium,未知,排除,0,银行需补充不良率/拨备/资本充足率专项数据；PB低但近5年出现亏损；10年净利润波动较大；长期ROE低于5%；近5年营收增长偏弱；数据质量为Medium，筛选结果置信度中等
KG,US,"Kestrel Group, Ltd. - Common Stock",Insurance - Reinsurance,保险,偿付能力、久期缺口、投资收益质量,2.00,0.71,4.2%,45.6%,-,87.3%,-,6.03,未分红/不适用,393.0%,3,0,60,Medium,中,排除,0,保险需补充偿付能力/久期缺口专项数据；PB低但近5年出现亏损；PB低但近5年经营现金流多次为负；10年ROE波动较大；10年净利润波动较大；长期ROE低于5%；资产负债率过高；资产负债率相对偏高；数据质量为Medium，筛选结果置信度中等
KGEI,US,Kolibri Global Energy Inc. - Common stock,Oil & Gas E&P,周期,利润波动、ROE波动、资本开支周期,13.77,1.03,9.9%,1.7%,-10761750.00,30.6%,-,6.92,未分红/不适用,14.2%,4,6,80,Medium,低,警惕,85,近5年自由现金流多次为负；数据质量为Medium，筛选结果置信度中等
KHC,US,The Kraft Heinz Company - Common Stock,Packaged Foods,消费,ROE、毛利率稳定性、分红稳定性,-,0.66,0.5%,9.7%,2799250000.00,48.9%,27.1%,-4.75,未分红/不适用,-2.0%,4,6,80,Medium,低,排除,0,消费公司长期ROE不够突出；PB低但近5年出现亏损；10年净利润波动较大；长期ROE低于5%；商誉占比偏高；利息覆盖倍数过低；数据质量为Medium，筛选结果置信度中等
KIDS,US,OrthoPediatrics Corp. - Common Stock,Medical Devices,通用,ROE、现金流、资产负债率,-,1.28,-6.8%,5.4%,-33248250.00,31.9%,21.5%,-,未分红/不适用,24.6%,4,6,80,Medium,低,排除,0,10年内亏损年份过多；长期ROE低于5%；近5年自由现金流多次为负；商誉占比偏高；数据质量为Medium，筛选结果置信度中等
KIDZ,US,"Classover Holdings, Inc. - Class B Common Stock",Education & Training Services,通用,ROE、现金流、资产负债率,-,0.08,-21.2%,113.3%,-2355771.33,75.7%,-,-13.88,未分红/不适用,21.0%,4,0,80,Medium,中,排除,0,PB低但近5年出现亏损；PB低但近5年经营现金流多次为负；10年内亏损年份过多；10年ROE波动较大；10年净利润波动较大；长期ROE低于5%；近5年自由现金流多次为负；资产负债率偏高；利息覆盖倍数过低；资产负债率相对偏高；数据质量为Medium，筛选结果置信度中等
KINS,US,"Kingstone Companies, Inc - Common Stock",Insurance - Property & Casualty,保险,偿付能力、久期缺口、投资收益质量,6.84,1.91,-4.9%,44.6%,27510544.00,72.9%,-,115.65,未分红/不适用,18.2%,4,6,80,Medium,中,排除,0,保险需补充偿付能力/久期缺口专项数据；10年ROE波动较大；10年净利润波动较大；长期ROE低于5%；资产负债率偏高；资产负债率相对偏高；数据质量为Medium，筛选结果置信度中等
KITT,US,"Nauticus Robotics, Inc. - Common stock",Aerospace & Defense,通用,ROE、现金流、资产负债率,-,0.98,-25346.6%,50829.7%,-33415550.75,83.5%,22.5%,-3.68,未分红/不适用,-22.7%,4,6,80,Medium,中,排除,0,PB低但近5年出现亏损；PB低但近5年经营现金流多次为负；10年内亏损年份过多；10年ROE波动较大；长期ROE低于5%；近5年自由现金流多次为负；资产负债率偏高；商誉占比偏高；利息覆盖倍数过低；近5年营收明显下滑；资产负债率相对偏高；数据质量为Medium，筛选结果置信度中等
KLAC,US,KLA Corporation  - Common Stock,Semiconductor Equipment & Materials,科技,营收增长、自由现金流、研发投入效率,51.51,43.75,130.4%,72.7%,3276620250.00,70.8%,11.2%,16.37,未分红/不适用,9.7%,4,6,80,Medium,中,警惕,55,10年ROE波动较大；资产负债率偏高；资产负债率相对偏高；数据质量为Medium，筛选结果置信度中等
KLIC,US,"Kulicke and Soffa Industries, Inc. - Common Stock",Semiconductor Equipment & Materials,科技,营收增长、自由现金流、研发投入效率,96.73,6.08,8.5%,19.2%,151863000.00,25.6%,6.3%,153.81,未分红/不适用,-24.2%,4,6,80,Medium,低,排除,15,科技公司营收增长转负；10年ROE波动较大；10年净利润波动较大；近5年营收明显下滑；数据质量为Medium，筛选结果置信度中等
KLRA,US,"Kailera Therapeutics, Inc. - Common stock",Biotechnology,科技,营收增长、自由现金流、研发投入效率,-,-0.00,41.8%,-,-122298000.00,151.5%,-,-,未分红/不适用,-,1,3,20,Low,低,数据不足,0,科技公司自由现金流为负；PB低但近5年出现亏损；资产负债率过高；数据年数不足，无法进行可靠筛选
KLRS,US,"Kalaris Therapeutics, Inc.  - Common Stock",Biotechnology,科技,营收增长、自由现金流、研发投入效率,-,1.49,25.1%,55.8%,-38570000.00,35.3%,-,-29.10,未分红/不适用,-,4,0,80,Medium,低,排除,0,科技公司自由现金流为负；10年内亏损年份过多；10年ROE波动较大；利息覆盖倍数过低；数据质量为Medium，筛选结果置信度中等
KLTR,US,"Kaltura, Inc. - Common Stock",Software - Application,科技,营收增长、自由现金流、研发投入效率,-,48.06,-157.5%,25.6%,-9904000.00,96.2%,15.4%,-3.02,未分红/不适用,2.3%,4,6,80,Medium,中,排除,0,科技公司自由现金流为负；10年内亏损年份过多；10年ROE波动较大；长期ROE低于5%；资产负债率过高；利息覆盖倍数过低；资产负债率相对偏高；数据质量为Medium，筛选结果置信度中等
KLXE,US,"KLX Energy Services Holdings, Inc.  - Common Stock",Oil & Gas Equipment & Services,周期,利润波动、ROE波动、资本开支周期,-,-1.03,169.4%,226.3%,-3475000.00,121.8%,-,-0.69,未分红/不适用,-6.6%,4,0,80,Medium,低,排除,0,周期行业ROE波动显著；周期行业利润弹性过大；PB低但近5年出现亏损；10年内亏损年份过多；10年ROE波动较大；10年净利润波动较大；近5年自由现金流多次为负；资产负债率过高；利息覆盖倍数过低；近5年营收增长偏弱；数据质量为Medium，筛选结果置信度中等
KMB,US,Kimberly-Clark Corporation - Common Stock,Household & Personal Products,消费,ROE、毛利率稳定性、分红稳定性,18.57,17.74,246.0%,100.1%,2196250000.00,90.5%,10.8%,9.02,未分红/不适用,-6.6%,4,6,80,Medium,中,排除,15,10年ROE波动较大；资产负债率过高；近5年营收增长偏弱；资产负债率相对偏高；数据质量为Medium，筛选结果置信度中等
KMDA,US,Kamada Ltd. - Ordinary Shares,Drug Manufacturers - Specialty & Generic,通用,ROE、现金流、资产负债率,22.34,1.68,3.8%,3.8%,18941250.00,29.0%,8.0%,28.16,未分红/不适用,11.7%,4,6,80,Medium,低,排除,45,10年净利润波动较大；长期ROE低于5%；数据质量为Medium，筛选结果置信度中等
KMRK,US,K-Tech Solutions Company Limited - Class A Ordinary Shares,Leisure,通用,ROE、现金流、资产负债率,-,7.19,25.5%,13.2%,-321168.00,59.7%,-,8.06,未分红/不适用,5.8%,3,0,60,Medium,低,警惕,85,10年ROE波动较大；数据质量为Medium，筛选结果置信度中等
KMTS,US,"Kestra Medical Technologies, Ltd. - Common Stock",Medical Instruments & Supplies,通用,ROE、现金流、资产负债率,-,4.23,20.4%,67.0%,-90350333.33,30.5%,-,-13.70,未分红/不适用,180.0%,3,0,60,Medium,低,排除,0,10年内亏损年份过多；10年ROE波动较大；近5年自由现金流多次为负；利息覆盖倍数过低；数据质量为Medium，筛选结果置信度中等
KNDI,US,"Kandi Technologies Group, Inc. - Ordinary Shares",Recreational Vehicles,通用,ROE、现金流、资产负债率,-,0.16,-13.1%,15.8%,-2292081.00,32.4%,5.6%,-47.58,未分红/不适用,-9.5%,4,6,80,Medium,低,排除,0,PB低但近5年出现亏损；10年内亏损年份过多；10年ROE波动较大；10年净利润波动较大；长期ROE低于5%；利息覆盖倍数过低；近5年营收增长偏弱；数据质量为Medium，筛选结果置信度中等
KNSA,US,"Kiniksa Pharmaceuticals International, plc - Class A Ordinary Shares",Drug Manufacturers - Specialty & Generic,通用,ROE、现金流、资产负债率,62.95,7.70,12.5%,24.0%,45175500.00,25.7%,-,-,未分红/不适用,45.5%,4,6,80,Medium,低,警惕,70,10年ROE波动较大；10年净利润波动较大；数据质量为Medium，筛选结果置信度中等
KOD,US,Kodiak Sciences Inc - Common Stock,Biotechnology,科技,营收增长、自由现金流、研发投入效率,-,20.16,-109.5%,29.6%,-175916250.00,55.2%,-,-,未分红/不适用,-,4,6,80,Medium,低,排除,0,科技公司自由现金流为负；10年内亏损年份过多；10年ROE波动较大；长期ROE低于5%；近5年自由现金流多次为负；数据质量为Medium，筛选结果置信度中等
KOPN,US,Kopin Corporation - Common Stock,Electronic Components,科技,营收增长、自由现金流、研发投入效率,513.46,14.18,-82.8%,79.5%,-16686963.75,33.9%,-,-,未分红/不适用,-6.7%,4,6,80,Medium,低,排除,0,科技公司营收增长转负；科技公司自由现金流为负；10年内亏损年份过多；10年ROE波动较大；10年净利润波动较大；长期ROE低于5%；近5年自由现金流多次为负；近5年营收增长偏弱；数据质量为Medium，筛选结果置信度中等
KOSS,US,Koss Corporation - Common Stock,Consumer Electronics,科技,营收增长、自由现金流、研发投入效率,-,1.24,6.5%,13.7%,2057151.00,17.7%,-,-,未分红/不适用,-10.7%,4,6,80,Medium,低,警惕,25,科技公司营收增长转负；10年ROE波动较大；10年净利润波动较大；近5年自由现金流多次为负；近5年营收增长偏弱；数据质量为Medium，筛选结果置信度中等
KPLT,US,"Katapult Holdings, Inc. - Common Stock",Software - Infrastructure,科技,营收增长、自由现金流、研发投入效率,5.47,-0.81,535.4%,950.6%,-21931750.00,135.3%,-,1.08,未分红/不适用,11.7%,4,6,80,Medium,低,排除,0,科技公司自由现金流为负；PB低但近5年出现亏损；PB低但近5年经营现金流多次为负；10年内亏损年份过多；10年ROE波动较大；近5年自由现金流多次为负；资产负债率过高；利息覆盖倍数过低；数据质量为Medium，筛选结果置信度中等
KPRX,US,"Kiora Pharmaceuticals, Inc.  - Common Stock",Biotechnology,科技,营收增长、自由现金流、研发投入效率,-,0.61,-94.3%,91.8%,-759553.00,33.5%,-,-606.08,未分红/不适用,-,4,6,80,Medium,低,排除,0,科技公司自由现金流为负；PB低但近5年出现亏损；PB低但近5年经营现金流多次为负；10年内亏损年份过多；10年ROE波动较大；10年净利润波动较大；长期ROE低于5%；利息覆盖倍数过低；数据质量为Medium，筛选结果置信度中等
KPTI,US,Karyopharm Therapeutics Inc. - Common Stock,Biotechnology,科技,营收增长、自由现金流、研发投入效率,-,-0.50,301.4%,461.4%,-138650000.00,370.2%,-,-3.27,未分红/不适用,-2.4%,4,6,80,Medium,低,排除,0,科技公司营收增长转负；科技公司自由现金流为负；PB低但近5年出现亏损；PB低但近5年经营现金流多次为负；10年内亏损年份过多；10年ROE波动较大；资产负债率过高；利息覆盖倍数过低；数据质量为Medium，筛选结果置信度中等
KRMD,US,"KORU Medical Systems, Inc. - Common Stock",Medical Instruments & Supplies,通用,ROE、现金流、资产负债率,-,10.55,-36.7%,22.2%,-4017153.00,39.5%,-,-,未分红/不适用,13.8%,4,6,80,Medium,低,排除,0,10年内亏损年份过多；10年ROE波动较大；长期ROE低于5%；近5年自由现金流多次为负；数据质量为Medium，筛选结果置信度中等
KRNT,US,Kornit Digital Ltd. - Ordinary Shares,Specialty Industrial Machinery,通用,ROE、现金流、资产负债率,-,0.97,-5.3%,3.8%,-30656250.00,7.5%,3.8%,-,未分红/不适用,-8.5%,4,6,80,Medium,低,排除,0,PB低但近5年出现亏损；10年内亏损年份过多；长期ROE低于5%；近5年营收增长偏弱；数据质量为Medium，筛选结果置信度中等
KRNY,US,Kearny Financial - Common Stock,Banks - Regional,银行,不良率、拨备覆盖、资本充足率,13.82,0.65,1.1%,8.5%,52646000.00,90.4%,1.5%,-,未分红/不适用,-9.9%,4,6,80,Medium,中,排除,0,银行需补充不良率/拨备/资本充足率专项数据；PB低但近5年出现亏损；10年净利润波动较大；长期ROE低于5%；资产负债率过高；近5年营收增长偏弱；资产负债率相对偏高；数据质量为Medium，筛选结果置信度中等
KROS,US,"Keros Therapeutics, Inc. - common stock",Biotechnology,科技,营收增长、自由现金流、研发投入效率,4.63,0.69,-22.0%,34.2%,-63780250.00,10.3%,-,-,未分红/不适用,-,4,6,80,Medium,低,排除,0,科技公司自由现金流为负；PB低但近5年出现亏损；PB低但近5年经营现金流多次为负；10年内亏损年份过多；10年ROE波动较大；10年净利润波动较大；长期ROE低于5%；近5年自由现金流多次为负；数据质量为Medium，筛选结果置信度中等
KRRO,US,"Korro Bio, Inc. - Common Stock",Biotechnology,科技,营收增长、自由现金流、研发投入效率,-,1.26,-67.3%,118.7%,-72757750.00,54.7%,-,-,未分红/不适用,-,4,6,80,Medium,低,排除,0,科技公司自由现金流为负；10年内亏损年份过多；10年ROE波动较大；长期ROE低于5%；近5年自由现金流多次为负；数据质量为Medium，筛选结果置信度中等
KRT,US,Karat Packaging Inc. - Common Stock,Packaging & Containers,通用,ROE、现金流、资产负债率,16.86,3.61,19.4%,2.0%,33000000.00,100.0%,1.2%,21.94,未分红/不适用,3.4%,4,6,80,Medium,低,排除,60,资产负债率过高；数据质量为Medium，筛选结果置信度中等
KRUS,US,"Kura Sushi USA, Inc. - Class A Common Stock",Restaurants,通用,ROE、现金流、资产负债率,-,2.65,-1.5%,2.7%,-19814000.00,46.4%,-,-23.70,未分红/不适用,26.1%,4,6,80,Medium,低,排除,0,10年内亏损年份过多；10年净利润波动较大；长期ROE低于5%；近5年自由现金流多次为负；利息覆盖倍数过低；数据质量为Medium，筛选结果置信度中等
KRYS,US,"Krystal Biotech, Inc. - Common Stock",Biotechnology,科技,营收增长、自由现金流、研发投入效率,41.53,7.44,0.2%,19.1%,13486250.00,8.6%,-,-,未分红/不适用,-,4,6,80,Medium,低,排除,30,10年ROE波动较大；10年净利润波动较大；长期ROE低于5%；数据质量为Medium，筛选结果置信度中等
KSCP,US,"Knightscope, Inc. - Class A Common Stock",Security & Protection Services,通用,ROE、现金流、资产负债率,-,1.33,-71.6%,275.8%,-25570500.00,32.7%,4.7%,-866.05,未分红/不适用,26.3%,4,6,80,Medium,低,排除,0,10年内亏损年份过多；10年ROE波动较大；长期ROE低于5%；近5年自由现金流多次为负；利息覆盖倍数过低；数据质量为Medium，筛选结果置信度中等
KTCC,US,Key Tronic Corporation - Common Stock,Computer Hardware,科技,营收增长、自由现金流、研发投入效率,-,0.33,-0.7%,5.1%,-2037500.00,62.9%,-,0.04,未分红/不适用,-4.9%,4,6,80,Medium,低,排除,0,科技公司营收增长转负；科技公司自由现金流为负；PB低但近5年出现亏损；10年净利润波动较大；长期ROE低于5%；利息覆盖倍数过低；数据质量为Medium，筛选结果置信度中等
KTOS,US,"Kratos Defense & Security Solutions, Inc. - Common Stock",Aerospace & Defense,通用,ROE、现金流、资产负债率,306.00,4.40,-0.6%,2.4%,-,19.1%,24.1%,4.54,未分红/不适用,14.5%,4,9,80,Medium,低,排除,30,10年净利润波动较大；长期ROE低于5%；商誉占比偏高；数据质量为Medium，筛选结果置信度中等
KTTA,US,Pasithea Therapeutics Corp. - Common Stock,Biotechnology,科技,营收增长、自由现金流、研发投入效率,-,0.33,-58.0%,28.8%,-13628985.50,8.3%,0.0%,-,未分红/不适用,-,4,6,80,Medium,低,排除,0,科技公司自由现金流为负；PB低但近5年出现亏损；PB低但近5年经营现金流多次为负；10年内亏损年份过多；10年ROE波动较大；长期ROE低于5%；数据质量为Medium，筛选结果置信度中等
KURA,US,"Kura Oncology, Inc. - Common Stock",Biotechnology,科技,营收增长、自由现金流、研发投入效率,-,4.79,-68.2%,61.3%,-43132750.00,76.4%,-,-183.11,未分红/不适用,-,4,6,80,Medium,中,排除,0,科技公司自由现金流为负；10年内亏损年份过多；10年ROE波动较大；长期ROE低于5%；近5年自由现金流多次为负；资产负债率偏高；利息覆盖倍数过低；资产负债率相对偏高；数据质量为Medium，筛选结果置信度中等
KUST,US,"Kustom Entertainment, Inc. - Common Stock",Entertainment,通用,ROE、现金流、资产负债率,-,0.10,-48.7%,215.5%,-11200172.00,87.7%,22.6%,-4.40,未分红/不适用,-28.1%,4,6,80,Medium,中,排除,0,PB低但近5年出现亏损；PB低但近5年经营现金流多次为负；10年内亏损年份过多；10年ROE波动较大；长期ROE低于5%；近5年自由现金流多次为负；资产负债率过高；商誉占比偏高；利息覆盖倍数过低；近5年营收明显下滑；资产负债率相对偏高；数据质量为Medium，筛选结果置信度中等
KVHI,US,"KVH Industries, Inc. - Common Stock",Telecom Services,通用,ROE、现金流、资产负债率,-,1.63,-2.2%,11.8%,-6473000.00,13.5%,0.5%,-,未分红/不适用,-7.2%,4,6,80,Medium,低,排除,0,10年内亏损年份过多；10年净利润波动较大；长期ROE低于5%；近5年自由现金流多次为负；近5年营收增长偏弱；数据质量为Medium，筛选结果置信度中等
KWM,US,"K Wave Media, Ltd. - Ordinary Shares",Entertainment,通用,ROE、现金流、资产负债率,-,0.20,351.7%,707.4%,-10360897394.40,117.8%,-,-,未分红/不适用,165.8%,2,1,40,Low,低,数据不足,0,PB低但近5年出现亏损；10年ROE波动较大；资产负债率过高；数据年数不足，无法进行可靠筛选
KXIN,US,Kaixin Holdings - Ordinary Shares,Auto & Truck Dealerships,通用,ROE、现金流、资产负债率,-,0.40,-236.2%,83.6%,-2665000.00,33.6%,64.3%,-8090.57,未分红/不适用,-88.4%,4,6,80,Medium,低,排除,0,PB低但近5年出现亏损；PB低但近5年经营现金流多次为负；10年内亏损年份过多；10年ROE波动较大；长期ROE低于5%；近5年自由现金流多次为负；商誉占比过高；利息覆盖倍数过低；近5年营收明显下滑；数据质量为Medium，筛选结果置信度中等
KYIV,US,Kyivstar Group Ltd. - Common Shares,Telecom Services,通用,ROE、现金流、资产负债率,23.40,2.37,22.5%,11.5%,225666666.67,38.8%,6.0%,3.64,未分红/不适用,12.4%,3,0,60,Medium,低,通过,85,数据质量为Medium，筛选结果置信度中等
KYMR,US,"Kymera Therapeutics, Inc. - Common Stock",Biotechnology,科技,营收增长、自由现金流、研发投入效率,-,4.26,-28.8%,7.4%,-183726500.00,9.4%,-,-840.49,未分红/不适用,-5.7%,4,6,80,Medium,低,排除,0,科技公司营收增长转负；科技公司自由现金流为负；10年内亏损年份过多；长期ROE低于5%；近5年自由现金流多次为负；利息覆盖倍数过低；近5年营收增长偏弱；数据质量为Medium，筛选结果置信度中等
KYNB,US,"Kyntra Bio, Inc. - Common Stock",Biotechnology,科技,营收增长、自由现金流、研发投入效率,-,-0.64,229.7%,828.0%,-161322750.00,96.3%,-,-5.66,未分红/不适用,-64.2%,4,6,80,Medium,低,排除,0,科技公司营收增长转负；科技公司自由现金流为负；PB低但近5年出现亏损；PB低但近5年经营现金流多次为负；10年内亏损年份过多；10年ROE波动较大；10年净利润波动较大；近5年自由现金流多次为负；资产负债率过高；利息覆盖倍数过低；近5年营收明显下滑；数据质量为Medium，筛选结果置信度中等
KYTX,US,"Kyverna Therapeutics, Inc. - Common Stock",Biotechnology,科技,营收增长、自由现金流、研发投入效率,-,2.56,-8.1%,59.1%,-90303000.00,20.9%,-,-328.87,未分红/不适用,-,4,6,80,Medium,低,排除,0,科技公司自由现金流为负；10年内亏损年份过多；10年ROE波动较大；长期ROE低于5%；近5年自由现金流多次为负；利息覆盖倍数过低；数据质量为Medium，筛选结果置信度中等
LAB,US,Standard BioTools Inc. - Common Stock,Medical Devices,通用,ROE、现金流、资产负债率,-,0.69,59.2%,121.3%,-93442000.00,25.3%,-,-3718.31,未分红/不适用,-4.5%,4,6,80,Medium,低,排除,0,PB低但近5年出现亏损；PB低但近5年经营现金流多次为负；10年内亏损年份过多；10年ROE波动较大；近5年自由现金流多次为负；利息覆盖倍数过低；数据质量为Medium，筛选结果置信度中等
LABT,US,Lakewood-Amedex Biotherapeutics Inc. - Common Stock,Biotechnology,科技,营收增长、自由现金流、研发投入效率,-,-5.69,-390.4%,713.9%,-5725168.00,507.9%,-,-37.14,未分红/不适用,-,3,0,60,Medium,低,排除,0,科技公司自由现金流为负；PB低但近5年出现亏损；PB低但近5年经营现金流多次为负；10年内亏损年份过多；10年ROE波动较大；长期ROE低于5%；资产负债率过高；利息覆盖倍数过低；数据质量为Medium，筛选结果置信度中等
LAES,US,SEALSQ Corp - Ordinary Shares,Semiconductors,科技,营收增长、自由现金流、研发投入效率,-,1.23,655.4%,1377.7%,-12203500.00,8.5%,1.1%,-152.40,未分红/不适用,-7.7%,4,6,80,Medium,低,排除,0,科技公司营收增长转负；科技公司自由现金流为负；10年内亏损年份过多；10年ROE波动较大；10年净利润波动较大；近5年自由现金流多次为负；利息覆盖倍数过低；近5年营收增长偏弱；数据质量为Medium，筛选结果置信度中等
LAKE,US,"Lakeland Industries, Inc. - Common Stock",Apparel Manufacturing,消费,ROE、毛利率稳定性、分红稳定性,-,0.77,-6.5%,11.4%,-8108750.00,38.5%,7.3%,-7.24,未分红/不适用,19.5%,4,6,80,Medium,低,排除,0,消费公司长期ROE不够突出；PB低但近5年出现亏损；PB低但近5年经营现金流多次为负；10年净利润波动较大；长期ROE低于5%；近5年自由现金流多次为负；利息覆盖倍数过低；数据质量为Medium，筛选结果置信度中等
LAMR,US,Lamar Advertising Company - Class A Common Stock,REIT - Specialty,地产,净负债率、现金短债比、资产负债率,26.77,14.53,42.5%,10.7%,662862750.00,85.2%,30.5%,4.83,未分红/不适用,3.7%,4,6,80,Medium,中,排除,0,地产需补充净负债率/现金短债比专项数据；地产资产负债率偏高；资产负债率过高；商誉占比偏高；资产负债率相对偏高；数据质量为Medium，筛选结果置信度中等
LAND,US,Gladstone Land Corporation - Common Stock,REIT - Specialty,地产,净负债率、现金短债比、资产负债率,-,0.53,1.7%,0.7%,18780250.00,45.9%,-,1.68,未分红/不适用,-0.3%,4,6,80,Medium,低,排除,30,地产需补充净负债率/现金短债比专项数据；长期ROE低于5%；利息覆盖倍数偏低；数据质量为Medium，筛选结果置信度中等
LARK,US,Landmark Bancorp Inc. - Common Stock,Banks - Regional,银行,不良率、拨备覆盖、资本充足率,8.87,1.05,9.9%,1.2%,17114500.00,90.0%,2.0%,-,未分红/不适用,10.3%,4,6,80,Medium,中,排除,30,银行需补充不良率/拨备/资本充足率专项数据；资产负债率过高；资产负债率相对偏高；数据质量为Medium，筛选结果置信度中等
LASE,US,Laser Photonics Corporation - Common Stock,Specialty Industrial Machinery,通用,ROE、现金流、资产负债率,-,-4.09,71.5%,183.5%,-5652382.25,153.3%,-,-3.78,未分红/不适用,28.8%,4,6,80,Medium,低,排除,0,PB低但近5年出现亏损；PB低但近5年经营现金流多次为负；10年内亏损年份过多；10年ROE波动较大；10年净利润波动较大；近5年自由现金流多次为负；资产负债率过高；利息覆盖倍数过低；数据质量为Medium，筛选结果置信度中等
LASR,US,"nLIGHT, Inc. - Common Stock",Semiconductors,科技,营收增长、自由现金流、研发投入效率,-,9.40,-18.7%,7.4%,-7375750.00,28.1%,3.9%,-20.00,未分红/不适用,2.6%,4,6,80,Medium,低,排除,0,科技公司自由现金流为负；10年内亏损年份过多；长期ROE低于5%；利息覆盖倍数过低；数据质量为Medium，筛选结果置信度中等
LAUR,US,"Laureate Education, Inc. - Common Stock",Education & Training Services,通用,ROE、现金流、资产负债率,17.23,4.30,18.7%,10.4%,185953250.00,46.1%,28.9%,38.61,未分红/不适用,11.1%,4,6,80,Medium,低,警惕,85,商誉占比偏高；数据质量为Medium，筛选结果置信度中等
LAWR,US,"Robot Consulting Co., Ltd. - ADS",Consulting Services,通用,ROE、现金流、资产负债率,-,127.26,84.9%,353.3%,-212219750.00,307.5%,-,-,未分红/不适用,74.4%,4,0,80,Medium,低,排除,0,10年内亏损年份过多；10年ROE波动较大；近5年自由现金流多次为负；资产负债率过高；数据质量为Medium，筛选结果置信度中等
LBGJ,US,Li Bang International Corporation Inc. - Class A Ordinary Shares,Specialty Industrial Machinery,通用,ROE、现金流、资产负债率,-,0.02,-4.5%,22.1%,-1201430.25,71.9%,-,-1.58,未分红/不适用,-6.3%,4,6,80,Medium,中,排除,0,PB低但近5年出现亏损；PB低但近5年经营现金流多次为负；10年ROE波动较大；10年净利润波动较大；长期ROE低于5%；近5年自由现金流多次为负；资产负债率偏高；利息覆盖倍数过低；近5年营收增长偏弱；资产负债率相对偏高；数据质量为Medium，筛选结果置信度中等
LBRDA,US,Liberty Broadband Corporation - Class A Common Stock,Telecom Services,通用,ROE、现金流、资产负债率,-,0.82,-3.9%,28.9%,-380333333.33,35.5%,-,-28.58,未分红/不适用,-,4,6,80,Medium,低,排除,0,PB低但近5年出现亏损；PB低但近5年经营现金流多次为负；10年ROE波动较大；10年净利润波动较大；长期ROE低于5%；近5年自由现金流多次为负；利息覆盖倍数过低；数据质量为Medium，筛选结果置信度中等
LBRDK,US,Liberty Broadband Corporation - Class C Common Stock,Telecom Services,通用,ROE、现金流、资产负债率,-,0.81,-3.9%,28.9%,-380333333.33,35.5%,-,-28.58,未分红/不适用,-,4,6,80,Medium,低,排除,0,PB低但近5年出现亏损；PB低但近5年经营现金流多次为负；10年ROE波动较大；10年净利润波动较大；长期ROE低于5%；近5年自由现金流多次为负；利息覆盖倍数过低；数据质量为Medium，筛选结果置信度中等
LBRX,US,LB Pharmaceuticals Inc - Common Stock,Biotechnology,科技,营收增长、自由现金流、研发投入效率,-,2.56,31.6%,33.4%,-33733333.33,3.7%,-,-,未分红/不适用,-,4,0,80,Medium,低,排除,0,科技公司自由现金流为负；10年内亏损年份过多；10年ROE波动较大；10年净利润波动较大；近5年自由现金流多次为负；数据质量为Medium，筛选结果置信度中等
LBTYA,US,Liberty Global Ltd. - Class A Common Shares,Telecom Services,通用,ROE、现金流、资产负债率,-,0.41,-18.8%,39.3%,1045725000.00,56.0%,15.5%,-13.42,未分红/不适用,6.7%,4,6,80,Medium,低,排除,0,PB低但近5年出现亏损；10年ROE波动较大；10年净利润波动较大；长期ROE低于5%；利息覆盖倍数过低；数据质量为Medium，筛选结果置信度中等
LBTYB,US,Liberty Global Ltd. - Class B Common Shares,Telecom Services,通用,ROE、现金流、资产负债率,-,0.53,-18.8%,39.3%,1045725000.00,56.0%,15.5%,-13.42,未分红/不适用,6.7%,4,6,80,Medium,低,排除,0,PB低但近5年出现亏损；10年ROE波动较大；10年净利润波动较大；长期ROE低于5%；利息覆盖倍数过低；数据质量为Medium，筛选结果置信度中等
LBTYK,US,Liberty Global Ltd. - Class C Common Shares,Telecom Services,通用,ROE、现金流、资产负债率,-,0.40,-18.8%,39.3%,1045725000.00,56.0%,15.5%,-13.42,未分红/不适用,6.7%,4,6,80,Medium,低,排除,0,PB低但近5年出现亏损；10年ROE波动较大；10年净利润波动较大；长期ROE低于5%；利息覆盖倍数过低；数据质量为Medium，筛选结果置信度中等
LCCC,US,Lakeshore Acquisition III Corp. - Ordinary Shares,Shell Companies,通用,ROE、现金流、资产负债率,28.00,-50.29,1.8%,-,-,3.5%,-,-,未分红/不适用,-,1,3,20,Low,低,数据不足,0,长期ROE低于5%；数据年数不足，无法进行可靠筛选
LCFY,US,Locafy Limited - Ordinary Share,Internet Content & Information,科技,营收增长、自由现金流、研发投入效率,-,2.71,-87.2%,23.9%,-,34.3%,-,-26.68,未分红/不适用,-8.8%,4,10,80,Medium,低,排除,0,科技公司营收增长转负；10年内亏损年份过多；10年ROE波动较大；长期ROE低于5%；利息覆盖倍数过低；近5年营收增长偏弱；数据质量为Medium，筛选结果置信度中等
LCID,US,"Lucid Group, Inc. - Common Stock",Auto Manufacturers,通用,ROE、现金流、资产负债率,-,2.73,-133.6%,162.6%,-3351273000.00,91.4%,-,-27.39,未分红/不适用,30.6%,4,6,80,Medium,中,排除,0,10年内亏损年份过多；10年ROE波动较大；长期ROE低于5%；近5年自由现金流多次为负；资产负债率过高；利息覆盖倍数过低；资产负债率相对偏高；数据质量为Medium，筛选结果置信度中等
LCNB,US,LCNB Corporation - Common Stock,Banks - Regional,银行,不良率、拨备覆盖、资本充足率,9.91,0.83,7.5%,2.7%,42864250.00,87.8%,4.0%,-,未分红/不适用,6.9%,4,6,80,Medium,中,排除,30,银行需补充不良率/拨备/资本充足率专项数据；资产负债率过高；资产负债率相对偏高；数据质量为Medium，筛选结果置信度中等
LCUT,US,"Lifetime Brands, Inc. - Common Stock","Furnishings, Fixtures & Appliances",通用,ROE、现金流、资产负债率,-,0.81,-6.5%,4.8%,23642500.00,64.7%,0.0%,-0.51,未分红/不适用,-3.8%,4,6,80,Medium,低,排除,0,PB低但近5年出现亏损；10年内亏损年份过多；长期ROE低于5%；利息覆盖倍数过低；数据质量为Medium，筛选结果置信度中等
LE,US,"Lands' End, Inc. - Common Stock",Apparel Retail,消费,ROE、毛利率稳定性、分红稳定性,61.21,1.38,-13.1%,27.4%,15811750.00,67.5%,-,1.21,未分红/不适用,-5.0%,4,6,80,Medium,中,排除,0,消费公司长期ROE不够突出；10年ROE波动较大；10年净利润波动较大；长期ROE低于5%；利息覆盖倍数过低；资产负债率相对偏高；数据质量为Medium，筛选结果置信度中等
LECO,US,"Lincoln Electric Holdings, Inc. - Common Shares",Tools & Accessories,通用,ROE、现金流、资产负债率,27.01,9.77,39.5%,5.1%,476157750.00,61.1%,23.5%,14.10,未分红/不适用,4.0%,4,6,80,Medium,低,警惕,85,商誉占比偏高；数据质量为Medium，筛选结果置信度中等
LEDS,US,SemiLEDS Corporation - Common Stock,Semiconductors,科技,营收增长、自由现金流、研发投入效率,-,12.25,-111.6%,84.3%,-478000.00,82.2%,-,-7.01,未分红/不适用,82.7%,4,6,80,Medium,中,排除,0,科技公司自由现金流为负；10年内亏损年份过多；10年ROE波动较大；长期ROE低于5%；近5年自由现金流多次为负；资产负债率偏高；利息覆盖倍数过低；资产负债率相对偏高；数据质量为Medium，筛选结果置信度中等
LEE,US,"Lee Enterprises, Incorporated - Common Stock",Publishing,通用,ROE、现金流、资产负债率,-,-1.12,77.5%,132.4%,-7036500.00,106.8%,53.8%,-0.05,未分红/不适用,-10.4%,4,6,80,Medium,低,排除,0,PB低但近5年出现亏损；10年内亏损年份过多；10年ROE波动较大；10年净利润波动较大；近5年自由现金流多次为负；资产负债率过高；商誉占比过高；利息覆盖倍数过低；近5年营收增长偏弱；数据质量为Medium，筛选结果置信度中等
LEGH,US,Legacy Housing Corporation - Common Stock,Residential Construction,周期,利润波动、ROE波动、资本开支周期,12.76,1.02,12.6%,4.0%,7048000.00,8.9%,0.4%,1842.64,未分红/不适用,-13.8%,4,6,80,Medium,低,警惕,85,近5年营收增长偏弱；数据质量为Medium，筛选结果置信度中等
LENZ,US,"LENZ Therapeutics, Inc. - Common Stock",Biotechnology,科技,营收增长、自由现金流、研发投入效率,-,0.77,16.7%,51.7%,-48598500.00,7.0%,-,-,未分红/不适用,8.4%,4,6,80,Medium,低,排除,0,科技公司自由现金流为负；PB低但近5年出现亏损；PB低但近5年经营现金流多次为负；10年内亏损年份过多；10年ROE波动较大；近5年自由现金流多次为负；数据质量为Medium，筛选结果置信度中等
LESL,US,"Leslie's, Inc. - Common Stock",Specialty Retail,消费,ROE、毛利率稳定性、分红稳定性,-,-0.05,-6.5%,58.1%,11591000.00,155.0%,0.0%,-2.70,未分红/不适用,-7.4%,4,6,80,Medium,低,排除,0,消费公司长期ROE不够突出；PB低但近5年出现亏损；10年ROE波动较大；10年净利润波动较大；长期ROE低于5%；资产负债率过高；利息覆盖倍数过低；近5年营收增长偏弱；数据质量为Medium，筛选结果置信度中等
LEXX,US,Lexaria Bioscience Corp. - Common Stock,Biotechnology,科技,营收增长、自由现金流、研发投入效率,-,2.20,-195.2%,150.2%,-6702143.25,37.7%,-,-,未分红/不适用,40.3%,4,6,80,Medium,低,排除,0,科技公司自由现金流为负；10年内亏损年份过多；10年ROE波动较大；长期ROE低于5%；近5年自由现金流多次为负；数据质量为Medium，筛选结果置信度中等
LFCR,US,"Lifecore Biomedical, Inc. - Common Stock",Drug Manufacturers - Specialty & Generic,通用,ROE、现金流、资产负债率,-,-11.82,1230.0%,1589.3%,-36531333.33,106.1%,6.0%,-,未分红/不适用,7.4%,2,12,40,Low,低,数据不足,0,PB低但近5年出现亏损；10年ROE波动较大；10年净利润波动较大；近5年自由现金流多次为负；资产负债率过高；数据年数不足，无法进行可靠筛选
LFMD,US,"LifeMD, Inc. - Common Stock",Health Information Services,通用,ROE、现金流、资产负债率,-,8.91,94.2%,520.8%,-6917225.00,67.1%,-,-6.48,未分红/不适用,17.7%,4,6,80,Medium,中,排除,0,10年内亏损年份过多；10年ROE波动较大；10年净利润波动较大；利息覆盖倍数过低；资产负债率相对偏高；数据质量为Medium，筛选结果置信度中等
LFST,US,"LifeStance Health Group, Inc. - Common Stock",Medical Care Facilities,通用,ROE、现金流、资产负债率,129.33,2.04,-7.6%,7.2%,27962500.00,31.0%,58.7%,2.06,未分红/不适用,18.3%,4,6,80,Medium,低,排除,0,10年内亏损年份过多；10年净利润波动较大；长期ROE低于5%；商誉占比过高；利息覆盖倍数偏低；数据质量为Medium，筛选结果置信度中等
LFUS,US,"Littelfuse, Inc. - Common Stock",Electronic Components,科技,营收增长、自由现金流、研发投入效率,-,4.40,7.1%,8.5%,336111750.00,38.7%,30.6%,1.11,未分红/不适用,-1.7%,4,6,80,Medium,低,排除,15,科技公司营收增长转负；10年净利润波动较大；商誉占比偏高；利息覆盖倍数过低；数据质量为Medium，筛选结果置信度中等
LFVN,US,Lifevantage Corporation - Common Stock,Packaged Foods,消费,ROE、毛利率稳定性、分红稳定性,11.62,2.03,14.2%,9.5%,7662250.00,51.9%,-,-,未分红/不适用,3.5%,4,6,80,Medium,低,通过,85,数据质量为Medium，筛选结果置信度中等
LFWD,US,Lifeward Ltd. - Ordinary Shares,Medical Devices,通用,ROE、现金流、资产负债率,-,1.17,-116.7%,97.1%,-18502000.00,63.3%,20.8%,-,未分红/不适用,58.7%,4,6,80,Medium,低,排除,0,10年内亏损年份过多；10年ROE波动较大；长期ROE低于5%；近5年自由现金流多次为负；商誉占比偏高；数据质量为Medium，筛选结果置信度中等
LGCB,US,Linkage Global Inc - Class A Ordinary Shares,Internet Retail,科技,营收增长、自由现金流、研发投入效率,-,0.28,-7.8%,35.1%,-2687798.33,23.5%,-,-,未分红/不适用,-38.6%,4,6,80,Medium,低,排除,0,科技公司营收增长转负；科技公司自由现金流为负；PB低但近5年出现亏损；PB低但近5年经营现金流多次为负；10年内亏损年份过多；10年ROE波动较大；10年净利润波动较大；长期ROE低于5%；近5年营收明显下滑；数据质量为Medium，筛选结果置信度中等
LGCL,US,Lucas GC Limited - Class A Ordinary Shares,Software - Application,科技,营收增长、自由现金流、研发投入效率,2.87,0.10,-10.2%,78.6%,-24463000.00,-,-,-,未分红/不适用,17.7%,4,6,80,Medium,未知,排除,15,科技公司自由现金流为负；10年ROE波动较大；长期ROE低于5%；近5年自由现金流多次为负；数据质量为Medium，筛选结果置信度中等
LGIH,US,"LGI Homes, Inc. - Common Stock",Residential Construction,周期,利润波动、ROE波动、资本开支周期,13.64,0.46,10.9%,6.8%,-179159250.00,46.6%,0.3%,-,未分红/不适用,-9.5%,4,6,80,Medium,低,排除,30,PB低但近5年经营现金流多次为负；近5年自由现金流多次为负；近5年营收增长偏弱；数据质量为Medium，筛选结果置信度中等
LGN,US,Legence Corp. - Class A Common stock,Engineering & Construction,周期,利润波动、ROE波动、资本开支周期,-,13.90,-8.5%,-,61680250.00,70.6%,28.5%,0.46,未分红/不适用,27.0%,3,3,60,Medium,中,排除,0,10年内亏损年份过多；长期ROE低于5%；资产负债率偏高；商誉占比偏高；利息覆盖倍数过低；资产负债率相对偏高；数据质量为Medium，筛选结果置信度中等
LGND,US,Ligand Pharmaceuticals Incorporated - Common Stock,Biotechnology,科技,营收增长、自由现金流、研发投入效率,27.91,4.29,3.4%,8.0%,57776750.00,34.8%,6.5%,34.71,未分红/不适用,11.0%,4,6,80,Medium,低,排除,45,10年净利润波动较大；长期ROE低于5%；数据质量为Medium，筛选结果置信度中等
LGO,US,Largo Inc. - Common Shares,Other Industrial Metals & Mining,周期,利润波动、ROE波动、资本开支周期,-,0.63,-23.9%,22.7%,-35853000.00,57.2%,-,-2.93,未分红/不适用,-21.7%,4,6,80,Medium,低,排除,0,周期行业ROE波动显著；PB低但近5年出现亏损；10年内亏损年份过多；10年ROE波动较大；长期ROE低于5%；近5年自由现金流多次为负；利息覆盖倍数过低；近5年营收明显下滑；数据质量为Medium，筛选结果置信度中等
LGVN,US,Longeveron Inc. - Class A Common stock,Biotechnology,科技,营收增长、自由现金流、研发投入效率,-,2.75,-220.6%,163.3%,-17155250.00,44.7%,-,-,未分红/不适用,-0.6%,4,6,80,Medium,低,排除,0,科技公司营收增长转负；科技公司自由现金流为负；10年内亏损年份过多；10年ROE波动较大；长期ROE低于5%；近5年自由现金流多次为负；数据质量为Medium，筛选结果置信度中等
LHAI,US,Linkhome Holdings Inc. - Common stock,Real Estate Services,地产,净负债率、现金短债比、资产负债率,-,2.05,38.5%,42.5%,177419.00,23.7%,-,26.80,未分红/不适用,222.6%,4,0,80,Medium,低,需专项分析,55,地产需补充净负债率/现金短债比专项数据；10年ROE波动较大；10年净利润波动较大；数据质量为Medium，筛选结果置信度中等
LHSW,US,Lianhe Sowell International Group Ltd - Class A Ordinary Shares,Software - Infrastructure,科技,营收增长、自由现金流、研发投入效率,7.68,0.67,20.7%,34.8%,-1238905.50,62.1%,-,32.05,未分红/不适用,237.6%,4,0,80,Medium,低,排除,0,科技公司自由现金流为负；PB低但近5年出现亏损；PB低但近5年经营现金流多次为负；10年ROE波动较大；10年净利润波动较大；近5年自由现金流多次为负；数据质量为Medium，筛选结果置信度中等
LICN,US,Lichen International Limited - Class A Ordinary Shares,Specialty Business Services,通用,ROE、现金流、资产负债率,-,1.77,-1.7%,22.9%,-4296333.33,6.6%,1.0%,-,未分红/不适用,-10.2%,4,6,80,Medium,低,排除,15,10年ROE波动较大；10年净利润波动较大；长期ROE低于5%；近5年营收增长偏弱；数据质量为Medium，筛选结果置信度中等
LIDR,US,"AEye, Inc. - Class A Common Stock",Software - Infrastructure,科技,营收增长、自由现金流、研发投入效率,-,1.09,-170.4%,118.0%,-45879250.00,10.5%,-,-,未分红/不适用,-60.0%,4,6,80,Medium,低,排除,0,科技公司营收增长转负；科技公司自由现金流为负；10年内亏损年份过多；10年ROE波动较大；长期ROE低于5%；近5年自由现金流多次为负；近5年营收明显下滑；数据质量为Medium，筛选结果置信度中等
LIEN,US,"Chicago Atlantic BDC, Inc. - Common Stock",Asset Management,通用,ROE、现金流、资产负债率,6.79,0.75,5.5%,5.3%,-,11.3%,-,-,未分红/不适用,1490.5%,4,6,80,Medium,低,排除,5,PB低但近5年出现亏损；PB低但近5年经营现金流多次为负；10年净利润波动较大；数据质量为Medium，筛选结果置信度中等
LIF,US,"Life360, Inc. - Common Stock",Software - Application,科技,营收增长、自由现金流、研发投入效率,22.46,5.68,-5.7%,26.9%,14037250.00,42.9%,14.0%,-,未分红/不适用,28.9%,4,6,80,Medium,低,排除,0,10年内亏损年份过多；10年ROE波动较大；10年净利润波动较大；长期ROE低于5%；数据质量为Medium，筛选结果置信度中等
LIFE,US,Ethos Technologies Inc. - Class A Common Stock,Insurance Brokers,保险,偿付能力、久期缺口、投资收益质量,-,-16.45,-113.9%,158.4%,-9192000.00,104.7%,0.4%,24.89,未分红/不适用,55.8%,3,0,60,Medium,低,排除,0,保险需补充偿付能力/久期缺口专项数据；10年ROE波动较大；10年净利润波动较大；长期ROE低于5%；资产负债率过高；数据质量为Medium，筛选结果置信度中等
LILA,US,Liberty Latin America Ltd. - Class A Common Stock,Telecom Services,通用,ROE、现金流、资产负债率,-,2.67,-46.6%,50.1%,260625000.00,91.3%,24.6%,0.01,未分红/不适用,-2.6%,4,6,80,Medium,中,排除,0,10年内亏损年份过多；10年ROE波动较大；10年净利润波动较大；长期ROE低于5%；资产负债率过高；商誉占比偏高；利息覆盖倍数过低；资产负债率相对偏高；数据质量为Medium，筛选结果置信度中等
LILAK,US,Liberty Latin America Ltd. - Class C Common Stock,Telecom Services,通用,ROE、现金流、资产负债率,-,2.82,-46.6%,50.1%,260625000.00,91.3%,24.6%,0.01,未分红/不适用,-2.6%,4,6,80,Medium,中,排除,0,10年内亏损年份过多；10年ROE波动较大；10年净利润波动较大；长期ROE低于5%；资产负债率过高；商誉占比偏高；利息覆盖倍数过低；资产负债率相对偏高；数据质量为Medium，筛选结果置信度中等
LIMN,US,"Liminatus Pharma, Inc. - Class A Common Stock",Biotechnology,科技,营收增长、自由现金流、研发投入效率,-,-0.51,61.2%,60.6%,-9976426.00,2014.0%,-,-46.27,未分红/不适用,-,4,0,80,Medium,低,排除,0,科技公司自由现金流为负；PB低但近5年出现亏损；PB低但近5年经营现金流多次为负；10年内亏损年份过多；10年ROE波动较大；资产负债率过高；利息覆盖倍数过低；数据质量为Medium，筛选结果置信度中等
LIN,US,Linde plc - Ordinary Shares,Specialty Chemicals,周期,利润波动、ROE波动、资本开支周期,33.66,6.16,15.3%,3.5%,5306000000.00,54.2%,32.2%,20.17,未分红/不适用,0.6%,4,6,80,Medium,低,警惕,85,商誉占比偏高；数据质量为Medium，筛选结果置信度中等
LINC,US,Lincoln Educational Services Corporation - Common Stock,Education & Training Services,通用,ROE、现金流、资产负债率,68.21,7.78,10.0%,4.2%,-19531750.00,59.5%,2.2%,8.70,未分红/不适用,14.2%,4,6,80,Medium,低,警惕,85,近5年自由现金流多次为负；数据质量为Medium，筛选结果置信度中等
LIND,US,Lindblad Expeditions Holdings Inc.  - Common Stock,Travel Services,通用,ROE、现金流、资产负债率,-,-6.49,40.2%,39.2%,19435750.00,115.7%,6.2%,0.52,未分红/不适用,22.3%,4,6,80,Medium,低,排除,0,PB低但近5年出现亏损；10年内亏损年份过多；10年ROE波动较大；资产负债率过高；利息覆盖倍数过低；数据质量为Medium，筛选结果置信度中等
LINE,US,"Lineage, Inc. - Common Stock",REIT - Industrial,地产,净负债率、现金短债比、资产负债率,-,1.08,-2.9%,3.2%,-18500000.00,51.8%,18.1%,0.65,未分红/不适用,2.8%,4,6,80,Medium,低,排除,0,地产需补充净负债率/现金短债比专项数据；10年内亏损年份过多；10年净利润波动较大；长期ROE低于5%；利息覆盖倍数过低；数据质量为Medium，筛选结果置信度中等
LINK,US,"Interlink Electronics, Inc. - Common Stock",Electronic Components,科技,营收增长、自由现金流、研发投入效率,-,6.13,-6.8%,14.5%,-477000.00,21.4%,22.0%,-,未分红/不适用,16.6%,4,6,80,Medium,低,排除,0,科技公司自由现金流为负；10年内亏损年份过多；10年ROE波动较大；10年净利润波动较大；长期ROE低于5%；近5年自由现金流多次为负；商誉占比偏高；数据质量为Medium，筛选结果置信度中等
LIQT,US,"LiqTech International, Inc. - Common Stock",Pollution & Treatment Controls,通用,ROE、现金流、资产负债率,-,1.96,-63.6%,13.3%,-9053001.50,61.8%,0.9%,-26.27,未分红/不适用,1.1%,4,6,80,Medium,低,排除,0,10年内亏损年份过多；10年ROE波动较大；长期ROE低于5%；近5年自由现金流多次为负；利息覆盖倍数过低；数据质量为Medium，筛选结果置信度中等
LITE,US,Lumentum Holdings Inc. - Common Stock,Communication Equipment,通用,ROE、现金流、资产负债率,169.18,81.47,-13.5%,30.2%,50600000.00,73.1%,25.1%,-6.75,未分红/不适用,-1.3%,4,6,80,Medium,中,排除,0,10年ROE波动较大；10年净利润波动较大；长期ROE低于5%；资产负债率偏高；商誉占比偏高；利息覆盖倍数过低；资产负债率相对偏高；数据质量为Medium，筛选结果置信度中等
LITS,US,"Lite Strategy, Inc. - Common Stock",Biotechnology,科技,营收增长、自由现金流、研发投入效率,-,0.53,-68.4%,82.8%,-50741333.33,7.4%,-,-,未分红/不适用,-,4,6,80,Medium,低,排除,0,科技公司自由现金流为负；PB低但近5年出现亏损；PB低但近5年经营现金流多次为负；10年内亏损年份过多；10年ROE波动较大；10年净利润波动较大；长期ROE低于5%；近5年自由现金流多次为负；数据质量为Medium，筛选结果置信度中等
LIVE,US,Live Ventures Incorporated - Common Stock,Home Improvement Retail,消费,ROE、毛利率稳定性、分红稳定性,2.25,0.34,3.1%,28.9%,10845750.00,75.3%,15.8%,2.83,未分红/不适用,15.7%,4,6,80,Medium,中,排除,0,消费公司长期ROE不够突出；PB低但近5年出现亏损；10年ROE波动较大；10年净利润波动较大；长期ROE低于5%；资产负债率偏高；利息覆盖倍数偏低；资产负债率相对偏高；数据质量为Medium，筛选结果置信度中等
LIVN,US,LivaNova PLC - Ordinary Shares,Medical Devices,通用,ROE、现金流、资产负债率,36.02,3.22,-5.3%,11.1%,98139500.00,54.0%,30.4%,-3.48,未分红/不适用,10.8%,4,6,80,Medium,低,排除,0,10年净利润波动较大；长期ROE低于5%；商誉占比偏高；利息覆盖倍数过低；数据质量为Medium，筛选结果置信度中等
LIXT,US,"Lixte Biotechnology Holdings, Inc. - Common Stock",Biotechnology,科技,营收增长、自由现金流、研发投入效率,-,5.91,-186.3%,167.4%,-,13.9%,-,-655.20,未分红/不适用,-,4,6,80,Medium,低,排除,0,10年内亏损年份过多；10年ROE波动较大；长期ROE低于5%；利息覆盖倍数过低；数据质量为Medium，筛选结果置信度中等
LKFN,US,Lakeland Financial Corporation - Common Stock,Banks - Regional,银行,不良率、拨备覆盖、资本充足率,13.42,1.91,15.0%,2.2%,117531750.00,89.1%,0.1%,-,未分红/不适用,3.2%,4,6,80,Medium,中,排除,30,银行需补充不良率/拨备/资本充足率专项数据；资产负债率过高；资产负债率相对偏高；数据质量为Medium，筛选结果置信度中等
LKQ,US,LKQ Corporation - Common Stock,Auto Parts,通用,ROE、现金流、资产负债率,12.62,1.00,14.3%,5.2%,920750000.00,56.7%,35.8%,4.57,未分红/不适用,2.2%,4,6,80,Medium,低,警惕,85,商誉占比偏高；数据质量为Medium，筛选结果置信度中等
LLYVA,US,"Liberty Live Holdings, Inc. - Series A Liberty Live Group Common Stock",Entertainment,通用,ROE、现金流、资产负债率,-,-27.98,103.1%,64.9%,-,101.4%,6.7%,-2.39,未分红/不适用,-,3,0,60,Medium,低,排除,0,PB低但近5年出现亏损；PB低但近5年经营现金流多次为负；10年内亏损年份过多；10年ROE波动较大；资产负债率过高；利息覆盖倍数过低；数据质量为Medium，筛选结果置信度中等
LLYVK,US,"Liberty Live Holdings, Inc. - Series C Liberty Live Group Common Stock",Entertainment,通用,ROE、现金流、资产负债率,-,-28.78,103.1%,64.9%,-,101.4%,6.7%,-2.39,未分红/不适用,-,3,0,60,Medium,低,排除,0,PB低但近5年出现亏损；PB低但近5年经营现金流多次为负；10年内亏损年份过多；10年ROE波动较大；资产负债率过高；利息覆盖倍数过低；数据质量为Medium，筛选结果置信度中等
LMAT,US,"LeMaitre Vascular, Inc. - Common Stock",Medical Instruments & Supplies,通用,ROE、现金流、资产负债率,36.22,5.54,11.4%,3.1%,40816250.00,36.1%,10.7%,15.50,未分红/不适用,15.6%,4,6,80,Medium,低,通过,85,数据质量为Medium，筛选结果置信度中等
LMB,US,"Limbach Holdings, Inc. - Common Stock",Building Products & Equipment,通用,ROE、现金流、资产负债率,26.93,4.48,16.1%,6.1%,40158000.00,48.7%,18.5%,16.52,未分红/不适用,9.2%,4,6,80,Medium,低,通过,85,数据质量为Medium，筛选结果置信度中等
LMFA,US,"LM Funding America, Inc. - Common Stock",Capital Markets,金融,杠杆、资产质量、资本约束,-,0.11,-52.8%,28.6%,-20502766.00,43.7%,-,-,未分红/不适用,11.3%,4,6,80,Medium,高,排除,0,金融行业需专项资产质量与资本约束分析；PB低但近5年出现亏损；PB低但近5年经营现金流多次为负；10年内亏损年份过多；10年ROE波动较大；长期ROE低于5%；近5年自由现金流多次为负；高杠杆行业，需资产负债表专项分析；数据质量为Medium，筛选结果置信度中等
LMNR,US,Limoneira Co - Common Stock,Farm Products,通用,ROE、现金流、资产负债率,-,1.57,-0.1%,6.5%,-8129500.00,38.7%,0.5%,-12.53,未分红/不适用,-4.7%,4,6,80,Medium,低,排除,5,10年净利润波动较大；长期ROE低于5%；利息覆盖倍数过低；数据质量为Medium，筛选结果置信度中等
LMRI,US,"Lumexa Imaging Holdings, Inc. - Common Stock",Medical Devices,通用,ROE、现金流、资产负债率,-,1.14,-42.6%,30.0%,6686000.00,66.8%,45.8%,0.73,未分红/不适用,4.6%,3,0,60,Medium,中,排除,0,10年内亏损年份过多；10年ROE波动较大；长期ROE低于5%；商誉占比过高；利息覆盖倍数过低；资产负债率相对偏高；数据质量为Medium，筛选结果置信度中等
LNAI,US,Lunai Bioworks Inc. - Common Stock,Biotechnology,科技,营收增长、自由现金流、研发投入效率,-,-0.47,131.3%,469.9%,-12861225.00,359.4%,72.4%,-244.30,未分红/不适用,-,4,6,80,Medium,低,排除,0,科技公司自由现金流为负；PB低但近5年出现亏损；PB低但近5年经营现金流多次为负；10年内亏损年份过多；10年ROE波动较大；近5年自由现金流多次为负；资产负债率过高；商誉占比过高；利息覆盖倍数过低；数据质量为Medium，筛选结果置信度中等
LNKS,US,Linkers Industries Limited - Class A Ordinary Shares,Electrical Equipment & Parts,通用,ROE、现金流、资产负债率,-,0.01,-2.6%,7.9%,31478.67,-,-,-,未分红/不适用,-16.9%,3,6,60,Medium,未知,排除,0,PB低但近5年出现亏损；10年净利润波动较大；长期ROE低于5%；近5年营收明显下滑；数据质量为Medium，筛选结果置信度中等
LNSR,US,"LENSAR, Inc. - Common Stock",Medical Devices,通用,ROE、现金流、资产负债率,-,6.43,-151.2%,340.2%,-10552750.00,136.4%,-,-,未分红/不适用,18.2%,4,6,80,Medium,低,排除,0,10年内亏损年份过多；10年ROE波动较大；长期ROE低于5%；近5年自由现金流多次为负；资产负债率过高；数据质量为Medium，筛选结果置信度中等
LNT,US,Alliant Energy Corporation - Common Stock,Utilities - Regulated Electric,周期,利润波动、ROE波动、资本开支周期,22.51,2.49,10.5%,0.6%,70666666.67,70.7%,-,2.36,未分红/不适用,1.2%,4,6,80,Medium,中,警惕,55,资产负债率偏高；利息覆盖倍数偏低；资产负债率相对偏高；数据质量为Medium，筛选结果置信度中等
LNTH,US,"Lantheus Holdings, Inc. - Common Stock",Drug Manufacturers - Specialty & Generic,通用,ROE、现金流、资产负债率,22.70,5.10,24.1%,14.1%,333975750.00,51.1%,10.8%,16.89,未分红/不适用,18.1%,4,6,80,Medium,低,警惕,85,10年ROE波动较大；数据质量为Medium，筛选结果置信度中等
LNZA,US,"LanzaTech Global, Inc. - Common Stock",Waste Management,通用,ROE、现金流、资产负债率,-,-6.08,33.5%,938.2%,-90442750.00,103.9%,-,-,未分红/不适用,14.4%,4,6,80,Medium,低,排除,0,PB低但近5年出现亏损；PB低但近5年经营现金流多次为负；10年内亏损年份过多；10年ROE波动较大；近5年自由现金流多次为负；资产负债率过高；数据质量为Medium，筛选结果置信度中等
LOAN,US,"Manhattan Bridge Capital, Inc - Common Stock",REIT - Mortgage,地产,净负债率、现金短债比、资产负债率,9.69,1.13,12.4%,0.5%,5102631.25,30.9%,-,-,未分红/不适用,0.8%,4,6,80,Medium,低,需专项分析,85,地产需补充净负债率/现金短债比专项数据；数据质量为Medium，筛选结果置信度中等
LOBO,US,LOBO TECHNOLOGIES LTD. - Class A Ordinary Shares,Auto Manufacturers,通用,ROE、现金流、资产负债率,-,1.31,-12.0%,46.3%,-2669098.25,65.9%,-,-2.09,未分红/不适用,8.3%,4,6,80,Medium,低,排除,0,10年ROE波动较大；10年净利润波动较大；长期ROE低于5%；近5年自由现金流多次为负；利息覆盖倍数过低；数据质量为Medium，筛选结果置信度中等
LOCO,US,"El Pollo Loco Holdings, Inc. - Common Stock",Restaurants,通用,ROE、现金流、资产负债率,13.84,1.40,9.1%,1.2%,22782250.00,52.0%,41.0%,9.41,未分红/不适用,1.4%,4,6,80,Medium,低,排除,60,商誉占比过高；数据质量为Medium，筛选结果置信度中等
LOGI,US,Logitech International S.A. - Registered Shares,Computer Hardware,科技,营收增长、自由现金流、研发投入效率,21.50,6.70,25.0%,6.0%,631617750.00,39.9%,13.1%,-,未分红/不适用,-6.0%,4,0,80,Medium,低,警惕,70,科技公司营收增长转负；近5年营收增长偏弱；数据质量为Medium，筛选结果置信度中等
LONA,US,"LeonaBio, Inc. - Common Stock",Biotechnology,科技,营收增长、自由现金流、研发投入效率,-,3.70,-181.8%,151.4%,-90623333.33,69.8%,-,-,未分红/不适用,-,4,6,80,Medium,中,排除,0,科技公司自由现金流为负；10年内亏损年份过多；10年ROE波动较大；长期ROE低于5%；近5年自由现金流多次为负；资产负债率相对偏高；数据质量为Medium，筛选结果置信度中等
LOOP,US,"Loop Industries, Inc. - Common Stock",Specialty Chemicals,周期,利润波动、ROE波动、资本开支周期,-,-9.27,-1103.2%,2000.0%,-27422437.00,98.0%,-,-45.76,未分红/不适用,-,4,0,80,Medium,中,排除,0,周期行业ROE波动显著；PB低但近5年出现亏损；PB低但近5年经营现金流多次为负；10年内亏损年份过多；10年ROE波动较大；长期ROE低于5%；近5年自由现金流多次为负；资产负债率过高；利息覆盖倍数过低；资产负债率相对偏高；数据质量为Medium，筛选结果置信度中等
LOPE,US,"Grand Canyon Education, Inc. - Common Stock",Education & Training Services,通用,ROE、现金流、资产负债率,19.97,6.05,28.8%,0.2%,218576000.00,24.7%,16.2%,-,未分红/不适用,6.7%,4,6,80,Medium,低,通过,85,数据质量为Medium，筛选结果置信度中等
LOVE,US,The Lovesac Company - Common Stock,"Furnishings, Fixtures & Appliances",通用,ROE、现金流、资产负债率,54.11,1.01,8.0%,5.4%,10768500.00,59.1%,0.0%,-,未分红/不适用,2.3%,4,6,80,Medium,低,警惕,85,长期ROE偏低但PE不低；数据质量为Medium，筛选结果置信度中等
LPCN,US,Lipocine Inc. - Common Stock,Biotechnology,科技,营收增长、自由现金流、研发投入效率,-,0.98,-44.2%,36.3%,-8431042.33,14.9%,-,-,未分红/不适用,58.1%,4,6,80,Medium,低,排除,0,科技公司自由现金流为负；PB低但近5年出现亏损；PB低但近5年经营现金流多次为负；10年内亏损年份过多；10年ROE波动较大；长期ROE低于5%；近5年自由现金流多次为负；数据质量为Medium，筛选结果置信度中等
LPLA,US,LPL Financial Holdings Inc. - Common Stock,Capital Markets,金融,杠杆、资产质量、资本约束,27.13,4.51,35.6%,14.6%,120396000.00,71.1%,14.3%,3.85,未分红/不适用,25.5%,4,6,80,Medium,高,需专项分析,40,金融行业需专项资产质量与资本约束分析；10年ROE波动较大；高杠杆行业，需资产负债表专项分析；数据质量为Medium，筛选结果置信度中等
LPRO,US,Open Lending Corporation - Common Stock,Credit Services,通用,ROE、现金流、资产负债率,-,2.82,-34.1%,93.7%,49191250.00,68.3%,-,0.44,未分红/不适用,-19.6%,4,6,80,Medium,中,排除,0,10年ROE波动较大；10年净利润波动较大；长期ROE低于5%；利息覆盖倍数过低；近5年营收明显下滑；资产负债率相对偏高；数据质量为Medium，筛选结果置信度中等
LPSN,US,"LivePerson, Inc. - Common Stock",Software - Application,科技,营收增长、自由现金流、研发投入效率,-,-0.53,-47.4%,262.7%,-63300250.00,109.8%,40.7%,-1.18,未分红/不适用,-22.1%,4,6,80,Medium,低,排除,0,科技公司营收增长转负；科技公司自由现金流为负；PB低但近5年出现亏损；PB低但近5年经营现金流多次为负；10年内亏损年份过多；10年ROE波动较大；长期ROE低于5%；近5年自由现金流多次为负；资产负债率过高；商誉占比过高；利息覆盖倍数过低；近5年营收明显下滑；数据质量为Medium，筛选结果置信度中等
LPTH,US,"LightPath Technologies, Inc. - Class A Common Stock",Electronic Components,科技,营收增长、自由现金流、研发投入效率,-,8.06,-36.2%,39.9%,-4326155.75,80.8%,16.9%,-12.27,未分红/不适用,1.5%,4,6,80,Medium,中,排除,0,科技公司自由现金流为负；10年内亏损年份过多；10年ROE波动较大；长期ROE低于5%；近5年自由现金流多次为负；资产负债率偏高；利息覆盖倍数过低；资产负债率相对偏高；数据质量为Medium，筛选结果置信度中等
LQDA,US,Liquidia Corporation - Common Stock,Drug Manufacturers - Specialty & Generic,通用,ROE、现金流、资产负债率,337.47,46.64,-131.7%,57.8%,-56481750.00,86.4%,1.2%,-1.85,未分红/不适用,115.0%,4,6,80,Medium,中,排除,0,10年内亏损年份过多；10年ROE波动较大；长期ROE低于5%；近5年自由现金流多次为负；资产负债率过高；利息覆盖倍数过低；资产负债率相对偏高；数据质量为Medium，筛选结果置信度中等
LQDT,US,"Liquidity Services, Inc. - Common Stock",Internet Retail,科技,营收增长、自由现金流、研发投入效率,36.00,4.70,16.0%,6.9%,49653500.00,45.8%,27.4%,-,未分红/不适用,19.4%,4,6,80,Medium,低,警惕,85,商誉占比偏高；数据质量为Medium，筛选结果置信度中等
LRCX,US,Lam Research Corporation - Common Stock,Semiconductor Equipment & Materials,科技,营收增长、自由现金流、研发投入效率,53.81,33.63,56.9%,11.9%,4225171750.00,53.8%,7.6%,34.43,未分红/不适用,2.3%,4,6,80,Medium,低,通过,85,数据质量为Medium，筛选结果置信度中等
LRHC,US,La Rosa Holdings Corp. - Common Stock,Real Estate Services,地产,净负债率、现金短债比、资产负债率,-,0.01,-155.4%,285.1%,-3002340.00,65.6%,41.3%,-12.63,未分红/不适用,34.1%,4,0,80,Medium,中,排除,0,地产需补充净负债率/现金短债比专项数据；PB低但近5年出现亏损；PB低但近5年经营现金流多次为负；10年内亏损年份过多；10年ROE波动较大；10年净利润波动较大；长期ROE低于5%；商誉占比过高；利息覆盖倍数过低；资产负债率相对偏高；数据质量为Medium，筛选结果置信度中等
LRMR,US,"Larimar Therapeutics, Inc. - Common Stock",Biotechnology,科技,营收增长、自由现金流、研发投入效率,-,3.95,-84.0%,85.7%,-61464750.00,46.5%,-,-,未分红/不适用,-,4,6,80,Medium,低,排除,0,科技公司自由现金流为负；10年内亏损年份过多；10年ROE波动较大；长期ROE低于5%；近5年自由现金流多次为负；数据质量为Medium，筛选结果置信度中等
LSAK,US,"Lesaka Technologies, Inc. - Common Stock",Software - Infrastructure,科技,营收增长、自由现金流、研发投入效率,-,2.13,-17.2%,11.9%,-18078000.00,60.0%,30.5%,-3.94,未分红/不适用,43.6%,4,6,80,Medium,低,排除,0,科技公司自由现金流为负；10年内亏损年份过多；长期ROE低于5%；近5年自由现金流多次为负；商誉占比偏高；利息覆盖倍数过低；数据质量为Medium，筛选结果置信度中等
LSBK,US,"Lake Shore Bancorp, Inc. - Common Stock",Banks - Regional,银行,不良率、拨备覆盖、资本充足率,15.19,0.87,5.8%,0.8%,7017000.00,80.5%,-,-,未分红/不适用,1.0%,4,6,80,Medium,中,需专项分析,40,银行需补充不良率/拨备/资本充足率专项数据；长期ROE偏低但PE不低；资产负债率偏高；资产负债率相对偏高；数据质量为Medium，筛选结果置信度中等
LSCC,US,Lattice Semiconductor Corporation - Common Stock,Semiconductors,科技,营收增长、自由现金流、研发投入效率,859.71,22.25,20.8%,19.1%,166947000.00,19.1%,35.7%,-,未分红/不适用,-7.5%,4,6,80,Medium,低,警惕,25,科技公司营收增长转负；10年ROE波动较大；10年净利润波动较大；商誉占比偏高；近5年营收增长偏弱；数据质量为Medium，筛选结果置信度中等
LSE,US,"Leishen Energy Holding Co., Ltd. - Class A Ordinary Shares",Oil & Gas Equipment & Services,周期,利润波动、ROE波动、资本开支周期,57.63,1.73,20.4%,14.6%,1698975.00,34.4%,-,11.81,未分红/不适用,1.1%,4,6,80,Medium,低,警惕,85,10年ROE波动较大；数据质量为Medium，筛选结果置信度中等
LSH,US,Lakeside Holding Limited - Common Stock,Integrated Freight & Logistics,通用,ROE、现金流、资产负债率,-,1.55,25.4%,78.5%,79130.50,-,-,-,未分红/不适用,38.1%,3,6,60,Medium,未知,警惕,70,10年ROE波动较大；10年净利润波动较大；数据质量为Medium，筛选结果置信度中等
LSTA,US,"Lisata Therapeutics, Inc. - Common Stock",Biotechnology,科技,营收增长、自由现金流、研发投入效率,-,1.88,-76.0%,28.5%,-18716000.00,17.7%,-,-,未分红/不适用,-,4,6,80,Medium,低,排除,0,科技公司自由现金流为负；10年内亏损年份过多；10年ROE波动较大；长期ROE低于5%；数据质量为Medium，筛选结果置信度中等
LSTR,US,"Landstar System, Inc. - Common Stock",Integrated Freight & Logistics,通用,ROE、现金流、资产负债率,48.58,7.45,27.5%,14.9%,358794750.00,51.4%,2.1%,-,未分红/不适用,-13.9%,4,6,80,Medium,低,警惕,70,10年ROE波动较大；近5年营收增长偏弱；数据质量为Medium，筛选结果置信度中等
LTBR,US,Lightbridge Corporation - Common Stock,Electrical Equipment & Parts,通用,ROE、现金流、资产负债率,-,1.80,-23.0%,9.0%,-9182391.33,0.4%,-,-,未分红/不适用,-,4,6,80,Medium,低,排除,5,10年内亏损年份过多；长期ROE低于5%；近5年自由现金流多次为负；数据质量为Medium，筛选结果置信度中等
LTRN,US,Lantern Pharma Inc. - Common Stock,Biotechnology,科技,营收增长、自由现金流、研发投入效率,-,5.23,-106.1%,108.6%,-15166277.25,40.8%,-,-,未分红/不适用,-,4,6,80,Medium,低,排除,0,科技公司自由现金流为负；10年内亏损年份过多；10年ROE波动较大；长期ROE低于5%；近5年自由现金流多次为负；数据质量为Medium，筛选结果置信度中等
LTRX,US,"Lantronix, Inc. - Common Stock",Communication Equipment,通用,ROE、现金流、资产负债率,-,3.32,-9.8%,4.5%,2488500.00,39.9%,25.1%,-21.72,未分红/不适用,-1.8%,4,6,80,Medium,低,排除,0,10年内亏损年份过多；长期ROE低于5%；商誉占比偏高；利息覆盖倍数过低；数据质量为Medium，筛选结果置信度中等
LUCD,US,Lucid Diagnostics Inc. - Common Stock,Medical Devices,通用,ROE、现金流、资产负债率,-,-2.96,165.1%,1430.4%,-38774750.00,73.0%,-,-2635.82,未分红/不适用,132.0%,4,6,80,Medium,中,排除,0,PB低但近5年出现亏损；PB低但近5年经营现金流多次为负；10年内亏损年份过多；10年ROE波动较大；近5年自由现金流多次为负；资产负债率偏高；利息覆盖倍数过低；资产负债率相对偏高；数据质量为Medium，筛选结果置信度中等
LUCY,US,"Innovative Eyewear, Inc. - Common Stock",Medical Instruments & Supplies,通用,ROE、现金流、资产负债率,-,0.60,-107.5%,27.9%,-5998452.00,10.6%,-,-,未分红/不适用,59.2%,4,6,80,Medium,低,排除,0,PB低但近5年出现亏损；PB低但近5年经营现金流多次为负；10年内亏损年份过多；10年ROE波动较大；长期ROE低于5%；近5年自由现金流多次为负；数据质量为Medium，筛选结果置信度中等
LULU,US,lululemon athletica inc. - Common Stock,Apparel Retail,消费,ROE、毛利率稳定性、分红稳定性,9.10,2.83,34.4%,6.4%,1119315250.00,41.3%,2.2%,-,未分红/不适用,11.0%,4,6,80,Medium,低,通过,85,数据质量为Medium，筛选结果置信度中等
LUNG,US,Pulmonx Corporation - Common Stock,Medical Devices,通用,ROE、现金流、资产负债率,-,1.18,-63.8%,26.5%,-37657500.00,58.1%,1.8%,-15.92,未分红/不适用,19.0%,4,6,80,Medium,低,排除,0,10年内亏损年份过多；10年ROE波动较大；长期ROE低于5%；近5年自由现金流多次为负；利息覆盖倍数过低；数据质量为Medium，筛选结果置信度中等
LUNR,US,"Intuitive Machines, Inc. - Class A Common Stock",Aerospace & Defense,通用,ROE、现金流、资产负债率,-,-5.56,3.2%,23.0%,-53631000.00,73.1%,2.5%,-23.63,未分红/不适用,34.1%,4,6,80,Medium,低,排除,0,PB低但近5年出现亏损；PB低但近5年经营现金流多次为负；10年ROE波动较大；10年净利润波动较大；长期ROE低于5%；近5年自由现金流多次为负；资产负债率偏高；利息覆盖倍数过低；数据质量为Medium，筛选结果置信度中等
LVLU,US,"Lulu's Fashion Lounge Holdings, Inc. - Common Stock",Apparel Retail,消费,ROE、毛利率稳定性、分红稳定性,-,9.17,-223.6%,244.3%,2903500.00,96.6%,7.9%,-4.49,未分红/不适用,-13.7%,4,6,80,Medium,中,排除,0,消费公司长期ROE不够突出；10年内亏损年份过多；10年ROE波动较大；10年净利润波动较大；长期ROE低于5%；资产负债率过高；利息覆盖倍数过低；近5年营收增长偏弱；资产负债率相对偏高；数据质量为Medium，筛选结果置信度中等
LVO,US,"LiveOne, Inc. - Common Stock",Internet Content & Information,科技,营收增长、自由现金流、研发投入效率,-,-2.26,408.4%,409.4%,-3299500.00,120.8%,53.6%,-6.58,未分红/不适用,-0.8%,4,0,80,Medium,低,排除,0,科技公司营收增长转负；科技公司自由现金流为负；PB低但近5年出现亏损；10年内亏损年份过多；10年ROE波动较大；资产负债率过高；商誉占比过高；利息覆盖倍数过低；数据质量为Medium，筛选结果置信度中等
LWAY,US,"Lifeway Foods, Inc. - Common Stock",Packaged Foods,消费,ROE、毛利率稳定性、分红稳定性,26.04,4.44,12.4%,7.4%,745000.00,18.7%,11.1%,256.66,未分红/不适用,14.5%,4,6,80,Medium,低,通过,85,数据质量为Medium，筛选结果置信度中等
LWLG,US,"Lightwave Logic, Inc. - Common Stock",Specialty Chemicals,周期,利润波动、ROE波动、资本开支周期,-,27.01,-53.7%,18.1%,-15437510.00,5.7%,-,-,未分红/不适用,-,4,6,80,Medium,低,排除,0,周期行业ROE波动显著；10年内亏损年份过多；10年ROE波动较大；长期ROE低于5%；近5年自由现金流多次为负；数据质量为Medium，筛选结果置信度中等
LXEO,US,"Lexeo Therapeutics, Inc. - Common Stock",Biotechnology,科技,营收增长、自由现金流、研发投入效率,-,1.67,-32.7%,59.5%,-73928000.00,8.2%,-,-484.25,未分红/不适用,-,4,6,80,Medium,低,排除,0,科技公司自由现金流为负；10年内亏损年份过多；10年ROE波动较大；长期ROE低于5%；近5年自由现金流多次为负；利息覆盖倍数过低；数据质量为Medium，筛选结果置信度中等
LXRX,US,"Lexicon Pharmaceuticals, Inc. - Common Stock",Biotechnology,科技,营收增长、自由现金流、研发投入效率,-,7.58,-115.3%,62.1%,-144118333.33,41.9%,24.1%,-5.04,未分红/不适用,610.3%,4,6,80,Medium,低,排除,0,科技公司自由现金流为负；10年内亏损年份过多；10年ROE波动较大；长期ROE低于5%；近5年自由现金流多次为负；商誉占比偏高；利息覆盖倍数过低；数据质量为Medium，筛选结果置信度中等
LYEL,US,"Lyell Immunopharma, Inc. - Common Stock",Biotechnology,科技,营收增长、自由现金流、研发投入效率,-,1.35,-64.5%,42.4%,-168468250.00,27.0%,-,-,未分红/不适用,-92.5%,4,6,80,Medium,低,排除,0,科技公司营收增长转负；科技公司自由现金流为负；10年内亏损年份过多；10年ROE波动较大；长期ROE低于5%；近5年自由现金流多次为负；近5年营收明显下滑；数据质量为Medium，筛选结果置信度中等
LYFT,US,"Lyft, Inc. - Class A Common Stock",Software - Application,科技,营收增长、自由现金流、研发投入效率,1.89,1.64,-95.2%,217.2%,320391250.00,63.7%,4.9%,-1.57,未分红/不适用,15.5%,4,6,80,Medium,低,排除,0,10年ROE波动较大；10年净利润波动较大；长期ROE低于5%；利息覆盖倍数过低；数据质量为Medium，筛选结果置信度中等
LYTS,US,LSI Industries Inc. - Common Stock,Electronic Components,科技,营收增长、自由现金流、研发投入效率,31.89,2.38,11.9%,2.0%,28263000.00,41.8%,16.3%,11.56,未分红/不适用,8.0%,4,6,80,Medium,低,通过,85,数据质量为Medium，筛选结果置信度中等
LZ,US,"LegalZoom.com, Inc. - Common Stock",Specialty Business Services,通用,ROE、现金流、资产负债率,100.00,7.08,3.8%,27.7%,98079250.00,66.4%,27.5%,26.07,未分红/不适用,6.8%,4,6,80,Medium,低,排除,15,10年ROE波动较大；10年净利润波动较大；长期ROE低于5%；商誉占比偏高；数据质量为Medium，筛选结果置信度中等
LZMH,US,LZ Technology Holdings Limited - Class B Ordinary Shares,Information Technology Services,科技,营收增长、自由现金流、研发投入效率,-,1.23,-114.2%,168.1%,-14534500.00,85.3%,0.4%,-132.51,未分红/不适用,90.6%,4,6,80,Medium,中,排除,0,科技公司自由现金流为负；10年内亏损年份过多；10年ROE波动较大；10年净利润波动较大；长期ROE低于5%；近5年自由现金流多次为负；资产负债率过高；利息覆盖倍数过低；资产负债率相对偏高；数据质量为Medium，筛选结果置信度中等
MAAS,US,Maase Inc. - Class A Ordinary Shares,Asset Management,通用,ROE、现金流、资产负债率,-,0.03,-20.1%,4.0%,-11858500.00,38.3%,2.7%,-,未分红/不适用,71.4%,4,0,80,Medium,低,排除,0,PB低但近5年出现亏损；PB低但近5年经营现金流多次为负；10年内亏损年份过多；10年净利润波动较大；长期ROE低于5%；近5年自由现金流多次为负；数据质量为Medium，筛选结果置信度中等
MAGH,US,Magnitude International Ltd - Ordinary Shares,Engineering & Construction,周期,利润波动、ROE波动、资本开支周期,inf,476.30,228.8%,304.7%,204501.00,93.0%,-,1.27,未分红/不适用,-16.2%,3,0,60,Medium,中,排除,0,周期行业ROE波动显著；周期行业利润弹性过大；10年ROE波动较大；10年净利润波动较大；资产负债率过高；利息覆盖倍数过低；近5年营收明显下滑；资产负债率相对偏高；数据质量为Medium，筛选结果置信度中等
MAKO,US,Mako Mining Corp - Common Stock,Gold,周期,利润波动、ROE波动、资本开支周期,19.40,4.59,-1.8%,57.4%,19379500.00,27.7%,-,55.05,未分红/不适用,32.8%,4,6,80,Medium,低,排除,0,周期行业ROE波动显著；周期行业利润弹性过大；10年ROE波动较大；10年净利润波动较大；长期ROE低于5%；数据质量为Medium，筛选结果置信度中等
MAMA,US,"Mama's Creations, Inc. - Common Stock",Packaged Foods,消费,ROE、毛利率稳定性、分红稳定性,110.08,11.06,19.2%,10.1%,6400000.00,38.6%,11.0%,15.51,未分红/不适用,22.6%,4,6,80,Medium,低,通过,85,数据质量为Medium，筛选结果置信度中等
MAMK,US,MaxsMaking Inc. - Class A Ordinary Shares,Conglomerates,通用,ROE、现金流、资产负债率,219.33,17.81,32.5%,29.8%,-2822963.75,42.3%,-,1.54,未分红/不适用,1.2%,4,0,80,Medium,低,警惕,55,10年ROE波动较大；近5年自由现金流多次为负；利息覆盖倍数偏低；数据质量为Medium，筛选结果置信度中等
MAMO,US,Massimo Group - Common Stock,Recreational Vehicles,通用,ROE、现金流、资产负债率,24.00,1.69,42.1%,40.5%,4162367.00,53.9%,-,45.75,未分红/不适用,-6.0%,4,6,80,Medium,低,警惕,55,10年ROE波动较大；10年净利润波动较大；近5年营收增长偏弱；数据质量为Medium，筛选结果置信度中等
MANH,US,"Manhattan Associates, Inc. - Common Stock",Software - Application,科技,营收增长、自由现金流、研发投入效率,36.32,37.50,65.8%,7.2%,268718000.00,62.5%,7.4%,-,未分红/不适用,12.1%,4,6,80,Medium,低,通过,85,数据质量为Medium，筛选结果置信度中等
MAR,US,Marriott International - Class A Common Stock,Lodging,通用,ROE、现金流、资产负债率,37.14,-22.92,-46.3%,355.5%,2339000000.00,113.7%,32.3%,5.20,未分红/不适用,8.0%,4,6,80,Medium,低,排除,0,10年ROE波动较大；长期ROE低于5%；资产负债率过高；商誉占比偏高；数据质量为Medium，筛选结果置信度中等
MARA,US,"MARA Holdings, Inc. - Common Stock",Capital Markets,金融,杠杆、资产质量、资本约束,-,2.09,-47.1%,91.9%,-675281000.00,52.3%,0.0%,-27.28,未分红/不适用,97.5%,4,6,80,Medium,高,排除,0,金融行业需专项资产质量与资本约束分析；10年ROE波动较大；10年净利润波动较大；长期ROE低于5%；近5年自由现金流多次为负；利息覆盖倍数过低；高杠杆行业，需资产负债表专项分析；数据质量为Medium，筛选结果置信度中等
MASI,US,Masimo Corporation - Common Stock,Medical Devices,通用,ROE、现金流、资产负债率,44.27,11.84,-8.3%,19.6%,89150000.00,57.5%,5.9%,9.21,未分红/不适用,-9.1%,4,6,80,Medium,低,排除,15,10年ROE波动较大；10年净利润波动较大；长期ROE低于5%；近5年营收增长偏弱；数据质量为Medium，筛选结果置信度中等
MASK,US,3 E Network Technology Group Ltd - Class A Ordinary Shares,Software - Application,科技,营收增长、自由现金流、研发投入效率,0.49,0.14,75.4%,55.7%,913993.00,42.8%,-,-,未分红/不适用,55.1%,4,0,80,Medium,低,警惕,85,10年ROE波动较大；数据质量为Medium，筛选结果置信度中等
MASS,US,908 Devices Inc. - Common Stock,Medical Devices,通用,ROE、现金流、资产负债率,-,1.75,-22.3%,31.4%,-26392750.00,24.4%,-,-,未分红/不适用,6.2%,4,6,80,Medium,低,排除,0,10年内亏损年份过多；10年ROE波动较大；10年净利润波动较大；长期ROE低于5%；近5年自由现金流多次为负；数据质量为Medium，筛选结果置信度中等
MAT,US,"Mattel, Inc. - Common Stock",Leisure,通用,ROE、现金流、资产负债率,9.69,2.08,17.7%,5.8%,493759750.00,66.4%,20.9%,4.87,未分红/不适用,-0.5%,4,6,80,Medium,低,警惕,85,商誉占比偏高；数据质量为Medium，筛选结果置信度中等
MATH,US,Metalpha Technology Holding Limited - Ordinary Shares,Capital Markets,科技,营收增长、自由现金流、研发投入效率,5.36,1.13,-82.6%,122.5%,-4450635.00,85.2%,-,212.22,未分红/不适用,613.5%,4,0,80,Medium,高,排除,0,科技公司自由现金流为负；10年内亏损年份过多；10年ROE波动较大；10年净利润波动较大；长期ROE低于5%；近5年自由现金流多次为负；高杠杆行业，需资产负债表专项分析；数据质量为Medium，筛选结果置信度中等
MATW,US,Matthews International Corporation - Class A Common Stock,Conglomerates,通用,ROE、现金流、资产负债率,89.60,1.54,-7.9%,12.0%,17290250.00,71.6%,28.8%,1.26,未分红/不适用,-5.3%,4,6,80,Medium,中,排除,0,10年内亏损年份过多；10年ROE波动较大；10年净利润波动较大；长期ROE低于5%；资产负债率偏高；商誉占比偏高；利息覆盖倍数过低；近5年营收增长偏弱；资产负债率相对偏高；数据质量为Medium，筛选结果置信度中等
MAYS,US,"J. W. Mays, Inc. - Common Stock",Real Estate Services,地产,净负债率、现金短债比、资产负债率,-,1.65,-0.4%,0.9%,-275895.00,-,-,-,未分红/不适用,2.2%,4,6,80,Medium,未知,排除,0,地产需补充净负债率/现金短债比专项数据；10年内亏损年份过多；10年净利润波动较大；长期ROE低于5%；近5年自由现金流多次为负；数据质量为Medium，筛选结果置信度中等
MAZE,US,"Maze Therapeutics, Inc. - Common Stock",Biotechnology,科技,营收增长、自由现金流、研发投入效率,-,3.52,3.5%,36.4%,-56591000.00,10.6%,-,-,未分红/不适用,-,4,0,80,Medium,低,排除,0,科技公司自由现金流为负；10年内亏损年份过多；10年ROE波动较大；10年净利润波动较大；长期ROE低于5%；近5年自由现金流多次为负；数据质量为Medium，筛选结果置信度中等
MB,US,MasterBeef Group - Ordinary Shares,Restaurants,通用,ROE、现金流、资产负债率,-,13.67,356.5%,430.5%,65333163.33,90.7%,-,4.49,未分红/不适用,5.0%,3,3,60,Medium,中,排除,15,10年ROE波动较大；10年净利润波动较大；资产负债率过高；资产负债率相对偏高；数据质量为Medium，筛选结果置信度中等
MBAI,US,Check-Cap Ltd. - Ordinary Share,Diagnostics & Research,通用,ROE、现金流、资产负债率,2.82,3.80,433.6%,871.4%,-18115000.00,54.1%,-,23.38,未分红/不适用,-,4,6,80,Medium,低,排除,30,10年内亏损年份过多；10年ROE波动较大；10年净利润波动较大；数据质量为Medium，筛选结果置信度中等
MBAV,US,M3-Brigade Acquisition V Corp. - Class A Ordinary shares,Shell Companies,通用,ROE、现金流、资产负债率,67.56,-20.02,2.0%,-,-,6.7%,-,-,未分红/不适用,-,1,3,20,Low,低,数据不足,0,长期ROE低于5%；数据年数不足，无法进行可靠筛选
MBBC,US,"Marathon Bancorp, Inc. - Common Stock",Banks - Regional,银行,不良率、拨备覆盖、资本充足率,34.88,0.92,2.3%,3.0%,534086.50,80.9%,-,-,未分红/不适用,-2.2%,4,6,80,Medium,中,排除,0,银行需补充不良率/拨备/资本充足率专项数据；PB低但近5年出现亏损；10年净利润波动较大；长期ROE低于5%；资产负债率偏高；资产负债率相对偏高；数据质量为Medium，筛选结果置信度中等
MBIN,US,Merchants Bancorp - Common Stock,Banks - Regional,银行,不良率、拨备覆盖、资本充足率,10.91,1.15,13.8%,3.0%,-156828500.00,88.3%,0.0%,-,未分红/不适用,15.5%,4,6,80,Medium,中,排除,15,银行需补充不良率/拨备/资本充足率专项数据；近5年自由现金流多次为负；资产负债率过高；资产负债率相对偏高；数据质量为Medium，筛选结果置信度中等
MBIO,US,"Mustang Bio, Inc. - Common Stock",Biotechnology,科技,营收增长、自由现金流、研发投入效率,-,0.54,-10433.5%,21014.3%,-58868000.00,45.8%,-,-,未分红/不适用,-,4,6,80,Medium,低,排除,0,科技公司自由现金流为负；PB低但近5年出现亏损；PB低但近5年经营现金流多次为负；10年内亏损年份过多；10年ROE波动较大；10年净利润波动较大；长期ROE低于5%；数据质量为Medium，筛选结果置信度中等
MBLY,US,Mobileye Global Inc. - Class A Common Stock,Auto Parts,通用,ROE、现金流、资产负债率,-,1.04,-7.4%,12.2%,393250000.00,4.9%,65.6%,-,未分红/不适用,0.4%,4,6,80,Medium,低,排除,0,10年内亏损年份过多；10年ROE波动较大；10年净利润波动较大；长期ROE低于5%；商誉占比过高；数据质量为Medium，筛选结果置信度中等
MBOT,US,Microbot Medical Inc.  - Common Stock,Medical Instruments & Supplies,通用,ROE、现金流、资产负债率,-,1.64,-190.1%,129.6%,-10539250.00,4.9%,-,-,未分红/不适用,-,4,6,80,Medium,低,排除,0,10年内亏损年份过多；10年ROE波动较大；长期ROE低于5%；近5年自由现金流多次为负；数据质量为Medium，筛选结果置信度中等
MBRX,US,"Moleculin Biotech, Inc. - Common Stock",Biotechnology,科技,营收增长、自由现金流、研发投入效率,-,0.44,-156.5%,86.1%,-25098666.67,32.2%,-,-,未分红/不适用,-,4,6,80,Medium,低,排除,0,科技公司自由现金流为负；PB低但近5年出现亏损；PB低但近5年经营现金流多次为负；10年内亏损年份过多；10年ROE波动较大；长期ROE低于5%；近5年自由现金流多次为负；数据质量为Medium，筛选结果置信度中等
MBUU,US,"Malibu Boats, Inc. - Common Stock",Recreational Vehicles,通用,ROE、现金流、资产负债率,-,1.01,10.2%,18.1%,61965000.00,29.2%,7.0%,11.76,未分红/不适用,-12.7%,4,6,80,Medium,低,警惕,55,10年ROE波动较大；10年净利润波动较大；近5年营收增长偏弱；数据质量为Medium，筛选结果置信度中等
MBVI,US,M3-Brigade Acquisition VI Corp. - Class A Ordinary Shares,Shell Companies,通用,ROE、现金流、资产负债率,-,-28.06,-,-,-,4.8%,-,-,未分红/不适用,-,0,3,0,Insufficient,低,数据不足,0,数据年数不足，无法进行可靠筛选
MBWM,US,Mercantile Bank Corporation - Common Stock,Banks - Regional,银行,不良率、拨备覆盖、资本充足率,8.98,1.18,13.9%,1.4%,70142000.00,89.4%,1.1%,-,未分红/不适用,8.4%,4,6,80,Medium,中,排除,30,银行需补充不良率/拨备/资本充足率专项数据；资产负债率过高；资产负债率相对偏高；数据质量为Medium，筛选结果置信度中等
MBX,US,"MBX Biosciences, Inc. - Common Stock",Biotechnology,科技,营收增长、自由现金流、研发投入效率,-,3.69,14.7%,44.9%,-48275750.00,4.1%,-,-,未分红/不适用,-,4,0,80,Medium,低,排除,15,科技公司自由现金流为负；10年内亏损年份过多；10年ROE波动较大；近5年自由现金流多次为负；数据质量为Medium，筛选结果置信度中等
MCBS,US,"MetroCity Bankshares, Inc. - Common Stock",Banks - Regional,银行,不良率、拨备覆盖、资本充足率,11.29,1.66,14.8%,2.3%,77187750.00,88.6%,1.2%,-,未分红/不适用,4.4%,4,6,80,Medium,中,排除,30,银行需补充不良率/拨备/资本充足率专项数据；资产负债率过高；资产负债率相对偏高；数据质量为Medium，筛选结果置信度中等
MCFT,US,"MasterCraft Boat Holdings, Inc. - Common Stock",Recreational Vehicles,通用,ROE、现金流、资产负债率,35.76,2.06,21.1%,19.8%,49753750.00,29.4%,11.0%,12.58,未分红/不适用,-23.8%,4,6,80,Medium,低,排除,30,10年ROE波动较大；10年净利润波动较大；近5年营收明显下滑；数据质量为Medium，筛选结果置信度中等
MCHB,US,Mechanics Bancorp - Class A Common Stock,Banks - Regional,银行,不良率、拨备覆盖、资本充足率,11.93,1.13,6.5%,4.6%,260200750.00,87.2%,3.8%,-,未分红/不适用,-1.7%,3,3,60,Medium,中,排除,15,银行需补充不良率/拨备/资本充足率专项数据；长期ROE偏低但PE不低；资产负债率过高；资产负债率相对偏高；数据质量为Medium，筛选结果置信度中等
MCHP,US,Microchip Technology Incorporated - Common Stock,Semiconductors,科技,营收增长、自由现金流、研发投入效率,428.55,7.94,21.2%,15.0%,2246775000.00,54.0%,43.5%,1.15,未分红/不适用,-13.6%,4,0,80,Medium,低,排除,0,科技公司营收增长转负；10年ROE波动较大；商誉占比过高；利息覆盖倍数过低；近5年营收增长偏弱；数据质量为Medium，筛选结果置信度中等
MCHX,US,"Marchex, Inc. - Class B Common Stock",Advertising Agencies,通用,ROE、现金流、资产负债率,-,2.42,-19.7%,5.5%,-3837250.00,24.2%,44.2%,-,未分红/不适用,-4.5%,4,6,80,Medium,低,排除,0,10年内亏损年份过多；长期ROE低于5%；近5年自由现金流多次为负；商誉占比过高；数据质量为Medium，筛选结果置信度中等
MCRB,US,"Seres Therapeutics, Inc. - Common Stock",Biotechnology,科技,营收增长、自由现金流、研发投入效率,-,1.69,-513.1%,1210.1%,-128022500.00,68.0%,-,-,未分红/不适用,-,4,6,80,Medium,中,排除,0,科技公司自由现金流为负；10年ROE波动较大；10年净利润波动较大；长期ROE低于5%；近5年自由现金流多次为负；资产负债率相对偏高；数据质量为Medium，筛选结果置信度中等
MCRI,US,"Monarch Casino & Resort, Inc. - Common Stock",Resorts & Casinos,通用,ROE、现金流、资产负债率,19.88,3.78,16.3%,2.0%,111509000.00,24.6%,3.5%,-,未分红/不适用,4.5%,4,6,80,Medium,低,通过,85,数据质量为Medium，筛选结果置信度中等
MCTA,US,Charming Medical Limited - Class A Ordinary Shares,Medical Care Facilities,通用,ROE、现金流、资产负债率,419.36,1276.30,796.4%,1419.9%,683600.33,99.1%,-,69.75,未分红/不适用,32.7%,3,0,60,Medium,中,排除,15,10年ROE波动较大；10年净利润波动较大；资产负债率过高；资产负债率相对偏高；数据质量为Medium，筛选结果置信度中等
MCW,US,"Mister Car Wash, Inc. - Common Stock",Auto & Truck Dealerships,通用,ROE、现金流、资产负债率,21.50,1.98,9.7%,3.0%,-34259750.00,64.3%,35.8%,3.39,未分红/不适用,6.3%,4,6,80,Medium,低,警惕,85,商誉占比偏高；数据质量为Medium，筛选结果置信度中等
MDAI,US,"Spectral AI, Inc. - Class A Common Stock",Medical Devices,通用,ROE、现金流、资产负债率,-,-11.58,384.3%,565.7%,-,126.8%,-,-2.16,未分红/不适用,-8.2%,4,6,80,Medium,低,排除,0,PB低但近5年出现亏损；PB低但近5年经营现金流多次为负；10年内亏损年份过多；10年ROE波动较大；资产负债率过高；利息覆盖倍数过低；近5年营收增长偏弱；数据质量为Medium，筛选结果置信度中等
MDB,US,"MongoDB, Inc. - Class A Common Stock",Software - Infrastructure,科技,营收增长、自由现金流、研发投入效率,-,8.44,-17.6%,20.4%,179004500.00,21.5%,5.1%,-16.80,未分红/不适用,24.3%,4,6,80,Medium,低,排除,0,10年内亏损年份过多；10年ROE波动较大；长期ROE低于5%；利息覆盖倍数过低；数据质量为Medium，筛选结果置信度中等
MDBH,US,"MDB Capital Holdings, LLC - Class A common",Capital Markets,金融,杠杆、资产质量、资本约束,-,0.54,-15.1%,22.3%,-6687492.67,5.0%,-,-,未分红/不适用,56.6%,4,6,80,Medium,高,排除,0,金融行业需专项资产质量与资本约束分析；PB低但近5年出现亏损；PB低但近5年经营现金流多次为负；10年内亏损年份过多；10年ROE波动较大；10年净利润波动较大；长期ROE低于5%；近5年自由现金流多次为负；高杠杆行业，需资产负债表专项分析；数据质量为Medium，筛选结果置信度中等
MDCX,US,Medicus Pharma Ltd. - Common Stock,Drug Manufacturers - General,通用,ROE、现金流、资产负债率,-,-102.67,12911.9%,26371.5%,-,99.6%,-,-,未分红/不适用,-,4,6,80,Medium,低,排除,0,PB低但近5年出现亏损；PB低但近5年经营现金流多次为负；10年内亏损年份过多；10年ROE波动较大；10年净利润波动较大；资产负债率过高；数据质量为Medium，筛选结果置信度中等
MDGL,US,"Madrigal Pharmaceuticals, Inc. - Common Stock",Biotechnology,科技,营收增长、自由现金流、研发投入效率,-,22.57,-87.8%,45.2%,-301459250.00,52.2%,-,-11.92,未分红/不适用,-,4,6,80,Medium,低,排除,0,科技公司自由现金流为负；10年内亏损年份过多；10年ROE波动较大；长期ROE低于5%；近5年自由现金流多次为负；利息覆盖倍数过低；数据质量为Medium，筛选结果置信度中等
MDIA,US,Mediaco Holding Inc. - Class A Common Stock,Broadcasting,通用,ROE、现金流、资产负债率,-,1.68,-30.0%,79.8%,-6520250.00,84.1%,2.9%,-3.22,未分红/不适用,51.2%,4,6,80,Medium,中,排除,0,10年内亏损年份过多；10年ROE波动较大；10年净利润波动较大；长期ROE低于5%；资产负债率偏高；利息覆盖倍数过低；资产负债率相对偏高；数据质量为Medium，筛选结果置信度中等
MDLN,US,Medline Inc. - Class A common stock,Medical Instruments & Supplies,通用,ROE、现金流、资产负债率,33.61,2.90,10.8%,-,1297000000.00,49.9%,21.0%,2.54,未分红/不适用,-,1,16,20,Low,低,数据不足,0,商誉占比偏高；利息覆盖倍数偏低；数据年数不足，无法进行可靠筛选
MDLZ,US,"Mondelez International, Inc. - Class A Common Stock",Confectioners,通用,ROE、现金流、资产负债率,29.97,3.02,13.6%,4.3%,3340500000.00,63.8%,34.0%,6.03,未分红/不适用,7.0%,4,6,80,Medium,低,警惕,85,商誉占比偏高；数据质量为Medium，筛选结果置信度中等
MDRR,US,"Medalist Diversified, Inc. - Common Stock",Real Estate Services,地产,净负债率、现金短债比、资产负债率,-,0.71,-22.5%,15.9%,-142744.25,69.0%,-,0.26,未分红/不适用,-2.1%,4,6,80,Medium,中,排除,0,地产需补充净负债率/现金短债比专项数据；PB低但近5年出现亏损；10年内亏损年份过多；10年ROE波动较大；长期ROE低于5%；利息覆盖倍数过低；资产负债率相对偏高；数据质量为Medium，筛选结果置信度中等
MDWD,US,MediWound Ltd. - Ordinary Shares,Biotechnology,科技,营收增长、自由现金流、研发投入效率,-,4.85,-88.1%,68.4%,-17723000.00,49.4%,-,-61.39,未分红/不适用,-13.8%,4,6,80,Medium,低,排除,0,科技公司营收增长转负；科技公司自由现金流为负；10年内亏损年份过多；10年ROE波动较大；长期ROE低于5%；近5年自由现金流多次为负；利息覆盖倍数过低；近5年营收增长偏弱；数据质量为Medium，筛选结果置信度中等
MDXG,US,"MiMedx Group, Inc - Common Stock",Biotechnology,科技,营收增长、自由现金流、研发投入效率,17.77,2.05,62.4%,71.0%,35716500.00,25.1%,5.7%,-,未分红/不适用,16.1%,4,6,80,Medium,低,警惕,70,10年ROE波动较大；10年净利润波动较大；数据质量为Medium，筛选结果置信度中等
MDXH,US,MDxHealth SA - Ordinary Shares,Diagnostics & Research,通用,ROE、现金流、资产负债率,-,-3.80,-262.5%,386.4%,-22208000.00,108.2%,26.3%,-2.05,未分红/不适用,42.8%,4,6,80,Medium,低,排除,0,PB低但近5年出现亏损；PB低但近5年经营现金流多次为负；10年内亏损年份过多；10年ROE波动较大；长期ROE低于5%；近5年自由现金流多次为负；资产负债率过高；商誉占比偏高；利息覆盖倍数过低；数据质量为Medium，筛选结果置信度中等
MEDP,US,"Medpace Holdings, Inc. - Common Stock",Diagnostics & Research,通用,ROE、现金流、资产负债率,26.41,20.03,65.3%,22.9%,500507750.00,76.8%,33.5%,-,未分红/不适用,20.1%,4,6,80,Medium,中,警惕,40,10年ROE波动较大；资产负债率偏高；商誉占比偏高；资产负债率相对偏高；数据质量为Medium，筛选结果置信度中等
MEGL,US,Magic Empire Global Limited - Class A Ordinary Shares,Capital Markets,金融,杠杆、资产质量、资本约束,-,0.38,-3.4%,2.7%,-1810482.00,3.7%,-,-39.17,未分红/不适用,1.0%,4,6,80,Medium,高,排除,0,金融行业需专项资产质量与资本约束分析；PB低但近5年出现亏损；PB低但近5年经营现金流多次为负；10年内亏损年份过多；长期ROE低于5%；利息覆盖倍数过低；高杠杆行业，需资产负债表专项分析；数据质量为Medium，筛选结果置信度中等
MEHA,US,"Functional Brands, Inc. - Common Stock",Packaged Foods,消费,ROE、毛利率稳定性、分红稳定性,8.62,1.05,-1050.0%,2504.7%,-431531.50,83.1%,9.0%,2.88,未分红/不适用,-2.1%,4,6,80,Medium,中,排除,0,消费公司长期ROE不够突出；10年内亏损年份过多；10年ROE波动较大；10年净利润波动较大；长期ROE低于5%；资产负债率偏高；利息覆盖倍数偏低；资产负债率相对偏高；数据质量为Medium，筛选结果置信度中等
MELI,US,"MercadoLibre, Inc. - Common Stock",Internet Retail,科技,营收增长、自由现金流、研发投入效率,41.25,10.89,33.0%,7.6%,6236750000.00,84.2%,0.4%,18.76,未分红/不适用,38.9%,4,6,80,Medium,中,警惕,70,资产负债率偏高；资产负债率相对偏高；数据质量为Medium，筛选结果置信度中等
MENS,US,Jyong Biotech Ltd. - Ordinary shares,Biotechnology,科技,营收增长、自由现金流、研发投入效率,-,-6.42,15.4%,6.1%,-2669000.00,673.7%,-,-1.92,未分红/不适用,-,4,0,80,Medium,低,排除,0,科技公司自由现金流为负；PB低但近5年出现亏损；PB低但近5年经营现金流多次为负；10年内亏损年份过多；资产负债率过高；利息覆盖倍数过低；数据质量为Medium，筛选结果置信度中等
MEOH,US,Methanex Corporation - Common Stock,Chemicals,周期,利润波动、ROE波动、资本开支周期,-,1.99,9.2%,5.6%,525364250.00,62.6%,-,1.93,未分红/不适用,-5.9%,4,6,80,Medium,低,警惕,70,利息覆盖倍数偏低；近5年营收增长偏弱；数据质量为Medium，筛选结果置信度中等
MERC,US,Mercer International Inc. - Common Stock,Paper & Paper Products,通用,ROE、现金流、资产负债率,-,0.91,-190.0%,362.2%,-24380250.00,96.7%,-,-3.45,未分红/不适用,-6.4%,4,6,80,Medium,中,排除,0,PB低但近5年出现亏损；10年内亏损年份过多；10年ROE波动较大；10年净利润波动较大；长期ROE低于5%；资产负债率过高；利息覆盖倍数过低；近5年营收增长偏弱；资产负债率相对偏高；数据质量为Medium，筛选结果置信度中等
META,US,"Meta Platforms, Inc. - Class A Common Stock",Internet Content & Information,科技,营收增长、自由现金流、研发投入效率,22.36,6.41,26.5%,6.5%,40884500000.00,40.6%,6.7%,74.76,未分红/不适用,19.9%,4,6,80,Medium,低,通过,85,数据质量为Medium，筛选结果置信度中等
METC,US,"Ramaco Resources, Inc. - Class A Common Stock",Coking Coal,周期,利润波动、ROE波动、资本开支周期,-,1.98,13.1%,21.2%,25867500.00,57.6%,-,-6.96,未分红/不适用,-1.7%,4,6,80,Medium,低,排除,0,周期行业ROE波动显著；周期行业利润弹性过大；10年ROE波动较大；10年净利润波动较大；利息覆盖倍数过低；数据质量为Medium，筛选结果置信度中等
METCB,US,"Ramaco Resources, Inc. - Class B Common Stock",Coking Coal,周期,利润波动、ROE波动、资本开支周期,-,1.39,13.1%,21.2%,25867500.00,57.6%,-,-6.96,未分红/不适用,-1.7%,4,6,80,Medium,低,排除,0,周期行业ROE波动显著；周期行业利润弹性过大；10年ROE波动较大；10年净利润波动较大；利息覆盖倍数过低；数据质量为Medium，筛选结果置信度中等
MFI,US,mF International Limited - Class A Ordinary Shares,Software - Application,科技,营收增长、自由现金流、研发投入效率,-,5.91,51.0%,80.4%,-3343803.00,38.4%,-,-,未分红/不适用,-6.8%,4,0,80,Medium,低,警惕,25,科技公司营收增长转负；科技公司自由现金流为负；10年ROE波动较大；10年净利润波动较大；近5年营收增长偏弱；数据质量为Medium，筛选结果置信度中等
MFIN,US,Medallion Financial Corp. - Common Stock,Credit Services,通用,ROE、现金流、资产负债率,6.43,0.54,12.9%,2.9%,-,82.8%,5.1%,-,未分红/不适用,14.5%,4,6,80,Medium,中,警惕,70,资产负债率偏高；资产负债率相对偏高；数据质量为Medium，筛选结果置信度中等
MGEE,US,MGE Energy Inc. - Common Stock,Utilities - Regulated Electric,周期,利润波动、ROE波动、资本开支周期,19.24,2.04,10.2%,0.3%,-11233000.00,58.7%,-,5.63,未分红/不适用,1.3%,4,6,80,Medium,低,通过,85,数据质量为Medium，筛选结果置信度中等
MGIH,US,Millennium Group International Holdings Limited - Ordinary Shares,Packaging & Containers,通用,ROE、现金流、资产负债率,-,0.67,-1.7%,18.6%,1748470.25,28.9%,-,-7.93,未分红/不适用,-15.8%,4,0,80,Medium,低,排除,0,PB低但近5年出现亏损；10年ROE波动较大；10年净利润波动较大；长期ROE低于5%；利息覆盖倍数过低；近5年营收明显下滑；数据质量为Medium，筛选结果置信度中等
MGN,US,Megan Holdings Limited - Class A Ordinary Shares,Engineering & Construction,周期,利润波动、ROE波动、资本开支周期,2.62,0.25,33.7%,17.4%,-4558966.33,51.7%,-,321.74,未分红/不适用,9.5%,4,0,80,Medium,低,警惕,70,周期行业ROE波动显著；10年ROE波动较大；数据质量为Medium，筛选结果置信度中等
MGNI,US,"Magnite, Inc. - Common Stock",Advertising Agencies,通用,ROE、现金流、资产负债率,12.20,2.00,-5.1%,17.7%,166283250.00,70.9%,31.1%,4.73,未分红/不适用,7.4%,4,6,80,Medium,中,排除,0,10年ROE波动较大；10年净利润波动较大；长期ROE低于5%；资产负债率偏高；商誉占比偏高；资产负债率相对偏高；数据质量为Medium，筛选结果置信度中等
MGNX,US,"MacroGenics, Inc. - Common Stock",Biotechnology,科技,营收增长、自由现金流、研发投入效率,-,4.71,-70.5%,53.5%,-81396000.00,78.4%,-,-7.85,未分红/不适用,-0.1%,4,6,80,Medium,中,排除,0,科技公司营收增长转负；科技公司自由现金流为负；10年内亏损年份过多；10年ROE波动较大；长期ROE低于5%；近5年自由现金流多次为负；资产负债率偏高；利息覆盖倍数过低；资产负债率相对偏高；数据质量为Medium，筛选结果置信度中等
MGPI,US,"MGP Ingredients, Inc. - Common Stock",Beverages - Wineries & Distilleries,消费,ROE、毛利率稳定性、分红稳定性,-,0.67,4.1%,13.5%,44816500.00,42.0%,9.4%,-13.25,未分红/不适用,-11.8%,4,6,80,Medium,低,排除,0,消费公司长期ROE不够突出；PB低但近5年出现亏损；10年ROE波动较大；10年净利润波动较大；长期ROE低于5%；利息覆盖倍数过低；近5年营收增长偏弱；数据质量为Medium，筛选结果置信度中等
MGRC,US,McGrath RentCorp - Common Stock,Rental & Leasing Services,通用,ROE、现金流、资产负债率,18.13,2.27,16.6%,3.7%,5611000.00,47.5%,14.1%,7.96,未分红/不适用,14.1%,4,6,80,Medium,低,通过,85,数据质量为Medium，筛选结果置信度中等
MGRT,US,Mega Fortune Company Limited - Ordinary Shares,Information Technology Services,科技,营收增长、自由现金流、研发投入效率,856.11,121.00,42.2%,26.7%,-14159.33,15.7%,-,116.04,未分红/不适用,47.0%,4,0,80,Medium,低,警惕,55,科技公司自由现金流为负；10年ROE波动较大；10年净利润波动较大；数据质量为Medium，筛选结果置信度中等
MGRX,US,"Mangoceuticals, Inc. - Common Stock",Health Information Services,通用,ROE、现金流、资产负债率,-,0.44,-428.2%,519.2%,-4195257.00,5.5%,-,-198.43,未分红/不适用,270.9%,4,6,80,Medium,低,排除,0,PB低但近5年出现亏损；PB低但近5年经营现金流多次为负；10年内亏损年份过多；10年ROE波动较大；长期ROE低于5%；利息覆盖倍数过低；数据质量为Medium，筛选结果置信度中等
MGTX,US,MeiraGTx Holdings plc - Ordinary Shares,Biotechnology,科技,营收增长、自由现金流、研发投入效率,-,-134.79,395.6%,1052.5%,-100911250.00,102.4%,-,-8.36,未分红/不适用,72.3%,4,6,80,Medium,低,排除,0,科技公司自由现金流为负；PB低但近5年出现亏损；PB低但近5年经营现金流多次为负；10年内亏损年份过多；10年ROE波动较大；近5年自由现金流多次为负；资产负债率过高；利息覆盖倍数过低；数据质量为Medium，筛选结果置信度中等
MGX,US,"Metagenomi Therapeutics, Inc. - Common Stock",Biotechnology,科技,营收增长、自由现金流、研发投入效率,-,0.31,5.1%,57.8%,-71782250.00,28.3%,-,-,未分红/不适用,13.6%,4,6,80,Medium,低,排除,0,科技公司自由现金流为负；PB低但近5年出现亏损；PB低但近5年经营现金流多次为负；10年内亏损年份过多；10年ROE波动较大；近5年自由现金流多次为负；数据质量为Medium，筛选结果置信度中等
MGYR,US,"Magyar Bancorp, Inc. - Common Stock",Banks - Regional,银行,不良率、拨备覆盖、资本充足率,9.93,0.88,7.7%,0.6%,8577500.00,88.1%,-,-,未分红/不适用,6.2%,4,6,80,Medium,中,排除,30,银行需补充不良率/拨备/资本充足率专项数据；资产负债率过高；资产负债率相对偏高；数据质量为Medium，筛选结果置信度中等
MIDD,US,The Middleby Corporation - Common Stock,Specialty Industrial Machinery,通用,ROE、现金流、资产负债率,20.31,2.57,7.4%,11.7%,509836750.00,56.0%,28.5%,6.14,未分红/不适用,-7.4%,4,6,80,Medium,低,警惕,40,10年净利润波动较大；长期ROE偏低但PE不低；商誉占比偏高；近5年营收增长偏弱；数据质量为Medium，筛选结果置信度中等
MIMI,US,Mint Incorporation Limited - Class A Ordinary Shares,Engineering & Construction,周期,利润波动、ROE波动、资本开支周期,-,15.92,106.4%,106.5%,-496463.25,23.4%,-,-46.74,未分红/不适用,15.5%,4,0,80,Medium,低,排除,0,周期行业ROE波动显著；周期行业利润弹性过大；10年ROE波动较大；10年净利润波动较大；利息覆盖倍数过低；数据质量为Medium，筛选结果置信度中等
MIND,US,"MIND Technology, Inc. - Common Stock",Scientific & Technical Instruments,科技,营收增长、自由现金流、研发投入效率,74.28,1.47,-17.1%,32.3%,-6624500.00,-,-,-,未分红/不适用,26.6%,4,6,80,Medium,未知,排除,0,科技公司自由现金流为负；10年ROE波动较大；10年净利润波动较大；长期ROE低于5%；近5年自由现金流多次为负；数据质量为Medium，筛选结果置信度中等
MIRA,US,"MIRA Pharmaceuticals, Inc. - Common Stock",Drug Manufacturers - General,通用,ROE、现金流、资产负债率,-,3.84,113.1%,721.8%,-,6.3%,-,-,未分红/不适用,-,4,6,80,Medium,低,排除,45,10年内亏损年份过多；10年ROE波动较大；数据质量为Medium，筛选结果置信度中等
MIRM,US,"Mirum Pharmaceuticals, Inc. - common stock",Biotechnology,科技,营收增长、自由现金流、研发投入效率,-,27.38,-51.9%,37.6%,-41815500.00,62.7%,-,-0.49,未分红/不适用,89.1%,4,6,80,Medium,低,排除,0,科技公司自由现金流为负；10年内亏损年份过多；10年ROE波动较大；长期ROE低于5%；近5年自由现金流多次为负；利息覆盖倍数过低；数据质量为Medium，筛选结果置信度中等
MIST,US,Milestone Pharmaceuticals Inc. - Common Shares,Biotechnology,科技,营收增长、自由现金流、研发投入效率,-,4.49,-227.7%,128.6%,-44375250.00,63.2%,-,-15.43,未分红/不适用,-32.4%,4,6,80,Medium,低,排除,0,科技公司营收增长转负；科技公司自由现金流为负；10年内亏损年份过多；10年ROE波动较大；长期ROE低于5%；近5年自由现金流多次为负；利息覆盖倍数过低；近5年营收明显下滑；数据质量为Medium，筛选结果置信度中等
MITK,US,"Mitek Systems, Inc. - Common Stock",Software - Application,科技,营收增长、自由现金流、研发投入效率,41.91,2.67,2.8%,1.2%,33745000.00,47.7%,29.1%,2.19,未分红/不适用,7.5%,4,6,80,Medium,低,排除,30,长期ROE低于5%；商誉占比偏高；利息覆盖倍数偏低；数据质量为Medium，筛选结果置信度中等
MKDW,US,MKDWELL Tech Inc. - Ordinary Shares,Auto Parts,通用,ROE、现金流、资产负债率,-,-8.91,-83.8%,166.8%,-1876554.50,73.4%,-,-4.75,未分红/不适用,-1.3%,3,9,60,Medium,中,排除,0,PB低但近5年出现亏损；PB低但近5年经营现金流多次为负；10年内亏损年份过多；10年ROE波动较大；长期ROE低于5%；近5年自由现金流多次为负；资产负债率偏高；利息覆盖倍数过低；资产负债率相对偏高；数据质量为Medium，筛选结果置信度中等
MKSI,US,MKS Inc. - Common Stock,Scientific & Technical Instruments,通用,ROE、现金流、资产负债率,63.23,7.22,-12.0%,41.7%,376000000.00,69.1%,29.3%,2.33,未分红/不适用,3.5%,4,6,80,Medium,中,排除,0,10年ROE波动较大；10年净利润波动较大；长期ROE低于5%；商誉占比偏高；利息覆盖倍数偏低；资产负债率相对偏高；数据质量为Medium，筛选结果置信度中等
MKTW,US,"MarketWise, Inc. - Class A Common Stock",Financial Data & Stock Exchanges,通用,ROE、现金流、资产负债率,10.04,-3.47,-51.3%,28.3%,32616000.00,197.8%,13.8%,-,未分红/不适用,-13.8%,4,6,80,Medium,低,排除,0,10年ROE波动较大；10年净利润波动较大；长期ROE低于5%；资产负债率过高；近5年营收增长偏弱；数据质量为Medium，筛选结果置信度中等
MKTX,US,"MarketAxess Holdings, Inc. - Common Stock",Capital Markets,金融,杠杆、资产质量、资本约束,16.71,4.21,21.1%,1.6%,292868750.00,40.1%,14.7%,247.80,未分红/不适用,5.6%,4,6,80,Medium,高,需专项分析,55,金融行业需专项资产质量与资本约束分析；高杠杆行业，需资产负债表专项分析；数据质量为Medium，筛选结果置信度中等
MKZR,US,"MacKenzie Realty Capital, Inc. - Common Stock",REIT - Diversified,地产,净负债率、现金短债比、资产负债率,-,0.09,-14.4%,20.8%,-,60.4%,-,-1.81,未分红/不适用,28.6%,4,6,80,Medium,中,排除,0,地产需补充净负债率/现金短债比专项数据；PB低但近5年出现亏损；PB低但近5年经营现金流多次为负；10年内亏损年份过多；10年ROE波动较大；10年净利润波动较大；长期ROE低于5%；利息覆盖倍数过低；资产负债率相对偏高；数据质量为Medium，筛选结果置信度中等
MLAB,US,"Mesa Laboratories, Inc. - Common Stock",Scientific & Technical Instruments,通用,ROE、现金流、资产负债率,151.46,2.91,-43.8%,87.4%,35526250.00,63.1%,41.9%,1.50,未分红/不适用,9.3%,4,0,80,Medium,低,排除,0,10年ROE波动较大；10年净利润波动较大；长期ROE低于5%；商誉占比过高；利息覆盖倍数偏低；数据质量为Medium，筛选结果置信度中等
MLCI,US,Mount Logan Capital Inc. - Common Stock,Asset Management,通用,ROE、现金流、资产负债率,-,0.51,-7.7%,61.5%,-,94.3%,1.9%,-6.49,未分红/不适用,24.0%,4,6,80,Medium,中,排除,0,PB低但近5年出现亏损；10年内亏损年份过多；10年ROE波动较大；10年净利润波动较大；长期ROE低于5%；资产负债率过高；利息覆盖倍数过低；资产负债率相对偏高；数据质量为Medium，筛选结果置信度中等
MLEC,US,Moolec Science SA - Ordinary Shares,Biotechnology,科技,营收增长、自由现金流、研发投入效率,-,12.13,-602.0%,1423.8%,-20180201.67,140.5%,0.0%,-3.46,未分红/不适用,-,4,6,80,Medium,低,排除,0,科技公司自由现金流为负；10年内亏损年份过多；10年ROE波动较大；10年净利润波动较大；长期ROE低于5%；资产负债率过高；利息覆盖倍数过低；数据质量为Medium，筛选结果置信度中等
MLGO,US,"MicroAlgo, Inc. - Ordinary Shares",Software - Infrastructure,科技,营收增长、自由现金流、研发投入效率,2.08,0.14,-21.3%,42.0%,2782080.33,4.4%,-,36.85,未分红/不适用,-11.7%,4,6,80,Medium,低,排除,0,科技公司营收增长转负；PB低但近5年出现亏损；10年ROE波动较大；10年净利润波动较大；长期ROE低于5%；近5年营收增长偏弱；数据质量为Medium，筛选结果置信度中等
MLKN,US,"MillerKnoll, Inc. - Common Stock","Furnishings, Fixtures & Appliances",通用,ROE、现金流、资产负债率,98.07,0.75,1.0%,4.2%,87150000.00,66.2%,29.2%,0.71,未分红/不适用,-2.4%,4,6,80,Medium,中,排除,0,PB低但近5年出现亏损；10年净利润波动较大；长期ROE低于5%；商誉占比偏高；利息覆盖倍数过低；资产负债率相对偏高；数据质量为Medium，筛选结果置信度中等
MLTX,US,MoonLake Immunotherapeutics - Class A Ordinary Shares,Biotechnology,科技,营收增长、自由现金流、研发投入效率,-,5.02,-52.7%,43.5%,-103030227.25,28.3%,-,-30.69,未分红/不适用,-,4,6,80,Medium,低,排除,0,科技公司自由现金流为负；10年内亏损年份过多；10年ROE波动较大；10年净利润波动较大；长期ROE低于5%；近5年自由现金流多次为负；利息覆盖倍数过低；数据质量为Medium，筛选结果置信度中等
MLYS,US,"Mineralys Therapeutics, Inc. - Common Stock",Biotechnology,科技,营收增长、自由现金流、研发投入效率,-,3.43,-22.4%,61.5%,-154420500.00,2.3%,-,-,未分红/不适用,-,4,6,80,Medium,低,排除,0,科技公司自由现金流为负；10年内亏损年份过多；10年ROE波动较大；长期ROE低于5%；数据质量为Medium，筛选结果置信度中等
MMED,US,"MiniMed Group, Inc. - Common Stock",Health Information Services,通用,ROE、现金流、资产负债率,-,-,-5.4%,3.0%,-111000000.00,20.7%,53.7%,-,未分红/不适用,10.0%,2,3,40,Low,低,数据不足,0,10年内亏损年份过多；长期ROE低于5%；近5年自由现金流多次为负；商誉占比过高；数据年数不足，无法进行可靠筛选
MMLP,US,Martin Midstream Partners L.P. - Common Units Representing Limited Partnership Interests,Oil & Gas Midstream,周期,利润波动、ROE波动、资本开支周期,-,-1.13,-,-,29940750.00,116.4%,3.2%,0.82,未分红/不适用,-11.1%,4,6,80,Medium,未知,排除,0,PB低但近5年出现亏损；10年内亏损年份过多；资产负债率过高；利息覆盖倍数过低；近5年营收增长偏弱；数据质量为Medium，筛选结果置信度中等
MMSI,US,"Merit Medical Systems, Inc. - Common Stock",Medical Instruments & Supplies,通用,ROE、现金流、资产负债率,26.95,2.29,7.8%,0.9%,142457000.00,41.0%,18.9%,7.46,未分红/不适用,9.6%,4,6,80,Medium,低,警惕,85,长期ROE偏低但PE不低；数据质量为Medium，筛选结果置信度中等
MMYT,US,MakeMyTrip Limited - Ordinary Shares,Travel Services,通用,ROE、现金流、资产负债率,82.12,-358.82,5.3%,11.0%,73760500.00,33.9%,30.2%,7.84,未分红/不适用,47.7%,4,0,80,Medium,低,排除,15,PB低但近5年出现亏损；10年净利润波动较大；长期ROE偏低但PE不低；商誉占比偏高；数据质量为Medium，筛选结果置信度中等
MNDO,US,MIND C.T.I. Ltd. - Ordinary Shares,Software - Application,科技,营收增长、自由现金流、研发投入效率,7.10,0.82,18.4%,4.9%,4131750.00,23.6%,33.0%,-,未分红/不适用,-3.3%,4,6,80,Medium,低,警惕,70,科技公司营收增长转负；商誉占比偏高；数据质量为Medium，筛选结果置信度中等
MNDR,US,Mobile-health Network Solutions - Class A Ordinary Shares,Health Information Services,通用,ROE、现金流、资产负债率,-,0.41,127.4%,530.1%,-2164651.25,-,-,-,未分红/不适用,75.5%,4,6,80,Medium,未知,排除,0,PB低但近5年出现亏损；PB低但近5年经营现金流多次为负；10年内亏损年份过多；10年ROE波动较大；10年净利润波动较大；近5年自由现金流多次为负；数据质量为Medium，筛选结果置信度中等
MNDY,US,monday.com Ltd. - Ordinary Shares,Software - Application,科技,营收增长、自由现金流、研发投入效率,30.83,2.87,-1.9%,12.8%,204703500.00,40.8%,-,-,未分红/不适用,33.4%,4,6,80,Medium,低,排除,30,10年ROE波动较大；10年净利润波动较大；长期ROE低于5%；数据质量为Medium，筛选结果置信度中等
MNKD,US,MannKind Corporation - Common Stock,Biotechnology,科技,营收增长、自由现金流、研发投入效率,-,-18.67,-1.7%,29.4%,-12527000.00,106.4%,8.5%,1.04,未分红/不适用,51.8%,4,6,80,Medium,低,排除,0,科技公司自由现金流为负；PB低但近5年出现亏损；10年ROE波动较大；10年净利润波动较大；长期ROE低于5%；资产负债率过高；利息覆盖倍数过低；数据质量为Medium，筛选结果置信度中等
MNOV,US,"MediciNova, Inc. - Common Stock",Biotechnology,科技,营收增长、自由现金流、研发投入效率,-,1.63,-20.9%,6.2%,-10206432.25,8.8%,21.1%,-,未分红/不适用,-,4,6,80,Medium,低,排除,0,科技公司自由现金流为负；10年内亏损年份过多；长期ROE低于5%；近5年自由现金流多次为负；商誉占比偏高；数据质量为Medium，筛选结果置信度中等
MNPR,US,Monopar Therapeutics Inc. - Common Stock,Biotechnology,科技,营收增长、自由现金流、研发投入效率,-,2.96,-73.2%,65.7%,-,2.1%,-,-,未分红/不适用,-,4,6,80,Medium,低,排除,5,10年内亏损年份过多；10年ROE波动较大；长期ROE低于5%；数据质量为Medium，筛选结果置信度中等
MNRO,US,"Monro, Inc.  - Common Stock",Auto Parts,通用,ROE、现金流、资产负债率,-,0.79,4.6%,3.8%,131805250.00,62.2%,44.9%,-,未分红/不适用,-4.2%,4,0,80,Medium,低,排除,0,PB低但近5年出现亏损；10年净利润波动较大；长期ROE低于5%；商誉占比过高；数据质量为Medium，筛选结果置信度中等
MNSB,US,"MainStreet Bancshares, Inc. - Common Stock",Banks - Regional,银行,不良率、拨备覆盖、资本充足率,11.26,0.84,6.9%,8.3%,17744750.00,90.1%,-,-,未分红/不适用,-0.9%,4,6,80,Medium,中,排除,0,银行需补充不良率/拨备/资本充足率专项数据；PB低但近5年出现亏损；10年净利润波动较大；长期ROE偏低但PE不低；资产负债率过高；资产负债率相对偏高；数据质量为Medium，筛选结果置信度中等
MNST,US,Monster Beverage Corporation - Common Stock,Beverages - Non-Alcoholic,消费,ROE、毛利率稳定性、分红稳定性,42.26,9.80,21.3%,3.7%,1430330500.00,17.4%,13.3%,-,未分红/不适用,9.5%,4,6,80,Medium,低,通过,85,数据质量为Medium，筛选结果置信度中等
MNTK,US,"Montauk Renewables, Inc. - Common Stock",Specialty Chemicals,周期,利润波动、ROE波动、资本开支周期,159.50,0.87,6.5%,6.4%,-16996250.00,39.6%,0.0%,0.48,未分红/不适用,-5.0%,4,6,80,Medium,低,排除,15,10年净利润波动较大；长期ROE偏低但PE不低；近5年自由现金流多次为负；利息覆盖倍数过低；数据质量为Medium，筛选结果置信度中等
MNTS,US,Momentus Inc. - Class A Common Stock,Aerospace & Defense,通用,ROE、现金流、资产负债率,-,0.67,-535.2%,1129.0%,-47637750.00,57.5%,-,-44.00,未分红/不适用,54.8%,4,6,80,Medium,低,排除,0,PB低但近5年出现亏损；PB低但近5年经营现金流多次为负；10年内亏损年份过多；10年ROE波动较大；长期ROE低于5%；近5年自由现金流多次为负；利息覆盖倍数过低；数据质量为Medium，筛选结果置信度中等
MNY,US,MoneyHero Limited - Class A Ordinary Shares,Internet Content & Information,科技,营收增长、自由现金流、研发投入效率,-,0.05,-155.6%,135.2%,-19128666.25,48.6%,-,-94.82,未分红/不适用,2.5%,4,6,80,Medium,低,排除,0,科技公司自由现金流为负；PB低但近5年出现亏损；PB低但近5年经营现金流多次为负；10年内亏损年份过多；10年ROE波动较大；10年净利润波动较大；长期ROE低于5%；近5年自由现金流多次为负；利息覆盖倍数过低；数据质量为Medium，筛选结果置信度中等
MOB,US,Mobilicom Limited - Ordinary Shares,Aerospace & Defense,通用,ROE、现金流、资产负债率,-,7.55,-132.2%,123.1%,-3642443.48,57.4%,-,-2559.21,未分红/不适用,27.7%,4,8,80,Medium,低,排除,0,10年内亏损年份过多；10年ROE波动较大；10年净利润波动较大；长期ROE低于5%；利息覆盖倍数过低；数据质量为Medium，筛选结果置信度中等
MOBX,US,"Mobix Labs, Inc. - Class A Common Stock",Semiconductors,科技,营收增长、自由现金流、研发投入效率,-,3.73,3590.6%,6774.3%,-15028333.33,100.9%,43.3%,-18.84,未分红/不适用,44.2%,4,6,80,Medium,低,排除,0,科技公司自由现金流为负；10年内亏损年份过多；10年ROE波动较大；近5年自由现金流多次为负；资产负债率过高；商誉占比过高；利息覆盖倍数过低；数据质量为Medium，筛选结果置信度中等
MODD,US,"Modular Medical, Inc. - common stock",Medical Devices,通用,ROE、现金流、资产负债率,-,1.56,-186.5%,71.2%,-14207073.00,8.8%,-,-,未分红/不适用,-,4,0,80,Medium,低,排除,0,10年内亏损年份过多；10年ROE波动较大；长期ROE低于5%；近5年自由现金流多次为负；数据质量为Medium，筛选结果置信度中等
MORN,US,"Morningstar, Inc. - Common Stock",Financial Data & Stock Exchanges,通用,ROE、现金流、资产负债率,17.29,5.50,17.5%,11.3%,314275000.00,66.0%,44.9%,13.47,未分红/不适用,9.3%,4,6,80,Medium,低,排除,60,商誉占比过高；数据质量为Medium，筛选结果置信度中等
MOVE,US,"Corvex, Inc. - Common Stock",Software - Infrastructure,科技,营收增长、自由现金流、研发投入效率,-,-7.83,101.9%,600.3%,-22541000.00,162.0%,-,-5.17,未分红/不适用,-57.3%,2,0,40,Low,低,数据不足,0,科技公司营收增长转负；科技公司自由现金流为负；PB低但近5年出现亏损；10年ROE波动较大；资产负债率过高；利息覆盖倍数过低；近5年营收明显下滑；数据年数不足，无法进行可靠筛选
MPAA,US,"Motorcar Parts of America, Inc. - Common Stock",Auto Parts,通用,ROE、现金流、资产负债率,122.00,0.82,-6.0%,8.6%,176000.00,73.1%,0.3%,0.72,未分红/不适用,5.2%,4,0,80,Medium,中,排除,0,PB低但近5年出现亏损；10年内亏损年份过多；10年净利润波动较大；长期ROE低于5%；资产负债率偏高；利息覆盖倍数过低；资产负债率相对偏高；数据质量为Medium，筛选结果置信度中等
MPB,US,Mid Penn Bancorp - Common Stock,Banks - Regional,银行,不良率、拨备覆盖、资本充足率,14.16,0.89,8.0%,1.8%,55396500.00,86.7%,2.2%,-,未分红/不适用,31.3%,1,8,20,Low,中,数据不足,0,银行需补充不良率/拨备/资本充足率专项数据；资产负债率过高；资产负债率相对偏高；数据年数不足，无法进行可靠筛选
MPLT,US,"MapLight Therapeutics, Inc. - Common Stock",Biotechnology,科技,营收增长、自由现金流、研发投入效率,-,2.78,-35.2%,-,-138610000.00,4.4%,-,-,未分红/不适用,-,1,12,20,Low,低,数据不足,0,科技公司自由现金流为负；长期ROE低于5%；数据年数不足，无法进行可靠筛选
MPWR,US,"Monolithic Power Systems, Inc. - Common Stock",Semiconductors,科技,营收增长、自由现金流、研发投入效率,111.04,20.83,29.7%,16.6%,513961000.00,15.8%,0.6%,-,未分红/不适用,15.9%,4,6,80,Medium,低,警惕,85,10年ROE波动较大；数据质量为Medium，筛选结果置信度中等
MQ,US,"Marqeta, Inc. - Class A Common Stock",Software - Infrastructure,科技,营收增长、自由现金流、研发投入效率,387.00,2.22,-7.4%,9.4%,40222250.00,50.0%,10.1%,-,未分红/不适用,-5.8%,4,6,80,Medium,低,排除,0,科技公司营收增长转负；10年内亏损年份过多；10年净利润波动较大；长期ROE低于5%；近5年营收增长偏弱；数据质量为Medium，筛选结果置信度中等
MRAM,US,"Everspin Technologies, Inc. - Common Stock",Semiconductors,科技,营收增长、自由现金流、研发投入效率,3733.00,12.45,8.3%,9.4%,5938500.00,18.5%,-,-,未分红/不适用,-2.7%,4,6,80,Medium,低,警惕,70,科技公司营收增长转负；10年净利润波动较大；数据质量为Medium，筛选结果置信度中等
MRBK,US,Meridian Corporation - Common Stock,Banks - Regional,银行,不良率、拨备覆盖、资本充足率,9.19,0.99,10.8%,2.5%,32597500.00,92.2%,0.0%,-,未分红/不适用,4.3%,4,6,80,Medium,中,排除,30,银行需补充不良率/拨备/资本充足率专项数据；资产负债率过高；资产负债率相对偏高；数据质量为Medium，筛选结果置信度中等
MRCY,US,Mercury Systems Inc - Common Stock,Aerospace & Defense,通用,ROE、现金流、资产负债率,-,3.70,-3.2%,4.3%,9641000.00,39.5%,38.5%,-0.51,未分红/不适用,-2.6%,4,6,80,Medium,低,排除,0,10年内亏损年份过多；10年净利润波动较大；长期ROE低于5%；商誉占比偏高；利息覆盖倍数过低；数据质量为Medium，筛选结果置信度中等
MRDN,US,Meridian Holdings Inc. - Common Stock,Electronic Gaming & Multimedia,科技,营收增长、自由现金流、研发投入效率,-,2.87,-57.1%,118.4%,8077582.33,59.1%,7.2%,-20.23,未分红/不适用,40.2%,3,12,60,Medium,低,排除,0,10年ROE波动较大；10年净利润波动较大；长期ROE低于5%；利息覆盖倍数过低；数据质量为Medium，筛选结果置信度中等
MRKR,US,"Marker Therapeutics, Inc. - Common Stock",Biotechnology,科技,营收增长、自由现金流、研发投入效率,-,1.43,-85.4%,45.4%,-31917289.00,11.9%,-,-,未分红/不适用,-,4,6,80,Medium,低,排除,0,科技公司自由现金流为负；10年内亏损年份过多；10年ROE波动较大；长期ROE低于5%；数据质量为Medium，筛选结果置信度中等
MRLN,US,"Merlin, Inc. - Common Stock",Aerospace & Defense,通用,ROE、现金流、资产负债率,-,-0.06,44.4%,3.3%,-41990500.00,367.4%,-,-21.69,未分红/不适用,22.5%,2,0,40,Low,低,数据不足,0,PB低但近5年出现亏损；资产负债率过高；利息覆盖倍数过低；数据年数不足，无法进行可靠筛选
MRNA,US,"Moderna, Inc. - Common Stock",Biotechnology,科技,营收增长、自由现金流、研发投入效率,-,2.19,-13.9%,38.4%,-1343500000.00,29.9%,0.4%,-275.80,未分红/不适用,-53.3%,4,6,80,Medium,低,排除,0,科技公司营收增长转负；科技公司自由现金流为负；10年内亏损年份过多；10年ROE波动较大；10年净利润波动较大；长期ROE低于5%；近5年自由现金流多次为负；利息覆盖倍数过低；近5年营收明显下滑；数据质量为Medium，筛选结果置信度中等
MRNO,US,Murano Global Investments PLC - Ordinary Shares,Real Estate - Development,地产,净负债率、现金短债比、资产负债率,-,0.12,-16.8%,34.5%,-1462751048.00,76.2%,-,-3.39,未分红/不适用,681.5%,4,0,80,Medium,中,排除,0,地产需补充净负债率/现金短债比专项数据；地产资产负债率偏高；PB低但近5年出现亏损；PB低但近5年经营现金流多次为负；10年ROE波动较大；10年净利润波动较大；长期ROE低于5%；近5年自由现金流多次为负；资产负债率偏高；利息覆盖倍数过低；资产负债率相对偏高；数据质量为Medium，筛选结果置信度中等
MRTN,US,"Marten Transport, Ltd. - Common Stock",Trucking,通用,ROE、现金流、资产负债率,88.31,1.70,7.7%,6.1%,-45698500.00,19.2%,-,-,未分红/不适用,-11.2%,4,6,80,Medium,低,警惕,55,长期ROE偏低但PE不低；近5年自由现金流多次为负；近5年营收增长偏弱；数据质量为Medium，筛选结果置信度中等
MRVI,US,"Maravai LifeSciences Holdings, Inc. - Class A common stock",Biotechnology,科技,营收增长、自由现金流、研发投入效率,-,2.89,-23.6%,44.7%,121660750.00,51.6%,16.8%,-7.71,未分红/不适用,-40.5%,4,6,80,Medium,低,排除,0,科技公司营收增长转负；10年内亏损年份过多；10年ROE波动较大；10年净利润波动较大；长期ROE低于5%；利息覆盖倍数过低；近5年营收明显下滑；数据质量为Medium，筛选结果置信度中等
MRVL,US,"Marvell Technology, Inc. - Common Stock",Semiconductors,科技,营收增长、自由现金流、研发投入效率,57.89,10.52,1.2%,11.9%,1218325000.00,35.8%,49.6%,16.04,未分红/不适用,11.4%,4,6,80,Medium,低,排除,0,10年内亏损年份过多；10年净利润波动较大；长期ROE低于5%；商誉占比过高；数据质量为Medium，筛选结果置信度中等
MRX,US,Marex Group plc - Ordinary Shares,Capital Markets,金融,杠杆、资产质量、资本约束,12.79,3.24,19.8%,4.4%,682600000.00,96.4%,0.7%,1.54,未分红/不适用,45.6%,4,6,80,Medium,高,需专项分析,40,金融行业需专项资产质量与资本约束分析；利息覆盖倍数偏低；高杠杆行业，需资产负债表专项分析；数据质量为Medium，筛选结果置信度中等
MSAI,US,"MultiSensor AI Holdings, Inc. - Common Stock",Electronic Components,科技,营收增长、自由现金流、研发投入效率,-,0.37,2064.8%,4165.0%,-9687000.00,9.7%,-,-,未分红/不适用,-8.6%,4,6,80,Medium,低,排除,0,科技公司营收增长转负；科技公司自由现金流为负；PB低但近5年出现亏损；PB低但近5年经营现金流多次为负；10年内亏损年份过多；10年ROE波动较大；近5年自由现金流多次为负；近5年营收增长偏弱；数据质量为Medium，筛选结果置信度中等
MSBI,US,"Midland States Bancorp, Inc. - Common Stock",Banks - Regional,银行,不良率、拨备覆盖、资本充足率,22.12,1.23,1.3%,15.8%,179238500.00,91.3%,0.1%,-,未分红/不适用,-8.6%,4,6,80,Medium,中,排除,0,银行需补充不良率/拨备/资本充足率专项数据；10年ROE波动较大；10年净利润波动较大；长期ROE低于5%；资产负债率过高；近5年营收增长偏弱；资产负债率相对偏高；数据质量为Medium，筛选结果置信度中等
MSEX,US,Middlesex Water Company - Common Stock,Utilities - Regulated Water,通用,ROE、现金流、资产负债率,21.27,1.89,9.1%,1.4%,-29255250.00,63.7%,-,4.33,未分红/不适用,6.2%,4,6,80,Medium,低,警惕,85,近5年自由现金流多次为负；数据质量为Medium，筛选结果置信度中等
MSFT,US,Microsoft Corporation - Common Stock,Software - Infrastructure,科技,营收增长、自由现金流、研发投入效率,25.20,7.59,35.3%,6.0%,67576500000.00,44.5%,19.3%,52.84,未分红/不适用,12.4%,4,6,80,Medium,低,通过,85,数据质量为Medium，筛选结果置信度中等
MSGM,US,Motorsport Games Inc. - Class A Common Stock,Electronic Gaming & Multimedia,科技,营收增长、自由现金流、研发投入效率,3.06,3.28,-1045.3%,1059.0%,-8541712.50,36.7%,-,352.31,未分红/不适用,3.0%,4,6,80,Medium,低,排除,0,科技公司自由现金流为负；10年内亏损年份过多；10年ROE波动较大；10年净利润波动较大；长期ROE低于5%；近5年自由现金流多次为负；数据质量为Medium，筛选结果置信度中等
MSGY,US,Masonglory Limited - Ordinary Shares,Engineering & Construction,周期,利润波动、ROE波动、资本开支周期,11.47,0.94,49.0%,13.9%,-,47.2%,-,-,未分红/不适用,71.2%,3,0,60,Medium,低,警惕,85,10年ROE波动较大；数据质量为Medium，筛选结果置信度中等
MSLE,US,Satellos Bioscience Inc. - Common Stock,Biotechnology,科技,营收增长、自由现金流、研发投入效率,-,3.95,-127.1%,141.2%,-13716902.08,12.9%,-,-,未分红/不适用,-,4,6,80,Medium,低,排除,0,科技公司自由现金流为负；10年内亏损年份过多；10年ROE波动较大；长期ROE低于5%；近5年自由现金流多次为负；数据质量为Medium，筛选结果置信度中等
MSS,US,Maison Solutions Inc. - Class A Common Stock,Grocery Stores,通用,ROE、现金流、资产负债率,-,0.35,73.6%,118.9%,-99002.75,85.0%,19.2%,-,未分红/不适用,43.6%,4,0,80,Medium,中,排除,0,PB低但近5年出现亏损；10年ROE波动较大；10年净利润波动较大；资产负债率偏高；资产负债率相对偏高；数据质量为Medium，筛选结果置信度中等
MSTR,US,Strategy Inc - Class A Common Stock,Software - Application,科技,营收增长、自由现金流、研发投入效率,-,1.24,97.4%,191.3%,-11724631500.00,17.2%,-,-84.06,未分红/不适用,-1.5%,4,6,80,Medium,低,排除,0,科技公司营收增长转负；科技公司自由现金流为负；10年内亏损年份过多；10年ROE波动较大；10年净利润波动较大；近5年自由现金流多次为负；利息覆盖倍数过低；数据质量为Medium，筛选结果置信度中等
MSW,US,Ming Shing Group Holdings Limited - Ordinary Shares,Engineering & Construction,周期,利润波动、ROE波动、资本开支周期,-,-8.42,376.9%,737.0%,1044935.50,92.7%,-,-10.42,未分红/不适用,33.0%,4,0,80,Medium,中,排除,0,周期行业ROE波动显著；周期行业利润弹性过大；PB低但近5年出现亏损；10年ROE波动较大；10年净利润波动较大；资产负债率过高；利息覆盖倍数过低；资产负债率相对偏高；数据质量为Medium，筛选结果置信度中等
MTC,US,"MMTec, Inc. - Common Shares",Software - Application,科技,营收增长、自由现金流、研发投入效率,-,33.56,-187.7%,208.8%,-3343006.67,21.2%,-,-5.46,未分红/不适用,-9.1%,4,6,80,Medium,低,排除,0,科技公司营收增长转负；科技公司自由现金流为负；10年内亏损年份过多；10年ROE波动较大；10年净利润波动较大；长期ROE低于5%；利息覆盖倍数过低；近5年营收增长偏弱；数据质量为Medium，筛选结果置信度中等
MTCH,US,"Match Group, Inc. - Common Stock",Internet Content & Information,科技,营收增长、自由现金流、研发投入效率,13.60,-38.19,-1135.4%,1502.4%,802924500.00,105.7%,52.4%,6.06,未分红/不适用,3.0%,4,6,80,Medium,低,排除,0,10年ROE波动较大；长期ROE低于5%；资产负债率过高；商誉占比过高；数据质量为Medium，筛选结果置信度中等
MTEK,US,Maris-Tech Ltd. - ordinary shares,Electronic Components,科技,营收增长、自由现金流、研发投入效率,-,2.72,-16.1%,34.8%,-3099182.00,40.8%,-,-,未分红/不适用,43.1%,4,0,80,Medium,低,排除,0,科技公司自由现金流为负；10年内亏损年份过多；10年ROE波动较大；长期ROE低于5%；近5年自由现金流多次为负；数据质量为Medium，筛选结果置信度中等
MTEN,US,Mingteng International Corporation Inc. - Class A Ordinary Shares,Metal Fabrication,通用,ROE、现金流、资产负债率,-,0.00,-5.0%,45.2%,38172.75,29.4%,-,-44.16,未分红/不适用,13.3%,4,6,80,Medium,低,排除,0,PB低但近5年出现亏损；10年ROE波动较大；10年净利润波动较大；长期ROE低于5%；利息覆盖倍数过低；数据质量为Medium，筛选结果置信度中等
MTEX,US,"Mannatech, Incorporated - Common Stock",Food Distribution,消费,ROE、毛利率稳定性、分红稳定性,-,1.27,66.8%,152.0%,-2283000.00,117.4%,-,-6.12,未分红/不适用,-7.7%,4,6,80,Medium,低,排除,0,10年内亏损年份过多；10年ROE波动较大；10年净利润波动较大；近5年自由现金流多次为负；资产负债率过高；利息覆盖倍数过低；近5年营收增长偏弱；数据质量为Medium，筛选结果置信度中等
MTRX,US,Matrix Service Company - Common Stock,Engineering & Construction,周期,利润波动、ROE波动、资本开支周期,-,2.43,-23.2%,6.5%,29765000.00,76.2%,4.8%,-54.98,未分红/不适用,2.8%,4,6,80,Medium,中,排除,0,10年内亏损年份过多；长期ROE低于5%；资产负债率偏高；利息覆盖倍数过低；资产负债率相对偏高；数据质量为Medium，筛选结果置信度中等
MTSI,US,"MACOM Technology Solutions Holdings, Inc. - Common Stock",Semiconductors,科技,营收增长、自由现金流、研发投入效率,161.06,20.89,16.2%,24.8%,145725000.00,36.9%,16.0%,-4.26,未分红/不适用,12.7%,4,6,80,Medium,低,排除,30,10年ROE波动较大；10年净利润波动较大；利息覆盖倍数过低；数据质量为Medium，筛选结果置信度中等
MTVA,US,MetaVia Inc.  - Common Stock,Biotechnology,科技,营收增长、自由现金流、研发投入效率,-,0.50,-182.5%,137.4%,-17090000.00,52.1%,-,-,未分红/不适用,-,4,6,80,Medium,低,排除,0,科技公司自由现金流为负；PB低但近5年出现亏损；PB低但近5年经营现金流多次为负；10年内亏损年份过多；10年ROE波动较大；长期ROE低于5%；近5年自由现金流多次为负；数据质量为Medium，筛选结果置信度中等
MU,US,"Micron Technology, Inc. - Common Stock",Semiconductors,科技,营收增长、自由现金流、研发投入效率,34.57,11.40,5.4%,14.3%,-303500000.00,34.6%,1.4%,21.24,未分红/不适用,6.7%,4,6,80,Medium,低,警惕,40,科技公司自由现金流为负；10年ROE波动较大；10年净利润波动较大；长期ROE偏低但PE不低；数据质量为Medium，筛选结果置信度中等
MVBF,US,MVB Financial Corp. - Common Stock,Banks - Regional,银行,不良率、拨备覆盖、资本充足率,11.60,0.96,7.8%,2.2%,15209500.00,89.9%,-,-,未分红/不适用,-3.4%,4,6,80,Medium,中,排除,15,银行需补充不良率/拨备/资本充足率专项数据；长期ROE偏低但PE不低；资产负债率过高；资产负债率相对偏高；数据质量为Medium，筛选结果置信度中等
MVIS,US,"MicroVision, Inc. - Common Stock",Scientific & Technical Instruments,通用,ROE、现金流、资产负债率,-,3.05,-128.8%,66.6%,-59929000.00,46.1%,-,-4.13,未分红/不适用,22.1%,4,6,80,Medium,低,排除,0,10年内亏损年份过多；10年ROE波动较大；长期ROE低于5%；近5年自由现金流多次为负；利息覆盖倍数过低；数据质量为Medium，筛选结果置信度中等
MVST,US,"Microvast Holdings, Inc. - Common Stock",Auto Parts,通用,ROE、现金流、资产负债率,-,1.16,-25.5%,18.3%,-108933000.00,59.2%,-,-6.05,未分红/不适用,27.9%,4,6,80,Medium,低,排除,0,10年内亏损年份过多；10年ROE波动较大；长期ROE低于5%；近5年自由现金流多次为负；利息覆盖倍数过低；数据质量为Medium，筛选结果置信度中等
MWH,US,"SOLV Energy, Inc. - Class A common stock",Utilities - Renewable,周期,利润波动、ROE波动、资本开支周期,68.78,11.05,2.4%,30.6%,127959750.00,74.9%,23.6%,3.91,未分红/不适用,2.4%,3,3,60,Medium,中,排除,0,周期行业ROE波动显著；周期行业利润弹性过大；10年ROE波动较大；10年净利润波动较大；长期ROE低于5%；资产负债率偏高；商誉占比偏高；资产负债率相对偏高；数据质量为Medium，筛选结果置信度中等
MWYN,US,"Marwynn Holdings, Inc. - Common stock","Furnishings, Fixtures & Appliances",通用,ROE、现金流、资产负债率,-,7.57,91.5%,213.6%,-1623357.67,66.7%,-,-131.59,未分红/不适用,-0.7%,3,0,60,Medium,中,排除,15,10年ROE波动较大；10年净利润波动较大；利息覆盖倍数过低；资产负债率相对偏高；数据质量为Medium，筛选结果置信度中等
MXCT,US,"MaxCyte, Inc. - Common Stock",Medical Devices,通用,ROE、现金流、资产负债率,-,0.65,-17.9%,7.0%,-31021250.00,15.3%,-,-,未分红/不适用,-9.3%,4,6,80,Medium,低,排除,0,PB低但近5年出现亏损；PB低但近5年经营现金流多次为负；10年内亏损年份过多；长期ROE低于5%；近5年自由现金流多次为负；近5年营收增长偏弱；数据质量为Medium，筛选结果置信度中等
MXL,US,"MaxLinear, Inc - Common Stock",Semiconductors,科技,营收增长、自由现金流、研发投入效率,-,17.58,-17.5%,28.3%,72733750.00,43.3%,40.0%,-13.01,未分红/不适用,-25.3%,4,6,80,Medium,低,排除,0,科技公司营收增长转负；10年内亏损年份过多；10年ROE波动较大；10年净利润波动较大；长期ROE低于5%；商誉占比过高；利息覆盖倍数过低；近5年营收明显下滑；数据质量为Medium，筛选结果置信度中等
MYFW,US,"First Western Financial, Inc. - Common Stock",Banks - Regional,银行,不良率、拨备覆盖、资本充足率,18.49,1.01,4.9%,3.0%,14617000.00,91.6%,1.0%,-,未分红/不适用,-3.4%,4,6,80,Medium,中,排除,0,银行需补充不良率/拨备/资本充足率专项数据；长期ROE低于5%；资产负债率过高；资产负债率相对偏高；数据质量为Medium，筛选结果置信度中等
MYGN,US,"Myriad Genetics, Inc. - Common Stock",Diagnostics & Research,通用,ROE、现金流、资产负债率,-,1.01,-41.0%,40.0%,-99950000.00,47.9%,7.3%,-36.63,未分红/不适用,6.7%,4,6,80,Medium,低,排除,0,10年内亏损年份过多；10年ROE波动较大；长期ROE低于5%；近5年自由现金流多次为负；利息覆盖倍数过低；数据质量为Medium，筛选结果置信度中等
MYPS,US,"PLAYSTUDIOS, Inc.  - Class A Common Stock",Electronic Gaming & Multimedia,科技,营收增长、自由现金流、研发投入效率,-,0.25,-9.2%,3.4%,13060250.00,21.6%,18.0%,-,未分红/不适用,-6.8%,4,6,80,Medium,低,排除,0,科技公司营收增长转负；PB低但近5年出现亏损；10年内亏损年份过多；长期ROE低于5%；近5年营收增长偏弱；数据质量为Medium，筛选结果置信度中等
MYRG,US,"MYR Group, Inc. - Common Stock",Engineering & Construction,周期,利润波动、ROE波动、资本开支周期,51.01,10.26,13.0%,5.5%,80020000.00,59.8%,7.0%,29.56,未分红/不适用,6.7%,4,6,80,Medium,低,通过,85,数据质量为Medium，筛选结果置信度中等
MYSE,US,"Myseum.AI, Inc. - Common Stock",Software - Application,科技,营收增长、自由现金流、研发投入效率,-,1.24,-84.7%,41.9%,-6194378.00,15.2%,-,-,未分红/不适用,-77.2%,4,6,80,Medium,低,排除,0,科技公司营收增长转负；科技公司自由现金流为负；10年内亏损年份过多；10年ROE波动较大；长期ROE低于5%；近5年自由现金流多次为负；近5年营收明显下滑；数据质量为Medium，筛选结果置信度中等
MYSZ,US,"My Size, Inc. - Common Stock",Software - Application,科技,营收增长、自由现金流、研发投入效率,-,0.47,-122.3%,52.0%,-5421750.00,49.5%,6.3%,-,未分红/不适用,28.0%,4,6,80,Medium,低,排除,0,科技公司自由现金流为负；PB低但近5年出现亏损；PB低但近5年经营现金流多次为负；10年内亏损年份过多；10年ROE波动较大；长期ROE低于5%；近5年自由现金流多次为负；数据质量为Medium，筛选结果置信度中等
MZTI,US,The Marzetti Company - Common Stock,Packaged Foods,消费,ROE、毛利率稳定性、分红稳定性,17.78,2.98,14.4%,3.1%,123258500.00,21.7%,17.5%,-,未分红/不适用,4.4%,4,6,80,Medium,低,通过,85,数据质量为Medium，筛选结果置信度中等
NA,US,Nano Labs Ltd - Class A Ordinary Shares,Semiconductors,科技,营收增长、自由现金流、研发投入效率,2.51,0.53,426.0%,860.6%,-216183226.00,33.8%,-,8.44,未分红/不适用,-69.8%,4,6,80,Medium,低,排除,0,科技公司营收增长转负；科技公司自由现金流为负；PB低但近5年出现亏损；PB低但近5年经营现金流多次为负；10年ROE波动较大；10年净利润波动较大；近5年自由现金流多次为负；近5年营收明显下滑；数据质量为Medium，筛选结果置信度中等
NAGE,US,"Niagen Bioscience, Inc. - Common Stock",Biotechnology,科技,营收增长、自由现金流、研发投入效率,17.57,3.56,-8.4%,37.4%,4173750.00,28.1%,-,-,未分红/不适用,21.6%,4,6,80,Medium,低,排除,30,10年ROE波动较大；10年净利润波动较大；长期ROE低于5%；数据质量为Medium，筛选结果置信度中等
NAII,US,"Natural Alternatives International, Inc. - Common Stock",Packaged Foods,消费,ROE、毛利率稳定性、分红稳定性,-,0.24,-3.4%,13.9%,-5830750.00,55.0%,-,-10.74,未分红/不适用,-8.8%,4,6,80,Medium,低,排除,0,消费公司长期ROE不够突出；PB低但近5年出现亏损；10年ROE波动较大；10年净利润波动较大；长期ROE低于5%；近5年自由现金流多次为负；利息覆盖倍数过低；近5年营收增长偏弱；数据质量为Medium，筛选结果置信度中等
NAKA,US,Nakamoto Inc. - Common Stock,Capital Markets,金融,杠杆、资产质量、资本约束,-,0.16,168.5%,926.8%,-181097602.50,29.6%,-,-6.40,未分红/不适用,-21.7%,4,6,80,Medium,高,排除,0,金融行业需专项资产质量与资本约束分析；PB低但近5年出现亏损；PB低但近5年经营现金流多次为负；10年内亏损年份过多；10年ROE波动较大；10年净利润波动较大；近5年自由现金流多次为负；利息覆盖倍数过低；近5年营收明显下滑；高杠杆行业，需资产负债表专项分析；数据质量为Medium，筛选结果置信度中等
NAMM,US,Namib Minerals - Ordinary Shares,Gold,通用,ROE、现金流、资产负债率,0.79,-2.01,-74.4%,122.2%,5519000.00,162.5%,-,56.59,未分红/不适用,20.1%,4,0,80,Medium,低,排除,0,10年ROE波动较大；10年净利润波动较大；长期ROE低于5%；资产负债率过高；数据质量为Medium，筛选结果置信度中等
NAMS,US,NewAmsterdam Pharma Company N.V. - Ordinary Shares,Biotechnology,科技,营收增长、自由现金流、研发投入效率,-,5.97,-32.1%,23.0%,-109515750.00,11.2%,-,-,未分红/不适用,-39.7%,4,6,80,Medium,低,排除,0,科技公司营收增长转负；科技公司自由现金流为负；10年内亏损年份过多；10年ROE波动较大；长期ROE低于5%；近5年自由现金流多次为负；近5年营收明显下滑；数据质量为Medium，筛选结果置信度中等
NATH,US,"Nathan's Famous, Inc. - Common Stock",Restaurants,通用,ROE、现金流、资产负债率,19.38,-27.03,-68.5%,53.3%,19939000.00,130.9%,0.2%,8.98,未分红/不适用,8.9%,4,0,80,Medium,低,排除,5,10年ROE波动较大；长期ROE低于5%；资产负债率过高；数据质量为Medium，筛选结果置信度中等
NATR,US,"Nature's Sunshine Products, Inc. - Common Stock",Packaged Foods,消费,ROE、毛利率稳定性、分红稳定性,20.54,2.45,6.6%,5.5%,16749500.00,38.1%,-,305.20,未分红/不适用,4.4%,4,6,80,Medium,低,警惕,55,消费公司长期ROE不够突出；10年净利润波动较大；长期ROE偏低但PE不低；数据质量为Medium，筛选结果置信度中等
NAUT,US,"Nautilus Biotechnology, Inc. - Common Stock",Biotechnology,科技,营收增长、自由现金流、研发投入效率,-,2.02,-28.5%,8.8%,-53880750.00,17.9%,-,-,未分红/不适用,-,4,6,80,Medium,低,排除,0,科技公司自由现金流为负；10年内亏损年份过多；长期ROE低于5%；近5年自由现金流多次为负；数据质量为Medium，筛选结果置信度中等
NAVI,US,Navient Corporation - Common Stock,Credit Services,通用,ROE、现金流、资产负债率,-,0.33,7.9%,10.4%,-,95.1%,0.9%,-,未分红/不适用,-29.4%,4,6,80,Medium,中,排除,0,PB低但近5年出现亏损；10年净利润波动较大；资产负债率过高；近5年营收明显下滑；资产负债率相对偏高；数据质量为Medium，筛选结果置信度中等
NAVN,US,"Navan, Inc. - Class A Common Stock",Software - Application,科技,营收增长、自由现金流、研发投入效率,-,3.81,-32.9%,-,14764000.00,29.3%,14.1%,-6.72,未分红/不适用,-,1,12,20,Low,低,数据不足,0,长期ROE低于5%；利息覆盖倍数过低；数据年数不足，无法进行可靠筛选
NB,US,NioCorp Developments Ltd. - Common Stock,Other Industrial Metals & Mining,周期,利润波动、ROE波动、资本开支周期,-,2.16,-225.3%,644.4%,-8415500.00,33.5%,-,-,未分红/不适用,-,4,6,80,Medium,低,排除,0,周期行业ROE波动显著；10年内亏损年份过多；10年ROE波动较大；长期ROE低于5%；数据质量为Medium，筛选结果置信度中等
NBBK,US,"NB Bancorp, Inc. - Common Stock",Banks - Regional,银行,不良率、拨备覆盖、资本充足率,14.06,0.95,5.3%,3.1%,44968750.00,87.7%,0.3%,-,未分红/不适用,23.5%,4,6,80,Medium,中,排除,15,银行需补充不良率/拨备/资本充足率专项数据；长期ROE偏低但PE不低；资产负债率过高；资产负债率相对偏高；数据质量为Medium，筛选结果置信度中等
NBIS,US,Nebius Group N.V. - Class A Ordinary Shares,Internet Content & Information,科技,营收增长、自由现金流、研发投入效率,84.08,12.10,1.7%,15.7%,-703450000.00,63.0%,-,1.22,未分红/不适用,239.8%,4,6,80,Medium,低,排除,0,科技公司自由现金流为负；10年ROE波动较大；10年净利润波动较大；长期ROE低于5%；利息覆盖倍数过低；数据质量为Medium，筛选结果置信度中等
NBIX,US,"Neurocrine Biosciences, Inc. - Common Stock",Drug Manufacturers - Specialty & Generic,通用,ROE、现金流、资产负债率,24.07,4.63,12.0%,2.5%,497600000.00,29.8%,-,-,未分红/不适用,24.3%,4,6,80,Medium,低,通过,85,数据质量为Medium，筛选结果置信度中等
NBN,US,Northeast Bank - Common Stock,Banks - Regional,银行,不良率、拨备覆盖、资本充足率,9.86,1.74,16.1%,1.0%,35154000.00,88.4%,-,-,未分红/不适用,25.0%,4,6,80,Medium,中,排除,30,银行需补充不良率/拨备/资本充足率专项数据；资产负债率过高；资产负债率相对偏高；数据质量为Medium，筛选结果置信度中等
NBRG,US,Newbridge Acquisition Limited - Class A Ordinary Share,Shell Companies,通用,ROE、现金流、资产负债率,-,-20.92,35.6%,3.2%,-,112.3%,-,-,未分红/不适用,-,3,0,60,Medium,低,排除,0,PB低但近5年出现亏损；PB低但近5年经营现金流多次为负；10年内亏损年份过多；资产负债率过高；数据质量为Medium，筛选结果置信度中等
NBTB,US,NBT Bancorp Inc. - Common Stock,Banks - Regional,银行,不良率、拨备覆盖、资本充足率,12.41,1.21,9.9%,2.1%,180039500.00,88.1%,2.8%,-,未分红/不适用,10.5%,4,6,80,Medium,中,排除,30,银行需补充不良率/拨备/资本充足率专项数据；资产负债率过高；资产负债率相对偏高；数据质量为Medium，筛选结果置信度中等
NBTX,US,Nanobiotix S.A. - ADSs,Biotechnology,科技,营收增长、自由现金流、研发投入效率,-,-24.62,624.0%,1022.1%,-26094000.00,224.7%,-,-1.30,未分红/不适用,-,4,6,80,Medium,低,排除,0,科技公司自由现金流为负；PB低但近5年出现亏损；PB低但近5年经营现金流多次为负；10年内亏损年份过多；10年ROE波动较大；近5年自由现金流多次为负；资产负债率过高；利息覆盖倍数过低；数据质量为Medium，筛选结果置信度中等
NCEL,US,NewcelX Ltd. - Ordinary Shares,Biotechnology,科技,营收增长、自由现金流、研发投入效率,-,-0.30,-1675.8%,3532.5%,-3287961.41,36.7%,15.1%,-0.38,未分红/不适用,-,4,6,80,Medium,低,排除,0,科技公司自由现金流为负；PB低但近5年出现亏损；PB低但近5年经营现金流多次为负；10年内亏损年份过多；10年ROE波动较大；长期ROE低于5%；近5年自由现金流多次为负；利息覆盖倍数过低；数据质量为Medium，筛选结果置信度中等
NCEW,US,New Century Logistics (BVI) Limited - Ordinary Shares,Integrated Freight & Logistics,通用,ROE、现金流、资产负债率,-,9.53,-32.8%,116.3%,1434535.00,64.0%,-,-183.53,未分红/不适用,-16.3%,4,6,80,Medium,低,排除,0,10年ROE波动较大；10年净利润波动较大；长期ROE低于5%；利息覆盖倍数过低；近5年营收明显下滑；数据质量为Medium，筛选结果置信度中等
NCI,US,Neo-Concept International Group Holdings Limited - Class A Ordinary Shares,Apparel Manufacturing,消费,ROE、毛利率稳定性、分红稳定性,108.00,0.61,-47.7%,92.6%,-23623879.25,51.1%,-,2.32,未分红/不适用,-26.6%,4,6,80,Medium,低,排除,0,消费公司长期ROE不够突出；10年ROE波动较大；10年净利润波动较大；长期ROE低于5%；近5年自由现金流多次为负；利息覆盖倍数偏低；近5年营收明显下滑；数据质量为Medium，筛选结果置信度中等
NCMI,US,"National CineMedia, Inc. - Common Stock",Advertising Agencies,通用,ROE、现金流、资产负债率,-,0.72,39.9%,81.7%,-725000.00,23.5%,0.1%,-16.67,未分红/不适用,-0.8%,4,6,80,Medium,低,排除,0,PB低但近5年出现亏损；10年内亏损年份过多；10年ROE波动较大；10年净利润波动较大；利息覆盖倍数过低；数据质量为Medium，筛选结果置信度中等
NCNO,US,"nCino, Inc. - Common Stock",Software - Application,科技,营收增长、自由现金流、研发投入效率,298.10,1.61,-4.3%,4.3%,38999500.00,35.2%,65.4%,1.38,未分红/不适用,13.4%,4,6,80,Medium,低,排除,0,10年内亏损年份过多；10年净利润波动较大；长期ROE低于5%；商誉占比过高；利息覆盖倍数过低；数据质量为Medium，筛选结果置信度中等
NCPL,US,Netcapital Inc. - Common Stock,Capital Markets,金融,杠杆、资产质量、资本约束,-,0.12,-45.2%,97.1%,-,28.7%,-,-585.85,未分红/不适用,-45.9%,4,0,80,Medium,高,排除,0,金融行业需专项资产质量与资本约束分析；PB低但近5年出现亏损；PB低但近5年经营现金流多次为负；10年ROE波动较大；10年净利润波动较大；长期ROE低于5%；利息覆盖倍数过低；近5年营收明显下滑；高杠杆行业，需资产负债表专项分析；数据质量为Medium，筛选结果置信度中等
NCRA,US,"Nocera, Inc. - common stock",Packaged Foods,消费,ROE、毛利率稳定性、分红稳定性,-,-6.38,57.4%,394.8%,-2015153.00,104.4%,0.0%,-,未分红/不适用,-7.9%,4,6,80,Medium,低,排除,0,PB低但近5年出现亏损；PB低但近5年经营现金流多次为负；10年内亏损年份过多；10年ROE波动较大；资产负债率过高；近5年营收增长偏弱；数据质量为Medium，筛选结果置信度中等
NCSM,US,"NCS Multistage Holdings, Inc. - Common Stock",Oil & Gas Equipment & Services,周期,利润波动、ROE波动、资本开支周期,5.99,0.85,5.2%,10.1%,8060500.00,21.0%,9.0%,68.01,未分红/不适用,5.7%,4,6,80,Medium,低,排除,30,周期行业利润弹性过大；PB低但近5年出现亏损；10年净利润波动较大；数据质量为Medium，筛选结果置信度中等
NCT,US,Intercont (Cayman) Limited - Class A Ordinary shares,Marine Shipping,周期,利润波动、ROE波动、资本开支周期,-,0.12,55.8%,25.0%,5891735.50,-,-,-,未分红/不适用,-9.6%,3,6,60,Medium,未知,警惕,55,周期行业ROE波动显著；10年ROE波动较大；近5年营收增长偏弱；数据质量为Medium，筛选结果置信度中等
NDAQ,US,"Nasdaq, Inc. - Common Stock",Financial Data & Stock Exchanges,通用,ROE、现金流、资产负债率,27.46,4.28,13.2%,4.1%,1703250000.00,60.6%,46.3%,7.06,未分红/不适用,9.9%,4,6,80,Medium,低,排除,60,商誉占比过高；数据质量为Medium，筛选结果置信度中等
NDLS,US,Noodles & Company - Class A Common Stock,Restaurants,通用,ROE、现金流、资产负债率,-,-1.47,174.5%,321.3%,-18798500.00,117.3%,2.7%,-2.89,未分红/不适用,-1.0%,4,6,80,Medium,低,排除,0,PB低但近5年出现亏损；10年内亏损年份过多；10年ROE波动较大；10年净利润波动较大；近5年自由现金流多次为负；资产负债率过高；利息覆盖倍数过低；数据质量为Medium，筛选结果置信度中等
NDRA,US,ENDRA Life Sciences Inc. - Common Stock,Diagnostics & Research,通用,ROE、现金流、资产负债率,-,2.63,-280.3%,128.5%,-9542748.00,41.4%,-,-,未分红/不适用,-,4,6,80,Medium,低,排除,0,10年内亏损年份过多；10年ROE波动较大；长期ROE低于5%；近5年自由现金流多次为负；数据质量为Medium，筛选结果置信度中等
NDSN,US,Nordson Corporation - Common Stock,Specialty Industrial Machinery,通用,ROE、现金流、资产负债率,29.94,4.96,18.2%,3.1%,555325000.00,48.6%,55.8%,6.74,未分红/不适用,2.5%,4,6,80,Medium,低,排除,60,商誉占比过高；数据质量为Medium，筛选结果置信度中等
NECB,US,"NorthEast Community Bancorp, Inc. - Common Stock",Banks - Regional,银行,不良率、拨备覆盖、资本充足率,7.41,0.85,13.4%,3.0%,41363500.00,83.0%,-,-,未分红/不适用,17.0%,4,6,80,Medium,中,需专项分析,55,银行需补充不良率/拨备/资本充足率专项数据；资产负债率偏高；资产负债率相对偏高；数据质量为Medium，筛选结果置信度中等
NEGG,US,"Newegg Commerce, Inc. - Common Shares",Internet Retail,科技,营收增长、自由现金流、研发投入效率,-,3.59,-31.6%,19.4%,-14229250.00,65.7%,-,-1.85,未分红/不适用,-5.7%,4,6,80,Medium,低,排除,0,科技公司营收增长转负；科技公司自由现金流为负；10年内亏损年份过多；10年ROE波动较大；长期ROE低于5%；近5年自由现金流多次为负；利息覆盖倍数过低；近5年营收增长偏弱；数据质量为Medium，筛选结果置信度中等
NEO,US,"NeoGenomics, Inc. - Common Stock",Diagnostics & Research,通用,ROE、现金流、资产负债率,-,1.28,-11.4%,2.8%,-45851250.00,38.5%,38.6%,-28.38,未分红/不适用,12.6%,4,6,80,Medium,低,排除,0,10年内亏损年份过多；长期ROE低于5%；近5年自由现金流多次为负；商誉占比偏高；利息覆盖倍数过低；数据质量为Medium，筛选结果置信度中等
NEOG,US,Neogen Corporation - Common Stock,Medical Devices,通用,ROE、现金流、资产负债率,-,0.86,-12.1%,27.2%,-25907000.00,39.9%,30.9%,-14.82,未分红/不适用,19.3%,4,6,80,Medium,低,排除,0,PB低但近5年出现亏损；10年内亏损年份过多；10年ROE波动较大；10年净利润波动较大；长期ROE低于5%；近5年自由现金流多次为负；商誉占比偏高；利息覆盖倍数过低；数据质量为Medium，筛选结果置信度中等
NEON,US,Neonode Inc. - Common Stock,Electronic Components,科技,营收增长、自由现金流、研发投入效率,3.46,1.13,-22.3%,40.2%,-7316250.00,8.2%,-,-,未分红/不适用,-28.6%,4,6,80,Medium,低,排除,0,科技公司营收增长转负；科技公司自由现金流为负；10年内亏损年份过多；10年ROE波动较大；10年净利润波动较大；长期ROE低于5%；近5年自由现金流多次为负；近5年营收明显下滑；数据质量为Medium，筛选结果置信度中等
NEOV,US,NeoVolta Inc. - Common Stock,Electrical Equipment & Parts,通用,ROE、现金流、资产负债率,-,18.41,-121.4%,90.0%,-,57.2%,-,-14.71,未分红/不适用,23.5%,4,6,80,Medium,低,排除,0,10年内亏损年份过多；10年ROE波动较大；长期ROE低于5%；利息覆盖倍数过低；数据质量为Medium，筛选结果置信度中等
NEPH,US,"Nephros, Inc. - Common Stock",Medical Instruments & Supplies,通用,ROE、现金流、资产负债率,45.07,3.29,-34.6%,66.2%,-1055333.33,25.2%,5.6%,1207.00,未分红/不适用,23.5%,4,6,80,Medium,低,排除,30,10年ROE波动较大；10年净利润波动较大；长期ROE低于5%；数据质量为Medium，筛选结果置信度中等
NERV,US,"Minerva Neurosciences, Inc - Common Stock",Biotechnology,科技,营收增长、自由现金流、研发投入效率,-,-1.60,117.2%,92.0%,-24661469.00,243.7%,15.2%,-,未分红/不适用,-,4,6,80,Medium,低,排除,0,科技公司自由现金流为负；PB低但近5年出现亏损；PB低但近5年经营现金流多次为负；10年内亏损年份过多；10年ROE波动较大；10年净利润波动较大；资产负债率过高；数据质量为Medium，筛选结果置信度中等
NEUP,US,Neuphoria Therapeutics Inc. - Common Stock,Biotechnology,科技,营收增长、自由现金流、研发投入效率,-,0.86,-60.6%,38.3%,-10316046.10,-,-,-,未分红/不适用,-,4,6,80,Medium,未知,排除,0,科技公司自由现金流为负；PB低但近5年出现亏损；PB低但近5年经营现金流多次为负；10年内亏损年份过多；10年ROE波动较大；长期ROE低于5%；数据质量为Medium，筛选结果置信度中等
NEWT,US,"NewtekOne, Inc. - Common Stock",Banks - Regional,银行,不良率、拨备覆盖、资本充足率,5.67,1.04,15.0%,4.5%,-241226500.00,85.5%,0.5%,-,未分红/不适用,36.4%,4,6,80,Medium,中,排除,15,银行需补充不良率/拨备/资本充足率专项数据；近5年自由现金流多次为负；资产负债率过高；资产负债率相对偏高；数据质量为Medium，筛选结果置信度中等
NEXM,US,NexMetals Mining Corp. - Common Stock,Other Industrial Metals & Mining,周期,利润波动、ROE波动、资本开支周期,-,1.74,173.3%,713.6%,-39600623.50,15.8%,-,-136.93,未分红/不适用,-,4,6,80,Medium,低,排除,0,周期行业ROE波动显著；10年内亏损年份过多；10年ROE波动较大；近5年自由现金流多次为负；利息覆盖倍数过低；数据质量为Medium，筛选结果置信度中等
NEXN,US,Nexxen International Ltd. - Ordinary Shares,Advertising Agencies,通用,ROE、现金流、资产负债率,19.41,0.94,3.0%,4.8%,79168250.00,37.2%,32.8%,17.94,未分红/不适用,2.9%,4,6,80,Medium,低,排除,0,PB低但近5年出现亏损；10年净利润波动较大；长期ROE低于5%；商誉占比偏高；数据质量为Medium，筛选结果置信度中等
NEXR,US,Nexera Technologies Ltd - Ordinary Shares,Internet Retail,科技,营收增长、自由现金流、研发投入效率,-,0.03,-60.9%,55.1%,-5509000.00,43.9%,4.3%,-26.33,未分红/不适用,42.2%,4,6,80,Medium,低,排除,0,科技公司自由现金流为负；PB低但近5年出现亏损；PB低但近5年经营现金流多次为负；10年内亏损年份过多；10年ROE波动较大；长期ROE低于5%；近5年自由现金流多次为负；利息覆盖倍数过低；数据质量为Medium，筛选结果置信度中等
NEXT,US,NextDecade Corporation - Common Stock,Oil & Gas Equipment & Services,周期,利润波动、ROE波动、资本开支周期,-,-78.10,-126.2%,135.8%,-2391168750.00,81.5%,-,-3.80,未分红/不适用,-,4,6,80,Medium,中,排除,0,周期行业ROE波动显著；PB低但近5年出现亏损；PB低但近5年经营现金流多次为负；10年内亏损年份过多；10年ROE波动较大；长期ROE低于5%；近5年自由现金流多次为负；资产负债率偏高；利息覆盖倍数过低；资产负债率相对偏高；数据质量为Medium，筛选结果置信度中等
NFBK,US,"Northfield Bancorp, Inc. - Common Stock",Banks - Regional,银行,不良率、拨备覆盖、资本充足率,107.03,0.84,4.6%,3.5%,51660750.00,88.0%,0.0%,-,未分红/不适用,-2.5%,4,6,80,Medium,中,排除,0,银行需补充不良率/拨备/资本充足率专项数据；长期ROE低于5%；资产负债率过高；资产负债率相对偏高；数据质量为Medium，筛选结果置信度中等
NFE,US,New Fortress Energy Inc. - Class A Common Stock,Oil & Gas Midstream,周期,利润波动、ROE波动、资本开支周期,-,1.03,-243.6%,510.9%,-1420678500.00,97.1%,0.0%,-1.52,未分红/不适用,-14.0%,4,6,80,Medium,中,排除,0,周期行业ROE波动显著；周期行业利润弹性过大；10年ROE波动较大；10年净利润波动较大；长期ROE低于5%；近5年自由现金流多次为负；资产负债率过高；利息覆盖倍数过低；近5年营收增长偏弱；资产负债率相对偏高；数据质量为Medium，筛选结果置信度中等
NGEN,US,NervGen Pharma Corp. - Common stock,Biotechnology,科技,营收增长、自由现金流、研发投入效率,-,112.87,-312.5%,1059.9%,-14621132.50,85.0%,-,-,未分红/不适用,-,4,6,80,Medium,中,排除,0,科技公司自由现金流为负；10年内亏损年份过多；10年ROE波动较大；长期ROE低于5%；资产负债率过高；资产负债率相对偏高；数据质量为Medium，筛选结果置信度中等
NGNE,US,Neurogene Inc. - Common Stock,Biotechnology,科技,营收增长、自由现金流、研发投入效率,-,1.77,-10.0%,32.5%,-64141000.00,8.2%,-,-18069.20,未分红/不适用,-,4,6,80,Medium,低,排除,0,科技公司自由现金流为负；10年内亏损年份过多；10年ROE波动较大；长期ROE低于5%；近5年自由现金流多次为负；利息覆盖倍数过低；数据质量为Medium，筛选结果置信度中等
NHIC,US,NewHold Investment Corp III - Class A Ordinary shares,-,通用,ROE、现金流、资产负债率,52.80,-41.90,2.4%,-,-,3.9%,-,-,未分红/不适用,-,1,3,20,Low,低,数据不足,0,长期ROE低于5%；数据年数不足，无法进行可靠筛选
NHP,US,"National Healthcare Properties, Inc. - Class A Common Stock",REIT - Healthcare Facilities,地产,净负债率、现金短债比、资产负债率,-,-,-13.4%,9.6%,-31000000.00,64.7%,-,0.06,未分红/不适用,0.6%,4,6,80,Medium,低,排除,0,地产需补充净负债率/现金短债比专项数据；10年内亏损年份过多；长期ROE低于5%；近5年自由现金流多次为负；利息覆盖倍数过低；数据质量为Medium，筛选结果置信度中等
NHTC,US,Natural Health Trends Corp. - Common Stock,Internet Retail,科技,营收增长、自由现金流、研发投入效率,-,1.42,-0.0%,2.5%,-4702000.00,39.0%,-,-,未分红/不适用,-6.8%,4,6,80,Medium,低,排除,0,科技公司营收增长转负；科技公司自由现金流为负；10年净利润波动较大；长期ROE低于5%；近5年自由现金流多次为负；近5年营收增长偏弱；数据质量为Medium，筛选结果置信度中等
NIVF,US,NewGenIvf Group Limited - Class A Ordinary Shares,Medical Care Facilities,通用,ROE、现金流、资产负债率,0.02,0.01,43.0%,32.3%,-6303120.75,20.6%,-,16.78,未分红/不适用,-7.4%,4,6,80,Medium,低,排除,0,PB低但近5年出现亏损；PB低但近5年经营现金流多次为负；10年ROE波动较大；10年净利润波动较大；近5年自由现金流多次为负；近5年营收增长偏弱；数据质量为Medium，筛选结果置信度中等
NIXX,US,"Nixxy, Inc. - Common Stock",Staffing & Employment Services,通用,ROE、现金流、资产负债率,-,1.93,-526.0%,323.2%,-6657692.50,39.5%,0.0%,-105.50,未分红/不适用,66.4%,4,6,80,Medium,低,排除,0,10年内亏损年份过多；10年ROE波动较大；长期ROE低于5%；利息覆盖倍数过低；数据质量为Medium，筛选结果置信度中等
NKLR,US,Terra Innovatum Global N.V. - Ordinary shares,Utilities - Regulated Electric,通用,ROE、现金流、资产负债率,-,-98.50,55952.2%,78980.7%,-,124.2%,-,-,未分红/不适用,-,2,0,40,Low,低,数据不足,0,PB低但近5年出现亏损；10年ROE波动较大；10年净利润波动较大；资产负债率过高；数据年数不足，无法进行可靠筛选
NKSH,US,"National Bankshares, Inc. - Common Stock",Banks - Regional,银行,不良率、拨备覆盖、资本充足率,12.60,1.20,11.4%,7.0%,15901750.00,89.9%,0.6%,-,未分红/不适用,-2.2%,4,6,80,Medium,中,排除,30,银行需补充不良率/拨备/资本充足率专项数据；资产负债率过高；资产负债率相对偏高；数据质量为Medium，筛选结果置信度中等
NKTR,US,Nektar Therapeutics - Common Stock,Biotechnology,科技,营收增长、自由现金流、研发投入效率,-,3.05,-172.4%,49.4%,-222253250.00,68.0%,-,-4.94,未分红/不适用,-15.7%,4,6,80,Medium,中,排除,0,科技公司营收增长转负；科技公司自由现金流为负；10年内亏损年份过多；10年ROE波动较大；长期ROE低于5%；近5年自由现金流多次为负；利息覆盖倍数过低；近5年营收明显下滑；资产负债率相对偏高；数据质量为Medium，筛选结果置信度中等
NKTX,US,"Nkarta, Inc. - Common Stock",Biotechnology,科技,营收增长、自由现金流、研发投入效率,-,0.61,-33.4%,7.0%,-103107500.00,22.7%,-,-,未分红/不适用,-,4,6,80,Medium,低,排除,0,科技公司自由现金流为负；PB低但近5年出现亏损；PB低但近5年经营现金流多次为负；10年内亏损年份过多；长期ROE低于5%；近5年自由现金流多次为负；数据质量为Medium，筛选结果置信度中等
NMFC,US,New Mountain Finance Corporation - Common Stock,Asset Management,通用,ROE、现金流、资产负债率,-,0.70,6.4%,3.8%,-,59.1%,-,-,未分红/不适用,-45.0%,4,6,80,Medium,低,排除,60,近5年营收明显下滑；数据质量为Medium，筛选结果置信度中等
NMIH,US,NMI Holdings Inc - Common Stock,Insurance - Specialty,保险,偿付能力、久期缺口、投资收益质量,7.69,1.11,16.5%,1.3%,358837500.00,32.5%,0.1%,18.55,未分红/不适用,10.4%,4,6,80,Medium,低,需专项分析,85,保险需补充偿付能力/久期缺口专项数据；数据质量为Medium，筛选结果置信度中等
NMRA,US,"Neumora Therapeutics, Inc. - Common Stock",Biotechnology,科技,营收增长、自由现金流、研发投入效率,-,3.09,-83.5%,107.6%,-139401000.00,45.6%,-,-72.56,未分红/不适用,-,4,6,80,Medium,低,排除,0,科技公司自由现金流为负；10年内亏损年份过多；10年ROE波动较大；长期ROE低于5%；利息覆盖倍数过低；数据质量为Medium，筛选结果置信度中等
NMRK,US,"Newmark Group, Inc. - Class A Common Stock",Real Estate Services,地产,净负债率、现金短债比、资产负债率,17.86,1.83,6.0%,2.3%,228129000.00,65.3%,16.0%,7.20,未分红/不适用,6.8%,4,6,80,Medium,中,需专项分析,55,地产需补充净负债率/现金短债比专项数据；长期ROE偏低但PE不低；资产负债率相对偏高；数据质量为Medium，筛选结果置信度中等
NMTC,US,NeuroOne Medical Technologies Corporation - Common Stock,Medical Devices,通用,ROE、现金流、资产负债率,-,6.00,-460.8%,694.1%,-8779200.50,34.4%,-,-9.79,未分红/不适用,276.0%,4,6,80,Medium,低,排除,0,10年内亏损年份过多；10年ROE波动较大；长期ROE低于5%；近5年自由现金流多次为负；利息覆盖倍数过低；数据质量为Medium，筛选结果置信度中等
NN,US,NextNav Inc. - Common stock,Software - Infrastructure,科技,营收增长、自由现金流、研发投入效率,-,-31.79,-28.8%,179.0%,-42466250.00,134.9%,7.8%,-,未分红/不适用,5.2%,4,6,80,Medium,低,排除,0,科技公司自由现金流为负；PB低但近5年出现亏损；PB低但近5年经营现金流多次为负；10年内亏损年份过多；10年ROE波动较大；长期ROE低于5%；近5年自由现金流多次为负；资产负债率过高；数据质量为Medium，筛选结果置信度中等
NNBR,US,"NN, Inc. - Common Stock",Conglomerates,通用,ROE、现金流、资产负债率,-,4.37,-51.4%,36.0%,-3969750.00,92.3%,-,-0.90,未分红/不适用,-5.4%,4,6,80,Medium,中,排除,0,10年内亏损年份过多；10年ROE波动较大；长期ROE低于5%；近5年自由现金流多次为负；资产负债率过高；利息覆盖倍数过低；近5年营收增长偏弱；资产负债率相对偏高；数据质量为Medium，筛选结果置信度中等
NNE,US,Nano Nuclear Energy Inc. - common stock,Specialty Industrial Machinery,周期,利润波动、ROE波动、资本开支周期,-,2.11,-46.4%,37.7%,-23655243.00,2.7%,-,-,未分红/不适用,-,3,3,60,Medium,低,排除,0,周期行业ROE波动显著；10年内亏损年份过多；10年ROE波动较大；10年净利润波动较大；长期ROE低于5%；数据质量为Medium，筛选结果置信度中等
NNNN,US,Anbio Biotechnology - Class A Ordinary Shares,Medical Instruments & Supplies,科技,营收增长、自由现金流、研发投入效率,176.67,38.57,32.5%,31.7%,-,0.3%,-,-,未分红/不适用,-28.4%,4,6,80,Medium,低,排除,30,科技公司营收增长转负；10年ROE波动较大；近5年营收明显下滑；数据质量为Medium，筛选结果置信度中等
NNOX,US,NANO-X IMAGING LTD - Ordinary Shares,Medical Devices,通用,ROE、现金流、资产负债率,-,0.85,-41.3%,13.5%,-45750250.00,13.8%,0.2%,-,未分红/不适用,14.9%,4,6,80,Medium,低,排除,0,PB低但近5年出现亏损；PB低但近5年经营现金流多次为负；10年内亏损年份过多；10年ROE波动较大；长期ROE低于5%；近5年自由现金流多次为负；数据质量为Medium，筛选结果置信度中等
NODK,US,"NI Holdings, Inc. - Common Stock",Insurance - Property & Casualty,保险,偿付能力、久期缺口、投资收益质量,-,1.18,-7.5%,9.1%,14055250.00,52.5%,0.0%,-,未分红/不适用,2.1%,4,6,80,Medium,低,排除,0,保险需补充偿付能力/久期缺口专项数据；10年内亏损年份过多；10年净利润波动较大；长期ROE低于5%；数据质量为Medium，筛选结果置信度中等
NOEM,US,CO2 Energy Transition Corp. - Common Stock,Shell Companies,周期,利润波动、ROE波动、资本开支周期,61.65,-56.04,39.6%,48.2%,-,4.0%,-,451.74,未分红/不适用,-,4,6,80,Medium,低,排除,0,周期行业ROE波动显著；周期行业利润弹性过大；PB低但近5年出现亏损；PB低但近5年经营现金流多次为负；10年ROE波动较大；10年净利润波动较大；数据质量为Medium，筛选结果置信度中等
NOMA,US,NOMADAR Corp. - Class A Common Stock,Leisure,通用,ROE、现金流、资产负债率,-,7.20,31.2%,98.5%,-,49.0%,-,-28.82,未分红/不适用,11388.3%,2,3,40,Low,低,数据不足,0,10年ROE波动较大；利息覆盖倍数过低；数据年数不足，无法进行可靠筛选
NOTV,US,"Inotiv, Inc. - Common Stock",Diagnostics & Research,通用,ROE、现金流、资产负债率,-,0.13,-61.7%,23.5%,-24330500.00,82.4%,12.2%,-0.55,未分红/不适用,-2.2%,4,6,80,Medium,中,排除,0,PB低但近5年出现亏损；PB低但近5年经营现金流多次为负；10年内亏损年份过多；10年ROE波动较大；长期ROE低于5%；近5年自由现金流多次为负；资产负债率偏高；利息覆盖倍数过低；资产负债率相对偏高；数据质量为Medium，筛选结果置信度中等
NOVT,US,Novanta Inc. - Common Shares,Scientific & Technical Instruments,通用,ROE、现金流、资产负债率,110.07,4.16,9.1%,3.7%,89889750.00,27.3%,35.8%,-,未分红/不适用,4.4%,4,6,80,Medium,低,警惕,85,商誉占比偏高；数据质量为Medium，筛选结果置信度中等
NPCE,US,"Neuropace, Inc. - Common Stock",Medical Devices,通用,ROE、现金流、资产负债率,-,27.20,-186.6%,103.2%,-21734750.00,82.0%,-,-1.88,未分红/不适用,30.0%,4,6,80,Medium,中,排除,0,10年内亏损年份过多；10年ROE波动较大；长期ROE低于5%；近5年自由现金流多次为负；资产负债率偏高；利息覆盖倍数过低；资产负债率相对偏高；数据质量为Medium，筛选结果置信度中等
NPT,US,Texxon Holding Limited - Ordinary shares,Specialty Retail,消费,ROE、毛利率稳定性、分红稳定性,-,-7.07,1.9%,30.2%,-25553090.25,75.5%,-,-0.80,未分红/不适用,17.7%,4,0,80,Medium,低,排除,0,消费公司长期ROE不够突出；PB低但近5年出现亏损；10年ROE波动较大；10年净利润波动较大；长期ROE低于5%；近5年自由现金流多次为负；资产负债率偏高；利息覆盖倍数过低；数据质量为Medium，筛选结果置信度中等
NRC,US,NRC Health - Common Stock,Health Information Services,通用,ROE、现金流、资产负债率,47.69,31.05,67.4%,17.7%,20921250.00,89.6%,49.0%,4.75,未分红/不适用,-3.2%,4,6,80,Medium,中,排除,0,10年ROE波动较大；资产负债率过高；商誉占比过高；资产负债率相对偏高；数据质量为Medium，筛选结果置信度中等
NRDS,US,"NerdWallet, Inc. - Class A Common Stock",Internet Content & Information,科技,营收增长、自由现金流、研发投入效率,8.30,1.51,3.8%,8.2%,49825000.00,18.8%,26.8%,114.67,未分红/不适用,15.8%,4,6,80,Medium,低,排除,30,10年净利润波动较大；长期ROE低于5%；商誉占比偏高；数据质量为Medium，筛选结果置信度中等
NRIM,US,Northrim BanCorp Inc - Common Stock,Banks - Regional,银行,不良率、拨备覆盖、资本充足率,8.05,1.54,14.6%,3.7%,57851500.00,90.1%,1.5%,-,未分红/不适用,18.1%,4,6,80,Medium,中,排除,30,银行需补充不良率/拨备/资本充足率专项数据；资产负债率过高；资产负债率相对偏高；数据质量为Medium，筛选结果置信度中等
NRIX,US,"Nurix Therapeutics, Inc. - Common stock",Biotechnology,科技,营收增长、自由现金流、研发投入效率,-,3.38,-54.3%,14.9%,-176785250.00,21.7%,-,-,未分红/不适用,29.5%,4,6,80,Medium,低,排除,0,科技公司自由现金流为负；10年内亏损年份过多；10年ROE波动较大；长期ROE低于5%；近5年自由现金流多次为负；数据质量为Medium，筛选结果置信度中等
NRSN,US,NeuroSense Therapeutics Ltd. - Ordinary Shares,Biotechnology,科技,营收增长、自由现金流、研发投入效率,-,-17.60,176.4%,549.3%,-8471500.00,251.8%,-,-,未分红/不适用,-,4,6,80,Medium,低,排除,0,科技公司自由现金流为负；PB低但近5年出现亏损；PB低但近5年经营现金流多次为负；10年内亏损年份过多；10年ROE波动较大；近5年自由现金流多次为负；资产负债率过高；数据质量为Medium，筛选结果置信度中等
NRXP,US,"NRX Pharmaceuticals, Inc. - Common Stock",Biotechnology,科技,营收增长、自由现金流、研发投入效率,-,-6.80,2.0%,364.2%,-30712500.00,223.0%,13.8%,-41.66,未分红/不适用,-,4,6,80,Medium,低,排除,0,科技公司自由现金流为负；PB低但近5年出现亏损；PB低但近5年经营现金流多次为负；10年内亏损年份过多；10年ROE波动较大；长期ROE低于5%；资产负债率过高；利息覆盖倍数过低；数据质量为Medium，筛选结果置信度中等
NSIT,US,"Insight Enterprises, Inc. - Common Stock",Electronics & Computer Distribution,科技,营收增长、自由现金流、研发投入效率,15.64,1.65,14.2%,3.4%,368204000.00,81.9%,12.9%,3.66,未分红/不适用,-7.5%,4,6,80,Medium,中,警惕,40,科技公司营收增长转负；资产负债率偏高；近5年营收增长偏弱；资产负债率相对偏高；数据质量为Medium，筛选结果置信度中等
NSPR,US,InspireMD Inc. - Common Stock,Medical Devices,通用,ROE、现金流、资产负债率,-,0.88,-83.5%,23.6%,-23201750.00,20.5%,-,-,未分红/不适用,20.2%,4,6,80,Medium,低,排除,0,PB低但近5年出现亏损；PB低但近5年经营现金流多次为负；10年内亏损年份过多；10年ROE波动较大；长期ROE低于5%；近5年自由现金流多次为负；数据质量为Medium，筛选结果置信度中等
NSSC,US,"NAPCO Security Technologies, Inc. - Common Stock",Security & Protection Services,通用,ROE、现金流、资产负债率,35.06,6.97,22.5%,5.1%,30943250.00,14.9%,-,-,未分红/不适用,8.1%,4,6,80,Medium,低,通过,85,数据质量为Medium，筛选结果置信度中等
NSTS,US,"NSTS Bancorp, Inc. - Common Stock",Banks - Regional,银行,不良率、拨备覆盖、资本充足率,-,0.84,-1.6%,2.3%,3937750.00,70.0%,-,-,未分红/不适用,11.9%,4,6,80,Medium,中,排除,0,银行需补充不良率/拨备/资本充足率专项数据；PB低但近5年出现亏损；10年内亏损年份过多；10年净利润波动较大；长期ROE低于5%；资产负债率偏高；资产负债率相对偏高；数据质量为Medium，筛选结果置信度中等
NSYS,US,Nortech Systems Incorporated - Common Stock,Medical Devices,通用,ROE、现金流、资产负债率,30.36,0.94,5.5%,10.4%,502000.00,52.0%,-,1.01,未分红/不适用,-4.1%,4,6,80,Medium,低,排除,0,PB低但近5年出现亏损；10年净利润波动较大；长期ROE偏低但PE不低；利息覆盖倍数过低；数据质量为Medium，筛选结果置信度中等
NTAP,US,"NetApp, Inc. - Common Stock",Software - Infrastructure,科技,营收增长、自由现金流、研发投入效率,20.05,20.44,105.5%,13.1%,1180250000.00,90.4%,25.2%,22.61,未分红/不适用,1.3%,4,0,80,Medium,中,排除,15,10年ROE波动较大；资产负债率过高；商誉占比偏高；资产负债率相对偏高；数据质量为Medium，筛选结果置信度中等
NTCL,US,NETCLASS TECHNOLOGY INC - Class A Ordinary Shares,Software - Application,科技,营收增长、自由现金流、研发投入效率,-,1.49,-57.0%,90.5%,-8025283.00,56.7%,-,-,未分红/不适用,1.9%,4,6,80,Medium,低,排除,15,科技公司自由现金流为负；10年ROE波动较大；10年净利润波动较大；长期ROE低于5%；数据质量为Medium，筛选结果置信度中等
NTCT,US,"NetScout Systems, Inc. - Common Stock",Software - Infrastructure,科技,营收增长、自由现金流、研发投入效率,29.61,1.68,-6.7%,12.2%,173760000.00,28.6%,49.2%,-50.09,未分红/不适用,-1.3%,4,0,80,Medium,低,排除,0,科技公司营收增长转负；10年ROE波动较大；10年净利润波动较大；长期ROE低于5%；商誉占比过高；利息覆盖倍数过低；数据质量为Medium，筛选结果置信度中等
NTGR,US,"NETGEAR, Inc. - Common Stock",Communication Equipment,通用,ROE、现金流、资产负债率,-,1.47,-8.0%,9.5%,42114750.00,40.5%,5.4%,-,未分红/不适用,-9.1%,4,6,80,Medium,低,排除,0,10年内亏损年份过多；10年净利润波动较大；长期ROE低于5%；近5年营收增长偏弱；数据质量为Medium，筛选结果置信度中等
NTHI,US,"NeOnc Technologies Holdings, Inc. - Common Stock",Biotechnology,科技,营收增长、自由现金流、研发投入效率,-,-6.92,217.8%,102.9%,-20863948.00,720.0%,-,-23.81,未分红/不适用,26.0%,4,6,80,Medium,低,排除,0,科技公司自由现金流为负；PB低但近5年出现亏损；PB低但近5年经营现金流多次为负；10年内亏损年份过多；10年ROE波动较大；10年净利润波动较大；资产负债率过高；利息覆盖倍数过低；数据质量为Medium，筛选结果置信度中等
NTIC,US,Northern Technologies International Corporation - Common Stock,Specialty Chemicals,周期,利润波动、ROE波动、资本开支周期,-,1.04,5.5%,4.3%,644839.25,25.3%,4.7%,6.05,未分红/不适用,4.3%,4,6,80,Medium,低,通过,85,数据质量为Medium，筛选结果置信度中等
NTLA,US,"Intellia Therapeutics, Inc. - Common Stock",Biotechnology,科技,营收增长、自由现金流、研发投入效率,-,2.66,-51.3%,11.1%,-387567750.00,20.3%,-,-,未分红/不适用,9.1%,4,6,80,Medium,低,排除,0,科技公司自由现金流为负；10年内亏损年份过多；长期ROE低于5%；近5年自由现金流多次为负；数据质量为Medium，筛选结果置信度中等
NTNX,US,"Nutanix, Inc. - Class A Common Stock",Software - Infrastructure,科技,营收增长、自由现金流、研发投入效率,49.52,-14.56,31.5%,52.7%,393334000.00,121.2%,5.6%,26.26,未分红/不适用,17.1%,4,6,80,Medium,低,排除,0,PB低但近5年出现亏损；10年内亏损年份过多；10年ROE波动较大；10年净利润波动较大；资产负债率过高；数据质量为Medium，筛选结果置信度中等
NTRA,US,"Natera, Inc. - Common Stock",Diagnostics & Research,通用,ROE、现金流、资产负债率,-,15.19,-40.6%,31.9%,-157623250.00,28.6%,5.9%,-64.89,未分红/不适用,41.1%,4,6,80,Medium,低,排除,0,10年内亏损年份过多；10年ROE波动较大；长期ROE低于5%；利息覆盖倍数过低；数据质量为Medium，筛选结果置信度中等
NTRB,US,Nutriband Inc. - Common Stock,Biotechnology,科技,营收增长、自由现金流、研发投入效率,-,5.80,-105.9%,47.8%,-4126083.25,11.5%,22.8%,-364.19,未分红/不适用,-0.7%,4,6,80,Medium,低,排除,0,科技公司营收增长转负；科技公司自由现金流为负；10年内亏损年份过多；10年ROE波动较大；长期ROE低于5%；近5年自由现金流多次为负；商誉占比偏高；利息覆盖倍数过低；数据质量为Medium，筛选结果置信度中等
NTRP,US,"NextTrip, Inc. - Common Stock",Travel Services,通用,ROE、现金流、资产负债率,-,5.39,-395.7%,431.2%,-6780620.00,25.9%,11.8%,-,未分红/不适用,-7.3%,4,6,80,Medium,低,排除,0,10年内亏损年份过多；10年ROE波动较大；长期ROE低于5%；近5年自由现金流多次为负；近5年营收增长偏弱；数据质量为Medium，筛选结果置信度中等
NTRS,US,Northern Trust Corporation - Common Stock,Asset Management,通用,ROE、现金流、资产负债率,17.19,2.52,12.6%,2.8%,1786625000.00,92.7%,0.4%,-,未分红/不适用,6.1%,4,6,80,Medium,中,排除,45,资产负债率过高；资产负债率相对偏高；数据质量为Medium，筛选结果置信度中等
NTSK,US,"Netskope, Inc. - Class A Common Stock",Software - Infrastructure,科技,营收增长、自由现金流、研发投入效率,-,22.64,-47.3%,263.3%,-115681666.67,89.0%,3.4%,-,未分红/不适用,32.0%,3,0,60,Medium,中,排除,0,科技公司自由现金流为负；10年内亏损年份过多；10年ROE波动较大；长期ROE低于5%；资产负债率过高；资产负债率相对偏高；数据质量为Medium，筛选结果置信度中等
NTWK,US,NETSOL Technologies Inc. - Common Stock,Software - Application,科技,营收增长、自由现金流、研发投入效率,25.47,1.34,-1.9%,9.9%,570007.75,32.3%,14.9%,7.94,未分红/不适用,4.9%,4,6,80,Medium,低,排除,45,10年净利润波动较大；长期ROE低于5%；数据质量为Medium，筛选结果置信度中等
NUAI,US,"New Era Energy & Digital, Inc. - Common Stock",Software - Infrastructure,科技,营收增长、自由现金流、研发投入效率,-,-102.55,602.8%,569.2%,-8635871.33,118.5%,-,-5.19,未分红/不适用,20.3%,3,0,60,Medium,低,排除,0,科技公司自由现金流为负；PB低但近5年出现亏损；PB低但近5年经营现金流多次为负；10年ROE波动较大；10年净利润波动较大；近5年自由现金流多次为负；资产负债率过高；利息覆盖倍数过低；数据质量为Medium，筛选结果置信度中等
NUCL,US,Eagle Nuclear Energy Corp. - Common stock,Uranium,周期,利润波动、ROE波动、资本开支周期,-,693.33,-50.4%,302.7%,-3327891.00,31.1%,-,-,未分红/不适用,-,2,0,40,Low,低,数据不足,0,周期行业ROE波动显著；10年ROE波动较大；10年净利润波动较大；长期ROE低于5%；数据年数不足，无法进行可靠筛选
NUTR,US,Nusatrip Incorporated - Common Stock,Travel Services,通用,ROE、现金流、资产负债率,-,13.89,13.9%,14.2%,2016552.67,151.3%,-,-30426.96,未分红/不适用,-8.3%,3,0,60,Medium,低,排除,0,10年ROE波动较大；10年净利润波动较大；资产负债率过高；利息覆盖倍数过低；近5年营收增长偏弱；数据质量为Medium，筛选结果置信度中等
NUTX,US,Nutex Health Inc. - Common Stock,Medical Care Facilities,通用,ROE、现金流、资产负债率,9.12,2.50,-114.2%,224.9%,73545673.50,53.9%,1.5%,12.01,未分红/不适用,58.6%,4,6,80,Medium,低,排除,30,10年ROE波动较大；10年净利润波动较大；长期ROE低于5%；数据质量为Medium，筛选结果置信度中等
NUVL,US,"Nuvalent, Inc. - Class A Common Stock",Biotechnology,科技,营收增长、自由现金流、研发投入效率,-,6.80,-23.5%,7.7%,-,11.6%,-,-,未分红/不适用,-,4,6,80,Medium,低,排除,20,10年内亏损年份过多；长期ROE低于5%；数据质量为Medium，筛选结果置信度中等
NUWE,US,"Nuwellis, Inc. - Common Stock",Medical Devices,通用,ROE、现金流、资产负债率,-,0.63,-396.0%,291.9%,-13501750.00,57.0%,-,-0.66,未分红/不适用,-1.1%,4,6,80,Medium,低,排除,0,PB低但近5年出现亏损；PB低但近5年经营现金流多次为负；10年内亏损年份过多；10年ROE波动较大；长期ROE低于5%；近5年自由现金流多次为负；利息覆盖倍数过低；数据质量为Medium，筛选结果置信度中等
NVAX,US,"Novavax, Inc. - Common Stock",Biotechnology,科技,营收增长、自由现金流、研发投入效率,-,-11.53,-33.7%,209.5%,-408655000.00,110.9%,9.6%,20.61,未分红/不适用,-11.1%,4,6,80,Medium,低,排除,0,科技公司营收增长转负；科技公司自由现金流为负；PB低但近5年出现亏损；PB低但近5年经营现金流多次为负；10年内亏损年份过多；10年ROE波动较大；10年净利润波动较大；长期ROE低于5%；近5年自由现金流多次为负；资产负债率过高；近5年营收增长偏弱；数据质量为Medium，筛选结果置信度中等
NVCR,US,NovoCure Limited - Ordinary Shares,Medical Devices,通用,ROE、现金流、资产负债率,-,5.93,-41.2%,15.2%,-58975500.00,57.7%,-,-7.00,未分红/不适用,6.8%,4,6,80,Medium,低,排除,0,10年内亏损年份过多；10年ROE波动较大；长期ROE低于5%；近5年自由现金流多次为负；利息覆盖倍数过低；数据质量为Medium，筛选结果置信度中等
NVCT,US,"Nuvectis Pharma, Inc. - Common Stock",Biotechnology,科技,营收增长、自由现金流、研发投入效率,-,21.53,-164.0%,29.7%,-,41.9%,-,-,未分红/不适用,-,4,6,80,Medium,低,排除,5,10年内亏损年份过多；10年ROE波动较大；长期ROE低于5%；数据质量为Medium，筛选结果置信度中等
NVDA,US,NVIDIA Corporation - Common Stock,Semiconductors,科技,营收增长、自由现金流、研发投入效率,46.22,34.99,64.3%,31.2%,47089500000.00,23.9%,10.1%,547.14,未分红/不适用,100.0%,4,6,80,Medium,低,警惕,70,10年ROE波动较大；10年净利润波动较大；数据质量为Medium，筛选结果置信度中等
NVEC,US,NVE Corporation - Common Stock,Semiconductors,科技,营收增长、自由现金流、研发投入效率,28.34,7.38,26.7%,5.0%,15364699.00,3.1%,-,-,未分红/不适用,-1.4%,4,0,80,Medium,低,警惕,85,科技公司营收增长转负；数据质量为Medium，筛选结果置信度中等
NVMI,US,Nova Ltd. - Ordinary Shares,Semiconductor Equipment & Materials,科技,营收增长、自由现金流、研发投入效率,65.66,12.58,20.4%,2.5%,160133500.00,44.2%,3.8%,-,未分红/不适用,15.6%,4,6,80,Medium,低,通过,85,数据质量为Medium，筛选结果置信度中等
NVNI,US,Nvni Group Limited - Ordinary Shares,Software - Application,科技,营收增长、自由现金流、研发投入效率,-,-0.53,175.6%,177.0%,5980500.00,144.5%,45.0%,-0.61,未分红/不适用,16.5%,4,6,80,Medium,低,排除,0,PB低但近5年出现亏损；10年内亏损年份过多；10年ROE波动较大；资产负债率过高；商誉占比过高；利息覆盖倍数过低；数据质量为Medium，筛选结果置信度中等
NVNO,US,enVVeno Medical Corporation - Common Stock,Medical Devices,通用,ROE、现金流、资产负债率,-,0.24,-59.5%,10.0%,-16768250.00,8.2%,-,-,未分红/不适用,-,4,6,80,Medium,低,排除,0,PB低但近5年出现亏损；PB低但近5年经营现金流多次为负；10年内亏损年份过多；长期ROE低于5%；近5年自由现金流多次为负；数据质量为Medium，筛选结果置信度中等
NVTS,US,Navitas Semiconductor Corporation - Common Stock,Semiconductors,科技,营收增长、自由现金流、研发投入效率,-,11.05,-17.4%,25.3%,-51316250.00,11.4%,32.6%,-,未分红/不适用,6.6%,4,6,80,Medium,低,排除,0,科技公司自由现金流为负；10年内亏损年份过多；10年ROE波动较大；10年净利润波动较大；长期ROE低于5%；近5年自由现金流多次为负；商誉占比偏高；数据质量为Medium，筛选结果置信度中等
NVVE,US,Nuvve Holding Corp. - Common Stock,Specialty Retail,消费,ROE、毛利率稳定性、分红稳定性,-,-0.43,682.1%,1096.9%,-22106684.00,85.5%,0.6%,-15.13,未分红/不适用,-4.8%,4,6,80,Medium,低,排除,0,PB低但近5年出现亏损；PB低但近5年经营现金流多次为负；10年内亏损年份过多；10年ROE波动较大；近5年自由现金流多次为负；资产负债率过高；利息覆盖倍数过低；数据质量为Medium，筛选结果置信度中等
NWBI,US,"Northwest Bancshares, Inc. - Common Stock",Banks - Regional,银行,不良率、拨备覆盖、资本充足率,14.55,1.03,7.7%,1.4%,130645250.00,88.7%,2.7%,-,未分红/不适用,7.2%,4,6,80,Medium,中,排除,15,银行需补充不良率/拨备/资本充足率专项数据；长期ROE偏低但PE不低；资产负债率过高；资产负债率相对偏高；数据质量为Medium，筛选结果置信度中等
NWE,US,"NorthWestern Energy Group, Inc.  - Common Stock",Utilities - Regulated Electric,周期,利润波动、ROE波动、资本开支周期,25.69,1.49,7.0%,0.6%,-139515000.00,65.9%,4.3%,2.25,未分红/不适用,2.9%,4,6,80,Medium,低,警惕,55,长期ROE偏低但PE不低；近5年自由现金流多次为负；利息覆盖倍数偏低；数据质量为Medium，筛选结果置信度中等
NWFL,US,Norwood Financial Corp. - Common Stock,Banks - Regional,银行,不良率、拨备覆盖、资本充足率,10.68,1.11,9.5%,7.3%,26480000.00,90.0%,1.2%,-,未分红/不适用,3.9%,4,6,80,Medium,中,排除,30,银行需补充不良率/拨备/资本充足率专项数据；资产负债率过高；资产负债率相对偏高；数据质量为Medium，筛选结果置信度中等
