股票,市场,名称,行业,行业模型,核心指标,PE,PB,10年ROE,ROE波动,5年平均FCF,资产负债率,商誉占比,利息覆盖倍数,分红稳定性,5年营收CAGR,数据年数,缺失字段数,数据质量分,数据质量,杠杆风险,结果,分数,原因
000001,CN,平安银行,-,银行,不良率、拨备覆盖、资本充足率,-,-,11.1%,1.2%,-,90.7%,-,-,未分红/不适用,-6.1%,10,20,100,High,未知,排除,30,银行需补充不良率/拨备/资本充足率专项数据；资产负债率过高；近5年营收增长偏弱
000002,CN,万  科Ａ,-,通用,ROE、现金流、资产负债率,-,-,5.3%,25.7%,-,76.9%,-,-,未分红/不适用,-15.3%,10,10,100,High,未知,排除,15,10年ROE波动较大；10年净利润波动较大；资产负债率偏高；近5年营收明显下滑
000006,CN,深振业Ａ,-,通用,ROE、现金流、资产负债率,-,-,-3.1%,29.8%,-,62.5%,-,-,未分红/不适用,-4.0%,10,10,100,High,未知,排除,0,10年内亏损年份过多；10年ROE波动较大；10年净利润波动较大；长期ROE低于5%
000007,CN,全新好,-,通用,ROE、现金流、资产负债率,-,-,-0.3%,43.2%,-,48.0%,-,-,未分红/不适用,22.0%,10,10,100,High,未知,排除,0,10年内亏损年份过多；10年ROE波动较大；10年净利润波动较大；长期ROE低于5%
000009,CN,中国宝安,-,通用,ROE、现金流、资产负债率,-,-,6.8%,4.6%,-,59.8%,-,-,未分红/不适用,7.0%,10,10,100,High,未知,通过,100,-
000011,CN,深物业A,-,通用,ROE、现金流、资产负债率,-,-,22.5%,31.4%,-,79.0%,-,-,未分红/不适用,-16.5%,10,10,100,High,未知,排除,15,10年ROE波动较大；10年净利润波动较大；资产负债率偏高；近5年营收明显下滑
000012,CN,南  玻Ａ,-,通用,ROE、现金流、资产负债率,-,-,17.6%,26.5%,-,56.7%,-,-,未分红/不适用,0.1%,10,10,100,High,未知,警惕,85,10年ROE波动较大
000014,CN,沙河股份,-,通用,ROE、现金流、资产负债率,-,-,22.9%,32.5%,-,25.0%,-,-,未分红/不适用,-16.6%,10,10,100,High,未知,排除,30,10年ROE波动较大；10年净利润波动较大；近5年营收明显下滑
000017,CN,深中华A,-,通用,ROE、现金流、资产负债率,-,-,-0.4%,25.9%,-,17.6%,-,-,未分红/不适用,45.3%,10,10,100,High,未知,排除,0,10年内亏损年份过多；10年ROE波动较大；10年净利润波动较大；长期ROE低于5%
000019,CN,深粮控股,-,通用,ROE、现金流、资产负债率,-,-,8.1%,1.5%,-,32.3%,-,-,未分红/不适用,-14.2%,10,10,100,High,未知,警惕,85,近5年营收增长偏弱
000020,CN,深华发Ａ,-,通用,ROE、现金流、资产负债率,-,-,6.3%,8.8%,-,39.0%,-,-,未分红/不适用,2.9%,10,10,100,High,未知,警惕,85,10年净利润波动较大
000021,CN,深科技,-,科技,营收增长、自由现金流、研发投入效率,-,-,7.8%,2.3%,-,39.0%,-,-,未分红/不适用,-1.1%,10,10,100,High,未知,警惕,85,科技公司营收增长转负
000025,CN,特  力Ａ,-,通用,ROE、现金流、资产负债率,-,-,8.1%,4.3%,-,24.7%,-,-,未分红/不适用,30.2%,10,10,100,High,未知,通过,100,-
000026,CN,飞亚达,-,通用,ROE、现金流、资产负债率,-,-,7.8%,3.2%,-,10.6%,-,-,未分红/不适用,-9.6%,10,10,100,High,未知,警惕,85,近5年营收增长偏弱
000028,CN,国药一致,-,通用,ROE、现金流、资产负债率,-,-,9.8%,3.1%,-,56.0%,-,-,未分红/不适用,1.8%,10,10,100,High,未知,通过,100,-
000029,CN,深深房Ａ,-,通用,ROE、现金流、资产负债率,-,-,6.0%,7.8%,-,10.6%,-,-,未分红/不适用,2.9%,10,10,100,High,未知,警惕,85,10年净利润波动较大
000030,CN,富奥股份,-,通用,ROE、现金流、资产负债率,-,-,11.4%,3.1%,-,49.3%,-,-,未分红/不适用,7.9%,10,10,100,High,未知,通过,100,-
000031,CN,大悦城,-,通用,ROE、现金流、资产负债率,-,-,3.6%,24.6%,-,77.3%,-,-,未分红/不适用,-7.7%,10,10,100,High,未知,排除,0,10年内亏损年份过多；10年ROE波动较大；10年净利润波动较大；长期ROE低于5%；资产负债率偏高；近5年营收增长偏弱
000032,CN,深桑达Ａ,-,通用,ROE、现金流、资产负债率,-,-,4.5%,4.2%,-,81.7%,-,-,未分红/不适用,2.7%,10,10,100,High,未知,排除,30,10年净利润波动较大；长期ROE低于5%；资产负债率偏高
000034,CN,神州数码,-,通用,ROE、现金流、资产负债率,-,-,13.2%,6.0%,-,79.4%,-,-,未分红/不适用,4.1%,10,10,100,High,未知,警惕,85,资产负债率偏高
000035,CN,中国天楹,-,通用,ROE、现金流、资产负债率,-,-,5.6%,3.1%,-,65.4%,-,-,未分红/不适用,-28.8%,10,10,100,High,未知,排除,60,近5年营收明显下滑
000036,CN,华联控股,-,通用,ROE、现金流、资产负债率,-,-,22.9%,24.8%,-,24.2%,-,-,未分红/不适用,-24.2%,10,10,100,High,未知,排除,30,10年ROE波动较大；10年净利润波动较大；近5年营收明显下滑
000037,CN,深南电A,-,通用,ROE、现金流、资产负债率,-,-,-0.9%,33.3%,-,23.2%,-,-,未分红/不适用,-14.7%,10,10,100,High,未知,排除,15,10年ROE波动较大；10年净利润波动较大；长期ROE低于5%；近5年营收增长偏弱
000039,CN,中集集团,-,通用,ROE、现金流、资产负债率,-,-,19.5%,29.3%,-,59.9%,-,-,未分红/不适用,-1.1%,10,10,100,High,未知,警惕,85,10年ROE波动较大
000042,CN,中洲控股,-,通用,ROE、现金流、资产负债率,-,-,3.3%,39.1%,-,94.5%,-,-,未分红/不适用,-26.1%,10,10,100,High,未知,排除,0,10年内亏损年份过多；10年ROE波动较大；10年净利润波动较大；长期ROE低于5%；资产负债率过高；近5年营收明显下滑
000045,CN,深纺织Ａ,-,通用,ROE、现金流、资产负债率,-,-,-0.9%,40.7%,-,20.8%,-,-,未分红/不适用,8.6%,10,10,100,High,未知,排除,30,10年ROE波动较大；10年净利润波动较大；长期ROE低于5%
000048,CN,京基智农,-,通用,ROE、现金流、资产负债率,-,-,34.2%,32.4%,-,59.0%,-,-,未分红/不适用,10.9%,10,10,100,High,未知,警惕,70,10年ROE波动较大；10年净利润波动较大
000049,CN,德赛电池,-,通用,ROE、现金流、资产负债率,-,-,19.9%,8.6%,-,60.6%,-,-,未分红/不适用,3.6%,10,10,100,High,未知,通过,100,-
000050,CN,深天马Ａ,-,通用,ROE、现金流、资产负债率,-,-,10.0%,22.1%,-,61.6%,-,-,未分红/不适用,1.8%,10,10,100,High,未知,排除,30,10年内亏损年份过多；10年ROE波动较大；10年净利润波动较大
000055,CN,方大集团,-,通用,ROE、现金流、资产负债率,-,-,15.5%,20.8%,-,55.4%,-,-,未分红/不适用,-1.3%,10,10,100,High,未知,警惕,70,10年ROE波动较大；10年净利润波动较大
000058,CN,深 赛 格,-,通用,ROE、现金流、资产负债率,-,-,12.4%,24.4%,-,50.8%,-,-,未分红/不适用,-4.1%,10,10,100,High,未知,警惕,70,10年ROE波动较大；10年净利润波动较大
000059,CN,华锦股份,-,通用,ROE、现金流、资产负债率,-,-,7.4%,19.5%,-,58.3%,-,-,未分红/不适用,2.0%,10,10,100,High,未知,警惕,70,10年ROE波动较大；10年净利润波动较大
000060,CN,中金岭南,-,通用,ROE、现金流、资产负债率,-,-,7.8%,2.4%,-,58.6%,-,-,未分红/不适用,8.0%,10,10,100,High,未知,通过,100,-
000061,CN,农 产 品,-,通用,ROE、现金流、资产负债率,-,-,16.1%,26.7%,-,53.8%,-,-,未分红/不适用,12.4%,10,10,100,High,未知,警惕,85,10年ROE波动较大
000062,CN,深圳华强,-,通用,ROE、现金流、资产负债率,-,-,10.7%,4.1%,-,58.4%,-,-,未分红/不适用,2.2%,10,10,100,High,未知,通过,100,-
000063,CN,中兴通讯,-,通用,ROE、现金流、资产负债率,-,-,7.5%,14.1%,-,65.3%,-,-,未分红/不适用,4.0%,10,10,100,High,未知,警惕,70,10年ROE波动较大；10年净利润波动较大
000065,CN,北方国际,-,通用,ROE、现金流、资产负债率,-,-,12.6%,3.1%,-,55.0%,-,-,未分红/不适用,1.0%,10,10,100,High,未知,通过,100,-
000066,CN,中国长城,-,通用,ROE、现金流、资产负债率,-,-,8.2%,35.4%,-,61.9%,-,-,未分红/不适用,-2.9%,10,10,100,High,未知,排除,30,10年内亏损年份过多；10年ROE波动较大；10年净利润波动较大
000068,CN,华控赛格,-,通用,ROE、现金流、资产负债率,-,-,-6.2%,77.1%,-,73.6%,-,-,未分红/不适用,-2.9%,10,10,100,High,未知,排除,0,10年内亏损年份过多；10年ROE波动较大；10年净利润波动较大；长期ROE低于5%；资产负债率偏高
000069,CN,华侨城Ａ,-,通用,ROE、现金流、资产负债率,-,-,2.0%,19.4%,-,80.6%,-,-,未分红/不适用,-25.6%,10,10,100,High,未知,排除,0,10年内亏损年份过多；10年ROE波动较大；10年净利润波动较大；长期ROE低于5%；资产负债率偏高；近5年营收明显下滑
000070,CN,特发信息,-,通用,ROE、现金流、资产负债率,-,-,5.6%,32.7%,-,78.6%,-,-,未分红/不适用,-1.0%,10,10,100,High,未知,排除,15,10年内亏损年份过多；10年ROE波动较大；10年净利润波动较大；资产负债率偏高
000088,CN,盐 田 港,-,通用,ROE、现金流、资产负债率,-,-,6.6%,1.7%,-,17.8%,-,-,未分红/不适用,6.0%,10,10,100,High,未知,通过,100,-
000089,CN,深圳机场,-,通用,ROE、现金流、资产负债率,-,-,1.9%,13.4%,-,52.9%,-,-,未分红/不适用,11.6%,10,10,100,High,未知,排除,30,10年ROE波动较大；10年净利润波动较大；长期ROE低于5%
000090,CN,天健集团,-,通用,ROE、现金流、资产负债率,-,-,10.9%,5.4%,-,74.3%,-,-,未分红/不适用,-0.8%,10,10,100,High,未知,警惕,85,资产负债率偏高
000096,CN,广聚能源,-,通用,ROE、现金流、资产负债率,-,-,4.9%,3.3%,-,25.4%,-,-,未分红/不适用,-4.2%,10,10,100,High,未知,排除,60,长期ROE低于5%
000099,CN,中信海直,-,通用,ROE、现金流、资产负债率,-,-,5.1%,1.3%,-,27.7%,-,-,未分红/不适用,7.4%,10,10,100,High,未知,通过,100,-
000100,CN,TCL科技,-,科技,营收增长、自由现金流、研发投入效率,-,-,14.7%,14.7%,-,64.2%,-,-,未分红/不适用,3.0%,10,10,100,High,未知,警惕,70,10年ROE波动较大；10年净利润波动较大
000151,CN,中成股份,-,通用,ROE、现金流、资产负债率,-,-,8.0%,52.4%,-,73.8%,-,-,未分红/不适用,-15.0%,10,10,100,High,未知,排除,0,10年内亏损年份过多；10年ROE波动较大；10年净利润波动较大；资产负债率偏高；近5年营收增长偏弱
000153,CN,丰原药业,-,通用,ROE、现金流、资产负债率,-,-,6.6%,1.7%,-,58.0%,-,-,未分红/不适用,1.4%,10,10,100,High,未知,通过,100,-
000155,CN,川能动力,-,通用,ROE、现金流、资产负债率,-,-,-10.5%,61.6%,-,52.9%,-,-,未分红/不适用,-7.3%,10,10,100,High,未知,排除,30,10年ROE波动较大；长期ROE低于5%；近5年营收增长偏弱
000156,CN,华数传媒,-,通用,ROE、现金流、资产负债率,-,-,5.6%,1.4%,-,47.5%,-,-,未分红/不适用,2.0%,10,10,100,High,未知,通过,100,-
000157,CN,中联重科,-,通用,ROE、现金流、资产负债率,-,-,7.1%,5.2%,-,55.0%,-,-,未分红/不适用,-6.1%,10,10,100,High,未知,警惕,85,近5年营收增长偏弱
000158,CN,常山北明,-,通用,ROE、现金流、资产负债率,-,-,6.8%,20.0%,-,63.6%,-,-,未分红/不适用,-8.8%,10,10,100,High,未知,排除,15,10年内亏损年份过多；10年ROE波动较大；10年净利润波动较大；近5年营收增长偏弱
000159,CN,国际实业,-,通用,ROE、现金流、资产负债率,-,-,2.8%,3.9%,-,43.7%,-,-,未分红/不适用,15.4%,10,10,100,High,未知,排除,45,10年净利润波动较大；长期ROE低于5%
000166,CN,申万宏源,-,通用,ROE、现金流、资产负债率,-,-,7.4%,2.5%,-,76.6%,-,-,未分红/不适用,-8.3%,10,20,100,High,未知,警惕,70,资产负债率偏高；近5年营收增长偏弱
000301,CN,东方盛虹,-,通用,ROE、现金流、资产负债率,-,-,10.4%,13.0%,-,81.4%,-,-,未分红/不适用,24.3%,10,10,100,High,未知,警惕,55,10年ROE波动较大；10年净利润波动较大；资产负债率偏高
000333,CN,美的集团,-,通用,ROE、现金流、资产负债率,-,-,23.9%,2.4%,-,61.2%,-,-,未分红/不适用,7.5%,10,10,100,High,未知,通过,100,-
000338,CN,潍柴动力,-,通用,ROE、现金流、资产负债率,-,-,15.2%,5.7%,-,64.3%,-,-,未分红/不适用,1.3%,10,10,100,High,未知,通过,100,-
000400,CN,许继电气,-,通用,ROE、现金流、资产负债率,-,-,8.4%,2.8%,-,49.0%,-,-,未分红/不适用,5.7%,10,10,100,High,未知,通过,100,-
000401,CN,金隅冀东,-,通用,ROE、现金流、资产负债率,-,-,19.0%,26.4%,-,48.4%,-,-,未分红/不适用,-9.4%,10,10,100,High,未知,警惕,55,10年ROE波动较大；10年净利润波动较大；近5年营收增长偏弱
000402,CN,金 融 街,-,通用,ROE、现金流、资产负债率,-,-,-1.0%,16.5%,-,81.5%,-,-,未分红/不适用,-24.1%,10,10,100,High,未知,排除,0,10年内亏损年份过多；10年ROE波动较大；10年净利润波动较大；长期ROE低于5%；资产负债率偏高；近5年营收明显下滑
000403,CN,派林生物,-,通用,ROE、现金流、资产负债率,-,-,10.8%,6.3%,-,14.6%,-,-,未分红/不适用,7.5%,10,10,100,High,未知,警惕,85,10年净利润波动较大
000404,CN,长虹华意,-,通用,ROE、现金流、资产负债率,-,-,16.1%,28.0%,-,61.3%,-,-,未分红/不适用,-2.8%,10,10,100,High,未知,警惕,85,10年ROE波动较大
000407,CN,胜利股份,-,通用,ROE、现金流、资产负债率,-,-,3.0%,6.1%,-,45.8%,-,-,未分红/不适用,-2.2%,10,10,100,High,未知,排除,45,10年净利润波动较大；长期ROE低于5%
000408,CN,藏格矿业,-,通用,ROE、现金流、资产负债率,-,-,19.7%,13.4%,-,8.3%,-,-,未分红/不适用,-0.3%,10,10,100,High,未知,警惕,70,10年ROE波动较大；10年净利润波动较大
000409,CN,云鼎科技,-,科技,营收增长、自由现金流、研发投入效率,-,-,-6.4%,21.9%,-,35.7%,-,-,未分红/不适用,31.7%,10,10,100,High,未知,排除,0,10年内亏损年份过多；10年ROE波动较大；10年净利润波动较大；长期ROE低于5%
000410,CN,沈阳机床,-,通用,ROE、现金流、资产负债率,-,-,-43.6%,103.9%,-,51.5%,-,-,未分红/不适用,21.8%,10,10,100,High,未知,排除,0,10年内亏损年份过多；10年ROE波动较大；10年净利润波动较大；长期ROE低于5%
000411,CN,英特集团,-,通用,ROE、现金流、资产负债率,-,-,11.2%,1.4%,-,65.5%,-,-,未分红/不适用,5.9%,10,10,100,High,未知,通过,100,-
000415,CN,渤海租赁,-,通用,ROE、现金流、资产负债率,-,-,-0.2%,9.8%,-,81.3%,-,-,未分红/不适用,18.6%,10,10,100,High,未知,排除,0,10年内亏损年份过多；10年净利润波动较大；长期ROE低于5%；资产负债率偏高
000417,CN,合百集团,-,通用,ROE、现金流、资产负债率,-,-,4.9%,1.5%,-,52.8%,-,-,未分红/不适用,1.4%,10,10,100,High,未知,排除,60,长期ROE低于5%
000419,CN,通程控股,-,通用,ROE、现金流、资产负债率,-,-,5.2%,1.0%,-,31.7%,-,-,未分红/不适用,-4.2%,10,10,100,High,未知,通过,100,-
000420,CN,吉林化纤,-,通用,ROE、现金流、资产负债率,-,-,18.6%,31.3%,-,64.0%,-,-,未分红/不适用,11.0%,10,10,100,High,未知,排除,30,10年内亏损年份过多；10年ROE波动较大；10年净利润波动较大
000421,CN,南京公用,-,通用,ROE、现金流、资产负债率,-,-,3.8%,3.5%,-,62.0%,-,-,未分红/不适用,18.1%,10,10,100,High,未知,排除,45,10年净利润波动较大；长期ROE低于5%
000422,CN,湖北宜化,-,通用,ROE、现金流、资产负债率,-,-,12.6%,71.3%,-,70.5%,-,-,未分红/不适用,8.5%,10,10,100,High,未知,警惕,55,10年ROE波动较大；10年净利润波动较大；资产负债率偏高
000423,CN,东阿阿胶,-,通用,ROE、现金流、资产负债率,-,-,16.1%,13.1%,-,22.6%,-,-,未分红/不适用,14.9%,10,10,100,High,未知,警惕,85,10年ROE波动较大
000425,CN,徐工机械,-,通用,ROE、现金流、资产负债率,-,-,9.4%,4.2%,-,64.0%,-,-,未分红/不适用,-3.6%,10,10,100,High,未知,通过,100,-
000426,CN,兴业银锡,-,通用,ROE、现金流、资产负债率,-,-,7.4%,9.0%,-,40.8%,-,-,未分红/不适用,29.0%,10,10,100,High,未知,警惕,85,10年净利润波动较大
000428,CN,华天酒店,-,通用,ROE、现金流、资产负债率,-,-,-8.7%,9.3%,-,82.3%,-,-,未分红/不适用,-2.9%,10,10,100,High,未知,排除,0,10年内亏损年份过多；10年净利润波动较大；长期ROE低于5%；资产负债率偏高
000429,CN,粤高速Ａ,-,通用,ROE、现金流、资产负债率,-,-,15.7%,3.3%,-,47.0%,-,-,未分红/不适用,-4.1%,10,10,100,High,未知,通过,100,-
000498,CN,山东路桥,-,通用,ROE、现金流、资产负债率,-,-,14.9%,4.0%,-,76.5%,-,-,未分红/不适用,4.5%,10,10,100,High,未知,警惕,85,资产负债率偏高
000501,CN,武商集团,-,通用,ROE、现金流、资产负债率,-,-,8.6%,6.9%,-,64.1%,-,-,未分红/不适用,-3.9%,10,10,100,High,未知,通过,100,-
000503,CN,国新健康,-,通用,ROE、现金流、资产负债率,-,-,-18.0%,22.5%,-,44.0%,-,-,未分红/不适用,8.5%,10,10,100,High,未知,排除,0,10年内亏损年份过多；10年ROE波动较大；10年净利润波动较大；长期ROE低于5%
000505,CN,京粮控股,-,通用,ROE、现金流、资产负债率,-,-,12.2%,25.3%,-,47.5%,-,-,未分红/不适用,-9.6%,10,10,100,High,未知,警惕,55,10年ROE波动较大；10年净利润波动较大；近5年营收增长偏弱
000506,CN,招金黄金,-,通用,ROE、现金流、资产负债率,-,-,-0.9%,38.5%,-,49.6%,-,-,未分红/不适用,-12.7%,10,10,100,High,未知,排除,0,10年内亏损年份过多；10年ROE波动较大；10年净利润波动较大；长期ROE低于5%；近5年营收增长偏弱
000507,CN,珠海港,-,通用,ROE、现金流、资产负债率,-,-,5.0%,1.0%,-,54.5%,-,-,未分红/不适用,-9.5%,10,10,100,High,未知,警惕,85,近5年营收增长偏弱
000509,CN,华塑控股,-,通用,ROE、现金流、资产负债率,-,-,-45.5%,106.8%,-,78.1%,-,-,未分红/不适用,26.5%,10,10,100,High,未知,排除,0,10年内亏损年份过多；10年ROE波动较大；10年净利润波动较大；长期ROE低于5%；资产负债率偏高
000510,CN,新金路,-,通用,ROE、现金流、资产负债率,-,-,12.2%,31.4%,-,52.2%,-,-,未分红/不适用,-13.6%,10,10,100,High,未知,排除,15,10年内亏损年份过多；10年ROE波动较大；10年净利润波动较大；近5年营收增长偏弱
000513,CN,丽珠集团,-,通用,ROE、现金流、资产负债率,-,-,17.5%,11.9%,-,35.2%,-,-,未分红/不适用,-0.1%,10,10,100,High,未知,通过,100,-
000514,CN,渝 开 发,-,通用,ROE、现金流、资产负债率,-,-,13.4%,25.6%,-,45.1%,-,-,未分红/不适用,-11.5%,10,10,100,High,未知,警惕,55,10年ROE波动较大；10年净利润波动较大；近5年营收增长偏弱
000516,CN,国际医学,-,通用,ROE、现金流、资产负债率,-,-,7.7%,34.9%,-,69.0%,-,-,未分红/不适用,8.7%,10,10,100,High,未知,排除,30,10年内亏损年份过多；10年ROE波动较大；10年净利润波动较大
000517,CN,荣安地产,-,地产,净负债率、现金短债比、资产负债率,-,-,6.5%,17.8%,-,56.2%,-,-,未分红/不适用,-25.6%,10,10,100,High,未知,排除,15,地产需补充净负债率/现金短债比专项数据；10年ROE波动较大；10年净利润波动较大；近5年营收明显下滑
000519,CN,中兵红箭,-,通用,ROE、现金流、资产负债率,-,-,7.5%,12.2%,-,45.5%,-,-,未分红/不适用,5.4%,10,10,100,High,未知,警惕,70,10年ROE波动较大；10年净利润波动较大
000521,CN,长虹美菱,-,通用,ROE、现金流、资产负债率,-,-,18.4%,28.0%,-,70.9%,-,-,未分红/不适用,14.0%,10,10,100,High,未知,警惕,55,10年ROE波动较大；10年净利润波动较大；资产负债率偏高
000523,CN,红棉股份,-,通用,ROE、现金流、资产负债率,-,-,4.5%,9.6%,-,38.9%,-,-,未分红/不适用,-4.9%,10,10,100,High,未知,排除,45,10年净利润波动较大；长期ROE低于5%
000524,CN,岭南控股,-,通用,ROE、现金流、资产负债率,-,-,2.6%,7.7%,-,40.3%,-,-,未分红/不适用,31.1%,10,10,100,High,未知,排除,5,10年内亏损年份过多；10年净利润波动较大；长期ROE低于5%
000525,CN,红太阳,-,通用,ROE、现金流、资产负债率,-,-,-13.0%,61.2%,-,59.8%,-,-,未分红/不适用,-9.9%,10,10,100,High,未知,排除,0,10年内亏损年份过多；10年ROE波动较大；10年净利润波动较大；长期ROE低于5%；近5年营收增长偏弱
000526,CN,学大教育,-,通用,ROE、现金流、资产负债率,-,-,-1.1%,53.9%,-,76.8%,-,-,未分红/不适用,6.3%,10,10,100,High,未知,排除,15,10年ROE波动较大；10年净利润波动较大；长期ROE低于5%；资产负债率偏高
000528,CN,柳    工,-,通用,ROE、现金流、资产负债率,-,-,12.3%,15.6%,-,60.3%,-,-,未分红/不适用,3.7%,10,10,100,High,未知,警惕,85,10年ROE波动较大
000529,CN,广弘控股,-,通用,ROE、现金流、资产负债率,-,-,12.8%,8.7%,-,51.7%,-,-,未分红/不适用,-13.2%,10,10,100,High,未知,警惕,70,10年净利润波动较大；近5年营收增长偏弱
000530,CN,冰山冷热,-,通用,ROE、现金流、资产负债率,-,-,14.2%,25.8%,-,57.7%,-,-,未分红/不适用,20.5%,10,10,100,High,未知,警惕,70,10年ROE波动较大；10年净利润波动较大
000531,CN,穗恒运Ａ,-,通用,ROE、现金流、资产负债率,-,-,6.3%,5.9%,-,58.0%,-,-,未分红/不适用,1.3%,10,10,100,High,未知,警惕,85,10年净利润波动较大
000532,CN,华金资本,-,通用,ROE、现金流、资产负债率,-,-,10.2%,4.5%,-,28.1%,-,-,未分红/不适用,-5.9%,10,10,100,High,未知,警惕,85,近5年营收增长偏弱
000533,CN,顺钠股份,-,通用,ROE、现金流、资产负债率,-,-,2.5%,34.6%,-,60.9%,-,-,未分红/不适用,11.3%,10,10,100,High,未知,排除,30,10年ROE波动较大；10年净利润波动较大；长期ROE低于5%
000534,CN,万泽股份,-,通用,ROE、现金流、资产负债率,-,-,9.3%,3.3%,-,61.5%,-,-,未分红/不适用,18.4%,10,10,100,High,未知,通过,100,-
000536,CN,华映科技,-,科技,营收增长、自由现金流、研发投入效率,-,-,-34.4%,43.4%,-,80.2%,-,-,未分红/不适用,-17.8%,10,10,100,High,未知,排除,0,科技公司营收增长转负；10年内亏损年份过多；10年ROE波动较大；10年净利润波动较大；长期ROE低于5%；资产负债率偏高；近5年营收明显下滑
000537,CN,绿发电力,-,通用,ROE、现金流、资产负债率,-,-,11.0%,9.2%,-,73.8%,-,-,未分红/不适用,-29.3%,10,10,100,High,未知,排除,45,资产负债率偏高；近5年营收明显下滑
000538,CN,云南白药,-,通用,ROE、现金流、资产负债率,-,-,12.3%,4.3%,-,26.0%,-,-,未分红/不适用,3.2%,10,10,100,High,未知,通过,100,-
000539,CN,粤电力Ａ,-,通用,ROE、现金流、资产负债率,-,-,0.9%,6.9%,-,77.7%,-,-,未分红/不适用,3.8%,10,10,100,High,未知,排除,30,10年净利润波动较大；长期ROE低于5%；资产负债率偏高
000541,CN,佛山照明,-,通用,ROE、现金流、资产负债率,-,-,8.1%,5.8%,-,39.2%,-,-,未分红/不适用,0.2%,10,10,100,High,未知,通过,100,-
000543,CN,皖能电力,-,通用,ROE、现金流、资产负债率,-,-,6.0%,6.7%,-,62.7%,-,-,未分红/不适用,6.7%,10,10,100,High,未知,警惕,85,10年净利润波动较大
000544,CN,中原环保,-,通用,ROE、现金流、资产负债率,-,-,8.5%,2.3%,-,73.4%,-,-,未分红/不适用,-2.5%,10,10,100,High,未知,警惕,85,资产负债率偏高
000545,CN,金浦钛业,-,通用,ROE、现金流、资产负债率,-,-,-7.7%,19.1%,-,59.5%,-,-,未分红/不适用,-12.0%,10,10,100,High,未知,排除,0,10年内亏损年份过多；10年ROE波动较大；10年净利润波动较大；长期ROE低于5%；近5年营收增长偏弱
000546,CN,金圆股份,-,通用,ROE、现金流、资产负债率,-,-,13.2%,29.8%,-,26.7%,-,-,未分红/不适用,1.6%,10,10,100,High,未知,排除,30,10年内亏损年份过多；10年ROE波动较大；10年净利润波动较大
000547,CN,航天发展,-,通用,ROE、现金流、资产负债率,-,-,0.3%,21.5%,-,50.8%,-,-,未分红/不适用,-12.3%,10,10,100,High,未知,排除,0,10年内亏损年份过多；10年ROE波动较大；10年净利润波动较大；长期ROE低于5%；近5年营收增长偏弱
000548,CN,湖南投资,-,通用,ROE、现金流、资产负债率,-,-,4.1%,2.2%,-,15.5%,-,-,未分红/不适用,4.9%,10,10,100,High,未知,排除,60,长期ROE低于5%
000550,CN,江铃汽车,-,通用,ROE、现金流、资产负债率,-,-,16.2%,23.9%,-,66.2%,-,-,未分红/不适用,2.7%,10,10,100,High,未知,警惕,85,10年ROE波动较大
000551,CN,创元科技,-,科技,营收增长、自由现金流、研发投入效率,-,-,6.7%,2.3%,-,37.3%,-,-,未分红/不适用,3.4%,10,10,100,High,未知,通过,100,-
000552,CN,甘肃能化,-,通用,ROE、现金流、资产负债率,-,-,8.5%,7.9%,-,54.6%,-,-,未分红/不适用,-6.0%,10,10,100,High,未知,警惕,70,10年净利润波动较大；近5年营收增长偏弱
000553,CN,安道麦A,-,通用,ROE、现金流、资产负债率,-,-,7.6%,24.5%,-,63.7%,-,-,未分红/不适用,-1.7%,10,10,100,High,未知,排除,30,10年内亏损年份过多；10年ROE波动较大；10年净利润波动较大
000554,CN,泰山石油,-,周期,利润波动、ROE波动、资本开支周期,-,-,38.0%,34.7%,-,31.0%,-,-,未分红/不适用,3.1%,10,10,100,High,未知,警惕,40,周期行业ROE波动显著；周期行业利润弹性过大；10年ROE波动较大；10年净利润波动较大
000555,CN,神州信息,-,通用,ROE、现金流、资产负债率,-,-,22.0%,37.9%,-,53.9%,-,-,未分红/不适用,3.8%,10,10,100,High,未知,警惕,70,10年ROE波动较大；10年净利润波动较大
000557,CN,西部创业,-,通用,ROE、现金流、资产负债率,-,-,14.6%,27.3%,-,9.9%,-,-,未分红/不适用,1.8%,10,10,100,High,未知,警惕,85,10年ROE波动较大
000558,CN,天府文旅,-,通用,ROE、现金流、资产负债率,-,-,-1.4%,3.9%,-,54.1%,-,-,未分红/不适用,39.7%,10,10,100,High,未知,排除,5,10年内亏损年份过多；10年净利润波动较大；长期ROE低于5%
000559,CN,万向钱潮,-,通用,ROE、现金流、资产负债率,-,-,12.1%,4.2%,-,61.2%,-,-,未分红/不适用,-1.7%,10,10,100,High,未知,通过,100,-
000560,CN,我爱我家,-,通用,ROE、现金流、资产负债率,-,-,8.9%,24.7%,-,62.2%,-,-,未分红/不适用,-3.3%,10,10,100,High,未知,排除,30,10年内亏损年份过多；10年ROE波动较大；10年净利润波动较大
000561,CN,烽火电子,-,科技,营收增长、自由现金流、研发投入效率,-,-,3.5%,6.1%,-,54.6%,-,-,未分红/不适用,2.7%,10,10,100,High,未知,排除,45,10年净利润波动较大；长期ROE低于5%
000563,CN,陕国投Ａ,-,通用,ROE、现金流、资产负债率,-,-,6.7%,1.8%,-,35.7%,-,-,未分红/不适用,-,0,30,0,Insufficient,未知,数据不足,0,数据年数不足，无法进行可靠筛选
000564,CN,供销大集,-,通用,ROE、现金流、资产负债率,-,-,-6.1%,9.8%,-,51.9%,-,-,未分红/不适用,3.1%,10,10,100,High,未知,排除,5,10年内亏损年份过多；10年净利润波动较大；长期ROE低于5%
000565,CN,渝三峡Ａ,-,通用,ROE、现金流、资产负债率,-,-,15.5%,20.7%,-,22.3%,-,-,未分红/不适用,-5.2%,10,10,100,High,未知,警惕,55,10年ROE波动较大；10年净利润波动较大；近5年营收增长偏弱
000566,CN,海南海药,-,通用,ROE、现金流、资产负债率,-,-,-27.7%,59.4%,-,97.9%,-,-,未分红/不适用,-20.3%,10,10,100,High,未知,排除,0,10年内亏损年份过多；10年ROE波动较大；10年净利润波动较大；长期ROE低于5%；资产负债率过高；近5年营收明显下滑
000567,CN,海德股份,-,通用,ROE、现金流、资产负债率,-,-,9.2%,8.4%,-,42.2%,-,-,未分红/不适用,1.4%,10,10,100,High,未知,警惕,85,10年净利润波动较大
000568,CN,泸州老窖,-,通用,ROE、现金流、资产负债率,-,-,26.7%,5.8%,-,23.0%,-,-,未分红/不适用,5.7%,10,10,100,High,未知,通过,100,-
000570,CN,苏常柴Ａ,-,通用,ROE、现金流、资产负债率,-,-,7.8%,16.6%,-,36.8%,-,-,未分红/不适用,0.2%,10,10,100,High,未知,警惕,85,10年ROE波动较大
000571,CN,新大洲A,-,通用,ROE、现金流、资产负债率,-,-,-28.2%,52.9%,-,67.8%,-,-,未分红/不适用,-19.1%,10,10,100,High,未知,排除,0,10年内亏损年份过多；10年ROE波动较大；10年净利润波动较大；长期ROE低于5%；近5年营收明显下滑
000572,CN,海马汽车,-,通用,ROE、现金流、资产负债率,-,-,-14.7%,18.4%,-,55.3%,-,-,未分红/不适用,0.9%,10,10,100,High,未知,排除,0,10年内亏损年份过多；10年ROE波动较大；10年净利润波动较大；长期ROE低于5%
000573,CN,粤宏远Ａ,-,通用,ROE、现金流、资产负债率,-,-,3.1%,5.4%,-,23.5%,-,-,未分红/不适用,-18.0%,10,10,100,High,未知,排除,5,10年净利润波动较大；长期ROE低于5%；近5年营收明显下滑
000576,CN,甘化科工,-,通用,ROE、现金流、资产负债率,-,-,5.0%,18.2%,-,26.3%,-,-,未分红/不适用,-1.6%,10,10,100,High,未知,排除,30,10年ROE波动较大；10年净利润波动较大；长期ROE低于5%
000581,CN,威孚高科,-,通用,ROE、现金流、资产负债率,-,-,17.9%,16.7%,-,29.7%,-,-,未分红/不适用,-3.2%,10,10,100,High,未知,警惕,85,10年ROE波动较大
000586,CN,汇源通信,-,科技,营收增长、自由现金流、研发投入效率,-,-,0.8%,23.1%,-,48.4%,-,-,未分红/不适用,3.3%,10,10,100,High,未知,排除,0,10年内亏损年份过多；10年ROE波动较大；10年净利润波动较大；长期ROE低于5%
000589,CN,贵州轮胎,-,通用,ROE、现金流、资产负债率,-,-,11.0%,14.0%,-,50.9%,-,-,未分红/不适用,10.5%,10,10,100,High,未知,警惕,70,10年ROE波动较大；10年净利润波动较大
000590,CN,古汉医药,-,通用,ROE、现金流、资产负债率,-,-,1.6%,11.3%,-,38.2%,-,-,未分红/不适用,2.9%,10,10,100,High,未知,排除,5,10年内亏损年份过多；10年净利润波动较大；长期ROE低于5%
000591,CN,太阳能,-,通用,ROE、现金流、资产负债率,-,-,6.7%,1.4%,-,53.9%,-,-,未分红/不适用,-8.4%,10,10,100,High,未知,警惕,85,近5年营收增长偏弱
000592,CN,平潭发展,-,通用,ROE、现金流、资产负债率,-,-,18.7%,40.0%,-,45.0%,-,-,未分红/不适用,-4.8%,10,10,100,High,未知,排除,30,10年内亏损年份过多；10年ROE波动较大；10年净利润波动较大
000593,CN,德龙汇能,-,通用,ROE、现金流、资产负债率,-,-,-2.5%,10.6%,-,50.0%,-,-,未分红/不适用,0.2%,10,10,100,High,未知,排除,5,10年内亏损年份过多；10年净利润波动较大；长期ROE低于5%
000596,CN,古井贡酒,-,通用,ROE、现金流、资产负债率,-,-,20.4%,3.7%,-,31.7%,-,-,未分红/不适用,9.1%,10,10,100,High,未知,通过,100,-
000597,CN,东北制药,-,通用,ROE、现金流、资产负债率,-,-,7.8%,8.1%,-,56.0%,-,-,未分红/不适用,-3.5%,10,10,100,High,未知,通过,100,-
000598,CN,兴蓉环境,-,通用,ROE、现金流、资产负债率,-,-,10.8%,0.8%,-,58.1%,-,-,未分红/不适用,7.7%,10,10,100,High,未知,通过,100,-
000599,CN,青岛双星,-,通用,ROE、现金流、资产负债率,-,-,-10.1%,40.8%,-,85.0%,-,-,未分红/不适用,4.2%,10,10,100,High,未知,排除,0,10年内亏损年份过多；10年ROE波动较大；10年净利润波动较大；长期ROE低于5%；资产负债率偏高
000600,CN,建投能源,-,通用,ROE、现金流、资产负债率,-,-,3.7%,9.8%,-,59.2%,-,-,未分红/不适用,10.9%,10,10,100,High,未知,排除,45,10年净利润波动较大；长期ROE低于5%
000601,CN,韶能股份,-,通用,ROE、现金流、资产负债率,-,-,9.5%,17.5%,-,65.9%,-,-,未分红/不适用,4.8%,10,10,100,High,未知,警惕,70,10年ROE波动较大；10年净利润波动较大
000603,CN,盛达资源,-,通用,ROE、现金流、资产负债率,-,-,14.8%,5.9%,-,44.5%,-,-,未分红/不适用,10.7%,10,10,100,High,未知,通过,100,-
000605,CN,渤海股份,-,通用,ROE、现金流、资产负债率,-,-,46.1%,40.2%,-,67.0%,-,-,未分红/不适用,0.8%,10,10,100,High,未知,警惕,70,10年ROE波动较大；10年净利润波动较大
000607,CN,华媒控股,-,通用,ROE、现金流、资产负债率,-,-,-4.9%,20.6%,-,57.1%,-,-,未分红/不适用,-10.8%,10,10,100,High,未知,排除,0,10年内亏损年份过多；10年ROE波动较大；10年净利润波动较大；长期ROE低于5%；近5年营收增长偏弱
000612,CN,焦作万方,-,通用,ROE、现金流、资产负债率,-,-,6.1%,7.2%,-,17.6%,-,-,未分红/不适用,7.2%,10,10,100,High,未知,警惕,85,10年净利润波动较大
000617,CN,中油资本,-,通用,ROE、现金流、资产负债率,-,-,7.5%,2.6%,-,83.0%,-,-,未分红/不适用,2.2%,10,10,100,High,未知,警惕,85,资产负债率偏高
000619,CN,海螺新材,-,通用,ROE、现金流、资产负债率,-,-,2.7%,36.9%,-,43.9%,-,-,未分红/不适用,-1.7%,10,10,100,High,未知,排除,0,10年内亏损年份过多；10年ROE波动较大；10年净利润波动较大；长期ROE低于5%
000620,CN,盈新发展,-,通用,ROE、现金流、资产负债率,-,-,-8.4%,30.2%,-,61.6%,-,-,未分红/不适用,-33.2%,10,10,100,High,未知,排除,0,10年内亏损年份过多；10年ROE波动较大；10年净利润波动较大；长期ROE低于5%；近5年营收明显下滑
000623,CN,吉林敖东,-,通用,ROE、现金流、资产负债率,-,-,7.1%,1.7%,-,10.3%,-,-,未分红/不适用,0.3%,10,10,100,High,未知,通过,100,-
000625,CN,长安汽车,-,通用,ROE、现金流、资产负债率,-,-,9.6%,9.0%,-,59.6%,-,-,未分红/不适用,11.8%,10,10,100,High,未知,警惕,85,10年净利润波动较大
000626,CN,远大控股,-,通用,ROE、现金流、资产负债率,-,-,-0.3%,10.0%,-,66.4%,-,-,未分红/不适用,-2.1%,10,10,100,High,未知,排除,5,10年内亏损年份过多；10年净利润波动较大；长期ROE低于5%
000628,CN,高新发展,-,通用,ROE、现金流、资产负债率,-,-,9.6%,6.4%,-,82.4%,-,-,未分红/不适用,-6.8%,10,10,100,High,未知,警惕,55,10年净利润波动较大；资产负债率偏高；近5年营收增长偏弱
000629,CN,钒钛股份,-,通用,ROE、现金流、资产负债率,-,-,-4.4%,48.0%,-,13.1%,-,-,未分红/不适用,-10.8%,10,10,100,High,未知,排除,15,10年ROE波动较大；10年净利润波动较大；长期ROE低于5%；近5年营收增长偏弱
000630,CN,铜陵有色,-,周期,利润波动、ROE波动、资本开支周期,-,-,7.2%,4.8%,-,53.6%,-,-,未分红/不适用,7.2%,10,10,100,High,未知,通过,100,-
000631,CN,顺发恒能,-,通用,ROE、现金流、资产负债率,-,-,16.3%,29.9%,-,19.7%,-,-,未分红/不适用,16.0%,10,10,100,High,未知,警惕,70,10年ROE波动较大；10年净利润波动较大
000633,CN,合金投资,-,通用,ROE、现金流、资产负债率,-,-,2.5%,7.5%,-,56.1%,-,-,未分红/不适用,15.4%,10,10,100,High,未知,排除,45,10年净利润波动较大；长期ROE低于5%
000635,CN,英 力 特,-,通用,ROE、现金流、资产负债率,-,-,-3.2%,35.1%,-,50.6%,-,-,未分红/不适用,-7.1%,10,10,100,High,未知,排除,0,10年内亏损年份过多；10年ROE波动较大；10年净利润波动较大；长期ROE低于5%；近5年营收增长偏弱
000636,CN,风华高科,-,通用,ROE、现金流、资产负债率,-,-,6.5%,6.3%,-,23.6%,-,-,未分红/不适用,3.3%,10,10,100,High,未知,通过,100,-
000637,CN,茂化实华,-,通用,ROE、现金流、资产负债率,-,-,5.8%,29.9%,-,69.0%,-,-,未分红/不适用,-13.6%,10,10,100,High,未知,排除,15,10年内亏损年份过多；10年ROE波动较大；10年净利润波动较大；近5年营收增长偏弱
000650,CN,仁和药业,-,通用,ROE、现金流、资产负债率,-,-,11.9%,3.2%,-,10.4%,-,-,未分红/不适用,-8.0%,10,10,100,High,未知,警惕,85,近5年营收增长偏弱
000651,CN,格力电器,-,通用,ROE、现金流、资产负债率,-,-,26.4%,5.9%,-,61.7%,-,-,未分红/不适用,-2.5%,10,10,100,High,未知,通过,100,-
000652,CN,泰达股份,-,通用,ROE、现金流、资产负债率,-,-,4.4%,4.0%,-,84.2%,-,-,未分红/不适用,-4.2%,10,10,100,High,未知,排除,30,10年净利润波动较大；长期ROE低于5%；资产负债率偏高
000655,CN,金岭矿业,-,通用,ROE、现金流、资产负债率,-,-,2.1%,9.9%,-,13.3%,-,-,未分红/不适用,-2.3%,10,10,100,High,未知,排除,45,10年净利润波动较大；长期ROE低于5%
000657,CN,中钨高新,-,通用,ROE、现金流、资产负债率,-,-,12.2%,12.1%,-,50.8%,-,-,未分红/不适用,9.9%,10,10,100,High,未知,警惕,70,10年ROE波动较大；10年净利润波动较大
000659,CN,珠海中富,-,通用,ROE、现金流、资产负债率,-,-,-24.8%,32.4%,-,99.3%,-,-,未分红/不适用,-9.1%,10,10,100,High,未知,排除,0,10年内亏损年份过多；10年ROE波动较大；10年净利润波动较大；长期ROE低于5%；资产负债率过高；近5年营收增长偏弱
000661,CN,长春高新,-,通用,ROE、现金流、资产负债率,-,-,27.0%,16.1%,-,17.3%,-,-,未分红/不适用,3.0%,10,10,100,High,未知,警惕,85,10年ROE波动较大
000663,CN,永安林业,-,通用,ROE、现金流、资产负债率,-,-,-6.6%,34.5%,-,37.3%,-,-,未分红/不适用,-10.5%,10,10,100,High,未知,排除,0,10年内亏损年份过多；10年ROE波动较大；10年净利润波动较大；长期ROE低于5%；近5年营收增长偏弱
000665,CN,湖北广电,-,通用,ROE、现金流、资产负债率,-,-,-6.9%,11.0%,-,65.1%,-,-,未分红/不适用,-8.6%,10,10,100,High,未知,排除,0,10年内亏损年份过多；10年净利润波动较大；长期ROE低于5%；近5年营收增长偏弱
000670,CN,盈方微,-,通用,ROE、现金流、资产负债率,-,-,-111.5%,147.6%,-,77.4%,-,-,未分红/不适用,13.2%,10,10,100,High,未知,排除,0,10年内亏损年份过多；10年ROE波动较大；10年净利润波动较大；长期ROE低于5%；资产负债率偏高
000672,CN,上峰水泥,-,通用,ROE、现金流、资产负债率,-,-,25.2%,18.9%,-,41.3%,-,-,未分红/不适用,-13.3%,10,10,100,High,未知,警惕,70,10年ROE波动较大；近5年营收增长偏弱
000676,CN,智度股份,-,通用,ROE、现金流、资产负债率,-,-,-0.0%,20.8%,-,14.3%,-,-,未分红/不适用,-8.4%,10,10,100,High,未知,排除,15,10年ROE波动较大；10年净利润波动较大；长期ROE低于5%；近5年营收增长偏弱
000678,CN,襄阳轴承,-,通用,ROE、现金流、资产负债率,-,-,4.9%,31.6%,-,65.1%,-,-,未分红/不适用,4.0%,10,10,100,High,未知,排除,0,10年内亏损年份过多；10年ROE波动较大；10年净利润波动较大；长期ROE低于5%
000679,CN,大连友谊,-,通用,ROE、现金流、资产负债率,-,-,-10.7%,42.1%,-,93.6%,-,-,未分红/不适用,24.3%,10,10,100,High,未知,排除,0,10年内亏损年份过多；10年ROE波动较大；10年净利润波动较大；长期ROE低于5%；资产负债率过高
000680,CN,山推股份,-,通用,ROE、现金流、资产负债率,-,-,8.3%,8.1%,-,66.0%,-,-,未分红/不适用,12.4%,10,10,100,High,未知,警惕,85,10年净利润波动较大
000681,CN,视觉中国,-,通用,ROE、现金流、资产负债率,-,-,6.3%,3.7%,-,16.0%,-,-,未分红/不适用,4.3%,10,10,100,High,未知,通过,100,-
000682,CN,东方电子,-,科技,营收增长、自由现金流、研发投入效率,-,-,9.4%,4.2%,-,54.3%,-,-,未分红/不适用,16.9%,10,10,100,High,未知,通过,100,-
000683,CN,博源化工,-,周期,利润波动、ROE波动、资本开支周期,-,-,19.1%,22.5%,-,56.0%,-,-,未分红/不适用,-0.1%,10,10,100,High,未知,警惕,40,周期行业ROE波动显著；周期行业利润弹性过大；10年ROE波动较大；10年净利润波动较大
000685,CN,中山公用,-,通用,ROE、现金流、资产负债率,-,-,8.3%,1.8%,-,47.3%,-,-,未分红/不适用,18.1%,10,10,100,High,未知,通过,100,-
000686,CN,东北证券,-,通用,ROE、现金流、资产负债率,-,-,5.7%,2.9%,-,73.4%,-,-,未分红/不适用,-9.3%,10,20,100,High,未知,警惕,70,资产负债率偏高；近5年营收增长偏弱
000688,CN,国城矿业,-,通用,ROE、现金流、资产负债率,-,-,11.8%,6.9%,-,69.5%,-,-,未分红/不适用,29.5%,10,10,100,High,未知,警惕,85,10年净利润波动较大
000690,CN,宝新能源,-,通用,ROE、现金流、资产负债率,-,-,7.4%,4.7%,-,41.6%,-,-,未分红/不适用,-2.1%,10,10,100,High,未知,通过,100,-
000695,CN,滨海能源,-,通用,ROE、现金流、资产负债率,-,-,-15.3%,27.6%,-,94.2%,-,-,未分红/不适用,4.0%,10,10,100,High,未知,排除,0,10年内亏损年份过多；10年ROE波动较大；10年净利润波动较大；长期ROE低于5%；资产负债率过高
000697,CN,炼石航空,-,通用,ROE、现金流、资产负债率,-,-,-38.9%,36.5%,-,27.3%,-,-,未分红/不适用,17.4%,10,10,100,High,未知,排除,0,10年内亏损年份过多；10年ROE波动较大；10年净利润波动较大；长期ROE低于5%
000700,CN,模塑科技,-,科技,营收增长、自由现金流、研发投入效率,-,-,9.8%,15.1%,-,51.3%,-,-,未分红/不适用,-1.0%,10,10,100,High,未知,警惕,55,科技公司营收增长转负；10年ROE波动较大；10年净利润波动较大
000701,CN,厦门信达,-,通用,ROE、现金流、资产负债率,-,-,-148.1%,337.9%,-,76.8%,-,-,未分红/不适用,-26.1%,10,10,100,High,未知,排除,0,10年内亏损年份过多；10年ROE波动较大；10年净利润波动较大；长期ROE低于5%；资产负债率偏高；近5年营收明显下滑
000702,CN,正虹科技,-,科技,营收增长、自由现金流、研发投入效率,-,-,-8.9%,29.3%,-,47.0%,-,-,未分红/不适用,-8.2%,10,10,100,High,未知,排除,0,科技公司营收增长转负；10年内亏损年份过多；10年ROE波动较大；10年净利润波动较大；长期ROE低于5%；近5年营收增长偏弱
000703,CN,恒逸石化,-,通用,ROE、现金流、资产负债率,-,-,17.0%,27.5%,-,72.3%,-,-,未分红/不适用,-3.3%,10,10,100,High,未知,警惕,55,10年ROE波动较大；10年净利润波动较大；资产负债率偏高
000705,CN,浙江震元,-,通用,ROE、现金流、资产负债率,-,-,4.7%,3.3%,-,32.5%,-,-,未分红/不适用,-10.9%,10,10,100,High,未知,排除,45,长期ROE低于5%；近5年营收增长偏弱
000707,CN,双环科技,-,科技,营收增长、自由现金流、研发投入效率,-,-,50.0%,181.1%,-,46.7%,-,-,未分红/不适用,-9.2%,10,10,100,High,未知,排除,0,科技公司营收增长转负；10年内亏损年份过多；10年ROE波动较大；10年净利润波动较大；近5年营收增长偏弱
000708,CN,中信特钢,-,通用,ROE、现金流、资产负债率,-,-,17.5%,6.2%,-,58.8%,-,-,未分红/不适用,2.2%,10,10,100,High,未知,通过,100,-
000709,CN,河钢股份,-,通用,ROE、现金流、资产负债率,-,-,12.4%,28.4%,-,74.8%,-,-,未分红/不适用,-5.7%,10,10,100,High,未知,警惕,55,10年ROE波动较大；资产负债率偏高；近5年营收增长偏弱
000710,CN,贝瑞基因,-,通用,ROE、现金流、资产负债率,-,-,1.7%,15.0%,-,34.2%,-,-,未分红/不适用,-10.1%,10,10,100,High,未知,排除,0,10年内亏损年份过多；10年ROE波动较大；10年净利润波动较大；长期ROE低于5%；近5年营收增长偏弱
000712,CN,锦龙股份,-,通用,ROE、现金流、资产负债率,-,-,-0.9%,8.7%,-,66.7%,-,-,未分红/不适用,-2.0%,10,20,100,High,未知,排除,5,10年内亏损年份过多；10年净利润波动较大；长期ROE低于5%
000713,CN,国投丰乐,-,通用,ROE、现金流、资产负债率,-,-,11.8%,25.5%,-,29.7%,-,-,未分红/不适用,2.6%,10,10,100,High,未知,警惕,85,10年ROE波动较大
000715,CN,中兴商业,-,通用,ROE、现金流、资产负债率,-,-,7.1%,1.7%,-,25.1%,-,-,未分红/不适用,-3.7%,10,10,100,High,未知,通过,100,-
000716,CN,黑芝麻,-,通用,ROE、现金流、资产负债率,-,-,13.0%,30.4%,-,42.3%,-,-,未分红/不适用,-13.5%,10,10,100,High,未知,排除,15,10年内亏损年份过多；10年ROE波动较大；10年净利润波动较大；近5年营收增长偏弱
000717,CN,中南股份,-,通用,ROE、现金流、资产负债率,-,-,27.9%,40.1%,-,63.4%,-,-,未分红/不适用,-12.9%,10,10,100,High,未知,排除,15,10年内亏损年份过多；10年ROE波动较大；10年净利润波动较大；近5年营收增长偏弱
000718,CN,苏宁环球,-,通用,ROE、现金流、资产负债率,-,-,10.2%,6.2%,-,29.7%,-,-,未分红/不适用,-17.5%,10,10,100,High,未知,排除,60,近5年营收明显下滑
000719,CN,中原传媒,-,通用,ROE、现金流、资产负债率,-,-,10.7%,1.1%,-,35.4%,-,-,未分红/不适用,0.2%,10,10,100,High,未知,通过,100,-
000720,CN,新能泰山,-,通用,ROE、现金流、资产负债率,-,-,-0.5%,30.3%,-,58.3%,-,-,未分红/不适用,-23.5%,10,10,100,High,未知,排除,0,10年内亏损年份过多；10年ROE波动较大；10年净利润波动较大；长期ROE低于5%；近5年营收明显下滑
000722,CN,湖南发展,-,通用,ROE、现金流、资产负债率,-,-,3.2%,1.2%,-,10.1%,-,-,未分红/不适用,-7.6%,10,10,100,High,未知,排除,45,长期ROE低于5%；近5年营收增长偏弱
000723,CN,美锦能源,-,通用,ROE、现金流、资产负债率,-,-,8.8%,10.5%,-,65.2%,-,-,未分红/不适用,-4.2%,10,10,100,High,未知,警惕,85,10年净利润波动较大
000725,CN,京东方Ａ,-,通用,ROE、现金流、资产负债率,-,-,6.3%,6.6%,-,52.5%,-,-,未分红/不适用,-1.9%,10,10,100,High,未知,警惕,85,10年净利润波动较大
000726,CN,鲁  泰Ａ,-,通用,ROE、现金流、资产负债率,-,-,8.0%,4.2%,-,28.2%,-,-,未分红/不适用,3.0%,10,10,100,High,未知,通过,100,-
000727,CN,冠捷科技,-,科技,营收增长、自由现金流、研发投入效率,-,-,0.4%,24.6%,-,78.2%,-,-,未分红/不适用,-6.4%,10,10,100,High,未知,排除,0,科技公司营收增长转负；10年内亏损年份过多；10年ROE波动较大；10年净利润波动较大；长期ROE低于5%；资产负债率偏高；近5年营收增长偏弱
000728,CN,国元证券,-,通用,ROE、现金流、资产负债率,-,-,5.4%,1.3%,-,73.3%,-,-,未分红/不适用,0.6%,10,20,100,High,未知,警惕,85,资产负债率偏高
000729,CN,燕京啤酒,-,通用,ROE、现金流、资产负债率,-,-,3.6%,3.3%,-,29.5%,-,-,未分红/不适用,6.4%,10,10,100,High,未知,排除,45,10年净利润波动较大；长期ROE低于5%
000731,CN,四川美丰,-,通用,ROE、现金流、资产负债率,-,-,5.8%,8.3%,-,17.8%,-,-,未分红/不适用,-2.4%,10,10,100,High,未知,警惕,85,10年净利润波动较大
000733,CN,振华科技,-,科技,营收增长、自由现金流、研发投入效率,-,-,12.0%,8.9%,-,18.3%,-,-,未分红/不适用,0.4%,10,10,100,High,未知,警惕,85,10年净利润波动较大
000735,CN,罗 牛 山,-,通用,ROE、现金流、资产负债率,-,-,8.4%,24.4%,-,50.3%,-,-,未分红/不适用,15.8%,10,10,100,High,未知,警惕,70,10年ROE波动较大；10年净利润波动较大
000737,CN,北方铜业,-,通用,ROE、现金流、资产负债率,-,-,30.7%,44.7%,-,63.0%,-,-,未分红/不适用,29.4%,10,10,100,High,未知,警惕,70,10年ROE波动较大；10年净利润波动较大
000738,CN,航发控制,-,通用,ROE、现金流、资产负债率,-,-,5.3%,1.2%,-,17.6%,-,-,未分红/不适用,5.6%,10,10,100,High,未知,通过,100,-
000739,CN,普洛药业,-,通用,ROE、现金流、资产负债率,-,-,15.4%,4.1%,-,48.5%,-,-,未分红/不适用,2.3%,10,10,100,High,未知,通过,100,-
000750,CN,国海证券,-,通用,ROE、现金流、资产负债率,-,-,8.5%,16.1%,-,43.9%,-,-,未分红/不适用,-9.6%,10,20,100,High,未知,警惕,70,10年ROE波动较大；近5年营收增长偏弱
000751,CN,锌业股份,-,通用,ROE、现金流、资产负债率,-,-,10.6%,17.2%,-,62.8%,-,-,未分红/不适用,-5.1%,10,10,100,High,未知,警惕,70,10年ROE波动较大；近5年营收增长偏弱
000753,CN,漳州发展,-,通用,ROE、现金流、资产负债率,-,-,4.8%,3.6%,-,64.4%,-,-,未分红/不适用,-2.6%,10,10,100,High,未知,排除,60,长期ROE低于5%
000755,CN,山西高速,-,通用,ROE、现金流、资产负债率,-,-,-0.2%,27.5%,-,54.6%,-,-,未分红/不适用,-0.5%,10,10,100,High,未知,排除,30,10年ROE波动较大；10年净利润波动较大；长期ROE低于5%
000756,CN,新华制药,-,通用,ROE、现金流、资产负债率,-,-,9.5%,1.9%,-,40.6%,-,-,未分红/不适用,7.5%,10,10,100,High,未知,通过,100,-
000757,CN,浩物股份,-,通用,ROE、现金流、资产负债率,-,-,2.9%,5.5%,-,36.9%,-,-,未分红/不适用,-11.4%,10,10,100,High,未知,排除,0,10年内亏损年份过多；10年净利润波动较大；长期ROE低于5%；近5年营收增长偏弱
000758,CN,中色股份,-,通用,ROE、现金流、资产负债率,-,-,15.5%,31.0%,-,61.8%,-,-,未分红/不适用,11.6%,10,10,100,High,未知,警惕,70,10年ROE波动较大；10年净利润波动较大
000759,CN,中百集团,-,通用,ROE、现金流、资产负债率,-,-,-12.6%,35.5%,-,89.8%,-,-,未分红/不适用,-9.5%,10,10,100,High,未知,排除,0,10年内亏损年份过多；10年ROE波动较大；10年净利润波动较大；长期ROE低于5%；资产负债率过高；近5年营收增长偏弱
000761,CN,本钢板材,-,通用,ROE、现金流、资产负债率,-,-,-4.9%,18.3%,-,81.2%,-,-,未分红/不适用,-12.2%,10,10,100,High,未知,排除,0,10年内亏损年份过多；10年ROE波动较大；10年净利润波动较大；长期ROE低于5%；资产负债率偏高；近5年营收增长偏弱
000762,CN,西藏矿业,-,通用,ROE、现金流、资产负债率,-,-,4.7%,12.1%,-,48.4%,-,-,未分红/不适用,-14.0%,10,10,100,High,未知,排除,0,10年内亏损年份过多；10年ROE波动较大；10年净利润波动较大；长期ROE低于5%；近5年营收增长偏弱
000766,CN,通化金马,-,通用,ROE、现金流、资产负债率,-,-,-4.5%,19.7%,-,48.4%,-,-,未分红/不适用,-6.3%,10,10,100,High,未知,排除,15,10年ROE波动较大；10年净利润波动较大；长期ROE低于5%；近5年营收增长偏弱
000767,CN,晋控电力,-,通用,ROE、现金流、资产负债率,-,-,-3.9%,38.8%,-,81.4%,-,-,未分红/不适用,0.3%,10,10,100,High,未知,排除,0,10年内亏损年份过多；10年ROE波动较大；10年净利润波动较大；长期ROE低于5%；资产负债率偏高
000768,CN,中航西飞,-,通用,ROE、现金流、资产负债率,-,-,4.4%,1.3%,-,71.5%,-,-,未分红/不适用,5.8%,10,10,100,High,未知,排除,45,长期ROE低于5%；资产负债率偏高
000776,CN,广发证券,-,通用,ROE、现金流、资产负债率,-,-,8.6%,2.2%,-,78.3%,-,-,未分红/不适用,0.9%,10,20,100,High,未知,警惕,85,资产负债率偏高
000777,CN,中核科技,-,科技,营收增长、自由现金流、研发投入效率,-,-,8.4%,2.4%,-,36.1%,-,-,未分红/不适用,2.7%,10,10,100,High,未知,通过,100,-
000778,CN,新兴铸管,-,通用,ROE、现金流、资产负债率,-,-,12.5%,19.0%,-,44.0%,-,-,未分红/不适用,-8.7%,10,10,100,High,未知,警惕,70,10年ROE波动较大；近5年营收增长偏弱
000779,CN,甘咨询,-,通用,ROE、现金流、资产负债率,-,-,10.7%,4.6%,-,28.7%,-,-,未分红/不适用,-5.5%,10,10,100,High,未知,警惕,85,近5年营收增长偏弱
000782,CN,恒申新材,-,通用,ROE、现金流、资产负债率,-,-,7.7%,32.5%,-,51.0%,-,-,未分红/不适用,-7.2%,10,10,100,High,未知,排除,15,10年内亏损年份过多；10年ROE波动较大；10年净利润波动较大；近5年营收增长偏弱
000783,CN,长江证券,-,通用,ROE、现金流、资产负债率,-,-,16.3%,29.1%,-,69.3%,-,-,未分红/不适用,5.2%,10,20,100,High,未知,警惕,85,10年ROE波动较大
000785,CN,居然智家,-,通用,ROE、现金流、资产负债率,-,-,14.5%,12.8%,-,54.4%,-,-,未分红/不适用,-3.9%,10,10,100,High,未知,警惕,70,10年ROE波动较大；10年净利润波动较大
000786,CN,北新建材,-,通用,ROE、现金流、资产负债率,-,-,15.3%,5.2%,-,21.6%,-,-,未分红/不适用,4.6%,10,10,100,High,未知,通过,100,-
000788,CN,北大医药,-,通用,ROE、现金流、资产负债率,-,-,4.0%,2.2%,-,21.7%,-,-,未分红/不适用,-9.8%,10,10,100,High,未知,排除,45,长期ROE低于5%；近5年营收增长偏弱
000789,CN,万年青,-,通用,ROE、现金流、资产负债率,-,-,20.6%,12.8%,-,35.5%,-,-,未分红/不适用,-24.7%,10,10,100,High,未知,排除,30,10年ROE波动较大；10年净利润波动较大；近5年营收明显下滑
000790,CN,华神科技,-,科技,营收增长、自由现金流、研发投入效率,-,-,-3.8%,26.4%,-,49.1%,-,-,未分红/不适用,-13.1%,10,10,100,High,未知,排除,0,科技公司营收增长转负；10年ROE波动较大；10年净利润波动较大；长期ROE低于5%；近5年营收增长偏弱
000791,CN,甘肃能源,-,通用,ROE、现金流、资产负债率,-,-,7.2%,5.0%,-,52.4%,-,-,未分红/不适用,45.7%,10,10,100,High,未知,警惕,85,10年净利润波动较大
000792,CN,盐湖股份,-,通用,ROE、现金流、资产负债率,-,-,18.7%,35.0%,-,14.2%,-,-,未分红/不适用,1.2%,10,10,100,High,未知,排除,30,10年内亏损年份过多；10年ROE波动较大；10年净利润波动较大
000795,CN,英洛华,-,通用,ROE、现金流、资产负债率,-,-,6.0%,2.7%,-,37.4%,-,-,未分红/不适用,0.8%,10,10,100,High,未知,通过,100,-
000796,CN,凯撒旅业,-,通用,ROE、现金流、资产负债率,-,-,-10.1%,31.7%,-,45.5%,-,-,未分红/不适用,-4.0%,10,10,100,High,未知,排除,0,10年内亏损年份过多；10年ROE波动较大；10年净利润波动较大；长期ROE低于5%
000797,CN,中国武夷,-,通用,ROE、现金流、资产负债率,-,-,21.4%,28.8%,-,75.9%,-,-,未分红/不适用,-4.8%,10,10,100,High,未知,警惕,55,10年ROE波动较大；10年净利润波动较大；资产负债率偏高
000798,CN,中水渔业,-,通用,ROE、现金流、资产负债率,-,-,-1.6%,15.5%,-,72.9%,-,-,未分红/不适用,75.1%,10,10,100,High,未知,排除,0,10年内亏损年份过多；10年ROE波动较大；10年净利润波动较大；长期ROE低于5%；资产负债率偏高
000799,CN,酒鬼酒,-,通用,ROE、现金流、资产负债率,-,-,6.7%,34.4%,-,24.0%,-,-,未分红/不适用,-24.5%,10,10,100,High,未知,排除,30,10年ROE波动较大；10年净利润波动较大；近5年营收明显下滑
000800,CN,一汽解放,-,通用,ROE、现金流、资产负债率,-,-,3.8%,7.0%,-,63.0%,-,-,未分红/不适用,-10.7%,10,10,100,High,未知,排除,30,10年净利润波动较大；长期ROE低于5%；近5年营收增长偏弱
000801,CN,四川九洲,-,通用,ROE、现金流、资产负债率,-,-,7.9%,8.4%,-,54.8%,-,-,未分红/不适用,3.8%,10,10,100,High,未知,通过,100,-
000802,CN,北京文化,-,通用,ROE、现金流、资产负债率,-,-,-16.5%,24.9%,-,66.1%,-,-,未分红/不适用,2.8%,10,10,100,High,未知,排除,0,10年内亏损年份过多；10年ROE波动较大；10年净利润波动较大；长期ROE低于5%
000803,CN,山高环能,-,通用,ROE、现金流、资产负债率,-,-,15.9%,42.4%,-,72.3%,-,-,未分红/不适用,15.0%,10,10,100,High,未知,警惕,55,10年ROE波动较大；10年净利润波动较大；资产负债率偏高
000807,CN,云铝股份,-,通用,ROE、现金流、资产负债率,-,-,10.6%,12.2%,-,19.8%,-,-,未分红/不适用,9.5%,10,10,100,High,未知,警惕,70,10年ROE波动较大；10年净利润波动较大
000809,CN,和展能源,-,通用,ROE、现金流、资产负债率,-,-,-1.8%,3.2%,-,17.1%,-,-,未分红/不适用,33.1%,10,10,100,High,未知,排除,5,10年内亏损年份过多；10年净利润波动较大；长期ROE低于5%
000810,CN,创维数字,-,通用,ROE、现金流、资产负债率,-,-,10.6%,6.3%,-,45.0%,-,-,未分红/不适用,-5.1%,10,10,100,High,未知,警惕,85,近5年营收增长偏弱
000811,CN,冰轮环境,-,通用,ROE、现金流、资产负债率,-,-,10.5%,2.9%,-,48.0%,-,-,未分红/不适用,7.0%,10,10,100,High,未知,通过,100,-
000812,CN,陕西金叶,-,通用,ROE、现金流、资产负债率,-,-,0.8%,5.1%,-,70.2%,-,-,未分红/不适用,2.1%,10,10,100,High,未知,排除,30,10年净利润波动较大；长期ROE低于5%；资产负债率偏高
000813,CN,德展健康,-,通用,ROE、现金流、资产负债率,-,-,-4.9%,35.2%,-,6.1%,-,-,未分红/不适用,-14.3%,10,10,100,High,未知,排除,0,10年内亏损年份过多；10年ROE波动较大；10年净利润波动较大；长期ROE低于5%；近5年营收增长偏弱
000815,CN,美利云,-,通用,ROE、现金流、资产负债率,-,-,-18.2%,40.0%,-,35.5%,-,-,未分红/不适用,-27.4%,10,10,100,High,未知,排除,0,10年内亏损年份过多；10年ROE波动较大；10年净利润波动较大；长期ROE低于5%；近5年营收明显下滑
000816,CN,智慧农业,-,通用,ROE、现金流、资产负债率,-,-,-5.3%,11.4%,-,25.0%,-,-,未分红/不适用,-14.0%,10,10,100,High,未知,排除,0,10年内亏损年份过多；10年净利润波动较大；长期ROE低于5%；近5年营收增长偏弱
000818,CN,航锦科技,-,科技,营收增长、自由现金流、研发投入效率,-,-,4.9%,15.5%,-,68.2%,-,-,未分红/不适用,-4.0%,10,10,100,High,未知,排除,15,科技公司营收增长转负；10年ROE波动较大；10年净利润波动较大；长期ROE低于5%
000819,CN,岳阳兴长,-,通用,ROE、现金流、资产负债率,-,-,4.7%,4.2%,-,35.9%,-,-,未分红/不适用,17.4%,10,10,100,High,未知,排除,45,10年净利润波动较大；长期ROE低于5%
000822,CN,山东海化,-,通用,ROE、现金流、资产负债率,-,-,15.2%,28.4%,-,56.9%,-,-,未分红/不适用,-8.3%,10,10,100,High,未知,排除,15,10年内亏损年份过多；10年ROE波动较大；10年净利润波动较大；近5年营收增长偏弱
000823,CN,超声电子,-,科技,营收增长、自由现金流、研发投入效率,-,-,7.1%,2.1%,-,36.2%,-,-,未分红/不适用,-1.5%,10,10,100,High,未知,警惕,85,科技公司营收增长转负
000825,CN,太钢不锈,-,通用,ROE、现金流、资产负债率,-,-,12.5%,13.8%,-,43.5%,-,-,未分红/不适用,-2.8%,10,10,100,High,未知,警惕,70,10年ROE波动较大；10年净利润波动较大
000828,CN,东莞控股,-,通用,ROE、现金流、资产负债率,-,-,12.4%,4.0%,-,34.7%,-,-,未分红/不适用,-26.5%,10,10,100,High,未知,排除,60,近5年营收明显下滑
000829,CN,天音控股,-,通用,ROE、现金流、资产负债率,-,-,-3.4%,24.7%,-,89.3%,-,-,未分红/不适用,6.3%,10,10,100,High,未知,排除,0,10年ROE波动较大；10年净利润波动较大；长期ROE低于5%；资产负债率过高
000830,CN,鲁西化工,-,周期,利润波动、ROE波动、资本开支周期,-,-,15.4%,10.9%,-,46.5%,-,-,未分红/不适用,-2.2%,10,10,100,High,未知,通过,100,-
000831,CN,中国稀土,-,通用,ROE、现金流、资产负债率,-,-,14.4%,25.8%,-,13.1%,-,-,未分红/不适用,1.7%,10,10,100,High,未知,警惕,70,10年ROE波动较大；10年净利润波动较大
000833,CN,粤桂股份,-,通用,ROE、现金流、资产负债率,-,-,5.4%,3.9%,-,35.8%,-,-,未分红/不适用,4.8%,10,10,100,High,未知,警惕,85,10年净利润波动较大
000837,CN,秦川机床,-,通用,ROE、现金流、资产负债率,-,-,11.8%,24.3%,-,44.9%,-,-,未分红/不适用,-5.1%,10,10,100,High,未知,警惕,55,10年ROE波动较大；10年净利润波动较大；近5年营收增长偏弱
000839,CN,国安股份,-,通用,ROE、现金流、资产负债率,-,-,-9.3%,24.7%,-,83.2%,-,-,未分红/不适用,5.7%,10,10,100,High,未知,排除,0,10年内亏损年份过多；10年ROE波动较大；10年净利润波动较大；长期ROE低于5%；资产负债率偏高
000848,CN,承德露露,-,通用,ROE、现金流、资产负债率,-,-,22.4%,2.4%,-,34.3%,-,-,未分红/不适用,5.9%,10,10,100,High,未知,通过,100,-
000850,CN,华茂股份,-,通用,ROE、现金流、资产负债率,-,-,3.8%,3.7%,-,36.6%,-,-,未分红/不适用,-0.6%,10,10,100,High,未知,排除,45,10年净利润波动较大；长期ROE低于5%
000852,CN,石化机械,-,通用,ROE、现金流、资产负债率,-,-,17.8%,33.3%,-,68.3%,-,-,未分红/不适用,0.9%,10,10,100,High,未知,警惕,70,10年ROE波动较大；10年净利润波动较大
000856,CN,冀东装备,-,通用,ROE、现金流、资产负债率,-,-,6.1%,1.7%,-,79.0%,-,-,未分红/不适用,-5.3%,10,10,100,High,未知,警惕,70,资产负债率偏高；近5年营收增长偏弱
000858,CN,五 粮 液,-,通用,ROE、现金流、资产负债率,-,-,21.3%,6.1%,-,35.7%,-,-,未分红/不适用,-11.5%,10,10,100,High,未知,警惕,85,近5年营收增长偏弱
000859,CN,国风新材,-,通用,ROE、现金流、资产负债率,-,-,-6.1%,33.0%,-,41.3%,-,-,未分红/不适用,3.3%,10,10,100,High,未知,排除,0,10年内亏损年份过多；10年ROE波动较大；10年净利润波动较大；长期ROE低于5%
000860,CN,顺鑫农业,-,通用,ROE、现金流、资产负债率,-,-,3.0%,6.5%,-,50.6%,-,-,未分红/不适用,-16.5%,10,10,100,High,未知,排除,0,10年内亏损年份过多；10年净利润波动较大；长期ROE低于5%；近5年营收明显下滑
000862,CN,银星能源,-,通用,ROE、现金流、资产负债率,-,-,8.6%,21.8%,-,49.3%,-,-,未分红/不适用,-0.9%,10,10,100,High,未知,警惕,70,10年ROE波动较大；10年净利润波动较大
000863,CN,三湘印象,-,通用,ROE、现金流、资产负债率,-,-,13.3%,23.1%,-,32.7%,-,-,未分红/不适用,-29.7%,10,10,100,High,未知,排除,30,10年ROE波动较大；10年净利润波动较大；近5年营收明显下滑
000868,CN,安凯客车,-,通用,ROE、现金流、资产负债率,-,-,-28.9%,74.7%,-,80.3%,-,-,未分红/不适用,17.8%,10,10,100,High,未知,排除,0,10年内亏损年份过多；10年ROE波动较大；10年净利润波动较大；长期ROE低于5%；资产负债率偏高
000869,CN,张  裕Ａ,-,通用,ROE、现金流、资产负债率,-,-,13.7%,19.5%,-,12.9%,-,-,未分红/不适用,-6.8%,10,10,100,High,未知,警惕,70,10年ROE波动较大；近5年营收增长偏弱
000875,CN,电投绿能,-,通用,ROE、现金流、资产负债率,-,-,7.0%,10.2%,-,69.6%,-,-,未分红/不适用,-0.3%,10,10,100,High,未知,警惕,85,10年净利润波动较大
000876,CN,新 希 望,-,通用,ROE、现金流、资产负债率,-,-,9.7%,25.9%,-,69.9%,-,-,未分红/不适用,-4.1%,10,10,100,High,未知,排除,30,10年内亏损年份过多；10年ROE波动较大；10年净利润波动较大
000877,CN,天山股份,-,通用,ROE、现金流、资产负债率,-,-,-1.3%,31.1%,-,66.8%,-,-,未分红/不适用,-18.6%,10,10,100,High,未知,排除,0,10年ROE波动较大；10年净利润波动较大；长期ROE低于5%；近5年营收明显下滑
000878,CN,云南铜业,-,通用,ROE、现金流、资产负债率,-,-,7.7%,4.6%,-,66.5%,-,-,未分红/不适用,9.0%,10,10,100,High,未知,通过,100,-
000880,CN,潍柴重机,-,通用,ROE、现金流、资产负债率,-,-,6.1%,3.0%,-,74.8%,-,-,未分红/不适用,15.7%,10,10,100,High,未知,警惕,85,资产负债率偏高
000881,CN,中广核技,-,通用,ROE、现金流、资产负债率,-,-,2.4%,9.6%,-,44.6%,-,-,未分红/不适用,-8.7%,10,10,100,High,未知,排除,0,10年内亏损年份过多；10年净利润波动较大；长期ROE低于5%；近5年营收增长偏弱
000882,CN,华联股份,-,通用,ROE、现金流、资产负债率,-,-,21.6%,22.5%,-,46.3%,-,-,未分红/不适用,-0.4%,10,10,100,High,未知,排除,30,10年内亏损年份过多；10年ROE波动较大；10年净利润波动较大
000883,CN,湖北能源,-,通用,ROE、现金流、资产负债率,-,-,6.7%,1.7%,-,55.8%,-,-,未分红/不适用,-6.3%,10,10,100,High,未知,警惕,85,近5年营收增长偏弱
000885,CN,城发环境,-,通用,ROE、现金流、资产负债率,-,-,16.6%,5.0%,-,67.5%,-,-,未分红/不适用,3.8%,10,10,100,High,未知,通过,100,-
000886,CN,海南高速,-,通用,ROE、现金流、资产负债率,-,-,3.8%,2.1%,-,24.6%,-,-,未分红/不适用,50.9%,10,10,100,High,未知,排除,60,长期ROE低于5%
000887,CN,中鼎股份,-,通用,ROE、现金流、资产负债率,-,-,11.0%,3.7%,-,47.4%,-,-,未分红/不适用,11.5%,10,10,100,High,未知,通过,100,-
000888,CN,峨眉山Ａ,-,通用,ROE、现金流、资产负债率,-,-,13.0%,22.1%,-,26.5%,-,-,未分红/不适用,10.4%,10,10,100,High,未知,警惕,70,10年ROE波动较大；10年净利润波动较大
000889,CN,中嘉博创,-,通用,ROE、现金流、资产负债率,-,-,-22.9%,60.6%,-,92.3%,-,-,未分红/不适用,-4.9%,10,10,100,High,未知,排除,0,10年内亏损年份过多；10年ROE波动较大；10年净利润波动较大；长期ROE低于5%；资产负债率过高
000890,CN,法尔胜,-,通用,ROE、现金流、资产负债率,-,-,-219.8%,732.8%,-,92.2%,-,-,未分红/不适用,-17.4%,10,10,100,High,未知,排除,0,10年内亏损年份过多；10年ROE波动较大；10年净利润波动较大；长期ROE低于5%；资产负债率过高；近5年营收明显下滑
000892,CN,欢瑞世纪,-,通用,ROE、现金流、资产负债率,-,-,-11.0%,21.8%,-,57.6%,-,-,未分红/不适用,8.0%,10,10,100,High,未知,排除,0,10年内亏损年份过多；10年ROE波动较大；10年净利润波动较大；长期ROE低于5%
000893,CN,亚钾国际,-,通用,ROE、现金流、资产负债率,-,-,12.4%,16.8%,-,33.2%,-,-,未分红/不适用,58.7%,10,10,100,High,未知,警惕,70,10年ROE波动较大；10年净利润波动较大
000895,CN,双汇发展,-,通用,ROE、现金流、资产负债率,-,-,28.8%,6.1%,-,45.3%,-,-,未分红/不适用,-2.9%,10,10,100,High,未知,通过,100,-
000897,CN,津滨发展,-,通用,ROE、现金流、资产负债率,-,-,9.3%,13.5%,-,38.0%,-,-,未分红/不适用,-34.6%,10,10,100,High,未知,排除,0,10年内亏损年份过多；10年ROE波动较大；10年净利润波动较大；近5年营收明显下滑
000898,CN,鞍钢股份,-,通用,ROE、现金流、资产负债率,-,-,4.1%,10.9%,-,53.2%,-,-,未分红/不适用,-8.3%,10,10,100,High,未知,排除,0,10年内亏损年份过多；10年净利润波动较大；长期ROE低于5%；近5年营收增长偏弱
000899,CN,赣能股份,-,通用,ROE、现金流、资产负债率,-,-,11.7%,11.4%,-,65.3%,-,-,未分红/不适用,28.7%,10,10,100,High,未知,警惕,85,10年净利润波动较大
000900,CN,现代投资,-,通用,ROE、现金流、资产负债率,-,-,6.8%,3.4%,-,76.1%,-,-,未分红/不适用,-20.3%,10,10,100,High,未知,排除,45,资产负债率偏高；近5年营收明显下滑
000902,CN,新洋丰,-,通用,ROE、现金流、资产负债率,-,-,13.4%,1.8%,-,40.4%,-,-,未分红/不适用,11.2%,10,10,100,High,未知,通过,100,-
000905,CN,厦门港务,-,通用,ROE、现金流、资产负债率,-,-,13.7%,28.2%,-,50.5%,-,-,未分红/不适用,-1.6%,10,10,100,High,未知,警惕,85,10年ROE波动较大
000906,CN,浙商中拓,-,通用,ROE、现金流、资产负债率,-,-,14.6%,7.6%,-,74.5%,-,-,未分红/不适用,7.2%,10,10,100,High,未知,警惕,85,资产负债率偏高
000910,CN,大亚圣象,-,通用,ROE、现金流、资产负债率,-,-,13.2%,7.1%,-,27.8%,-,-,未分红/不适用,-15.0%,10,10,100,High,未知,警惕,85,近5年营收增长偏弱
000912,CN,泸天化,-,通用,ROE、现金流、资产负债率,-,-,44.3%,161.6%,-,32.5%,-,-,未分红/不适用,-9.7%,10,10,100,High,未知,警惕,55,10年ROE波动较大；10年净利润波动较大；近5年营收增长偏弱
000913,CN,钱江摩托,-,通用,ROE、现金流、资产负债率,-,-,10.5%,5.2%,-,45.9%,-,-,未分红/不适用,5.9%,10,10,100,High,未知,通过,100,-
000915,CN,华特达因,-,通用,ROE、现金流、资产负债率,-,-,16.8%,4.0%,-,13.0%,-,-,未分红/不适用,2.4%,10,10,100,High,未知,通过,100,-
000917,CN,电广传媒,-,通用,ROE、现金流、资产负债率,-,-,17.5%,38.8%,-,32.7%,-,-,未分红/不适用,-0.0%,10,10,100,High,未知,警惕,70,10年ROE波动较大；10年净利润波动较大
000919,CN,金陵药业,-,通用,ROE、现金流、资产负债率,-,-,4.2%,2.5%,-,19.7%,-,-,未分红/不适用,3.3%,10,10,100,High,未知,排除,60,长期ROE低于5%
000920,CN,沃顿科技,-,科技,营收增长、自由现金流、研发投入效率,-,-,10.4%,1.5%,-,26.2%,-,-,未分红/不适用,10.0%,10,10,100,High,未知,通过,100,-
000921,CN,海信家电,-,消费,ROE、毛利率稳定性、分红稳定性,-,-,20.6%,6.8%,-,69.2%,-,-,未分红/不适用,6.8%,10,10,100,High,未知,通过,100,-
000922,CN,佳电股份,-,通用,ROE、现金流、资产负债率,-,-,8.1%,12.8%,-,48.4%,-,-,未分红/不适用,12.7%,10,10,100,High,未知,警惕,70,10年ROE波动较大；10年净利润波动较大
000923,CN,河钢资源,-,通用,ROE、现金流、资产负债率,-,-,8.4%,4.2%,-,26.0%,-,-,未分红/不适用,-2.9%,10,10,100,High,未知,通过,100,-
000925,CN,众合科技,-,科技,营收增长、自由现金流、研发投入效率,-,-,9.4%,25.6%,-,60.0%,-,-,未分红/不适用,-5.8%,10,10,100,High,未知,警惕,40,科技公司营收增长转负；10年ROE波动较大；10年净利润波动较大；近5年营收增长偏弱
000926,CN,福星股份,-,通用,ROE、现金流、资产负债率,-,-,10.9%,41.0%,-,72.2%,-,-,未分红/不适用,-25.6%,10,10,100,High,未知,排除,15,10年ROE波动较大；10年净利润波动较大；资产负债率偏高；近5年营收明显下滑
000927,CN,中国铁物,-,通用,ROE、现金流、资产负债率,-,-,-4.9%,65.2%,-,47.0%,-,-,未分红/不适用,-12.7%,10,10,100,High,未知,排除,15,10年ROE波动较大；10年净利润波动较大；长期ROE低于5%；近5年营收增长偏弱
000928,CN,中钢国际,-,通用,ROE、现金流、资产负债率,-,-,10.4%,2.5%,-,68.2%,-,-,未分红/不适用,-3.2%,10,10,100,High,未知,通过,100,-
000930,CN,中粮科技,-,科技,营收增长、自由现金流、研发投入效率,-,-,11.9%,11.5%,-,34.3%,-,-,未分红/不适用,-7.1%,10,10,100,High,未知,警惕,55,科技公司营收增长转负；10年净利润波动较大；近5年营收增长偏弱
000931,CN,中 关 村,-,通用,ROE、现金流、资产负债率,-,-,1.7%,3.9%,-,53.6%,-,-,未分红/不适用,5.7%,10,10,100,High,未知,排除,45,10年净利润波动较大；长期ROE低于5%
000932,CN,华菱钢铁,-,周期,利润波动、ROE波动、资本开支周期,-,-,17.8%,19.5%,-,53.5%,-,-,未分红/不适用,-8.2%,10,10,100,High,未知,警惕,55,周期行业ROE波动显著；10年ROE波动较大；近5年营收增长偏弱
000933,CN,神火股份,-,通用,ROE、现金流、资产负债率,-,-,21.0%,17.2%,-,42.2%,-,-,未分红/不适用,4.6%,10,10,100,High,未知,警惕,70,10年ROE波动较大；10年净利润波动较大
000935,CN,四川双马,-,通用,ROE、现金流、资产负债率,-,-,12.4%,7.2%,-,19.3%,-,-,未分红/不适用,-0.4%,10,10,100,High,未知,通过,100,-
000936,CN,华西股份,-,通用,ROE、现金流、资产负债率,-,-,4.8%,6.2%,-,22.5%,-,-,未分红/不适用,9.5%,10,10,100,High,未知,排除,45,10年净利润波动较大；长期ROE低于5%
000937,CN,冀中能源,-,通用,ROE、现金流、资产负债率,-,-,8.6%,7.8%,-,59.5%,-,-,未分红/不适用,-16.7%,10,10,100,High,未知,排除,45,10年净利润波动较大；近5年营收明显下滑
000938,CN,紫光股份,-,通用,ROE、现金流、资产负债率,-,-,6.9%,1.9%,-,81.8%,-,-,未分红/不适用,9.4%,10,10,100,High,未知,警惕,85,资产负债率偏高
000948,CN,南天信息,-,通用,ROE、现金流、资产负债率,-,-,3.8%,1.8%,-,68.1%,-,-,未分红/不适用,15.4%,10,10,100,High,未知,排除,60,长期ROE低于5%
000949,CN,新乡化纤,-,通用,ROE、现金流、资产负债率,-,-,4.8%,39.2%,-,47.2%,-,-,未分红/不适用,-2.9%,10,10,100,High,未知,排除,30,10年ROE波动较大；10年净利润波动较大；长期ROE低于5%
000950,CN,重药控股,-,通用,ROE、现金流、资产负债率,-,-,8.4%,4.5%,-,75.0%,-,-,未分红/不适用,7.2%,10,10,100,High,未知,警惕,85,资产负债率偏高
000951,CN,中国重汽,-,通用,ROE、现金流、资产负债率,-,-,12.0%,6.6%,-,65.3%,-,-,未分红/不适用,0.7%,10,10,100,High,未知,通过,100,-
000952,CN,广济药业,-,通用,ROE、现金流、资产负债率,-,-,0.5%,22.0%,-,72.9%,-,-,未分红/不适用,-5.6%,10,10,100,High,未知,排除,0,10年内亏损年份过多；10年ROE波动较大；10年净利润波动较大；长期ROE低于5%；资产负债率偏高；近5年营收增长偏弱
000953,CN,河化股份,-,通用,ROE、现金流、资产负债率,-,-,25.1%,61.8%,-,35.8%,-,-,未分红/不适用,2.6%,10,10,100,High,未知,排除,30,10年内亏损年份过多；10年ROE波动较大；10年净利润波动较大
000955,CN,欣龙控股,-,通用,ROE、现金流、资产负债率,-,-,9.0%,27.3%,-,20.0%,-,-,未分红/不适用,-16.0%,10,10,100,High,未知,排除,0,10年内亏损年份过多；10年ROE波动较大；10年净利润波动较大；近5年营收明显下滑
000957,CN,中通客车,-,通用,ROE、现金流、资产负债率,-,-,13.9%,26.7%,-,68.2%,-,-,未分红/不适用,12.4%,10,10,100,High,未知,警惕,70,10年ROE波动较大；10年净利润波动较大
000958,CN,电投产融,-,通用,ROE、现金流、资产负债率,-,-,7.1%,2.1%,-,60.3%,-,-,未分红/不适用,8.9%,10,10,100,High,未知,通过,100,-
000959,CN,首钢股份,-,通用,ROE、现金流、资产负债率,-,-,15.3%,29.2%,-,55.7%,-,-,未分红/不适用,-6.2%,10,10,100,High,未知,警惕,55,10年ROE波动较大；10年净利润波动较大；近5年营收增长偏弱
000960,CN,锡业股份,-,通用,ROE、现金流、资产负债率,-,-,8.4%,4.6%,-,42.9%,-,-,未分红/不适用,-5.2%,10,10,100,High,未知,警惕,85,近5年营收增长偏弱
000962,CN,东方钽业,-,通用,ROE、现金流、资产负债率,-,-,3.1%,11.9%,-,29.4%,-,-,未分红/不适用,18.0%,10,10,100,High,未知,排除,45,10年净利润波动较大；长期ROE低于5%
000963,CN,华东医药,-,通用,ROE、现金流、资产负债率,-,-,18.9%,4.7%,-,35.5%,-,-,未分红/不适用,6.0%,10,10,100,High,未知,通过,100,-
000965,CN,天保基建,-,通用,ROE、现金流、资产负债率,-,-,25.0%,28.7%,-,55.6%,-,-,未分红/不适用,2.5%,10,10,100,High,未知,警惕,70,10年ROE波动较大；10年净利润波动较大
000966,CN,长源电力,-,通用,ROE、现金流、资产负债率,-,-,-2.8%,20.3%,-,66.9%,-,-,未分红/不适用,2.7%,10,10,100,High,未知,排除,0,10年内亏损年份过多；10年ROE波动较大；10年净利润波动较大；长期ROE低于5%
000967,CN,盈峰环境,-,通用,ROE、现金流、资产负债率,-,-,5.6%,2.7%,-,50.4%,-,-,未分红/不适用,3.9%,10,10,100,High,未知,通过,100,-
000968,CN,蓝焰控股,-,通用,ROE、现金流、资产负债率,-,-,11.1%,5.6%,-,43.4%,-,-,未分红/不适用,1.6%,10,10,100,High,未知,通过,100,-
000969,CN,安泰科技,-,科技,营收增长、自由现金流、研发投入效率,-,-,3.1%,3.4%,-,42.0%,-,-,未分红/不适用,5.8%,10,10,100,High,未知,排除,45,10年净利润波动较大；长期ROE低于5%
000970,CN,中科三环,-,通用,ROE、现金流、资产负债率,-,-,7.5%,5.3%,-,27.2%,-,-,未分红/不适用,-1.8%,10,10,100,High,未知,警惕,85,10年净利润波动较大
000973,CN,佛塑科技,-,科技,营收增长、自由现金流、研发投入效率,-,-,4.7%,1.7%,-,34.4%,-,-,未分红/不适用,-2.4%,10,10,100,High,未知,排除,45,科技公司营收增长转负；长期ROE低于5%
000975,CN,山金国际,-,通用,ROE、现金流、资产负债率,-,-,12.0%,4.9%,-,18.6%,-,-,未分红/不适用,17.3%,10,10,100,High,未知,通过,100,-
000977,CN,浪潮信息,-,通用,ROE、现金流、资产负债率,-,-,10.6%,2.1%,-,73.6%,-,-,未分红/不适用,25.2%,10,10,100,High,未知,警惕,85,资产负债率偏高
000978,CN,桂林旅游,-,通用,ROE、现金流、资产负债率,-,-,7.0%,35.6%,-,50.1%,-,-,未分红/不适用,16.5%,10,10,100,High,未知,排除,30,10年内亏损年份过多；10年ROE波动较大；10年净利润波动较大
000980,CN,众泰汽车,-,通用,ROE、现金流、资产负债率,-,-,-42.1%,77.4%,-,96.5%,-,-,未分红/不适用,-10.9%,10,10,100,High,未知,排除,0,10年内亏损年份过多；10年ROE波动较大；10年净利润波动较大；长期ROE低于5%；资产负债率过高；近5年营收增长偏弱
000981,CN,山子高科,-,通用,ROE、现金流、资产负债率,-,-,-25.4%,44.1%,-,63.4%,-,-,未分红/不适用,-4.8%,10,10,100,High,未知,排除,0,10年内亏损年份过多；10年ROE波动较大；10年净利润波动较大；长期ROE低于5%
000983,CN,山西焦煤,-,通用,ROE、现金流、资产负债率,-,-,12.9%,10.3%,-,57.1%,-,-,未分红/不适用,-9.0%,10,10,100,High,未知,警惕,70,10年净利润波动较大；近5年营收增长偏弱
000985,CN,大庆华科,-,通用,ROE、现金流、资产负债率,-,-,7.5%,35.4%,-,8.5%,-,-,未分红/不适用,-2.9%,10,10,100,High,未知,警惕,70,10年ROE波动较大；10年净利润波动较大
000987,CN,越秀资本,-,通用,ROE、现金流、资产负债率,-,-,9.2%,5.2%,-,76.6%,-,-,未分红/不适用,-12.4%,8,16,100,High,未知,警惕,70,资产负债率偏高；近5年营收增长偏弱
000988,CN,华工科技,-,科技,营收增长、自由现金流、研发投入效率,-,-,10.0%,2.6%,-,51.4%,-,-,未分红/不适用,9.0%,10,10,100,High,未知,通过,100,-
000989,CN,九芝堂,-,通用,ROE、现金流、资产负债率,-,-,8.8%,4.3%,-,24.3%,-,-,未分红/不适用,-12.4%,10,10,100,High,未知,警惕,85,近5年营收增长偏弱
000990,CN,诚志股份,-,通用,ROE、现金流、资产负债率,-,-,11.0%,35.7%,-,32.8%,-,-,未分红/不适用,-2.5%,10,10,100,High,未知,警惕,70,10年ROE波动较大；10年净利润波动较大
000993,CN,闽东电力,-,通用,ROE、现金流、资产负债率,-,-,1.9%,8.5%,-,27.7%,-,-,未分红/不适用,0.6%,10,10,100,High,未知,排除,45,10年净利润波动较大；长期ROE低于5%
000995,CN,皇台酒业,-,通用,ROE、现金流、资产负债率,-,-,-8.7%,51.6%,-,67.3%,-,-,未分红/不适用,16.8%,10,10,100,High,未知,排除,0,10年内亏损年份过多；10年ROE波动较大；10年净利润波动较大；长期ROE低于5%
000997,CN,新 大 陆,-,通用,ROE、现金流、资产负债率,-,-,12.2%,7.6%,-,47.1%,-,-,未分红/不适用,3.3%,10,10,100,High,未知,通过,100,-
000998,CN,隆平高科,-,通用,ROE、现金流、资产负债率,-,-,2.9%,8.1%,-,59.5%,-,-,未分红/不适用,24.7%,10,10,100,High,未知,排除,45,10年净利润波动较大；长期ROE低于5%
000999,CN,华润三九,-,通用,ROE、现金流、资产负债率,-,-,15.1%,1.7%,-,34.6%,-,-,未分红/不适用,19.4%,10,10,100,High,未知,通过,100,-
001201,CN,东瑞股份,-,通用,ROE、现金流、资产负债率,-,-,18.4%,30.9%,-,46.7%,-,-,未分红/不适用,19.4%,10,10,100,High,未知,排除,30,10年内亏损年份过多；10年ROE波动较大；10年净利润波动较大
001202,CN,炬申股份,-,通用,ROE、现金流、资产负债率,-,-,20.4%,15.9%,-,58.6%,-,-,未分红/不适用,26.1%,10,10,100,High,未知,警惕,85,10年ROE波动较大
001203,CN,大中矿业,-,通用,ROE、现金流、资产负债率,-,-,19.4%,9.5%,-,57.0%,-,-,未分红/不适用,-4.4%,10,10,100,High,未知,通过,100,-
001205,CN,盛航股份,-,通用,ROE、现金流、资产负债率,-,-,11.6%,3.3%,-,53.5%,-,-,未分红/不适用,23.9%,10,10,100,High,未知,通过,100,-
001206,CN,依依股份,-,通用,ROE、现金流、资产负债率,-,-,16.5%,10.9%,-,15.6%,-,-,未分红/不适用,6.4%,10,10,100,High,未知,通过,100,-
001207,CN,联科科技,-,科技,营收增长、自由现金流、研发投入效率,-,-,17.2%,7.7%,-,26.6%,-,-,未分红/不适用,13.0%,10,10,100,High,未知,通过,100,-
001208,CN,华菱线缆,-,通用,ROE、现金流、资产负债率,-,-,8.9%,2.8%,-,54.3%,-,-,未分红/不适用,15.4%,9,9,100,High,未知,通过,100,-
001209,CN,洪兴股份,-,通用,ROE、现金流、资产负债率,-,-,17.5%,16.3%,-,38.5%,-,-,未分红/不适用,9.2%,9,9,100,High,未知,警惕,85,10年ROE波动较大
001210,CN,金房能源,-,通用,ROE、现金流、资产负债率,-,-,24.8%,26.8%,-,43.0%,-,-,未分红/不适用,11.0%,10,10,100,High,未知,警惕,85,10年ROE波动较大
001211,CN,双枪科技,-,科技,营收增长、自由现金流、研发投入效率,-,-,12.3%,10.4%,-,55.5%,-,-,未分红/不适用,13.1%,9,9,100,High,未知,警惕,85,10年净利润波动较大
001212,CN,中旗新材,-,通用,ROE、现金流、资产负债率,-,-,14.9%,13.0%,-,14.8%,-,-,未分红/不适用,-12.9%,9,9,100,High,未知,警惕,70,10年ROE波动较大；近5年营收增长偏弱
001213,CN,中铁特货,-,通用,ROE、现金流、资产负债率,-,-,3.0%,0.8%,-,10.5%,-,-,未分红/不适用,7.8%,9,9,100,High,未知,排除,60,长期ROE低于5%
001215,CN,千味央厨,-,通用,ROE、现金流、资产负债率,-,-,13.9%,7.7%,-,24.0%,-,-,未分红/不适用,10.5%,9,9,100,High,未知,通过,100,-
001216,CN,华瓷股份,-,通用,ROE、现金流、资产负债率,-,-,15.8%,4.4%,-,18.3%,-,-,未分红/不适用,5.2%,10,10,100,High,未知,通过,100,-
001217,CN,华尔泰,-,通用,ROE、现金流、资产负债率,-,-,17.4%,12.5%,-,35.6%,-,-,未分红/不适用,2.3%,9,9,100,High,未知,警惕,85,10年ROE波动较大
001218,CN,丽臣实业,-,通用,ROE、现金流、资产负债率,-,-,14.6%,9.0%,-,25.0%,-,-,未分红/不适用,16.0%,10,10,100,High,未知,通过,100,-
001219,CN,青岛食品,-,消费,ROE、毛利率稳定性、分红稳定性,-,-,13.6%,3.8%,-,20.1%,-,-,未分红/不适用,5.9%,10,10,100,High,未知,通过,100,-
001220,CN,世盟股份,-,通用,ROE、现金流、资产负债率,-,-,23.5%,4.2%,-,14.4%,-,-,未分红/不适用,10.7%,7,7,87,Medium,未知,通过,85,数据质量为Medium，筛选结果置信度中等
001221,CN,悍高集团,-,通用,ROE、现金流、资产负债率,-,-,32.1%,5.4%,-,31.4%,-,-,未分红/不适用,25.0%,7,7,87,Medium,未知,警惕,85,10年净利润波动较大；数据质量为Medium，筛选结果置信度中等
001222,CN,源飞宠物,-,通用,ROE、现金流、资产负债率,-,-,22.7%,12.7%,-,12.7%,-,-,未分红/不适用,12.9%,8,8,100,High,未知,警惕,85,10年ROE波动较大
001223,CN,欧克科技,-,科技,营收增长、自由现金流、研发投入效率,-,-,37.0%,34.8%,-,20.4%,-,-,未分红/不适用,14.4%,8,8,100,High,未知,警惕,85,10年ROE波动较大
001225,CN,和泰机电,-,通用,ROE、现金流、资产负债率,-,-,23.1%,16.0%,-,11.2%,-,-,未分红/不适用,-17.3%,8,8,100,High,未知,排除,45,10年ROE波动较大；近5年营收明显下滑
001226,CN,拓山重工,-,通用,ROE、现金流、资产负债率,-,-,25.0%,27.2%,-,35.2%,-,-,未分红/不适用,-6.5%,8,8,100,High,未知,警惕,70,10年ROE波动较大；近5年营收增长偏弱
001227,CN,兰州银行,-,银行,不良率、拨备覆盖、资本充足率,-,-,8.1%,3.4%,-,93.2%,-,-,未分红/不适用,-0.1%,10,20,100,High,未知,排除,45,银行需补充不良率/拨备/资本充足率专项数据；资产负债率过高
001228,CN,永泰运,-,通用,ROE、现金流、资产负债率,-,-,20.2%,17.1%,-,66.3%,-,-,未分红/不适用,28.2%,9,9,100,High,未知,警惕,85,10年ROE波动较大
001229,CN,魅视科技,-,科技,营收增长、自由现金流、研发投入效率,-,-,32.4%,28.9%,-,12.7%,-,-,未分红/不适用,-0.7%,8,8,100,High,未知,警惕,70,科技公司营收增长转负；10年ROE波动较大
001230,CN,劲旅环境,-,通用,ROE、现金流、资产负债率,-,-,25.7%,19.0%,-,39.2%,-,-,未分红/不适用,5.1%,8,8,100,High,未知,警惕,85,10年ROE波动较大
001231,CN,农心科技,-,科技,营收增长、自由现金流、研发投入效率,-,-,14.6%,7.3%,-,36.7%,-,-,未分红/不适用,9.1%,8,8,100,High,未知,通过,100,-
001233,CN,海安集团,-,通用,ROE、现金流、资产负债率,-,-,28.1%,13.5%,-,23.7%,-,-,未分红/不适用,31.0%,6,6,75,Medium,未知,警惕,85,10年ROE波动较大；数据质量为Medium，筛选结果置信度中等
001234,CN,泰慕士,-,通用,ROE、现金流、资产负债率,-,-,20.2%,13.9%,-,23.9%,-,-,未分红/不适用,-0.9%,9,9,100,High,未知,警惕,85,10年ROE波动较大
001236,CN,弘业期货,-,通用,ROE、现金流、资产负债率,-,-,16.1%,23.0%,-,85.3%,-,-,未分红/不适用,-35.3%,10,20,100,High,未知,排除,5,10年ROE波动较大；资产负债率过高；近5年营收明显下滑
001238,CN,浙江正特,-,通用,ROE、现金流、资产负债率,-,-,11.7%,9.8%,-,40.0%,-,-,未分红/不适用,7.8%,10,10,100,High,未知,通过,100,-
001239,CN,永达股份,-,通用,ROE、现金流、资产负债率,-,-,14.3%,9.1%,-,49.2%,-,-,未分红/不适用,19.4%,7,7,87,Medium,未知,通过,85,数据质量为Medium，筛选结果置信度中等
001255,CN,博菲电气,-,通用,ROE、现金流、资产负债率,-,-,18.0%,15.3%,-,30.3%,-,-,未分红/不适用,4.0%,8,8,100,High,未知,警惕,85,10年ROE波动较大
001256,CN,炜冈科技,-,科技,营收增长、自由现金流、研发投入效率,-,-,16.5%,7.3%,-,23.7%,-,-,未分红/不适用,4.4%,8,8,100,High,未知,通过,100,-
001257,CN,盛龙股份,-,通用,ROE、现金流、资产负债率,-,-,19.0%,4.4%,-,25.8%,-,-,未分红/不适用,22.4%,4,4,50,Low,未知,数据不足,0,数据年数不足，无法进行可靠筛选
001258,CN,立新能源,-,通用,ROE、现金流、资产负债率,-,-,6.0%,2.7%,-,75.9%,-,-,未分红/不适用,7.0%,8,8,100,High,未知,警惕,85,资产负债率偏高
001259,CN,利仁科技,-,科技,营收增长、自由现金流、研发投入效率,-,-,13.3%,10.9%,-,15.8%,-,-,未分红/不适用,-9.8%,10,10,100,High,未知,警惕,70,科技公司营收增长转负；近5年营收增长偏弱
001260,CN,坤泰股份,-,通用,ROE、现金流、资产负债率,-,-,14.4%,7.8%,-,23.7%,-,-,未分红/不适用,8.6%,8,8,100,High,未知,通过,100,-
001266,CN,宏英智能,-,通用,ROE、现金流、资产负债率,-,-,24.4%,60.0%,-,57.6%,-,-,未分红/不适用,1.6%,8,8,100,High,未知,警惕,70,10年ROE波动较大；10年净利润波动较大
001267,CN,汇绿生态,-,通用,ROE、现金流、资产负债率,-,-,8.1%,3.8%,-,53.4%,-,-,未分红/不适用,19.3%,10,10,100,High,未知,通过,100,-
001268,CN,联合精密,-,通用,ROE、现金流、资产负债率,-,-,14.7%,8.3%,-,34.2%,-,-,未分红/不适用,4.1%,8,8,100,High,未知,通过,100,-
001269,CN,欧晶科技,-,科技,营收增长、自由现金流、研发投入效率,-,-,18.1%,28.7%,-,58.4%,-,-,未分红/不适用,-13.1%,10,10,100,High,未知,警惕,40,科技公司营收增长转负；10年ROE波动较大；10年净利润波动较大；近5年营收增长偏弱
001277,CN,速达股份,-,通用,ROE、现金流、资产负债率,-,-,18.6%,8.3%,-,23.8%,-,-,未分红/不适用,6.6%,10,10,100,High,未知,通过,100,-
001278,CN,一彬科技,-,科技,营收增长、自由现金流、研发投入效率,-,-,12.5%,9.6%,-,68.1%,-,-,未分红/不适用,11.2%,10,10,100,High,未知,警惕,85,10年净利润波动较大
001279,CN,强邦新材,-,通用,ROE、现金流、资产负债率,-,-,19.2%,8.7%,-,41.7%,-,-,未分红/不适用,-0.3%,7,7,87,Medium,未知,通过,85,数据质量为Medium，筛选结果置信度中等
001280,CN,中国铀业,-,通用,ROE、现金流、资产负债率,-,-,15.0%,1.1%,-,43.0%,-,-,未分红/不适用,22.3%,5,5,62,Medium,未知,通过,85,数据质量为Medium，筛选结果置信度中等
001282,CN,三联锻造,-,通用,ROE、现金流、资产负债率,-,-,13.0%,3.7%,-,39.7%,-,-,未分红/不适用,15.3%,7,7,87,Medium,未知,通过,85,数据质量为Medium，筛选结果置信度中等
001283,CN,豪鹏科技,-,科技,营收增长、自由现金流、研发投入效率,-,-,14.0%,9.4%,-,58.9%,-,-,未分红/不适用,15.3%,8,8,100,High,未知,通过,100,-
001285,CN,瑞立科密,-,通用,ROE、现金流、资产负债率,-,-,20.6%,10.2%,-,24.9%,-,-,未分红/不适用,14.7%,10,10,100,High,未知,通过,100,-
001286,CN,陕西能源,-,通用,ROE、现金流、资产负债率,-,-,8.8%,5.6%,-,54.5%,-,-,未分红/不适用,10.4%,8,8,100,High,未知,通过,100,-
001287,CN,中电港,-,通用,ROE、现金流、资产负债率,-,-,8.7%,5.8%,-,81.9%,-,-,未分红/不适用,14.3%,8,8,100,High,未知,警惕,85,资产负债率偏高
001288,CN,运机集团,-,通用,ROE、现金流、资产负债率,-,-,8.1%,2.2%,-,56.0%,-,-,未分红/不适用,22.7%,9,9,100,High,未知,通过,100,-
001289,CN,龙源电力,-,通用,ROE、现金流、资产负债率,-,-,8.2%,1.3%,-,66.5%,-,-,未分红/不适用,-6.7%,10,10,100,High,未知,警惕,85,近5年营收增长偏弱
001296,CN,长江材料,-,周期,利润波动、ROE波动、资本开支周期,-,-,10.6%,3.8%,-,20.4%,-,-,未分红/不适用,5.6%,10,10,100,High,未知,通过,100,-
001298,CN,好上好,-,通用,ROE、现金流、资产负债率,-,-,24.3%,22.2%,-,58.9%,-,-,未分红/不适用,5.2%,8,8,100,High,未知,警惕,85,10年ROE波动较大
001299,CN,美能能源,-,通用,ROE、现金流、资产负债率,-,-,15.7%,8.2%,-,29.5%,-,-,未分红/不适用,10.9%,10,10,100,High,未知,通过,100,-
001300,CN,三柏硕,-,通用,ROE、现金流、资产负债率,-,-,15.1%,17.0%,-,23.8%,-,-,未分红/不适用,-21.5%,8,8,100,High,未知,排除,30,10年ROE波动较大；10年净利润波动较大；近5年营收明显下滑
001301,CN,尚太科技,-,科技,营收增长、自由现金流、研发投入效率,-,-,21.9%,14.1%,-,40.3%,-,-,未分红/不适用,35.8%,8,8,100,High,未知,警惕,85,10年ROE波动较大
001306,CN,夏厦精密,-,通用,ROE、现金流、资产负债率,-,-,12.7%,8.8%,-,43.7%,-,-,未分红/不适用,9.2%,7,7,87,Medium,未知,通过,85,数据质量为Medium，筛选结果置信度中等
001308,CN,康冠科技,-,科技,营收增长、自由现金流、研发投入效率,-,-,24.1%,10.7%,-,51.8%,-,-,未分红/不适用,5.0%,8,8,100,High,未知,通过,100,-
001309,CN,德明利,-,通用,ROE、现金流、资产负债率,-,-,23.3%,15.1%,-,69.9%,-,-,未分红/不适用,77.8%,9,9,100,High,未知,警惕,70,10年ROE波动较大；10年净利润波动较大
001311,CN,多利科技,-,科技,营收增长、自由现金流、研发投入效率,-,-,17.9%,8.8%,-,33.6%,-,-,未分红/不适用,10.9%,8,8,100,High,未知,通过,100,-
001312,CN,福恩股份,-,通用,ROE、现金流、资产负债率,-,-,31.4%,9.5%,-,34.0%,-,-,未分红/不适用,-0.8%,4,4,50,Low,未知,数据不足,0,数据年数不足，无法进行可靠筛选
001313,CN,粤海饲料,-,通用,ROE、现金流、资产负债率,-,-,13.7%,20.2%,-,46.6%,-,-,未分红/不适用,-0.9%,10,10,100,High,未知,警惕,70,10年ROE波动较大；10年净利润波动较大
001314,CN,亿道信息,-,通用,ROE、现金流、资产负债率,-,-,23.4%,20.5%,-,49.3%,-,-,未分红/不适用,7.8%,10,10,100,High,未知,警惕,70,10年ROE波动较大；10年净利润波动较大
001316,CN,润贝航科,-,通用,ROE、现金流、资产负债率,-,-,23.9%,20.1%,-,14.3%,-,-,未分红/不适用,15.0%,8,8,100,High,未知,警惕,85,10年ROE波动较大
001317,CN,三羊马,-,通用,ROE、现金流、资产负债率,-,-,3.8%,38.1%,-,43.5%,-,-,未分红/不适用,7.3%,10,10,100,High,未知,排除,45,10年ROE波动较大；长期ROE低于5%
001318,CN,阳光乳业,-,通用,ROE、现金流、资产负债率,-,-,14.3%,6.0%,-,4.4%,-,-,未分红/不适用,-6.7%,8,8,100,High,未知,警惕,85,近5年营收增长偏弱
001319,CN,铭科精技,-,通用,ROE、现金流、资产负债率,-,-,14.0%,6.0%,-,27.5%,-,-,未分红/不适用,9.8%,8,8,100,High,未知,通过,100,-
001322,CN,箭牌家居,-,通用,ROE、现金流、资产负债率,-,-,31.3%,29.1%,-,48.0%,-,-,未分红/不适用,-6.2%,8,8,100,High,未知,警惕,70,10年ROE波动较大；近5年营收增长偏弱
001323,CN,慕思股份,-,通用,ROE、现金流、资产负债率,-,-,28.2%,13.3%,-,41.7%,-,-,未分红/不适用,-5.2%,8,8,100,High,未知,警惕,70,10年ROE波动较大；近5年营收增长偏弱
001324,CN,长青科技,-,科技,营收增长、自由现金流、研发投入效率,-,-,13.3%,6.7%,-,18.5%,-,-,未分红/不适用,0.2%,8,8,100,High,未知,通过,100,-
001325,CN,元创股份,-,通用,ROE、现金流、资产负债率,-,-,16.5%,3.6%,-,30.0%,-,-,未分红/不适用,8.3%,8,8,100,High,未知,通过,100,-
001326,CN,联域股份,-,通用,ROE、现金流、资产负债率,-,-,29.4%,18.5%,-,35.9%,-,-,未分红/不适用,5.8%,7,7,87,Medium,未知,警惕,85,10年ROE波动较大；数据质量为Medium，筛选结果置信度中等
001328,CN,登康口腔,-,通用,ROE、现金流、资产负债率,-,-,17.2%,5.6%,-,25.0%,-,-,未分红/不适用,10.7%,7,7,87,Medium,未知,通过,85,数据质量为Medium，筛选结果置信度中等
001330,CN,博纳影业,-,通用,ROE、现金流、资产负债率,-,-,-2.5%,12.7%,-,66.0%,-,-,未分红/不适用,-20.4%,10,10,100,High,未知,排除,0,10年内亏损年份过多；10年ROE波动较大；10年净利润波动较大；长期ROE低于5%；近5年营收明显下滑
001331,CN,胜通能源,-,通用,ROE、现金流、资产负债率,-,-,10.1%,11.2%,-,13.3%,-,-,未分红/不适用,3.2%,8,8,100,High,未知,警惕,85,10年净利润波动较大
001332,CN,锡装股份,-,通用,ROE、现金流、资产负债率,-,-,16.2%,7.8%,-,30.1%,-,-,未分红/不适用,3.9%,10,10,100,High,未知,通过,100,-
001333,CN,光华股份,-,通用,ROE、现金流、资产负债率,-,-,18.5%,9.6%,-,35.5%,-,-,未分红/不适用,5.6%,9,9,100,High,未知,通过,100,-
001335,CN,信凯科技,-,科技,营收增长、自由现金流、研发投入效率,-,-,25.7%,12.4%,-,45.5%,-,-,未分红/不适用,2.2%,7,7,87,Medium,未知,警惕,85,10年ROE波动较大；数据质量为Medium，筛选结果置信度中等
001336,CN,楚环科技,-,科技,营收增长、自由现金流、研发投入效率,-,-,26.3%,22.1%,-,40.6%,-,-,未分红/不适用,-6.6%,8,8,100,High,未知,警惕,55,科技公司营收增长转负；10年ROE波动较大；近5年营收增长偏弱
001337,CN,四川黄金,-,通用,ROE、现金流、资产负债率,-,-,27.8%,8.3%,-,39.0%,-,-,未分红/不适用,18.2%,8,8,100,High,未知,通过,100,-
001339,CN,智微智能,-,通用,ROE、现金流、资产负债率,-,-,14.8%,10.9%,-,60.3%,-,-,未分红/不适用,10.9%,8,8,100,High,未知,通过,100,-
001356,CN,富岭股份,-,通用,ROE、现金流、资产负债率,-,-,19.4%,8.8%,-,24.7%,-,-,未分红/不适用,8.8%,7,7,87,Medium,未知,通过,85,数据质量为Medium，筛选结果置信度中等
001358,CN,兴欣新材,-,通用,ROE、现金流、资产负债率,-,-,25.6%,13.4%,-,10.6%,-,-,未分红/不适用,-1.7%,10,10,100,High,未知,警惕,85,10年ROE波动较大
001359,CN,平安电工,-,通用,ROE、现金流、资产负债率,-,-,17.7%,4.5%,-,18.4%,-,-,未分红/不适用,7.9%,7,7,87,Medium,未知,通过,85,数据质量为Medium，筛选结果置信度中等
001360,CN,南矿集团,-,通用,ROE、现金流、资产负债率,-,-,15.7%,9.7%,-,39.4%,-,-,未分红/不适用,3.4%,7,7,87,Medium,未知,通过,85,数据质量为Medium，筛选结果置信度中等
001366,CN,播恩集团,-,通用,ROE、现金流、资产负债率,-,-,12.6%,11.6%,-,32.9%,-,-,未分红/不适用,-6.4%,8,8,100,High,未知,警惕,70,10年净利润波动较大；近5年营收增长偏弱
001367,CN,海森药业,-,通用,ROE、现金流、资产负债率,-,-,21.1%,9.7%,-,8.4%,-,-,未分红/不适用,8.2%,8,8,100,High,未知,通过,100,-
001368,CN,通达创智,-,通用,ROE、现金流、资产负债率,-,-,22.5%,18.9%,-,20.2%,-,-,未分红/不适用,2.7%,8,8,100,High,未知,警惕,85,10年ROE波动较大
001369,CN,双欣材料,-,周期,利润波动、ROE波动、资本开支周期,-,-,19.5%,8.3%,-,18.5%,-,-,未分红/不适用,-5.6%,7,7,87,Medium,未知,警惕,85,近5年营收增长偏弱；数据质量为Medium，筛选结果置信度中等
001373,CN,翔腾新材,-,通用,ROE、现金流、资产负债率,-,-,14.2%,12.1%,-,12.8%,-,-,未分红/不适用,-18.4%,8,8,100,High,未知,排除,30,10年ROE波动较大；10年净利润波动较大；近5年营收明显下滑
001376,CN,百通能源,-,通用,ROE、现金流、资产负债率,-,-,15.1%,3.3%,-,30.7%,-,-,未分红/不适用,7.8%,10,10,100,High,未知,通过,100,-
001378,CN,德冠新材,-,通用,ROE、现金流、资产负债率,-,-,15.4%,9.6%,-,20.7%,-,-,未分红/不适用,3.0%,9,9,100,High,未知,通过,100,-
001379,CN,腾达科技,-,科技,营收增长、自由现金流、研发投入效率,-,-,13.0%,9.1%,-,42.9%,-,-,未分红/不适用,5.8%,7,7,87,Medium,未知,通过,85,数据质量为Medium，筛选结果置信度中等
001380,CN,华纬科技,-,科技,营收增长、自由现金流、研发投入效率,-,-,15.7%,3.2%,-,34.2%,-,-,未分红/不适用,29.1%,7,7,87,Medium,未知,通过,85,数据质量为Medium，筛选结果置信度中等
001382,CN,新亚电缆,-,通用,ROE、现金流、资产负债率,-,-,13.1%,3.5%,-,14.1%,-,-,未分红/不适用,0.5%,6,6,75,Medium,未知,通过,85,数据质量为Medium，筛选结果置信度中等
001386,CN,马可波罗,-,通用,ROE、现金流、资产负债率,-,-,36.3%,30.3%,-,25.3%,-,-,未分红/不适用,-8.9%,7,7,87,Medium,未知,警惕,70,10年ROE波动较大；近5年营收增长偏弱；数据质量为Medium，筛选结果置信度中等
001387,CN,雪祺电气,-,通用,ROE、现金流、资产负债率,-,-,19.0%,14.7%,-,46.6%,-,-,未分红/不适用,-0.9%,7,7,87,Medium,未知,警惕,85,10年ROE波动较大；数据质量为Medium，筛选结果置信度中等
001388,CN,信通电子,-,科技,营收增长、自由现金流、研发投入效率,-,-,25.5%,12.8%,-,32.0%,-,-,未分红/不适用,14.3%,10,10,100,High,未知,警惕,85,10年ROE波动较大
001389,CN,广合科技,-,科技,营收增长、自由现金流、研发投入效率,-,-,21.4%,5.5%,-,47.3%,-,-,未分红/不适用,27.5%,9,9,100,High,未知,警惕,85,10年净利润波动较大
001391,CN,国货航,-,通用,ROE、现金流、资产负债率,-,-,18.4%,13.9%,-,10.4%,-,-,未分红/不适用,-1.5%,7,7,87,Medium,未知,警惕,85,10年ROE波动较大；数据质量为Medium，筛选结果置信度中等
001395,CN,亚联机械,-,通用,ROE、现金流、资产负债率,-,-,24.3%,6.6%,-,44.5%,-,-,未分红/不适用,11.3%,7,7,87,Medium,未知,通过,85,数据质量为Medium，筛选结果置信度中等
001396,CN,誉帆科技,-,科技,营收增长、自由现金流、研发投入效率,-,-,20.0%,8.0%,-,30.6%,-,-,未分红/不适用,11.0%,7,7,87,Medium,未知,通过,85,数据质量为Medium，筛选结果置信度中等
001400,CN,江顺科技,-,科技,营收增长、自由现金流、研发投入效率,-,-,39.6%,17.0%,-,36.9%,-,-,未分红/不适用,6.2%,8,8,100,High,未知,警惕,85,10年ROE波动较大
001696,CN,宗申动力,-,通用,ROE、现金流、资产负债率,-,-,9.7%,2.1%,-,53.0%,-,-,未分红/不适用,7.3%,10,10,100,High,未知,通过,100,-
001872,CN,招商港口,-,通用,ROE、现金流、资产负债率,-,-,7.6%,2.2%,-,36.0%,-,-,未分红/不适用,3.1%,10,10,100,High,未知,通过,100,-
001896,CN,豫能控股,-,通用,ROE、现金流、资产负债率,-,-,0.4%,35.7%,-,86.8%,-,-,未分红/不适用,-1.5%,10,10,100,High,未知,排除,0,10年内亏损年份过多；10年ROE波动较大；10年净利润波动较大；长期ROE低于5%；资产负债率过高
001914,CN,招商积余,-,通用,ROE、现金流、资产负债率,-,-,7.2%,4.3%,-,45.9%,-,-,未分红/不适用,16.1%,10,10,100,High,未知,通过,100,-
001965,CN,招商公路,-,通用,ROE、现金流、资产负债率,-,-,8.6%,2.0%,-,43.6%,-,-,未分红/不适用,11.6%,10,10,100,High,未知,通过,100,-
001979,CN,招商蛇口,-,通用,ROE、现金流、资产负债率,-,-,19.4%,20.2%,-,67.5%,-,-,未分红/不适用,-0.9%,10,10,100,High,未知,警惕,85,10年ROE波动较大
002001,CN,新 和 成,-,通用,ROE、现金流、资产负债率,-,-,18.1%,3.8%,-,27.7%,-,-,未分红/不适用,10.5%,10,10,100,High,未知,通过,100,-
002003,CN,伟星股份,-,通用,ROE、现金流、资产负债率,-,-,15.5%,1.8%,-,32.4%,-,-,未分红/不适用,9.4%,10,10,100,High,未知,通过,100,-
002004,CN,华邦健康,-,通用,ROE、现金流、资产负债率,-,-,5.0%,2.7%,-,41.5%,-,-,未分红/不适用,-1.9%,10,10,100,High,未知,排除,60,长期ROE低于5%
002006,CN,精工科技,-,科技,营收增长、自由现金流、研发投入效率,-,-,12.9%,17.7%,-,49.4%,-,-,未分红/不适用,-0.5%,10,10,100,High,未知,警惕,55,科技公司营收增长转负；10年ROE波动较大；10年净利润波动较大
002007,CN,华兰生物,-,通用,ROE、现金流、资产负债率,-,-,16.3%,5.4%,-,12.3%,-,-,未分红/不适用,0.9%,10,10,100,High,未知,通过,100,-
002008,CN,大族激光,-,通用,ROE、现金流、资产负债率,-,-,13.3%,7.2%,-,50.5%,-,-,未分红/不适用,3.5%,10,10,100,High,未知,通过,100,-
002009,CN,天奇股份,-,通用,ROE、现金流、资产负债率,-,-,1.0%,9.5%,-,63.4%,-,-,未分红/不适用,-7.5%,10,10,100,High,未知,排除,30,10年净利润波动较大；长期ROE低于5%；近5年营收增长偏弱
002010,CN,传化智联,-,通用,ROE、现金流、资产负债率,-,-,15.3%,26.2%,-,50.4%,-,-,未分红/不适用,-8.3%,10,10,100,High,未知,警惕,70,10年ROE波动较大；近5年营收增长偏弱
002011,CN,盾安环境,-,通用,ROE、现金流、资产负债率,-,-,1.2%,33.9%,-,45.8%,-,-,未分红/不适用,7.3%,10,10,100,High,未知,排除,30,10年ROE波动较大；10年净利润波动较大；长期ROE低于5%
AAL,US,"American Airlines Group, Inc. - Common Stock",Airlines,通用,ROE、现金流、资产负债率,40.97,-2.06,-10.6%,9.5%,-52500000.00,106.0%,6.6%,1.11,未分红/不适用,3.7%,4,6,80,Medium,低,排除,0,10年净利润波动较大；长期ROE低于5%；资产负债率过高；利息覆盖倍数过低；数据质量为Medium，筛选结果置信度中等
AAME,US,Atlantic American Corporation - Common Stock,Insurance - Life,保险,偿付能力、久期缺口、投资收益质量,9.87,0.42,0.0%,3.2%,3606250.00,74.7%,-,-0.54,未分红/不适用,-1.9%,4,0,80,Medium,中,排除,0,保险需补充偿付能力/久期缺口专项数据；PB低但近5年出现亏损；10年净利润波动较大；长期ROE低于5%；资产负债率偏高；利息覆盖倍数过低；资产负债率相对偏高；数据质量为Medium，筛选结果置信度中等
AAOI,US,"Applied Optoelectronics, Inc. - Common Stock",Communication Equipment,科技,营收增长、自由现金流、研发投入效率,-,14.54,-37.2%,32.2%,-125679750.00,37.2%,-,-12.36,未分红/不适用,26.9%,4,6,80,Medium,低,排除,0,科技公司自由现金流为负；10年内亏损年份过多；10年ROE波动较大；长期ROE低于5%；近5年自由现金流多次为负；利息覆盖倍数过低；数据质量为Medium，筛选结果置信度中等
AAON,US,"AAON, Inc. - Common Stock",Building Products & Equipment,通用,ROE、现金流、资产负债率,99.29,12.27,18.6%,5.1%,-83647000.00,46.9%,4.9%,8.26,未分红/不适用,17.5%,4,6,80,Medium,低,警惕,85,近5年自由现金流多次为负；数据质量为Medium，筛选结果置信度中等
AAPL,US,Apple Inc. - Common Stock,Consumer Electronics,科技,营收增长、自由现金流、研发投入效率,36.15,41.08,167.4%,20.4%,104650250000.00,79.5%,-,-,未分红/不适用,1.8%,4,6,80,Medium,中,警惕,55,10年ROE波动较大；资产负债率偏高；资产负债率相对偏高；数据质量为Medium，筛选结果置信度中等
AARD,US,"Aardvark Therapeutics, Inc. - Common Stock",Biotechnology,科技,营收增长、自由现金流、研发投入效率,-,1.69,13.2%,46.3%,-36231500.00,9.0%,-,-,未分红/不适用,-,4,0,80,Medium,低,排除,15,科技公司自由现金流为负；10年内亏损年份过多；10年ROE波动较大；10年净利润波动较大；数据质量为Medium，筛选结果置信度中等
ABAT,US,American Battery Technology Company - Common Stock,Waste Management,科技,营收增长、自由现金流、研发投入效率,-,4.01,-63.9%,20.3%,-28589767.00,16.4%,-,-2403.87,未分红/不适用,-,4,6,80,Medium,低,排除,0,科技公司自由现金流为负；10年内亏损年份过多；10年ROE波动较大；长期ROE低于5%；近5年自由现金流多次为负；利息覆盖倍数过低；数据质量为Medium，筛选结果置信度中等
ABCL,US,AbCellera Biologics Inc. - Common Shares,Biotechnology,科技,营收增长、自由现金流、研发投入效率,-,1.37,-7.6%,13.7%,-69285750.00,28.7%,3.5%,-,未分红/不适用,-46.3%,4,6,80,Medium,低,排除,0,科技公司营收增长转负；科技公司自由现金流为负；10年内亏损年份过多；10年ROE波动较大；10年净利润波动较大；长期ROE低于5%；近5年自由现金流多次为负；近5年营收明显下滑；数据质量为Medium，筛选结果置信度中等
ABEO,US,Abeona Therapeutics Inc. - Common Stock,Biotechnology,科技,营收增长、自由现金流、研发投入效率,5.89,2.20,-153.5%,167.7%,-55928750.00,27.5%,-,20.06,未分红/不适用,60.3%,4,6,80,Medium,低,排除,0,科技公司自由现金流为负；10年内亏损年份过多；10年ROE波动较大；10年净利润波动较大；长期ROE低于5%；近5年自由现金流多次为负；数据质量为Medium，筛选结果置信度中等
ABLV,US,Able View Global Inc. - Class B Ordinary Shares,Specialty Retail,消费,ROE、毛利率稳定性、分红稳定性,-,6.43,80.3%,183.8%,2329817.25,77.5%,-,-0.04,未分红/不适用,-10.2%,4,6,80,Medium,中,排除,0,10年ROE波动较大；10年净利润波动较大；资产负债率偏高；利息覆盖倍数过低；近5年营收增长偏弱；资产负债率相对偏高；数据质量为Medium，筛选结果置信度中等
ABNB,US,"Airbnb, Inc. - Class A Common Stock",Travel Services,通用,ROE、现金流、资产负债率,33.00,10.42,38.7%,13.4%,3405000000.00,63.1%,3.4%,-,未分红/不适用,13.4%,4,6,80,Medium,低,警惕,85,10年ROE波动较大；数据质量为Medium，筛选结果置信度中等
ABOS,US,"Acumen Pharmaceuticals, Inc. - Common Stock",Biotechnology,科技,营收增长、自由现金流、研发投入效率,-,1.97,-67.7%,71.7%,-70064000.00,42.7%,-,-27.73,未分红/不适用,-,4,6,80,Medium,低,排除,0,科技公司自由现金流为负；10年内亏损年份过多；10年ROE波动较大；长期ROE低于5%；近5年自由现金流多次为负；利息覆盖倍数过低；数据质量为Medium，筛选结果置信度中等
ABSI,US,Absci Corporation - Common Stock,Biotechnology,科技,营收增长、自由现金流、研发投入效率,-,5.00,-54.8%,11.3%,-82462000.00,12.4%,-,-549.78,未分红/不适用,-21.3%,4,6,80,Medium,低,排除,0,科技公司营收增长转负；科技公司自由现金流为负；10年内亏损年份过多；长期ROE低于5%；近5年自由现金流多次为负；利息覆盖倍数过低；近5年营收明显下滑；数据质量为Medium，筛选结果置信度中等
ABTC,US,American Bitcoin Corp. - Class A Common Stock,Capital Markets,金融,杠杆、资产质量、资本约束,-,1.78,9.2%,32.6%,-88715666.67,46.6%,12.4%,-,未分红/不适用,41.3%,3,3,60,Medium,高,需专项分析,10,金融行业需专项资产质量与资本约束分析；10年ROE波动较大；10年净利润波动较大；近5年自由现金流多次为负；高杠杆行业，需资产负债表专项分析；数据质量为Medium，筛选结果置信度中等
ABTS,US,Abits Group Inc - Ordinary Shares,Capital Markets,金融,杠杆、资产质量、资本约束,-,0.29,-63.0%,48.1%,-12777366.75,28.7%,-,-8.67,未分红/不适用,281.5%,4,6,80,Medium,高,排除,0,金融行业需专项资产质量与资本约束分析；PB低但近5年出现亏损；10年内亏损年份过多；10年ROE波动较大；10年净利润波动较大；长期ROE低于5%；近5年自由现金流多次为负；利息覆盖倍数过低；高杠杆行业，需资产负债表专项分析；数据质量为Medium，筛选结果置信度中等
ABUS,US,Arbutus Biopharma Corporation - Common Stock,Biotechnology,科技,营收增长、自由现金流、研发投入效率,5.24,3.29,-58.8%,13.6%,-62614666.67,19.1%,-,-344.37,未分红/不适用,-28.8%,4,6,80,Medium,低,排除,0,科技公司营收增长转负；科技公司自由现金流为负；10年内亏损年份过多；10年ROE波动较大；长期ROE低于5%；近5年自由现金流多次为负；利息覆盖倍数过低；近5年营收明显下滑；数据质量为Medium，筛选结果置信度中等
ABVC,US,"ABVC BioPharma, Inc. - Common Stock",Biotechnology,科技,营收增长、自由现金流、研发投入效率,-,2.36,-375.5%,210.5%,-5863066.00,36.9%,-,-19.08,未分红/不适用,-,4,6,80,Medium,低,排除,0,科技公司自由现金流为负；10年内亏损年份过多；10年ROE波动较大；长期ROE低于5%；利息覆盖倍数过低；数据质量为Medium，筛选结果置信度中等
ABVE,US,Above Food Ingredients Inc. - Common Stock,Packaged Foods,消费,ROE、毛利率稳定性、分红稳定性,-,-1.20,-543.8%,1028.4%,-22268374.67,132.1%,0.6%,-5.46,未分红/不适用,36.1%,3,0,60,Medium,低,排除,0,消费公司长期ROE不够突出；PB低但近5年出现亏损；10年内亏损年份过多；10年ROE波动较大；长期ROE低于5%；资产负债率过高；利息覆盖倍数过低；数据质量为Medium，筛选结果置信度中等
ACAD,US,ACADIA Pharmaceuticals Inc. - Common Stock,Biotechnology,科技,营收增长、自由现金流、研发投入效率,10.00,3.07,-1.3%,41.1%,92998000.00,21.5%,-,-,未分红/不适用,27.5%,4,6,80,Medium,低,排除,30,10年ROE波动较大；10年净利润波动较大；长期ROE低于5%；数据质量为Medium，筛选结果置信度中等
ACB,US,Aurora Cannabis Inc. - Common Shares,Drug Manufacturers - Specialty & Generic,通用,ROE、现金流、资产负债率,-,0.49,-76.4%,122.9%,-123583750.00,28.6%,5.1%,3.42,未分红/不适用,11.9%,4,0,80,Medium,低,排除,0,PB低但近5年出现亏损；PB低但近5年经营现金流多次为负；10年内亏损年份过多；10年ROE波动较大；10年净利润波动较大；长期ROE低于5%；近5年自由现金流多次为负；数据质量为Medium，筛选结果置信度中等
ACCL,US,Acco Group Holdings Limited - Class A Ordinary Shares,Consulting Services,通用,ROE、现金流、资产负债率,21.00,8.40,46.7%,-,1514942.00,44.1%,-,-,未分红/不适用,-,1,6,20,Low,低,数据不足,0,数据年数不足，无法进行可靠筛选
ACDC,US,ProFrac Holding Corp. - Class A Common Stock,Oil & Gas Equipment & Services,周期,利润波动、ROE波动、资本开支周期,-,2.13,-22.1%,20.5%,119350000.00,68.4%,11.3%,-1.65,未分红/不适用,-7.1%,4,6,80,Medium,中,排除,0,周期行业ROE波动显著；周期行业利润弹性过大；10年内亏损年份过多；10年ROE波动较大；10年净利润波动较大；长期ROE低于5%；利息覆盖倍数过低；近5年营收增长偏弱；资产负债率相对偏高；数据质量为Medium，筛选结果置信度中等
ACET,US,"Adicet Bio, Inc. - Common Stock",Biotechnology,科技,营收增长、自由现金流、研发投入效率,-,0.57,-61.0%,26.2%,-87552000.00,17.2%,-,-3243.53,未分红/不适用,-,4,6,80,Medium,低,排除,0,科技公司自由现金流为负；PB低但近5年出现亏损；PB低但近5年经营现金流多次为负；10年内亏损年份过多；10年ROE波动较大；长期ROE低于5%；近5年自由现金流多次为负；利息覆盖倍数过低；数据质量为Medium，筛选结果置信度中等
ACFN,US,"Acorn Energy, Inc. - Common Stock",Scientific & Technical Instruments,周期,利润波动、ROE波动、资本开支周期,22.48,5.26,48.0%,53.8%,659750.00,37.6%,-,-,未分红/不适用,17.9%,4,6,80,Medium,低,警惕,40,周期行业ROE波动显著；周期行业利润弹性过大；10年ROE波动较大；10年净利润波动较大；数据质量为Medium，筛选结果置信度中等
ACGL,US,Arch Capital Group Ltd. - Common Stock,Insurance - Diversified,保险,偿付能力、久期缺口、投资收益质量,7.19,1.41,18.6%,5.4%,5553250000.00,69.5%,0.8%,34.64,未分红/不适用,26.1%,4,6,80,Medium,中,需专项分析,70,保险需补充偿付能力/久期缺口专项数据；资产负债率相对偏高；数据质量为Medium，筛选结果置信度中等
ACHC,US,"Acadia Healthcare Company, Inc. - Common Stock",Medical Care Facilities,通用,ROE、现金流、资产负债率,-,1.24,-9.8%,31.5%,-219493500.00,61.3%,23.5%,-6.68,未分红/不适用,8.3%,4,6,80,Medium,低,排除,0,10年ROE波动较大；10年净利润波动较大；长期ROE低于5%；商誉占比偏高；利息覆盖倍数过低；数据质量为Medium，筛选结果置信度中等
ACHV,US,"Achieve Life Sciences, Inc.  - Common Shares",Biotechnology,科技,营收增长、自由现金流、研发投入效率,-,28.95,276.1%,1196.6%,-36984500.00,48.5%,2.5%,-65.73,未分红/不适用,-,4,6,80,Medium,低,排除,0,科技公司自由现金流为负；10年内亏损年份过多；10年ROE波动较大；利息覆盖倍数过低；数据质量为Medium，筛选结果置信度中等
ACIC,US,American Coastal Insurance Corporation - Common Stock,Insurance - Property & Casualty,保险,偿付能力、久期缺口、投资收益质量,4.97,1.53,126.9%,112.7%,499500.00,70.4%,5.5%,14.20,未分红/不适用,14.9%,4,6,80,Medium,中,需专项分析,25,保险需补充偿付能力/久期缺口专项数据；10年ROE波动较大；10年净利润波动较大；资产负债率偏高；资产负债率相对偏高；数据质量为Medium，筛选结果置信度中等
ACIU,US,AC Immune SA - Common Stock,Biotechnology,科技,营收增长、自由现金流、研发投入效率,-,6.84,-69.5%,58.5%,-35228000.00,70.9%,-,-367.83,未分红/不适用,-3.2%,4,6,80,Medium,中,排除,0,科技公司营收增长转负；科技公司自由现金流为负；10年内亏损年份过多；10年ROE波动较大；长期ROE低于5%；近5年自由现金流多次为负；资产负债率偏高；利息覆盖倍数过低；资产负债率相对偏高；数据质量为Medium，筛选结果置信度中等
ACIW,US,"ACI Worldwide, Inc. - Common Stock",Software - Infrastructure,科技,营收增长、自由现金流、研发投入效率,20.64,2.76,12.6%,2.6%,209351000.00,51.1%,39.7%,6.30,未分红/不适用,7.4%,4,6,80,Medium,低,警惕,85,商誉占比偏高；数据质量为Medium，筛选结果置信度中等
ACLS,US,"Axcelis Technologies, Inc. - Common Stock",Semiconductor Equipment & Materials,科技,营收增长、自由现金流、研发投入效率,50.20,4.76,21.8%,7.8%,144196000.00,24.0%,-,26.77,未分红/不适用,-3.0%,4,6,80,Medium,低,警惕,85,科技公司营收增长转负；数据质量为Medium，筛选结果置信度中等
ACMR,US,"ACM Research, Inc. - Class A Common Stock",Semiconductor Equipment & Materials,科技,营收增长、自由现金流、研发投入效率,48.24,2.65,8.4%,2.8%,-73963250.00,32.8%,-,20.44,未分红/不适用,32.3%,4,6,80,Medium,低,警惕,70,科技公司自由现金流为负；近5年自由现金流多次为负；数据质量为Medium，筛选结果置信度中等
ACNB,US,ACNB Corporation - Common Stock,Banks - Regional,银行,不良率、拨备覆盖、资本充足率,10.62,1.28,11.3%,2.4%,42053250.00,87.0%,2.0%,-,未分红/不适用,13.1%,4,6,80,Medium,中,排除,30,银行需补充不良率/拨备/资本充足率专项数据；资产负债率过高；资产负债率相对偏高；数据质量为Medium，筛选结果置信度中等
ACNT,US,Ascent Industries Co. - Common Stock,Chemicals,周期,利润波动、ROE波动、资本开支周期,-,1.58,-5.5%,18.0%,8468500.00,22.3%,-,-,未分红/不适用,-34.1%,4,6,80,Medium,低,排除,0,周期行业ROE波动显著；周期行业利润弹性过大；10年ROE波动较大；10年净利润波动较大；长期ROE低于5%；近5年营收明显下滑；数据质量为Medium，筛选结果置信度中等
ACOG,US,Alpha Cognition Inc. - Common Stock,Biotechnology,科技,营收增长、自由现金流、研发投入效率,-,1.98,284.8%,449.3%,-12567579.00,21.6%,-,-,未分红/不适用,-,4,6,80,Medium,低,排除,15,科技公司自由现金流为负；10年内亏损年份过多；10年ROE波动较大；近5年自由现金流多次为负；数据质量为Medium，筛选结果置信度中等
ACON,US,"Aclarion, Inc. - Common Stock",Health Information Services,通用,ROE、现金流、资产负债率,-,0.21,-105.0%,587.3%,-5471525.75,6.1%,-,-,未分红/不适用,7.8%,4,6,80,Medium,低,排除,0,PB低但近5年出现亏损；PB低但近5年经营现金流多次为负；10年内亏损年份过多；10年ROE波动较大；长期ROE低于5%；近5年自由现金流多次为负；数据质量为Medium，筛选结果置信度中等
ACRS,US,"Aclaris Therapeutics, Inc. - Common Stock",Biotechnology,科技,营收增长、自由现金流、研发投入效率,-,4.66,-62.0%,17.2%,-62759000.00,35.8%,-,-,未分红/不适用,-35.9%,4,6,80,Medium,低,排除,0,科技公司营收增长转负；科技公司自由现金流为负；10年内亏损年份过多；10年ROE波动较大；长期ROE低于5%；近5年自由现金流多次为负；近5年营收明显下滑；数据质量为Medium，筛选结果置信度中等
ACRV,US,"Acrivon Therapeutics, Inc. - Common Stock",Biotechnology,科技,营收增长、自由现金流、研发投入效率,-,0.54,-45.7%,21.0%,-52495750.00,13.3%,-,-,未分红/不适用,-,4,6,80,Medium,低,排除,0,科技公司自由现金流为负；PB低但近5年出现亏损；PB低但近5年经营现金流多次为负；10年内亏损年份过多；10年ROE波动较大；长期ROE低于5%；近5年自由现金流多次为负；数据质量为Medium，筛选结果置信度中等
ACT,US,"Enact Holdings, Inc. - Common Stock",Insurance - Specialty,保险,偿付能力、久期缺口、投资收益质量,9.30,1.13,14.5%,1.9%,-,22.3%,-,18.19,未分红/不适用,4.1%,4,6,80,Medium,低,需专项分析,85,保险需补充偿付能力/久期缺口专项数据；数据质量为Medium，筛选结果置信度中等
ACTG,US,Acacia Research Corporation - Common Stock,Business Equipment & Supplies,通用,ROE、现金流、资产负债率,-,0.85,-9.9%,26.8%,-31440000.00,24.2%,3.3%,4.48,未分红/不适用,68.9%,4,6,80,Medium,低,排除,0,PB低但近5年出现亏损；10年ROE波动较大；10年净利润波动较大；长期ROE低于5%；近5年自由现金流多次为负；数据质量为Medium，筛选结果置信度中等
ACTU,US,"Actuate Therapeutics, Inc. - Common stock",Biotechnology,科技,营收增长、自由现金流、研发投入效率,-,8.50,-6604.5%,13057.2%,-,43.5%,-,-1096.67,未分红/不适用,-,4,0,80,Medium,低,排除,0,10年内亏损年份过多；10年ROE波动较大；长期ROE低于5%；利息覆盖倍数过低；数据质量为Medium，筛选结果置信度中等
ACXP,US,"Acurx Pharmaceuticals, Inc. - Common Stock",Biotechnology,科技,营收增长、自由现金流、研发投入效率,-,0.94,-730.4%,1044.1%,-,31.5%,-,-,未分红/不适用,-,4,6,80,Medium,低,排除,0,PB低但近5年出现亏损；PB低但近5年经营现金流多次为负；10年内亏损年份过多；10年ROE波动较大；长期ROE低于5%；数据质量为Medium，筛选结果置信度中等
ADAG,US,"Adagene Inc. - ADS, each representing 1.25 ordinary shares",Biotechnology,科技,营收增长、自由现金流、研发投入效率,-,4.91,-59.8%,29.2%,-30812886.00,54.8%,-,-37.67,未分红/不适用,-6.2%,4,6,80,Medium,低,排除,0,科技公司营收增长转负；科技公司自由现金流为负；10年内亏损年份过多；10年ROE波动较大；长期ROE低于5%；近5年自由现金流多次为负；利息覆盖倍数过低；近5年营收增长偏弱；数据质量为Medium，筛选结果置信度中等
ADAM,US,"Adamas Trust, Inc. - Common Stock",REIT - Mortgage,地产,净负债率、现金短债比、资产负债率,7.62,0.88,-3.5%,11.2%,4601000.00,88.7%,0.2%,-,未分红/不适用,243.7%,4,6,80,Medium,中,排除,0,地产需补充净负债率/现金短债比专项数据；地产资产负债率偏高；PB低但近5年出现亏损；10年内亏损年份过多；10年净利润波动较大；长期ROE低于5%；资产负债率过高；资产负债率相对偏高；数据质量为Medium，筛选结果置信度中等
ADBE,US,Adobe Inc. - Common Stock,Software - Application,科技,营收增长、自由现金流、研发投入效率,13.81,8.42,41.9%,13.3%,8015750000.00,60.6%,43.6%,34.21,未分红/不适用,10.5%,4,6,80,Medium,低,排除,45,10年ROE波动较大；商誉占比过高；数据质量为Medium，筛选结果置信度中等
ADEA,US,Adeia Inc.  - Common Stock,Software - Application,科技,营收增长、自由现金流、研发投入效率,28.88,7.44,-10.0%,58.9%,164015750.00,53.8%,30.2%,4.49,未分红/不适用,0.3%,4,6,80,Medium,低,排除,15,10年ROE波动较大；10年净利润波动较大；长期ROE低于5%；商誉占比偏高；数据质量为Medium，筛选结果置信度中等
ADGM,US,"Adagio Medical Holdings, Inc - Common Stock",Medical Devices,通用,ROE、现金流、资产负债率,-,3.49,-49.6%,132.3%,-22218250.00,71.3%,32.3%,-7.63,未分红/不适用,-,3,6,60,Medium,中,排除,0,10年内亏损年份过多；10年ROE波动较大；长期ROE低于5%；近5年自由现金流多次为负；资产负债率偏高；商誉占比偏高；利息覆盖倍数过低；资产负债率相对偏高；数据质量为Medium，筛选结果置信度中等
ADI,US,"Analog Devices, Inc. - Common Stock",Semiconductors,科技,营收增长、自由现金流、研发投入效率,78.17,6.17,7.1%,1.9%,3683245250.00,29.5%,56.1%,9.54,未分红/不适用,-2.8%,4,6,80,Medium,低,排除,30,科技公司营收增长转负；长期ROE偏低但PE不低；商誉占比过高；数据质量为Medium，筛选结果置信度中等
ADIL,US,"Adial Pharmaceuticals, Inc - Common Stock",Biotechnology,科技,营收增长、自由现金流、研发投入效率,-,0.29,-247.4%,129.1%,-,20.9%,-,-,未分红/不适用,-,4,6,80,Medium,低,排除,0,PB低但近5年出现亏损；PB低但近5年经营现金流多次为负；10年内亏损年份过多；10年ROE波动较大；长期ROE低于5%；数据质量为Medium，筛选结果置信度中等
ADMA,US,ADMA Biologics Inc - Common Stock,Biotechnology,科技,营收增长、自由现金流、研发投入效率,12.50,5.06,5.8%,46.0%,17000500.00,23.5%,0.6%,26.69,未分红/不适用,49.0%,4,6,80,Medium,低,警惕,55,10年ROE波动较大；10年净利润波动较大；长期ROE偏低但PE不低；数据质量为Medium，筛选结果置信度中等
ADP,US,"Automatic Data Processing, Inc. - Common Stock",Software - Application,科技,营收增长、自由现金流、研发投入效率,19.46,13.15,84.3%,13.6%,3542250000.00,88.4%,6.1%,12.65,未分红/不适用,7.6%,4,6,80,Medium,中,排除,30,10年ROE波动较大；资产负债率过高；资产负债率相对偏高；数据质量为Medium，筛选结果置信度中等
ADPT,US,Adaptive Biotechnologies Corporation - Common Stock,Diagnostics & Research,通用,ROE、现金流、资产负债率,-,9.73,-55.5%,24.5%,-128784000.00,56.1%,23.2%,-4.05,未分红/不适用,14.3%,4,6,80,Medium,低,排除,0,10年内亏损年份过多；10年ROE波动较大；长期ROE低于5%；近5年自由现金流多次为负；商誉占比偏高；利息覆盖倍数过低；数据质量为Medium，筛选结果置信度中等
ADSE,US,ADS-TEC ENERGY PLC - Ordinary Shares,Electrical Equipment & Parts,周期,利润波动、ROE波动、资本开支周期,-,-37.70,-11.9%,170.2%,-35257750.00,129.5%,-,-4.97,未分红/不适用,49.3%,4,0,80,Medium,低,排除,0,周期行业ROE波动显著；PB低但近5年出现亏损；PB低但近5年经营现金流多次为负；10年内亏损年份过多；10年ROE波动较大；长期ROE低于5%；近5年自由现金流多次为负；资产负债率过高；利息覆盖倍数过低；数据质量为Medium，筛选结果置信度中等
ADSK,US,"Autodesk, Inc. - Common Stock",Software - Application,科技,营收增长、自由现金流、研发投入效率,44.80,16.28,50.0%,15.4%,1789500000.00,75.6%,34.5%,-,未分红/不适用,12.9%,4,6,80,Medium,中,警惕,40,10年ROE波动较大；资产负债率偏高；商誉占比偏高；资产负债率相对偏高；数据质量为Medium，筛选结果置信度中等
ADTN,US,"ADTRAN Holdings, Inc. - Common Stock",Communication Equipment,通用,ROE、现金流、资产负债率,-,8.95,-109.5%,169.5%,-12797250.00,56.9%,5.0%,-0.62,未分红/不适用,1.9%,4,6,80,Medium,中,排除,0,10年内亏损年份过多；10年ROE波动较大；10年净利润波动较大；长期ROE低于5%；利息覆盖倍数过低；资产负债率相对偏高；数据质量为Medium，筛选结果置信度中等
ADTX,US,"Aditxt, Inc. - Common Stock",Biotechnology,科技,营收增长、自由现金流、研发投入效率,-,0.00,-883.3%,813.6%,-22559753.67,76.1%,-,-16.92,未分红/不适用,-84.9%,4,6,80,Medium,中,排除,0,科技公司营收增长转负；科技公司自由现金流为负；PB低但近5年出现亏损；PB低但近5年经营现金流多次为负；10年内亏损年份过多；10年ROE波动较大；长期ROE低于5%；近5年自由现金流多次为负；资产负债率偏高；利息覆盖倍数过低；近5年营收明显下滑；资产负债率相对偏高；数据质量为Medium，筛选结果置信度中等
ADUR,US,Aduro Clean Technologies Inc. - Common Stock,Pollution & Treatment Controls,通用,ROE、现金流、资产负债率,-,16.30,-129.1%,57.0%,-6748397.50,8.1%,-,-1023.18,未分红/不适用,-,4,6,80,Medium,低,排除,0,10年内亏损年份过多；10年ROE波动较大；长期ROE低于5%；近5年自由现金流多次为负；利息覆盖倍数过低；数据质量为Medium，筛选结果置信度中等
ADUS,US,Addus HomeCare Corporation - Common Stock,Medical Care Facilities,通用,ROE、现金流、资产负债率,17.05,1.51,8.1%,0.8%,103443750.00,24.5%,69.3%,10.36,未分红/不适用,14.4%,4,6,80,Medium,低,排除,60,商誉占比过高；数据质量为Medium，筛选结果置信度中等
ADV,US,Advantage Solutions Inc.  - Class A Common Stock,Advertising Agencies,通用,ROE、现金流、资产负债率,-,0.93,-53.3%,49.5%,76249000.00,80.2%,15.7%,-0.91,未分红/不适用,-1.0%,4,6,80,Medium,中,排除,0,PB低但近5年出现亏损；10年内亏损年份过多；10年ROE波动较大；10年净利润波动较大；长期ROE低于5%；资产负债率偏高；利息覆盖倍数过低；资产负债率相对偏高；数据质量为Medium，筛选结果置信度中等
ADVB,US,Advanced Biomed Inc. - Common Stock,Diagnostics & Research,通用,ROE、现金流、资产负债率,1.26,0.51,-189.2%,71.4%,-1982398.75,-,-,-,未分红/不适用,-,4,6,80,Medium,未知,排除,0,PB低但近5年出现亏损；PB低但近5年经营现金流多次为负；10年内亏损年份过多；10年ROE波动较大；长期ROE低于5%；近5年自由现金流多次为负；数据质量为Medium，筛选结果置信度中等
AEBI,US,Aebi Schmidt Holding AG - Common Stock,Farm & Heavy Construction Machinery,周期,利润波动、ROE波动、资本开支周期,61.94,1.05,4.3%,3.7%,22688000.00,59.4%,20.1%,1.27,未分红/不适用,22.6%,3,0,60,Medium,低,排除,5,长期ROE低于5%；商誉占比偏高；利息覆盖倍数过低；数据质量为Medium，筛选结果置信度中等
AEC,US,Anfield Energy Inc. - Common Shares,Uranium,周期,利润波动、ROE波动、资本开支周期,-,2.24,-25.3%,37.4%,-11599071.75,44.4%,-,-9.82,未分红/不适用,-,4,6,80,Medium,低,排除,0,周期行业ROE波动显著；周期行业利润弹性过大；10年内亏损年份过多；10年ROE波动较大；10年净利润波动较大；长期ROE低于5%；近5年自由现金流多次为负；利息覆盖倍数过低；数据质量为Medium，筛选结果置信度中等
AEHL,US,Antelope Enterprise Holdings Limited - Class A Ordinary Shares,Building Products & Equipment,通用,ROE、现金流、资产负债率,-,0.20,-1475.6%,2798.3%,-8013257.94,31.0%,-,-7.53,未分红/不适用,106.5%,4,0,80,Medium,低,排除,0,PB低但近5年出现亏损；PB低但近5年经营现金流多次为负；10年内亏损年份过多；10年ROE波动较大；长期ROE低于5%；近5年自由现金流多次为负；利息覆盖倍数过低；数据质量为Medium，筛选结果置信度中等
AEHR,US,Aehr Test Systems - Common Stock,Semiconductor Equipment & Materials,科技,营收增长、自由现金流、研发投入效率,-,23.72,16.1%,13.8%,-411000.00,17.3%,7.2%,-,未分红/不适用,5.1%,4,6,80,Medium,低,警惕,55,科技公司自由现金流为负；10年ROE波动较大；10年净利润波动较大；数据质量为Medium，筛选结果置信度中等
AEI,US,Alset Inc. - Common Stock,Real Estate - Development,地产,净负债率、现金短债比、资产负债率,-,0.58,-31.9%,20.7%,-6513766.25,5.1%,-,-895.78,未分红/不适用,-0.1%,4,6,80,Medium,低,排除,0,地产需补充净负债率/现金短债比专项数据；PB低但近5年出现亏损；10年内亏损年份过多；10年ROE波动较大；长期ROE低于5%；利息覆盖倍数过低；数据质量为Medium，筛选结果置信度中等
AEIS,US,"Advanced Energy Industries, Inc. - Common Stock",Electrical Equipment & Parts,周期,利润波动、ROE波动、资本开支周期,70.47,9.46,11.3%,5.8%,118125500.00,46.5%,11.8%,13.40,未分红/不适用,-0.8%,4,6,80,Medium,低,通过,85,数据质量为Medium，筛选结果置信度中等
AEMD,US,"Aethlon Medical, Inc. - Common Stock",Medical Devices,通用,ROE、现金流、资产负债率,-,0.31,-153.4%,98.4%,-10648421.33,30.4%,-,-1323.37,未分红/不适用,-,4,0,80,Medium,低,排除,0,PB低但近5年出现亏损；PB低但近5年经营现金流多次为负；10年内亏损年份过多；10年ROE波动较大；长期ROE低于5%；近5年自由现金流多次为负；利息覆盖倍数过低；数据质量为Medium，筛选结果置信度中等
AENT,US,Alliance Entertainment Holding Corporation - common stock,Entertainment,通用,ROE、现金流、资产负债率,15.83,3.29,-5.5%,26.5%,28302666.67,71.4%,24.7%,2.77,未分红/不适用,-,4,6,80,Medium,中,排除,0,10年ROE波动较大；10年净利润波动较大；长期ROE低于5%；资产负债率偏高；商誉占比偏高；利息覆盖倍数偏低；资产负债率相对偏高；数据质量为Medium，筛选结果置信度中等
AEP,US,"American Electric Power Company, Inc. - Common Stock",Utilities - Regulated Electric,通用,ROE、现金流、资产负债率,19.02,2.20,10.2%,1.3%,-1646100000.00,71.9%,0.0%,2.84,未分红/不适用,3.7%,4,6,80,Medium,中,警惕,40,近5年自由现金流多次为负；资产负债率偏高；利息覆盖倍数偏低；资产负债率相对偏高；数据质量为Medium，筛选结果置信度中等
AERT,US,"Aeries Technology, Inc. - Class A Ordinary Share",Consulting Services,科技,营收增长、自由现金流、研发投入效率,-,-29.17,69.2%,196.3%,-1572750.00,115.3%,-,-29.18,未分红/不适用,19.6%,4,0,80,Medium,低,排除,0,科技公司自由现金流为负；PB低但近5年出现亏损；10年ROE波动较大；10年净利润波动较大；资产负债率过高；利息覆盖倍数过低；数据质量为Medium，筛选结果置信度中等
AEVA,US,"Aeva Technologies, Inc. - Common Stock",Software - Infrastructure,科技,营收增长、自由现金流、研发投入效率,-,-107.77,-340.9%,508.5%,-118496500.00,92.6%,-,-,未分红/不适用,62.8%,4,6,80,Medium,中,排除,0,科技公司自由现金流为负；PB低但近5年出现亏损；PB低但近5年经营现金流多次为负；10年内亏损年份过多；10年ROE波动较大；长期ROE低于5%；近5年自由现金流多次为负；资产负债率过高；资产负债率相对偏高；数据质量为Medium，筛选结果置信度中等
AEYE,US,"AudioEye, Inc. - Common Stock",Software - Application,科技,营收增长、自由现金流、研发投入效率,-,18.45,-73.8%,23.9%,-1133500.00,85.1%,20.7%,-,未分红/不适用,10.5%,4,6,80,Medium,中,排除,0,科技公司自由现金流为负；10年内亏损年份过多；10年ROE波动较大；长期ROE低于5%；资产负债率过高；商誉占比偏高；资产负债率相对偏高；数据质量为Medium，筛选结果置信度中等
AFBI,US,"Affinity Bancshares, Inc. - Common Stock",Banks - Regional,银行,不良率、拨备覆盖、资本充足率,16.39,2.20,5.5%,1.0%,7776750.00,85.6%,2.0%,-,未分红/不适用,0.9%,4,6,80,Medium,中,排除,15,银行需补充不良率/拨备/资本充足率专项数据；长期ROE偏低但PE不低；资产负债率过高；资产负债率相对偏高；数据质量为Medium，筛选结果置信度中等
AFCG,US,Advanced Flower Capital Inc. - Common Stock,Asset Management,通用,ROE、现金流、资产负债率,-,0.39,3.4%,10.3%,-,36.3%,-,-,未分红/不适用,-37.4%,4,6,80,Medium,低,排除,0,PB低但近5年出现亏损；10年净利润波动较大；长期ROE低于5%；近5年营收明显下滑；数据质量为Medium，筛选结果置信度中等
AFJK,US,"Aimei Health Technology Co., Ltd - Ordinary Share",Shell Companies,科技,营收增长、自由现金流、研发投入效率,251.25,-71.53,8.4%,6.8%,-,33.6%,-,-,未分红/不适用,-,2,3,40,Low,低,数据不足,0,数据年数不足，无法进行可靠筛选
AFRI,US,Forafric Global PLC - Ordinary Shares,Farm Products,通用,ROE、现金流、资产负债率,-,-60.00,332.1%,748.1%,-12221500.00,97.8%,17.4%,-0.69,未分红/不适用,1.6%,4,0,80,Medium,低,排除,0,PB低但近5年出现亏损；10年内亏损年份过多；10年ROE波动较大；资产负债率过高；利息覆盖倍数过低；数据质量为Medium，筛选结果置信度中等
AFRM,US,"Affirm Holdings, Inc. - Class A Common Stock",Credit Services,通用,ROE、现金流、资产负债率,61.43,5.98,-20.8%,17.1%,127517250.00,72.5%,4.8%,1.14,未分红/不适用,33.7%,4,6,80,Medium,中,排除,0,10年内亏损年份过多；10年ROE波动较大；10年净利润波动较大；长期ROE低于5%；资产负债率偏高；利息覆盖倍数过低；资产负债率相对偏高；数据质量为Medium，筛选结果置信度中等
AFYA,US,Afya Limited - Class A Common Shares,Education & Training Services,通用,ROE、现金流、资产负债率,8.12,1.28,13.2%,2.3%,888172500.00,47.7%,16.3%,2.96,未分红/不适用,16.7%,4,6,80,Medium,低,警惕,85,利息覆盖倍数偏低；数据质量为Medium，筛选结果置信度中等
AGAE,US,Allied Gaming & Entertainment Inc. - Common Stock,Entertainment,通用,ROE、现金流、资产负债率,-,0.29,6.1%,39.2%,-10653607.75,31.2%,2.5%,-,未分红/不适用,22.4%,4,0,80,Medium,低,排除,0,PB低但近5年出现亏损；PB低但近5年经营现金流多次为负；10年内亏损年份过多；10年ROE波动较大；10年净利润波动较大；近5年自由现金流多次为负；数据质量为Medium，筛选结果置信度中等
AGCC,US,Agencia Comercial Spirits Ltd - Class A Ordinary Share,Beverages - Wineries & Distilleries,消费,ROE、毛利率稳定性、分红稳定性,467.50,37.70,22.3%,17.6%,-,65.0%,-,367.29,未分红/不适用,164.5%,3,0,60,Medium,低,警惕,85,10年ROE波动较大；数据质量为Medium，筛选结果置信度中等
AGEN,US,Agenus Inc. - Common Stock,Biotechnology,科技,营收增长、自由现金流、研发投入效率,1.75,-0.62,145.5%,155.6%,-174670750.00,222.5%,10.6%,0.94,未分红/不适用,5.2%,4,6,80,Medium,低,排除,0,科技公司自由现金流为负；PB低但近5年出现亏损；PB低但近5年经营现金流多次为负；10年内亏损年份过多；10年ROE波动较大；近5年自由现金流多次为负；资产负债率过高；利息覆盖倍数过低；数据质量为Medium，筛选结果置信度中等
AGH,US,Aureus Greenway Holdings Inc. - Common Stock,Leisure,通用,ROE、现金流、资产负债率,-,2.07,10.0%,28.2%,-543510.50,5.9%,-,-838.11,未分红/不适用,-0.5%,4,6,80,Medium,低,排除,30,10年ROE波动较大；10年净利润波动较大；利息覆盖倍数过低；数据质量为Medium，筛选结果置信度中等
AGIO,US,"Agios Pharmaceuticals, Inc. - Common Stock",Biotechnology,科技,营收增长、自由现金流、研发投入效率,-,1.54,-13.8%,39.5%,-351934750.00,8.0%,-,-,未分红/不适用,56.0%,4,6,80,Medium,低,排除,0,科技公司自由现金流为负；10年内亏损年份过多；10年ROE波动较大；10年净利润波动较大；长期ROE低于5%；近5年自由现金流多次为负；数据质量为Medium，筛选结果置信度中等
AGMH,US,AGM Group Holdings Inc. - Class A Ordinary Shares,Computer Hardware,科技,营收增长、自由现金流、研发投入效率,0.04,0.07,7.0%,32.1%,-7093050.33,64.4%,-,-,未分红/不适用,-4.4%,4,0,80,Medium,低,排除,0,科技公司营收增长转负；科技公司自由现金流为负；PB低但近5年出现亏损；PB低但近5年经营现金流多次为负；10年ROE波动较大；10年净利润波动较大；近5年自由现金流多次为负；数据质量为Medium，筛选结果置信度中等
AGNC,US,AGNC Investment Corp. - Common Stock,REIT - Mortgage,地产,净负债率、现金短债比、资产负债率,8.24,1.19,2.3%,12.5%,-,89.2%,0.5%,-,未分红/不适用,-,4,6,80,Medium,中,排除,0,地产需补充净负债率/现金短债比专项数据；地产资产负债率偏高；10年ROE波动较大；10年净利润波动较大；长期ROE低于5%；资产负债率过高；资产负债率相对偏高；数据质量为Medium，筛选结果置信度中等
AGNT,US,"eXp World Holdings, Inc. - Common Stock",Real Estate Services,地产,净负债率、现金短债比、资产负债率,-,3.16,-4.3%,7.6%,172921000.00,45.1%,4.0%,-,未分红/不适用,1.3%,4,6,80,Medium,低,排除,0,地产需补充净负债率/现金短债比专项数据；10年内亏损年份过多；10年净利润波动较大；长期ROE低于5%；数据质量为Medium，筛选结果置信度中等
AGPU,US,Axe Compute Inc. - Common Stock,Software - Infrastructure,科技,营收增长、自由现金流、研发投入效率,-,0.48,1368.7%,3258.7%,-19320892.25,9.8%,-,-,未分红/不适用,-56.3%,4,6,80,Medium,低,排除,0,科技公司营收增长转负；科技公司自由现金流为负；PB低但近5年出现亏损；PB低但近5年经营现金流多次为负；10年内亏损年份过多；10年ROE波动较大；10年净利润波动较大；近5年自由现金流多次为负；近5年营收明显下滑；数据质量为Medium，筛选结果置信度中等
AGRZ,US,Agroz Inc. - Ordinary Shares,Farm Products,通用,ROE、现金流、资产负债率,3.76,1.72,-27.4%,132.0%,-4691588.67,73.1%,-,4.80,未分红/不适用,277.7%,3,3,60,Medium,中,排除,0,10年ROE波动较大；10年净利润波动较大；长期ROE低于5%；近5年自由现金流多次为负；资产负债率偏高；资产负债率相对偏高；数据质量为Medium，筛选结果置信度中等
AGYS,US,"Agilysys, Inc. - Common Stock",Software - Application,科技,营收增长、自由现金流、研发投入效率,61.64,5.90,15.0%,14.4%,36726750.00,38.8%,30.1%,17.77,未分红/不适用,19.2%,4,0,80,Medium,低,警惕,55,10年ROE波动较大；10年净利润波动较大；商誉占比偏高；数据质量为Medium，筛选结果置信度中等
AHCO,US,AdaptHealth Corp.  - Common Stock,Medical Devices,通用,ROE、现金流、资产负债率,-,0.95,-10.6%,24.4%,145203500.00,64.6%,58.9%,0.86,未分红/不适用,3.0%,4,6,80,Medium,低,排除,0,PB低但近5年出现亏损；10年ROE波动较大；10年净利润波动较大；长期ROE低于5%；商誉占比过高；利息覆盖倍数过低；数据质量为Medium，筛选结果置信度中等
AHMA,US,Ambitions Enterprise Management Co. L.L.C - Class A Ordinary Shares,Travel Services,通用,ROE、现金流、资产负债率,28.75,2.74,20.8%,10.3%,-252466.00,17.0%,-,-,未分红/不适用,21.3%,4,6,80,Medium,低,警惕,85,近5年自由现金流多次为负；数据质量为Medium，筛选结果置信度中等
AIAI,US,AIAI Holdings Corporation - Class A common stock,Conglomerates,通用,ROE、现金流、资产负债率,-,-,-11.7%,-,-,23.4%,23.7%,-59.49,未分红/不适用,-98.8%,2,1,40,Low,低,数据不足,0,10年净利润波动较大；长期ROE低于5%；商誉占比偏高；利息覆盖倍数过低；近5年营收明显下滑；数据年数不足，无法进行可靠筛选
AIDX,US,"20/20 Biolabs, Inc. - Common Stock",Medical Devices,通用,ROE、现金流、资产负债率,-,-115.02,6310.0%,11378.2%,-4523735.00,100.5%,-,-22.94,未分红/不适用,19.8%,3,0,60,Medium,低,排除,0,PB低但近5年出现亏损；PB低但近5年经营现金流多次为负；10年内亏损年份过多；10年ROE波动较大；资产负债率过高；利息覆盖倍数过低；数据质量为Medium，筛选结果置信度中等
AIFC,US,AI Financial Corporation - Common Stock,Software - Infrastructure,科技,营收增长、自由现金流、研发投入效率,-,0.11,155.5%,252.1%,-365225500.00,5.3%,1.0%,-,未分红/不适用,-,4,6,80,Medium,低,排除,0,科技公司自由现金流为负；PB低但近5年出现亏损；10年内亏损年份过多；10年ROE波动较大；10年净利润波动较大；数据质量为Medium，筛选结果置信度中等
AIFF,US,"Firefly Neuroscience, Inc.  - Common Stock",Software - Application,科技,营收增长、自由现金流、研发投入效率,-,3.25,80.1%,2125.8%,-5816666.67,27.1%,49.4%,-124.01,未分红/不适用,-,4,6,80,Medium,低,排除,0,科技公司自由现金流为负；10年内亏损年份过多；10年ROE波动较大；10年净利润波动较大；近5年自由现金流多次为负；商誉占比过高；利息覆盖倍数过低；数据质量为Medium，筛选结果置信度中等
AIFU,US,AIFU Inc. - Class A Ordinary Share,Insurance Brokers,保险,偿付能力、久期缺口、投资收益质量,-,0.53,-109.5%,244.1%,65897000.00,69.2%,-,-611.73,未分红/不适用,-41.5%,4,6,80,Medium,中,排除,0,保险需补充偿付能力/久期缺口专项数据；PB低但近5年出现亏损；10年ROE波动较大；10年净利润波动较大；长期ROE低于5%；利息覆盖倍数过低；近5年营收明显下滑；资产负债率相对偏高；数据质量为Medium，筛选结果置信度中等
AIHS,US,Senmiao Technology Limited - Common Stock,Rental & Leasing Services,科技,营收增长、自由现金流、研发投入效率,-,12.99,-89.3%,229.7%,-3327599.75,94.0%,-,-227.93,未分红/不适用,-11.6%,4,0,80,Medium,低,排除,0,科技公司营收增长转负；科技公司自由现金流为负；10年内亏损年份过多；10年ROE波动较大；长期ROE低于5%；近5年自由现金流多次为负；资产负债率过高；利息覆盖倍数过低；近5年营收增长偏弱；数据质量为Medium，筛选结果置信度中等
AIIO,US,Robo.ai Inc. - Class B Ordinary Shares,Auto Manufacturers,通用,ROE、现金流、资产负债率,-,-1.27,-0.4%,298.1%,-73622500.00,1475.1%,-,-16.06,未分红/不适用,-,4,6,80,Medium,低,排除,0,PB低但近5年出现亏损；PB低但近5年经营现金流多次为负；10年内亏损年份过多；10年ROE波动较大；长期ROE低于5%；近5年自由现金流多次为负；资产负债率过高；利息覆盖倍数过低；数据质量为Medium，筛选结果置信度中等
AIMD,US,"Ainos, Inc. - Common Stock",Scientific & Technical Instruments,通用,ROE、现金流、资产负债率,-,1.59,-97.0%,69.6%,-4735267.00,63.8%,-,-19.75,未分红/不适用,-67.2%,4,6,80,Medium,低,排除,0,10年内亏损年份过多；10年ROE波动较大；长期ROE低于5%；近5年自由现金流多次为负；利息覆盖倍数过低；近5年营收明显下滑；数据质量为Medium，筛选结果置信度中等
AIOS,US,AIOS Tech Inc. - Class A Common Shares,Information Technology Services,科技,营收增长、自由现金流、研发投入效率,-,0.83,9.5%,5.7%,-11698809.00,-,-,-,未分红/不适用,-,4,6,80,Medium,未知,警惕,85,科技公司自由现金流为负；数据质量为Medium，筛选结果置信度中等
AIOT,US,"PowerFleet, Inc. - Common Stock",Software - Infrastructure,科技,营收增长、自由现金流、研发投入效率,-,0.90,-6.8%,4.0%,-13307250.00,50.9%,42.1%,-1.28,未分红/不适用,42.2%,3,6,60,Medium,低,排除,0,科技公司自由现金流为负；PB低但近5年出现亏损；10年内亏损年份过多；10年净利润波动较大；长期ROE低于5%；近5年自由现金流多次为负；商誉占比过高；利息覆盖倍数过低；数据质量为Medium，筛选结果置信度中等
AIP,US,"Arteris, Inc.  - Common Stock",Semiconductors,科技,营收增长、自由现金流、研发投入效率,-,-112.81,688.0%,1442.8%,-5187250.00,112.7%,3.6%,-156.81,未分红/不适用,11.9%,4,6,80,Medium,低,排除,0,科技公司自由现金流为负；PB低但近5年出现亏损；PB低但近5年经营现金流多次为负；10年内亏损年份过多；10年ROE波动较大；近5年自由现金流多次为负；资产负债率过高；利息覆盖倍数过低；数据质量为Medium，筛选结果置信度中等
AIRE,US,reAlpha Tech Corp. - Common Stock,Real Estate Services,地产,净负债率、现金短债比、资产负债率,-,1.48,-437.3%,826.5%,-8457152.25,42.3%,34.3%,-20.59,未分红/不适用,145.5%,4,0,80,Medium,低,排除,0,地产需补充净负债率/现金短债比专项数据；10年内亏损年份过多；10年ROE波动较大；长期ROE低于5%；近5年自由现金流多次为负；商誉占比偏高；利息覆盖倍数过低；数据质量为Medium，筛选结果置信度中等
AIRG,US,"Airgain, Inc. - Common Stock",Communication Equipment,通用,ROE、现金流、资产负债率,-,3.16,-28.0%,8.2%,-1292750.00,37.6%,23.9%,-,未分红/不适用,-12.0%,4,6,80,Medium,低,排除,0,10年内亏损年份过多；长期ROE低于5%；近5年自由现金流多次为负；商誉占比偏高；近5年营收增长偏弱；数据质量为Medium，筛选结果置信度中等
AIRJ,US,AirJoule Technologies Corporation - Class A Common Stock,Building Products & Equipment,通用,ROE、现金流、资产负债率,-,0.90,91.7%,98.3%,-11710998.67,21.3%,-,-,未分红/不适用,-,4,6,80,Medium,低,排除,0,PB低但近5年出现亏损；PB低但近5年经营现金流多次为负；10年内亏损年份过多；10年ROE波动较大；10年净利润波动较大；近5年自由现金流多次为负；数据质量为Medium，筛选结果置信度中等
AIRO,US,"AIRO Group Holdings, Inc. - Common Stock",Aerospace & Defense,通用,ROE、现金流、资产负债率,-,0.28,-4.3%,2.8%,263751.00,4.5%,73.8%,1.30,未分红/不适用,74.6%,4,6,80,Medium,低,排除,0,PB低但近5年出现亏损；10年内亏损年份过多；长期ROE低于5%；商誉占比过高；利息覆盖倍数过低；数据质量为Medium，筛选结果置信度中等
AIRS,US,"AirSculpt Technologies, Inc. - Common Stock",Medical Care Facilities,通用,ROE、现金流、资产负债率,-,3.34,-12.3%,6.6%,5899500.00,53.2%,43.6%,-1.90,未分红/不适用,-3.5%,4,6,80,Medium,低,排除,0,10年内亏损年份过多；长期ROE低于5%；商誉占比过高；利息覆盖倍数过低；数据质量为Medium，筛选结果置信度中等
AIRT,US,"Air T, Inc. - Common Stock",Conglomerates,通用,ROE、现金流、资产负债率,-,-49.10,-2.7%,152.2%,1252000.00,96.8%,6.1%,0.42,未分红/不适用,18.1%,4,0,80,Medium,低,排除,0,PB低但近5年出现亏损；10年内亏损年份过多；10年ROE波动较大；10年净利润波动较大；长期ROE低于5%；资产负债率过高；利息覆盖倍数过低；数据质量为Medium，筛选结果置信度中等
AISP,US,"Airship AI Holdings, Inc - Class A Common Stock",Software - Infrastructure,科技,营收增长、自由现金流、研发投入效率,19.38,-12.06,-97.4%,224.2%,-,136.7%,-,-,未分红/不适用,1.7%,4,6,80,Medium,低,排除,0,PB低但近5年出现亏损；PB低但近5年经营现金流多次为负；10年ROE波动较大；10年净利润波动较大；长期ROE低于5%；资产负债率过高；数据质量为Medium，筛选结果置信度中等
AIXC,US,"AIxCrypto Holdings, Inc. - Common Stock",Software - Infrastructure,科技,营收增长、自由现金流、研发投入效率,-,-1.79,21.5%,420.2%,-18555766.00,10.6%,-,-16.16,未分红/不适用,-,4,6,80,Medium,低,排除,0,科技公司自由现金流为负；PB低但近5年出现亏损；PB低但近5年经营现金流多次为负；10年内亏损年份过多；10年ROE波动较大；利息覆盖倍数过低；数据质量为Medium，筛选结果置信度中等
AKAM,US,"Akamai Technologies, Inc. - Common Stock",Software - Infrastructure,科技,营收增长、自由现金流、研发投入效率,52.59,4.62,10.8%,1.4%,741985500.00,56.6%,27.9%,20.58,未分红/不适用,5.2%,4,6,80,Medium,低,警惕,85,商誉占比偏高；数据质量为Medium，筛选结果置信度中等
AKAN,US,Akanda Corp. - Common Shares,Drug Manufacturers - Specialty & Generic,通用,ROE、现金流、资产负债率,0.04,0.24,268.3%,435.9%,-6623613.75,46.0%,-,-31.65,未分红/不适用,172.3%,4,0,80,Medium,低,排除,0,PB低但近5年出现亏损；PB低但近5年经营现金流多次为负；10年内亏损年份过多；10年ROE波动较大；10年净利润波动较大；近5年自由现金流多次为负；利息覆盖倍数过低；数据质量为Medium，筛选结果置信度中等
AKBA,US,"Akebia Therapeutics, Inc. - Common Stock",Drug Manufacturers - Specialty & Generic,通用,ROE、现金流、资产负债率,-,11.08,-376.8%,953.4%,-18022000.00,91.3%,15.7%,0.85,未分红/不适用,-6.9%,4,6,80,Medium,中,排除,0,10年内亏损年份过多；10年ROE波动较大；长期ROE低于5%；资产负债率过高；利息覆盖倍数过低；近5年营收增长偏弱；资产负债率相对偏高；数据质量为Medium，筛选结果置信度中等
AKTS,US,"Aktis Oncology, Inc. - Common stock",Biotechnology,科技,营收增长、自由现金流、研发投入效率,-,2.13,62.2%,22.0%,-29002750.00,155.2%,-,-,未分红/不适用,-,4,0,80,Medium,低,排除,0,科技公司自由现金流为负；10年内亏损年份过多；10年ROE波动较大；近5年自由现金流多次为负；资产负债率过高；数据质量为Medium，筛选结果置信度中等
ALAB,US,"Astera Labs, Inc. - Common Stock",Semiconductors,科技,营收增长、自由现金流、研发投入效率,153.45,26.21,25.7%,32.1%,82236250.00,11.0%,-,-,未分红/不适用,120.2%,4,0,80,Medium,低,排除,30,10年内亏损年份过多；10年ROE波动较大；10年净利润波动较大；数据质量为Medium，筛选结果置信度中等
ALBT,US,Avalon GloboCare Corp. - Common Stock,Real Estate Services,地产,净负债率、现金短债比、资产负债率,-,-0.19,-160.7%,60.8%,-11282786.00,60.6%,54.7%,-11.03,未分红/不适用,-,4,6,80,Medium,低,排除,0,地产需补充净负债率/现金短债比专项数据；PB低但近5年出现亏损；PB低但近5年经营现金流多次为负；10年内亏损年份过多；10年ROE波动较大；长期ROE低于5%；商誉占比过高；利息覆盖倍数过低；数据质量为Medium，筛选结果置信度中等
ALCO,US,"Alico, Inc. - Common Stock",Farm Products,通用,ROE、现金流、资产负债率,-,2.98,-33.6%,73.0%,-17716000.00,46.4%,1.1%,-37.35,未分红/不适用,-21.7%,4,6,80,Medium,低,排除,0,10年ROE波动较大；10年净利润波动较大；长期ROE低于5%；近5年自由现金流多次为负；利息覆盖倍数过低；近5年营收明显下滑；数据质量为Medium，筛选结果置信度中等
ALDF,US,Aldel Financial II Inc. - Class A Ordinary Shares,Shell Companies,通用,ROE、现金流、资产负债率,48.41,484.09,2.3%,2.1%,-,0.0%,-,-,未分红/不适用,-,2,0,40,Low,低,数据不足,0,10年净利润波动较大；长期ROE低于5%；数据年数不足，无法进行可靠筛选
ALDX,US,"Aldeyra Therapeutics, Inc. - Common Stock",Biotechnology,科技,营收增长、自由现金流、研发投入效率,-,2.37,-56.9%,24.2%,-56653504.00,38.6%,-,-16.76,未分红/不适用,-,4,6,80,Medium,低,排除,0,科技公司自由现金流为负；10年内亏损年份过多；10年ROE波动较大；长期ROE低于5%；利息覆盖倍数过低；数据质量为Medium，筛选结果置信度中等
ALEC,US,"Alector, Inc. - Common Stock",Biotechnology,科技,营收增长、自由现金流、研发投入效率,-,24.47,-179.9%,191.6%,-156555250.00,89.5%,-,-,未分红/不适用,-46.0%,4,6,80,Medium,中,排除,0,科技公司营收增长转负；科技公司自由现金流为负；10年内亏损年份过多；10年ROE波动较大；长期ROE低于5%；近5年自由现金流多次为负；资产负债率过高；近5年营收明显下滑；资产负债率相对偏高；数据质量为Medium，筛选结果置信度中等
ALGM,US,"Allegro MicroSystems, Inc. - Common Stock",Semiconductors,科技,营收增长、自由现金流、研发投入效率,-,8.73,10.3%,12.4%,69335000.00,-,-,-,未分红/不适用,-1.9%,4,6,80,Medium,未知,警惕,55,科技公司营收增长转负；10年ROE波动较大；10年净利润波动较大；数据质量为Medium，筛选结果置信度中等
ALGN,US,"Align Technology, Inc. - Common Stock",Medical Instruments & Supplies,科技,营收增长、自由现金流、研发投入效率,26.93,2.77,10.8%,1.0%,499580250.00,35.0%,7.9%,-,未分红/不适用,2.6%,4,6,80,Medium,低,通过,85,数据质量为Medium，筛选结果置信度中等
ALGS,US,"Aligos Therapeutics, Inc. - Common stock",Biotechnology,科技,营收增长、自由现金流、研发投入效率,-,1.30,55.0%,266.2%,-80790250.00,39.5%,-,-,未分红/不适用,-46.0%,4,6,80,Medium,低,排除,0,科技公司营收增长转负；科技公司自由现金流为负；10年内亏损年份过多；10年ROE波动较大；近5年自由现金流多次为负；近5年营收明显下滑；数据质量为Medium，筛选结果置信度中等
ALGT,US,Allegiant Travel Company - Common Stock,Airlines,通用,ROE、现金流、资产负债率,-,1.34,-4.3%,13.0%,-30865500.00,75.0%,-,0.59,未分红/不适用,4.2%,4,6,80,Medium,中,排除,0,10年ROE波动较大；10年净利润波动较大；长期ROE低于5%；资产负债率偏高；利息覆盖倍数过低；资产负债率相对偏高；数据质量为Medium，筛选结果置信度中等
ALHC,US,"Alignment Healthcare, Inc. - Common Stock",Healthcare Plans,通用,ROE、现金流、资产负债率,165.60,16.54,-71.4%,54.4%,-14471250.00,83.2%,3.0%,0.94,未分红/不适用,40.2%,4,6,80,Medium,中,排除,0,10年内亏损年份过多；10年ROE波动较大；长期ROE低于5%；近5年自由现金流多次为负；资产负债率偏高；利息覆盖倍数过低；资产负债率相对偏高；数据质量为Medium，筛选结果置信度中等
ALKS,US,Alkermes plc - Ordinary Shares,Drug Manufacturers - Specialty & Generic,通用,ROE、现金流、资产负债率,42.62,3.65,13.2%,20.1%,305517000.00,26.8%,3.3%,24.74,未分红/不适用,9.9%,4,6,80,Medium,低,警惕,70,10年ROE波动较大；10年净利润波动较大；数据质量为Medium，筛选结果置信度中等
ALKT,US,"Alkami Technology, Inc. - Common Stock",Software - Application,科技,营收增长、自由现金流、研发投入效率,-,4.80,-15.4%,3.7%,-5331250.00,57.3%,47.6%,-5.22,未分红/不适用,29.5%,4,6,80,Medium,低,排除,0,科技公司自由现金流为负；10年内亏损年份过多；长期ROE低于5%；商誉占比过高；利息覆盖倍数过低；数据质量为Medium，筛选结果置信度中等
ALLO,US,"Allogene Therapeutics, Inc. - Common Stock",Biotechnology,科技,营收增长、自由现金流、研发投入效率,-,1.68,-60.3%,6.4%,-203896250.00,29.7%,-,-176.57,未分红/不适用,-,4,6,80,Medium,低,排除,0,科技公司自由现金流为负；10年内亏损年份过多；长期ROE低于5%；近5年自由现金流多次为负；利息覆盖倍数过低；数据质量为Medium，筛选结果置信度中等
ALLR,US,"Allarity Therapeutics, Inc. - Common stock",Biotechnology,科技,营收增长、自由现金流、研发投入效率,-,2.93,-184.7%,525.6%,-16437666.67,46.2%,-,-59.71,未分红/不适用,-,4,6,80,Medium,低,排除,0,科技公司自由现金流为负；10年内亏损年份过多；10年ROE波动较大；长期ROE低于5%；近5年自由现金流多次为负；利息覆盖倍数过低；数据质量为Medium，筛选结果置信度中等
ALLT,US,Allot Ltd. - Ordinary Shares,Software - Infrastructure,科技,营收增长、自由现金流、研发投入效率,92.50,3.13,-41.5%,58.2%,-13056250.00,34.4%,18.4%,68.64,未分红/不适用,-6.0%,4,6,80,Medium,低,排除,0,科技公司营收增长转负；科技公司自由现金流为负；10年内亏损年份过多；10年ROE波动较大；10年净利润波动较大；长期ROE低于5%；近5年营收增长偏弱；数据质量为Medium，筛选结果置信度中等
ALM,US,Almonty Industries Inc. - Common Shares,Other Industrial Metals & Mining,周期,利润波动、ROE波动、资本开支周期,-,18.42,-35.4%,12.0%,-44852250.00,39.3%,-,-39.03,未分红/不适用,9.5%,4,6,80,Medium,低,排除,0,周期行业利润弹性过大；10年内亏损年份过多；10年ROE波动较大；10年净利润波动较大；长期ROE低于5%；近5年自由现金流多次为负；利息覆盖倍数过低；数据质量为Medium，筛选结果置信度中等
ALMR,US,"Alamar Biosciences, Inc. - Class A common stock",Medical Devices,通用,ROE、现金流、资产负债率,-,-4.13,27.0%,11.7%,-59297000.00,213.5%,-,-71.70,未分红/不适用,195.2%,2,0,40,Low,低,数据不足,0,PB低但近5年出现亏损；资产负债率过高；利息覆盖倍数过低；数据年数不足，无法进行可靠筛选
ALMS,US,Alumis Inc. - Common Stock,Biotechnology,科技,营收增长、自由现金流、研发投入效率,-,8.56,-22.7%,86.8%,-217897000.00,26.9%,-,-,未分红/不适用,-,4,0,80,Medium,低,排除,0,科技公司自由现金流为负；10年内亏损年份过多；10年ROE波动较大；长期ROE低于5%；近5年自由现金流多次为负；数据质量为Medium，筛选结果置信度中等
ALMU,US,"Aeluma, Inc. - Common Stock",Semiconductors,科技,营收增长、自由现金流、研发投入效率,-,11.76,-93.3%,77.5%,-3151243.75,7.8%,-,-3.23,未分红/不适用,-,4,0,80,Medium,低,排除,0,科技公司自由现金流为负；10年内亏损年份过多；10年ROE波动较大；长期ROE低于5%；近5年自由现金流多次为负；利息覆盖倍数过低；数据质量为Medium，筛选结果置信度中等
ALNT,US,Allient Inc. - Common Stock,Electronic Components,科技,营收增长、自由现金流、研发投入效率,44.43,3.54,7.5%,2.3%,16743500.00,-,-,3.18,未分红/不适用,3.3%,3,6,60,Medium,未知,警惕,85,长期ROE偏低但PE不低；数据质量为Medium，筛选结果置信度中等
ALNY,US,"Alnylam Pharmaceuticals, Inc. - Common Stock",Biotechnology,科技,营收增长、自由现金流、研发投入效率,73.55,36.41,134.9%,466.1%,-37148500.00,84.1%,-,2.28,未分红/不适用,53.0%,4,6,80,Medium,中,排除,0,科技公司自由现金流为负；10年内亏损年份过多；10年ROE波动较大；10年净利润波动较大；资产负债率偏高；利息覆盖倍数偏低；资产负债率相对偏高；数据质量为Medium，筛选结果置信度中等
ALOT,US,"AstroNova, Inc. - Common Stock",Computer Hardware,科技,营收增长、自由现金流、研发投入效率,-,1.46,-3.5%,11.0%,5850750.00,44.1%,12.6%,0.28,未分红/不适用,1.8%,4,6,80,Medium,低,排除,5,10年净利润波动较大；长期ROE低于5%；利息覆盖倍数过低；数据质量为Medium，筛选结果置信度中等
ALOV,US,"Aldabra 4 Liquidity Opportunity Vehicle, Inc. - Class A Ordinary Shares",Shell Companies,通用,ROE、现金流、资产负债率,-,-1238.75,147.1%,-,-,118.6%,-,-,未分红/不适用,-,1,0,20,Low,低,数据不足,0,PB低但近5年出现亏损；资产负债率过高；数据年数不足，无法进行可靠筛选
ALP,US,Alpha Compute Corp  - Common Stock,Asset Management,通用,ROE、现金流、资产负债率,-,0.20,869.2%,3202.8%,-12076000.00,137.2%,-,-2259.33,未分红/不适用,-,4,0,80,Medium,低,排除,0,PB低但近5年出现亏损；PB低但近5年经营现金流多次为负；10年内亏损年份过多；10年ROE波动较大；10年净利润波动较大；资产负债率过高；利息覆盖倍数过低；数据质量为Medium，筛选结果置信度中等
ALPS,US,ALPS Group Inc - Ordinary Share,-,通用,ROE、现金流、资产负债率,-,19.11,30.6%,224.5%,-1222884.33,115.6%,-,-51.38,未分红/不适用,-3.2%,3,0,60,Medium,低,排除,0,10年内亏损年份过多；10年ROE波动较大；近5年自由现金流多次为负；资产负债率过高；利息覆盖倍数过低；数据质量为Medium，筛选结果置信度中等
ALRM,US,"Alarm.com Holdings, Inc. - Common Stock",Software - Application,科技,营收增长、自由现金流、研发投入效率,17.57,2.43,13.5%,3.5%,119749750.00,58.3%,10.5%,10.63,未分红/不适用,6.3%,4,6,80,Medium,低,通过,85,数据质量为Medium，筛选结果置信度中等
ALRS,US,Alerus Financial Corporation - Common Stock,Banks - Regional,银行,不良率、拨备覆盖、资本充足率,25.50,1.17,5.3%,4.0%,48282500.00,89.2%,1.6%,-,未分红/不适用,1.9%,4,6,80,Medium,中,排除,15,银行需补充不良率/拨备/资本充足率专项数据；长期ROE偏低但PE不低；资产负债率过高；资产负债率相对偏高；数据质量为Medium，筛选结果置信度中等
ALT,US,"Altimmune, Inc. - Common Stock",Biotechnology,科技,营收增长、自由现金流、研发投入效率,-,1.44,-51.9%,17.0%,-68705000.00,19.7%,-,-53.26,未分红/不适用,-,4,6,80,Medium,低,排除,0,科技公司自由现金流为负；10年内亏损年份过多；10年ROE波动较大；长期ROE低于5%；近5年自由现金流多次为负；利息覆盖倍数过低；数据质量为Medium，筛选结果置信度中等
ALTI,US,"AlTi Global, Inc. - Class A Common Stock",Asset Management,通用,ROE、现金流、资产负债率,-,1.42,-29.0%,14.2%,-54083000.00,25.6%,32.8%,-301.97,未分红/不适用,49.1%,4,6,80,Medium,低,排除,0,10年内亏损年份过多；10年ROE波动较大；长期ROE低于5%；近5年自由现金流多次为负；商誉占比偏高；利息覆盖倍数过低；数据质量为Medium，筛选结果置信度中等
ALTO,US,"Alto Ingredients, Inc. - Common Stock",Specialty Chemicals,周期,利润波动、ROE波动、资本开支周期,12.59,1.45,-11.1%,13.0%,-11285000.00,36.9%,-,2.18,未分红/不适用,-11.8%,4,6,80,Medium,低,排除,0,周期行业利润弹性过大；10年内亏损年份过多；10年ROE波动较大；10年净利润波动较大；长期ROE低于5%；近5年自由现金流多次为负；利息覆盖倍数偏低；近5年营收增长偏弱；数据质量为Medium，筛选结果置信度中等
ALVO,US,Alvotech - Ordinary Shares,Drug Manufacturers - Specialty & Generic,通用,ROE、现金流、资产负债率,34.30,-3.79,49.1%,42.3%,-290054500.00,119.1%,0.9%,2.00,未分红/不适用,91.9%,4,6,80,Medium,低,排除,0,PB低但近5年出现亏损；PB低但近5年经营现金流多次为负；10年内亏损年份过多；10年ROE波动较大；10年净利润波动较大；近5年自由现金流多次为负；资产负债率过高；利息覆盖倍数偏低；数据质量为Medium，筛选结果置信度中等
ALXO,US,ALX Oncology Holdings Inc. - Common Stock,Biotechnology,科技,营收增长、自由现金流、研发投入效率,-,4.27,-160.4%,156.8%,-107250250.00,56.0%,-,-62.48,未分红/不适用,-,4,6,80,Medium,低,排除,0,科技公司自由现金流为负；10年内亏损年份过多；10年ROE波动较大；长期ROE低于5%；近5年自由现金流多次为负；利息覆盖倍数过低；数据质量为Medium，筛选结果置信度中等
ALZN,US,"Alzamend Neuro, Inc. - Common Stock",Biotechnology,科技,营收增长、自由现金流、研发投入效率,-,1.79,-77.9%,357.3%,-7335290.00,13.8%,-,-249.42,未分红/不适用,-,4,0,80,Medium,低,排除,0,科技公司自由现金流为负；10年内亏损年份过多；10年ROE波动较大；长期ROE低于5%；近5年自由现金流多次为负；利息覆盖倍数过低；数据质量为Medium，筛选结果置信度中等
AMAL,US,Amalgamated Financial Corp. - Common Stock,Banks - Regional,银行,不良率、拨备覆盖、资本充足率,11.75,1.49,14.8%,1.2%,129523500.00,91.0%,0.1%,-,未分红/不适用,7.4%,4,6,80,Medium,中,排除,30,银行需补充不良率/拨备/资本充足率专项数据；资产负债率过高；资产负债率相对偏高；数据质量为Medium，筛选结果置信度中等
AMAT,US,"Applied Materials, Inc. - Common Stock",Semiconductor Equipment & Materials,科技,营收增长、自由现金流、研发投入效率,45.23,16.10,41.9%,8.4%,6347750000.00,43.8%,10.2%,35.46,未分红/不适用,3.2%,4,6,80,Medium,低,通过,85,数据质量为Medium，筛选结果置信度中等
AMBA,US,"Ambarella, Inc. - Ordinary Shares",Semiconductor Equipment & Materials,科技,营收增长、自由现金流、研发投入效率,-,5.90,-18.7%,8.9%,29387250.00,25.5%,38.0%,-,未分红/不适用,5.0%,4,6,80,Medium,低,排除,5,10年内亏损年份过多；长期ROE低于5%；商誉占比偏高；数据质量为Medium，筛选结果置信度中等
AMCI,US,AMC Robotics Corporation - Common Stock,Computer Hardware,科技,营收增长、自由现金流、研发投入效率,-,11.45,53.1%,33.1%,-,131.7%,-,-27.55,未分红/不适用,-24.5%,3,0,60,Medium,低,排除,0,科技公司营收增长转负；10年内亏损年份过多；10年ROE波动较大；10年净利润波动较大；资产负债率过高；利息覆盖倍数过低；近5年营收明显下滑；数据质量为Medium，筛选结果置信度中等
AMCX,US,AMC Global Media Inc. - Class A Common Stock,Entertainment,通用,ROE、现金流、资产负债率,9.34,0.38,1.0%,20.0%,227370250.00,74.2%,4.2%,1.86,未分红/不适用,-9.3%,4,6,80,Medium,中,排除,0,PB低但近5年出现亏损；10年ROE波动较大；10年净利润波动较大；长期ROE低于5%；资产负债率偏高；利息覆盖倍数偏低；近5年营收增长偏弱；资产负债率相对偏高；数据质量为Medium，筛选结果置信度中等
AMD,US,"Advanced Micro Devices, Inc. - Common Stock",Semiconductors,科技,营收增长、自由现金流、研发投入效率,150.91,11.37,3.4%,2.4%,3344000000.00,18.1%,32.7%,32.60,未分红/不适用,13.6%,4,6,80,Medium,低,排除,45,长期ROE低于5%；商誉占比偏高；数据质量为Medium，筛选结果置信度中等
AMGN,US,Amgen Inc. - Common Stock,Drug Manufacturers - General,通用,ROE、现金流、资产负债率,23.41,19.75,111.4%,47.7%,8659500000.00,90.4%,20.6%,4.26,未分红/不适用,11.8%,4,6,80,Medium,中,排除,15,10年ROE波动较大；资产负债率过高；商誉占比偏高；资产负债率相对偏高；数据质量为Medium，筛选结果置信度中等
AMIX,US,"Autonomix Medical, Inc. - Common Stock",Medical Devices,通用,ROE、现金流、资产负债率,-,0.43,-217.4%,85.1%,-7469500.00,17.4%,-,-63.83,未分红/不适用,-,3,0,60,Medium,低,排除,0,PB低但近5年出现亏损；PB低但近5年经营现金流多次为负；10年内亏损年份过多；10年ROE波动较大；长期ROE低于5%；利息覆盖倍数过低；数据质量为Medium，筛选结果置信度中等
AMKR,US,"Amkor Technology, Inc. - Common Stock",Semiconductor Equipment & Materials,科技,营收增长、自由现金流、研发投入效率,41.43,3.94,11.7%,6.1%,311769750.00,-,-,6.89,未分红/不适用,-1.8%,0,10,0,Insufficient,低,数据不足,0,科技公司营收增长转负；数据年数不足，无法进行可靠筛选
AMLX,US,"Amylyx Pharmaceuticals, Inc. - Common Stock",Drug Manufacturers - Specialty & Generic,通用,ROE、现金流、资产负债率,-,5.64,-69.4%,81.8%,-115751000.00,8.2%,-,-,未分红/不适用,-,4,6,80,Medium,低,排除,0,10年内亏损年份过多；10年ROE波动较大；10年净利润波动较大；长期ROE低于5%；近5年自由现金流多次为负；数据质量为Medium，筛选结果置信度中等
AMOD,US,"Alpha Modus Holdings, Inc. - Class A Common Stock",Software - Application,科技,营收增长、自由现金流、研发投入效率,-,-0.19,20.1%,23.6%,-3218232.00,6100.1%,-,-1.01,未分红/不适用,-,4,0,80,Medium,低,排除,0,科技公司自由现金流为负；PB低但近5年出现亏损；PB低但近5年经营现金流多次为负；10年内亏损年份过多；10年ROE波动较大；10年净利润波动较大；资产负债率过高；利息覆盖倍数过低；数据质量为Medium，筛选结果置信度中等
AMPG,US,"Amplitech Group, Inc. - Common Stock",Communication Equipment,通用,ROE、现金流、资产负债率,-,1.81,-15.7%,12.3%,-7095824.25,36.2%,9.1%,-,未分红/不适用,9.1%,4,6,80,Medium,低,排除,0,10年内亏损年份过多；10年ROE波动较大；10年净利润波动较大；长期ROE低于5%；近5年自由现金流多次为负；数据质量为Medium，筛选结果置信度中等
AMPH,US,"Amphastar Pharmaceuticals, Inc. - Common Stock",Drug Manufacturers - Specialty & Generic,通用,ROE、现金流、资产负债率,10.42,1.00,18.3%,4.4%,125453000.00,51.6%,0.2%,5.85,未分红/不适用,13.0%,4,6,80,Medium,低,通过,85,数据质量为Medium，筛选结果置信度中等
AMPL,US,"Amplitude, Inc. - Class A Common Stock",Software - Application,科技,营收增长、自由现金流、研发投入效率,-,3.74,-32.6%,2.4%,11615000.00,41.7%,6.0%,-,未分红/不适用,13.0%,4,6,80,Medium,低,排除,20,10年内亏损年份过多；长期ROE低于5%；数据质量为Medium，筛选结果置信度中等
AMRX,US,"Amneal Pharmaceuticals, Inc. - Class A Common Stock",Drug Manufacturers - Specialty & Generic,通用,ROE、现金流、资产负债率,33.05,-86.13,-115.7%,223.9%,174159250.00,101.9%,16.2%,1.58,未分红/不适用,10.9%,4,6,80,Medium,低,排除,0,PB低但近5年出现亏损；10年内亏损年份过多；10年ROE波动较大；10年净利润波动较大；长期ROE低于5%；资产负债率过高；利息覆盖倍数偏低；数据质量为Medium，筛选结果置信度中等
AMSC,US,American Superconductor Corporation - Common Stock,Specialty Industrial Machinery,通用,ROE、现金流、资产负债率,17.99,4.85,-16.3%,19.6%,-4140500.00,36.5%,15.5%,-,未分红/不适用,27.1%,4,0,80,Medium,低,排除,0,10年内亏损年份过多；10年ROE波动较大；10年净利润波动较大；长期ROE低于5%；数据质量为Medium，筛选结果置信度中等
AMSF,US,"AMERISAFE, Inc. - Common Stock",Insurance - Specialty,保险,偿付能力、久期缺口、投资收益质量,12.57,2.31,19.8%,2.0%,21916500.00,77.7%,-,-,未分红/不适用,2.5%,4,6,80,Medium,中,需专项分析,55,保险需补充偿付能力/久期缺口专项数据；资产负债率偏高；资产负债率相对偏高；数据质量为Medium，筛选结果置信度中等
AMST,US,Amesite Inc. - Common Stock,Software - Application,科技,营收增长、自由现金流、研发投入效率,-,2.52,-121.7%,44.4%,-4273919.00,11.6%,-,-,未分红/不适用,-45.9%,4,6,80,Medium,低,排除,0,科技公司营收增长转负；科技公司自由现金流为负；10年内亏损年份过多；10年ROE波动较大；长期ROE低于5%；近5年自由现金流多次为负；近5年营收明显下滑；数据质量为Medium，筛选结果置信度中等
AMTX,US,"Aemetis, Inc - Common Stock",Specialty Chemicals,周期,利润波动、ROE波动、资本开支周期,-,-0.50,33.3%,14.3%,-39309750.00,218.1%,-,-0.76,未分红/不适用,-6.8%,4,6,80,Medium,低,排除,0,PB低但近5年出现亏损；10年内亏损年份过多；10年ROE波动较大；近5年自由现金流多次为负；资产负债率过高；利息覆盖倍数过低；近5年营收增长偏弱；数据质量为Medium，筛选结果置信度中等
AMWD,US,American Woodmark Corporation - Common Stock,"Furnishings, Fixtures & Appliances",通用,ROE、现金流、资产负债率,30.30,0.58,7.6%,7.7%,86247500.00,41.7%,48.9%,13.24,未分红/不适用,-2.7%,4,0,80,Medium,低,排除,0,PB低但近5年出现亏损；10年净利润波动较大；长期ROE偏低但PE不低；商誉占比过高；数据质量为Medium，筛选结果置信度中等
AMZN,US,"Amazon.com, Inc. - Common Stock",Internet Retail,科技,营收增长、自由现金流、研发投入效率,31.96,6.50,13.2%,10.3%,13974250000.00,49.8%,2.8%,43.79,未分红/不适用,11.7%,4,6,80,Medium,低,警惕,85,10年净利润波动较大；数据质量为Medium，筛选结果置信度中等
ANAB,US,"AnaptysBio, Inc. - Common Stock",Biotechnology,科技,营收增长、自由现金流、研发投入效率,-,141.66,-118.8%,88.8%,-77910750.00,89.8%,-,0.84,未分红/不适用,183.6%,4,6,80,Medium,中,排除,0,科技公司自由现金流为负；10年内亏损年份过多；10年ROE波动较大；长期ROE低于5%；近5年自由现金流多次为负；资产负债率过高；利息覆盖倍数过低；资产负债率相对偏高；数据质量为Medium，筛选结果置信度中等
ANDE,US,"The Andersons, Inc. - Common Stock",Food Distribution,消费,ROE、毛利率稳定性、分红稳定性,19.26,1.92,8.7%,1.5%,267469000.00,65.2%,3.4%,4.00,未分红/不适用,-14.0%,4,6,80,Medium,低,警惕,70,消费公司长期ROE不够突出；近5年营收增长偏弱；数据质量为Medium，筛选结果置信度中等
ANGH,US,Anghami Inc. - Ordinary Shares,Entertainment,通用,ROE、现金流、资产负债率,-,1.20,220.5%,673.8%,-25586378.00,77.1%,-,-16.18,未分红/不适用,27.0%,4,6,80,Medium,中,排除,0,10年内亏损年份过多；10年ROE波动较大；近5年自由现金流多次为负；资产负债率偏高；利息覆盖倍数过低；资产负债率相对偏高；数据质量为Medium，筛选结果置信度中等
ANGI,US,Angi Inc. - Class A Common Stock,Internet Content & Information,科技,营收增长、自由现金流、研发投入效率,11.52,0.21,-2.0%,7.8%,32062250.00,44.8%,53.0%,4.05,未分红/不适用,-16.4%,4,6,80,Medium,低,排除,0,科技公司营收增长转负；PB低但近5年出现亏损；10年净利润波动较大；长期ROE低于5%；商誉占比过高；近5年营收明显下滑；数据质量为Medium，筛选结果置信度中等
ANGO,US,"AngioDynamics, Inc. - Common Stock",Medical Instruments & Supplies,通用,ROE、现金流、资产负债率,-,2.65,-32.1%,38.7%,-16070750.00,34.7%,-,-,未分红/不适用,-2.6%,4,6,80,Medium,低,排除,0,10年内亏损年份过多；10年ROE波动较大；10年净利润波动较大；长期ROE低于5%；近5年自由现金流多次为负；数据质量为Medium，筛选结果置信度中等
ANIK,US,Anika Therapeutics Inc. - Common Stock,Drug Manufacturers - Specialty & Generic,通用,ROE、现金流、资产负债率,-,1.53,-22.1%,18.2%,-2215250.00,24.6%,4.2%,-,未分红/不适用,-0.3%,4,6,80,Medium,低,排除,0,10年内亏损年份过多；10年ROE波动较大；10年净利润波动较大；长期ROE低于5%；近5年自由现金流多次为负；数据质量为Medium，筛选结果置信度中等
ANIP,US,"ANI Pharmaceuticals, Inc. - Common Stock",Drug Manufacturers - Specialty & Generic,通用,ROE、现金流、资产负债率,20.35,3.02,0.0%,12.2%,62689500.00,62.5%,4.3%,5.78,未分红/不适用,40.8%,4,6,80,Medium,低,排除,30,10年ROE波动较大；10年净利润波动较大；长期ROE低于5%；数据质量为Medium，筛选结果置信度中等
ANIX,US,"Anixa Biosciences, Inc. - Common Stock",Biotechnology,科技,营收增长、自由现金流、研发投入效率,-,6.41,-55.5%,14.5%,-,13.2%,-,-,未分红/不适用,-,4,6,80,Medium,低,排除,5,10年内亏损年份过多；10年ROE波动较大；长期ROE低于5%；数据质量为Medium，筛选结果置信度中等
ANNA,US,"AleAnna, Inc. - Class A Common Stock",Oil & Gas E&P,周期,利润波动、ROE波动、资本开支周期,92.25,2.71,-0.4%,4.5%,-16181206.00,42.1%,-,-,未分红/不适用,-,4,0,80,Medium,低,排除,0,周期行业利润弹性过大；10年内亏损年份过多；10年净利润波动较大；长期ROE低于5%；近5年自由现金流多次为负；数据质量为Medium，筛选结果置信度中等
ANNX,US,"Annexon, Inc. - common stock",Biotechnology,科技,营收增长、自由现金流、研发投入效率,-,4.27,-64.9%,22.6%,-137171000.00,23.7%,-,-,未分红/不适用,-,4,6,80,Medium,低,排除,0,科技公司自由现金流为负；10年内亏损年份过多；10年ROE波动较大；长期ROE低于5%；近5年自由现金流多次为负；数据质量为Medium，筛选结果置信度中等
ANPA,US,Rich Sparkle Holdings Limited - Ordinary Shares,Specialty Business Services,通用,ROE、现金流、资产负债率,613.00,30.20,42.9%,36.5%,-273757.50,33.5%,-,4.35,未分红/不适用,-1.1%,4,0,80,Medium,低,警惕,85,10年ROE波动较大；数据质量为Medium，筛选结果置信度中等
ANTA,US,Antalpha Platform Holding Company - Class A Ordinary Shares,Credit Services,通用,ROE、现金流、资产负债率,11.51,1.85,-9.0%,37.2%,-9561655.00,91.6%,0.9%,43.58,未分红/不适用,165.9%,3,0,60,Medium,中,排除,0,10年ROE波动较大；10年净利润波动较大；长期ROE低于5%；近5年自由现金流多次为负；资产负债率过高；资产负债率相对偏高；数据质量为Medium，筛选结果置信度中等
ANTX,US,"AN2 Therapeutics, Inc. - Common Stock",Biotechnology,科技,营收增长、自由现金流、研发投入效率,-,2.40,-56.0%,10.6%,-,14.4%,-,-,未分红/不适用,-,4,6,80,Medium,低,排除,20,10年内亏损年份过多；长期ROE低于5%；数据质量为Medium，筛选结果置信度中等
ANY,US,Sphere 3D Corp. - Common Shares,Capital Markets,金融,杠杆、资产质量、资本约束,-,0.35,-189.4%,244.4%,-23497000.00,7.2%,-,-,未分红/不适用,22.5%,4,6,80,Medium,高,排除,0,金融行业需专项资产质量与资本约束分析；PB低但近5年出现亏损；PB低但近5年经营现金流多次为负；10年内亏损年份过多；10年ROE波动较大；10年净利润波动较大；长期ROE低于5%；近5年自由现金流多次为负；高杠杆行业，需资产负债表专项分析；数据质量为Medium，筛选结果置信度中等
AOSL,US,Alpha and Omega Semiconductor Limited - Common Shares,Semiconductors,科技,营收增长、自由现金流、研发投入效率,-,1.54,10.4%,29.0%,-6998500.00,20.5%,0.0%,-9.53,未分红/不适用,-3.6%,4,6,80,Medium,低,排除,0,科技公司营收增长转负；科技公司自由现金流为负；10年ROE波动较大；10年净利润波动较大；近5年自由现金流多次为负；利息覆盖倍数过低；数据质量为Medium，筛选结果置信度中等
AOUT,US,"American Outdoor Brands, Inc. - Common Stock",Leisure,通用,ROE、现金流、资产负债率,-,0.69,-11.3%,14.1%,4289000.00,27.9%,-,-,未分红/不适用,-3.5%,4,0,80,Medium,低,排除,0,PB低但近5年出现亏损；10年内亏损年份过多；10年ROE波动较大；10年净利润波动较大；长期ROE低于5%；数据质量为Medium，筛选结果置信度中等
APA,US,APA Corporation - Common Stock,Oil & Gas E&P,周期,利润波动、ROE波动、资本开支周期,8.65,2.03,249.6%,403.8%,1451250000.00,60.6%,-,11.04,未分红/不适用,-7.0%,4,6,80,Medium,低,警惕,55,周期行业ROE波动显著；10年ROE波动较大；近5年营收增长偏弱；数据质量为Medium，筛选结果置信度中等
APAC,US,StoneBridge Acquisition II Corporation - Class A Ordinary Shares,Shell Companies,通用,ROE、现金流、资产负债率,252.50,148.53,0.5%,-,-,0.1%,-,-,未分红/不适用,-,1,3,20,Low,低,数据不足,0,长期ROE低于5%；数据年数不足，无法进行可靠筛选
APC,US,ARKO Petroleum Corp. - Class A Common Stock,Oil & Gas Refining & Marketing,周期,利润波动、ROE波动、资本开支周期,27.51,1.08,63.6%,25.9%,64937500.00,97.2%,6.0%,1.98,未分红/不适用,-7.6%,3,3,60,Medium,中,排除,0,周期行业ROE波动显著；10年ROE波动较大；资产负债率过高；利息覆盖倍数偏低；近5年营收增长偏弱；资产负债率相对偏高；数据质量为Medium，筛选结果置信度中等
APEI,US,"American Public Education, Inc. - Common Stock",Education & Training Services,通用,ROE、现金流、资产负债率,28.17,3.27,-8.3%,20.1%,29584000.00,43.5%,11.4%,11.33,未分红/不适用,2.3%,4,6,80,Medium,低,排除,30,10年ROE波动较大；10年净利润波动较大；长期ROE低于5%；数据质量为Medium，筛选结果置信度中等
APGE,US,"Apogee Therapeutics, Inc. - Common Stock",Biotechnology,科技,营收增长、自由现金流、研发投入效率,-,4.97,-25.3%,3.1%,-159950333.33,3.5%,-,-,未分红/不适用,-,4,0,80,Medium,低,排除,0,科技公司自由现金流为负；10年内亏损年份过多；长期ROE低于5%；近5年自由现金流多次为负；数据质量为Medium，筛选结果置信度中等
API,US,"Agora, Inc. - ADS",Software - Application,科技,营收增长、自由现金流、研发投入效率,48.12,0.60,-9.2%,8.2%,-85431250.00,21.9%,-,275.53,未分红/不适用,-4.2%,4,6,80,Medium,低,排除,0,科技公司营收增长转负；科技公司自由现金流为负；PB低但近5年出现亏损；PB低但近5年经营现金流多次为负；10年内亏损年份过多；10年净利润波动较大；长期ROE低于5%；近5年自由现金流多次为负；数据质量为Medium，筛选结果置信度中等
APLD,US,Applied Digital Corporation - Common Stock,Information Technology Services,科技,营收增长、自由现金流、研发投入效率,-,8.43,-65.9%,40.6%,-263352250.00,66.1%,-,-9.74,未分红/不适用,156.5%,4,6,80,Medium,低,排除,0,科技公司自由现金流为负；10年内亏损年份过多；10年ROE波动较大；10年净利润波动较大；长期ROE低于5%；近5年自由现金流多次为负；利息覆盖倍数过低；数据质量为Medium，筛选结果置信度中等
APLM,US,Apollomics Inc. - Class A Ordinary Shares,Biotechnology,科技,营收增长、自由现金流、研发投入效率,-,-9.16,-282.2%,633.3%,-38391000.00,147.5%,-,-167.25,未分红/不适用,-,4,6,80,Medium,低,排除,0,科技公司自由现金流为负；PB低但近5年出现亏损；PB低但近5年经营现金流多次为负；10年内亏损年份过多；10年ROE波动较大；10年净利润波动较大；长期ROE低于5%；近5年自由现金流多次为负；资产负债率过高；利息覆盖倍数过低；数据质量为Medium，筛选结果置信度中等
APLS,US,"Apellis Pharmaceuticals, Inc. - Common Stock",Biotechnology,科技,营收增长、自由现金流、研发投入效率,38.35,12.65,-184.1%,176.3%,-288508000.00,65.6%,-,1.54,未分红/不适用,137.0%,4,6,80,Medium,低,排除,0,科技公司自由现金流为负；10年内亏损年份过多；10年ROE波动较大；10年净利润波动较大；长期ROE低于5%；近5年自由现金流多次为负；利息覆盖倍数偏低；数据质量为Medium，筛选结果置信度中等
APM,US,Aptorum Group Limited - Class A Ordinary Shares,Biotechnology,科技,营收增长、自由现金流、研发投入效率,-,0.30,-25.0%,25.6%,-10116630.00,26.2%,-,-,未分红/不适用,-,4,6,80,Medium,低,排除,0,科技公司自由现金流为负；PB低但近5年出现亏损；PB低但近5年经营现金流多次为负；10年内亏损年份过多；10年ROE波动较大；10年净利润波动较大；长期ROE低于5%；数据质量为Medium，筛选结果置信度中等
APOG,US,"Apogee Enterprises, Inc. - Common Stock",Building Products & Equipment,通用,ROE、现金流、资产负债率,14.23,1.49,18.9%,6.6%,100804750.00,54.4%,21.1%,6.54,未分红/不适用,-0.8%,4,6,80,Medium,低,警惕,85,商誉占比偏高；数据质量为Medium，筛选结果置信度中等
APP,US,Applovin Corporation - Class A Common Stock,Advertising Agencies,通用,ROE、现金流、资产负债率,42.19,69.03,79.9%,83.3%,1856489000.00,70.6%,21.2%,20.09,未分红/不适用,24.8%,4,6,80,Medium,中,警惕,25,10年ROE波动较大；10年净利润波动较大；资产负债率偏高；商誉占比偏高；资产负债率相对偏高；数据质量为Medium，筛选结果置信度中等
APPF,US,"AppFolio, Inc. - Class A Common Stock",Software - Application,科技,营收增长、自由现金流、研发投入效率,35.86,11.30,10.1%,28.7%,116759250.00,21.2%,14.0%,-,未分红/不适用,26.3%,4,6,80,Medium,低,警惕,70,10年ROE波动较大；10年净利润波动较大；数据质量为Medium，筛选结果置信度中等
APPN,US,Appian Corporation - Class A Common Stock,Software - Infrastructure,科技,营收增长、自由现金流、研发投入效率,961.00,-23.97,-9.1%,212.6%,-43272250.00,106.8%,4.2%,1.31,未分红/不适用,15.8%,4,6,80,Medium,低,排除,0,科技公司自由现金流为负；PB低但近5年出现亏损；10年内亏损年份过多；10年ROE波动较大；长期ROE低于5%；资产负债率过高；利息覆盖倍数过低；数据质量为Medium，筛选结果置信度中等
APPS,US,"Digital Turbine, Inc. - Common Stock",Software - Application,科技,营收增长、自由现金流、研发投入效率,-,2.59,-61.6%,94.9%,34944250.00,81.1%,27.3%,-,未分红/不适用,-13.1%,4,0,80,Medium,中,排除,0,科技公司营收增长转负；10年ROE波动较大；10年净利润波动较大；长期ROE低于5%；资产负债率偏高；商誉占比偏高；近5年营收增长偏弱；资产负债率相对偏高；数据质量为Medium，筛选结果置信度中等
APRE,US,"Aprea Therapeutics, Inc. - Common Stock",Biotechnology,科技,营收增长、自由现金流、研发投入效率,-,0.62,-173.0%,178.1%,-12921448.50,21.9%,-,-,未分红/不适用,-,4,6,80,Medium,低,排除,0,科技公司自由现金流为负；PB低但近5年出现亏损；PB低但近5年经营现金流多次为负；10年内亏损年份过多；10年ROE波动较大；10年净利润波动较大；长期ROE低于5%；数据质量为Medium，筛选结果置信度中等
APVO,US,Aptevo Therapeutics Inc. - Common Stock,Biotechnology,科技,营收增长、自由现金流、研发投入效率,-,0.28,-188.7%,230.8%,-21051000.00,36.1%,-,-,未分红/不适用,-,4,6,80,Medium,低,排除,0,科技公司自由现金流为负；PB低但近5年出现亏损；PB低但近5年经营现金流多次为负；10年内亏损年份过多；10年ROE波动较大；10年净利润波动较大；长期ROE低于5%；数据质量为Medium，筛选结果置信度中等
APWC,US,"Asia Pacific Wire & Cable Corporation Limited  - Common shares, Par value .01 per share",Electrical Equipment & Parts,通用,ROE、现金流、资产负债率,7.89,0.17,2.4%,0.2%,325750.00,37.9%,-,4.80,未分红/不适用,4.1%,4,6,80,Medium,低,排除,60,长期ROE低于5%；数据质量为Medium，筛选结果置信度中等
APXT,US,Apex Treasury Corporation - Class A Ordinary Share,Shell Companies,通用,ROE、现金流、资产负债率,-,-36.14,-,-,-,4.0%,-,-,未分红/不适用,-,0,3,0,Insufficient,低,数据不足,0,数据年数不足，无法进行可靠筛选
APYX,US,Apyx Medical Corporation - Common Stock,Medical Devices,通用,ROE、现金流、资产负债率,-,12.53,-93.5%,48.2%,-13739000.00,77.8%,-,-0.94,未分红/不适用,5.9%,4,6,80,Medium,中,排除,0,10年内亏损年份过多；10年ROE波动较大；长期ROE低于5%；近5年自由现金流多次为负；资产负债率偏高；利息覆盖倍数过低；资产负债率相对偏高；数据质量为Medium，筛选结果置信度中等
AQB,US,"AquaBounty Technologies, Inc. - Common Stock",Farm Products,通用,ROE、现金流、资产负债率,-,-1.86,1.9%,783.9%,-66133942.00,118.3%,-,-9.82,未分红/不适用,-,4,6,80,Medium,低,排除,0,PB低但近5年出现亏损；PB低但近5年经营现金流多次为负；10年内亏损年份过多；10年ROE波动较大；10年净利润波动较大；长期ROE低于5%；近5年自由现金流多次为负；资产负债率过高；利息覆盖倍数过低；数据质量为Medium，筛选结果置信度中等
AQMS,US,"Aqua Metals, Inc. - Common Stock",Waste Management,通用,ROE、现金流、资产负债率,-,0.94,-117.5%,40.8%,-16173500.00,25.0%,-,-32.95,未分红/不适用,-,4,6,80,Medium,低,排除,0,PB低但近5年出现亏损；PB低但近5年经营现金流多次为负；10年内亏损年份过多；10年ROE波动较大；长期ROE低于5%；近5年自由现金流多次为负；利息覆盖倍数过低；数据质量为Medium，筛选结果置信度中等
AQST,US,"Aquestive Therapeutics, Inc. - Common Stock",Drug Manufacturers - Specialty & Generic,通用,ROE、现金流、资产负债率,-,-17.14,93.9%,106.8%,-27157500.00,121.0%,-,-3.90,未分红/不适用,-2.2%,4,6,80,Medium,低,排除,0,PB低但近5年出现亏损；PB低但近5年经营现金流多次为负；10年内亏损年份过多；10年ROE波动较大；近5年自由现金流多次为负；资产负债率过高；利息覆盖倍数过低；数据质量为Medium，筛选结果置信度中等
ARAI,US,Arrive AI Inc. - Common Stock,Scientific & Technical Instruments,通用,ROE、现金流、资产负债率,-,9.93,343.7%,888.3%,-4084522.25,77.4%,-,-23.09,未分红/不适用,-,4,6,80,Medium,中,排除,0,10年内亏损年份过多；10年ROE波动较大；近5年自由现金流多次为负；资产负债率偏高；利息覆盖倍数过低；资产负债率相对偏高；数据质量为Medium，筛选结果置信度中等
ARAY,US,Accuray Incorporated - Common Stock,Medical Devices,通用,ROE、现金流、资产负债率,-,0.81,-15.9%,13.9%,-6356750.00,82.7%,12.3%,1.09,未分红/不适用,2.2%,4,6,80,Medium,中,排除,0,PB低但近5年出现亏损；10年内亏损年份过多；10年ROE波动较大；长期ROE低于5%；近5年自由现金流多次为负；资产负债率偏高；利息覆盖倍数过低；资产负债率相对偏高；数据质量为Medium，筛选结果置信度中等
ARBB,US,ARB IOT Group Limited - Ordinary Shares,Information Technology Services,科技,营收增长、自由现金流、研发投入效率,-,0.18,8.9%,21.3%,-32588475.67,-,-,-,未分红/不适用,5.0%,4,6,80,Medium,未知,排除,15,科技公司自由现金流为负；PB低但近5年出现亏损；10年ROE波动较大；10年净利润波动较大；数据质量为Medium，筛选结果置信度中等
ARBE,US,Arbe Robotics Ltd. - Ordinary Shares,Scientific & Technical Instruments,通用,ROE、现金流、资产负债率,-,3.18,-130.7%,60.6%,-36648250.00,46.4%,-,-,未分红/不适用,-33.7%,4,6,80,Medium,低,排除,0,10年内亏损年份过多；10年ROE波动较大；长期ROE低于5%；近5年自由现金流多次为负；近5年营收明显下滑；数据质量为Medium，筛选结果置信度中等
ARCB,US,ArcBest Corporation - Common Stock,Trucking,通用,ROE、现金流、资产负债率,48.73,2.06,14.9%,8.8%,135529000.00,47.2%,12.4%,7.72,未分红/不适用,-7.3%,4,6,80,Medium,低,警惕,85,近5年营收增长偏弱；数据质量为Medium，筛选结果置信度中等
ARCT,US,Arcturus Therapeutics Holdings Inc. - Common Stock,Biotechnology,科技,营收增长、自由现金流、研发投入效率,-,1.16,-17.9%,17.5%,-32907250.00,21.1%,-,-7308.22,未分红/不适用,-31.1%,4,6,80,Medium,低,排除,0,科技公司营收增长转负；科技公司自由现金流为负；10年内亏损年份过多；10年ROE波动较大；10年净利润波动较大；长期ROE低于5%；近5年自由现金流多次为负；利息覆盖倍数过低；近5年营收明显下滑；数据质量为Medium，筛选结果置信度中等
ARDX,US,"Ardelyx, Inc. - Common Stock",Biotechnology,科技,营收增长、自由现金流、研发投入效率,-,10.73,-41.9%,19.2%,-62488750.00,66.7%,-,-1.14,未分红/不适用,98.4%,4,6,80,Medium,中,排除,0,科技公司自由现金流为负；10年内亏损年份过多；10年ROE波动较大；长期ROE低于5%；近5年自由现金流多次为负；利息覆盖倍数过低；资产负债率相对偏高；数据质量为Medium，筛选结果置信度中等
AREC,US,American Resources Corporation - Class A Common Stock,Coking Coal,周期,利润波动、ROE波动、资本开支周期,-,-2.46,254.0%,802.2%,-25866352.67,139.4%,-,-3.90,未分红/不适用,-63.3%,4,0,80,Medium,低,排除,0,周期行业ROE波动显著；PB低但近5年出现亏损；PB低但近5年经营现金流多次为负；10年内亏损年份过多；10年ROE波动较大；近5年自由现金流多次为负；资产负债率过高；利息覆盖倍数过低；近5年营收明显下滑；数据质量为Medium，筛选结果置信度中等
ARHS,US,"Arhaus, Inc. - Class A Common Stock",Specialty Retail,消费,ROE、毛利率稳定性、分红稳定性,12.51,2.23,34.5%,22.3%,48939250.00,70.0%,0.8%,-,未分红/不适用,3.9%,4,6,80,Medium,中,警惕,55,10年ROE波动较大；资产负债率偏高；资产负债率相对偏高；数据质量为Medium，筛选结果置信度中等
ARKO,US,ARKO Corp. - Common Stock,Specialty Retail,消费,ROE、毛利率稳定性、分红稳定性,35.65,2.02,9.9%,6.1%,77132500.00,89.6%,8.5%,1.31,未分红/不适用,-5.8%,4,6,80,Medium,中,排除,0,消费公司长期ROE不够突出；资产负债率过高；利息覆盖倍数过低；近5年营收增长偏弱；资产负债率相对偏高；数据质量为Medium，筛选结果置信度中等
ARKR,US,Ark Restaurants Corp. - Common Stock,Restaurants,通用,ROE、现金流、资产负债率,-,0.73,-10.0%,20.7%,5680250.00,75.9%,0.0%,-8.27,未分红/不适用,-3.4%,4,6,80,Medium,中,排除,0,PB低但近5年出现亏损；10年内亏损年份过多；10年ROE波动较大；10年净利润波动较大；长期ROE低于5%；资产负债率偏高；利息覆盖倍数过低；资产负债率相对偏高；数据质量为Medium，筛选结果置信度中等
ARLP,US,"Alliance Resource Partners, L.P. - Common Units Representing Limited Partnership Interests",Thermal Coal,周期,利润波动、ROE波动、资本开支周期,13.30,1.84,-,-,416574750.00,34.8%,-,9.46,未分红/不适用,-3.2%,4,6,80,Medium,未知,通过,85,数据质量为Medium，筛选结果置信度中等
AROW,US,Arrow Financial Corporation - Common Stock,Banks - Regional,银行,不良率、拨备覆盖、资本充足率,11.56,1.34,9.8%,2.9%,31006250.00,90.3%,0.5%,-,未分红/不适用,3.5%,4,6,80,Medium,中,排除,30,银行需补充不良率/拨备/资本充足率专项数据；资产负债率过高；资产负债率相对偏高；数据质量为Medium，筛选结果置信度中等
ARQ,US,"Arq, Inc. - Common Stock",Pollution & Treatment Controls,通用,ROE、现金流、资产负债率,-,0.67,-11.7%,13.2%,-36285750.00,27.2%,-,-20.48,未分红/不适用,5.3%,4,6,80,Medium,低,排除,0,PB低但近5年出现亏损；PB低但近5年经营现金流多次为负；10年内亏损年份过多；10年ROE波动较大；10年净利润波动较大；长期ROE低于5%；近5年自由现金流多次为负；利息覆盖倍数过低；数据质量为Medium，筛选结果置信度中等
ARQQ,US,Arqit Quantum Inc. - Ordinary Shares,Software - Infrastructure,科技,营收增长、自由现金流、研发投入效率,-,7.79,-159.9%,234.6%,-41913750.00,36.4%,-,-782.67,未分红/不适用,-58.1%,4,6,80,Medium,低,排除,0,科技公司营收增长转负；科技公司自由现金流为负；10年内亏损年份过多；10年ROE波动较大；10年净利润波动较大；长期ROE低于5%；近5年自由现金流多次为负；利息覆盖倍数过低；近5年营收明显下滑；数据质量为Medium，筛选结果置信度中等
ARQT,US,"Arcutis Biotherapeutics, Inc. - Common stock",Biotechnology,科技,营收增长、自由现金流、研发投入效率,-,14.22,-135.4%,121.3%,-165523750.00,56.2%,-,-0.24,未分红/不适用,367.3%,4,6,80,Medium,低,排除,0,科技公司自由现金流为负；10年内亏损年份过多；10年ROE波动较大；长期ROE低于5%；近5年自由现金流多次为负；利息覆盖倍数过低；数据质量为Medium，筛选结果置信度中等
ARRY,US,"Array Technologies, Inc. - Common Stock",Solar,通用,ROE、现金流、资产负债率,-,-6.18,-19.9%,45.6%,140263000.00,82.1%,9.3%,-0.07,未分红/不适用,-7.8%,4,6,80,Medium,中,排除,0,PB低但近5年出现亏损；10年ROE波动较大；10年净利润波动较大；长期ROE低于5%；资产负债率偏高；利息覆盖倍数过低；近5年营收增长偏弱；资产负债率相对偏高；数据质量为Medium，筛选结果置信度中等
ARTL,US,"Artelo Biosciences, Inc. - Common Stock",Biotechnology,科技,营收增长、自由现金流、研发投入效率,-,-1.24,134.4%,600.0%,-,145.4%,-,-45.49,未分红/不适用,-,4,6,80,Medium,低,排除,0,PB低但近5年出现亏损；PB低但近5年经营现金流多次为负；10年内亏损年份过多；10年ROE波动较大；资产负债率过高；利息覆盖倍数过低；数据质量为Medium，筛选结果置信度中等
ARTNA,US,Artesian Resources Corporation - Class A Non-Voting Common Stock,Utilities - Regulated Water,通用,ROE、现金流、资产负债率,14.27,1.31,8.6%,1.0%,-20540500.00,70.6%,0.2%,4.53,未分红/不适用,4.5%,4,6,80,Medium,中,警惕,55,近5年自由现金流多次为负；资产负债率偏高；资产负债率相对偏高；数据质量为Medium，筛选结果置信度中等
ARTV,US,"Artiva Biotherapeutics, Inc. - Common Stock",Biotechnology,科技,营收增长、自由现金流、研发投入效率,-,2.36,-11.0%,53.5%,-60707000.00,16.0%,-,-,未分红/不适用,-,4,6,80,Medium,低,排除,0,科技公司自由现金流为负；10年内亏损年份过多；10年ROE波动较大；长期ROE低于5%；近5年自由现金流多次为负；数据质量为Medium，筛选结果置信度中等
ARTW,US,"Art's-Way Manufacturing Co., Inc. - Common Stock",Farm & Heavy Construction Machinery,周期,利润波动、ROE波动、资本开支周期,10.40,0.99,3.4%,3.0%,-311118.75,40.8%,-,4.92,未分红/不适用,-3.6%,4,6,80,Medium,低,排除,30,10年净利润波动较大；长期ROE低于5%；近5年自由现金流多次为负；数据质量为Medium，筛选结果置信度中等
ARVN,US,"Arvinas, Inc. - Common Stock",Biotechnology,科技,营收增长、自由现金流、研发投入效率,-,1.57,-39.9%,16.6%,-291950000.00,39.6%,-,-,未分红/不适用,26.0%,4,6,80,Medium,低,排除,0,科技公司自由现金流为负；10年内亏损年份过多；10年ROE波动较大；长期ROE低于5%；近5年自由现金流多次为负；数据质量为Medium，筛选结果置信度中等
ARWR,US,"Arrowhead Pharmaceuticals, Inc. - Common Stock",Biotechnology,科技,营收增长、自由现金流、研发投入效率,-,18.24,-110.9%,144.9%,-241742250.00,63.7%,-,1.58,未分红/不适用,50.5%,4,6,80,Medium,低,排除,0,科技公司自由现金流为负；10年内亏损年份过多；10年ROE波动较大；10年净利润波动较大；长期ROE低于5%；近5年自由现金流多次为负；利息覆盖倍数偏低；数据质量为Medium，筛选结果置信度中等
ARXS,US,"Arxis, Inc. - Class A Common Stock",Aerospace & Defense,通用,ROE、现金流、资产负债率,-,-,-1.5%,0.5%,76802333.33,39.1%,39.8%,0.64,未分红/不适用,94.2%,2,3,40,Low,低,数据不足,0,10年内亏损年份过多；长期ROE低于5%；商誉占比偏高；利息覆盖倍数过低；数据年数不足，无法进行可靠筛选
ASBP,US,"Aspire Biopharma Holdings, Inc.  - Common Stock",Biotechnology,科技,营收增长、自由现金流、研发投入效率,-,-0.11,4.4%,634.2%,-2551388.50,585.9%,-,-1.87,未分红/不适用,-,4,0,80,Medium,低,排除,0,科技公司自由现金流为负；PB低但近5年出现亏损；PB低但近5年经营现金流多次为负；10年内亏损年份过多；10年ROE波动较大；10年净利润波动较大；长期ROE低于5%；资产负债率过高；利息覆盖倍数过低；数据质量为Medium，筛选结果置信度中等
ASLE,US,AerSale Corporation - Common Stock,Airports & Air Services,通用,ROE、现金流、资产负债率,30.76,0.72,3.0%,4.8%,-63068250.00,33.7%,3.1%,-,未分红/不适用,-6.4%,4,6,80,Medium,低,排除,0,PB低但近5年出现亏损；PB低但近5年经营现金流多次为负；10年净利润波动较大；长期ROE低于5%；近5年自由现金流多次为负；近5年营收增长偏弱；数据质量为Medium，筛选结果置信度中等
ASMB,US,"Assembly Biosciences, Inc. - Common Stock",Biotechnology,科技,营收增长、自由现金流、研发投入效率,378.75,2.42,-96.2%,64.1%,-38595250.00,19.7%,-,-,未分红/不适用,-,4,6,80,Medium,低,排除,0,科技公司自由现金流为负；10年内亏损年份过多；10年ROE波动较大；长期ROE低于5%；近5年自由现金流多次为负；数据质量为Medium，筛选结果置信度中等
ASML,US,ASML Holding N.V. - New York Registry Shares,Semiconductor Equipment & Materials,科技,营收增长、自由现金流、研发投入效率,52.09,1387.98,53.0%,10.1%,-,61.2%,9.1%,97.42,未分红/不适用,15.6%,4,10,80,Medium,低,通过,85,数据质量为Medium，筛选结果置信度中等
ASND,US,Ascendis Pharma A/S - Ordinary Share,Biotechnology,科技,营收增长、自由现金流、研发投入效率,27.61,26.67,151.7%,266.9%,-310550750.00,112.5%,0.3%,-1.64,未分红/不适用,141.4%,4,6,80,Medium,低,排除,0,科技公司自由现金流为负；10年内亏损年份过多；10年ROE波动较大；近5年自由现金流多次为负；资产负债率过高；利息覆盖倍数过低；数据质量为Medium，筛选结果置信度中等
ASO,US,"Academy Sports and Outdoors, Inc. - Common Stock",Specialty Retail,消费,ROE、毛利率稳定性、分红稳定性,9.22,1.53,25.8%,9.3%,329945250.00,58.9%,16.3%,14.42,未分红/不适用,-1.8%,4,6,80,Medium,低,通过,85,数据质量为Medium，筛选结果置信度中等
ASPI,US,ASP Isotopes Inc. - Common Stock,Chemicals,周期,利润波动、ROE波动、资本开支周期,-,3.33,-75.9%,21.6%,-22664698.00,47.2%,1.7%,-276.50,未分红/不适用,-,4,6,80,Medium,低,排除,0,周期行业ROE波动显著；周期行业利润弹性过大；10年内亏损年份过多；10年ROE波动较大；10年净利润波动较大；长期ROE低于5%；近5年自由现金流多次为负；利息覆盖倍数过低；数据质量为Medium，筛选结果置信度中等
ASPS,US,Altisource Portfolio Solutions S.A. - Common Stock,Real Estate Services,地产,净负债率、现金短债比、资产负债率,7.78,-0.66,27.7%,22.0%,-18637666.67,178.3%,40.0%,-0.16,未分红/不适用,3.7%,4,6,80,Medium,低,排除,0,地产需补充净负债率/现金短债比专项数据；地产资产负债率偏高；PB低但近5年出现亏损；PB低但近5年经营现金流多次为负；10年内亏损年份过多；10年ROE波动较大；近5年自由现金流多次为负；资产负债率过高；商誉占比过高；利息覆盖倍数过低；数据质量为Medium，筛选结果置信度中等
ASRT,US,"Assertio Holdings, Inc. - Common Stock",Drug Manufacturers - Specialty & Generic,通用,ROE、现金流、资产负债率,-,1.59,-60.5%,125.1%,63650000.00,64.8%,-,-10.52,未分红/不适用,-8.7%,4,6,80,Medium,低,排除,0,10年内亏损年份过多；10年ROE波动较大；10年净利润波动较大；长期ROE低于5%；利息覆盖倍数过低；近5年营收增长偏弱；数据质量为Medium，筛选结果置信度中等
ASRV,US,AmeriServ Financial Inc. - Common Stock,Banks - Regional,银行,不良率、拨备覆盖、资本充足率,11.73,0.54,3.0%,4.4%,2768750.00,91.8%,0.9%,-,未分红/不适用,1.1%,4,6,80,Medium,中,排除,0,银行需补充不良率/拨备/资本充足率专项数据；PB低但近5年出现亏损；10年净利润波动较大；长期ROE低于5%；资产负债率过高；资产负债率相对偏高；数据质量为Medium，筛选结果置信度中等
ASST,US,"Strive, Inc. - Class A Common Stock",Asset Management,通用,ROE、现金流、资产负债率,-,1.36,-98.9%,9.1%,-19503986.50,1.9%,-,-,未分红/不适用,49.0%,2,3,40,Low,低,数据不足,0,长期ROE低于5%；数据年数不足，无法进行可靠筛选
ASTC,US,Astrotech Corporation - Common Stock,Scientific & Technical Instruments,通用,ROE、现金流、资产负债率,-,0.28,-33.3%,20.9%,-10249000.00,18.1%,-,-,未分红/不适用,6.5%,4,6,80,Medium,低,排除,0,PB低但近5年出现亏损；PB低但近5年经营现金流多次为负；10年内亏损年份过多；10年ROE波动较大；长期ROE低于5%；近5年自由现金流多次为负；数据质量为Medium，筛选结果置信度中等
ASTE,US,"Astec Industries, Inc. - Common Stock",Farm & Heavy Construction Machinery,周期,利润波动、ROE波动、资本开支周期,44.54,1.69,2.9%,3.0%,-24425000.00,50.1%,8.2%,3.87,未分红/不适用,3.4%,4,6,80,Medium,低,排除,30,周期行业利润弹性过大；10年净利润波动较大；长期ROE低于5%；数据质量为Medium，筛选结果置信度中等
ASTH,US,Astrana Health Inc. - Common Stock,Medical Care Facilities,通用,ROE、现金流、资产负债率,64.20,2.40,8.3%,-,61886000.00,74.8%,39.0%,1.79,未分红/不适用,40.6%,1,8,20,Low,未知,数据不足,0,资产负债率偏高；商誉占比偏高；利息覆盖倍数偏低；数据年数不足，无法进行可靠筛选
ASTI,US,"Ascent Solar Technologies, Inc - Common Stock",Solar,通用,ROE、现金流、资产负债率,-,6.98,45.6%,720.1%,-9865676.00,47.3%,-,-149.65,未分红/不适用,-60.3%,4,6,80,Medium,低,排除,0,10年内亏损年份过多；10年ROE波动较大；近5年自由现金流多次为负；利息覆盖倍数过低；近5年营收明显下滑；数据质量为Medium，筛选结果置信度中等
ASTL,US,Algoma Steel Group Inc. - Common Shares,Steel,周期,利润波动、ROE波动、资本开支周期,-,1.50,-29.7%,115.6%,77975000.00,76.8%,-,-14.27,未分红/不适用,-18.2%,4,0,80,Medium,中,排除,0,周期行业ROE波动显著；周期行业利润弹性过大；10年ROE波动较大；10年净利润波动较大；长期ROE低于5%；近5年自由现金流多次为负；资产负债率偏高；利息覆盖倍数过低；近5年营收明显下滑；资产负债率相对偏高；数据质量为Medium，筛选结果置信度中等
ASTS,US,"AST SpaceMobile, Inc. - Class A Common Stock",Communication Equipment,通用,ROE、现金流、资产负债率,-,11.91,-48.3%,33.2%,-493605500.00,52.3%,-,-11.67,未分红/不适用,72.5%,4,6,80,Medium,低,排除,0,10年内亏损年份过多；10年ROE波动较大；10年净利润波动较大；长期ROE低于5%；近5年自由现金流多次为负；利息覆盖倍数过低；数据质量为Medium，筛选结果置信度中等
ASUR,US,Asure Software Inc - Common Stock,Software - Application,科技,营收增长、自由现金流、研发投入效率,-,1.23,-6.8%,2.2%,-1834750.00,62.8%,21.8%,-1.47,未分红/不适用,13.6%,4,6,80,Medium,低,排除,0,科技公司自由现金流为负；10年内亏损年份过多；长期ROE低于5%；商誉占比偏高；利息覆盖倍数过低；数据质量为Medium，筛选结果置信度中等
ASYS,US,"Amtech Systems, Inc. - Common Stock",Semiconductor Equipment & Materials,科技,营收增长、自由现金流、研发投入效率,124.75,5.81,-15.9%,30.7%,1340250.00,42.5%,1.0%,-1075.62,未分红/不适用,-9.3%,4,6,80,Medium,低,排除,0,科技公司营收增长转负；10年内亏损年份过多；10年ROE波动较大；10年净利润波动较大；长期ROE低于5%；利息覆盖倍数过低；近5年营收增长偏弱；数据质量为Medium，筛选结果置信度中等
ATAI,US,AtaiBeckley Inc. - Common Stock,Biotechnology,科技,营收增长、自由现金流、研发投入效率,-,6.61,-125.2%,123.8%,-96568500.00,24.2%,0.1%,-566.86,未分红/不适用,159.9%,4,6,80,Medium,低,排除,0,科技公司自由现金流为负；10年内亏损年份过多；10年ROE波动较大；10年净利润波动较大；长期ROE低于5%；近5年自由现金流多次为负；利息覆盖倍数过低；数据质量为Medium，筛选结果置信度中等
ATCX,US,Atlas Critical Minerals Corporation - Common Stock,-,通用,ROE、现金流、资产负债率,-,22.54,-405.4%,633.3%,-1532837.00,69.7%,-,-,未分红/不适用,-,4,6,80,Medium,中,排除,0,10年内亏损年份过多；10年ROE波动较大；10年净利润波动较大；长期ROE低于5%；近5年自由现金流多次为负；资产负债率相对偏高；数据质量为Medium，筛选结果置信度中等
ATEC,US,"Alphatec Holdings, Inc. - Common Stock",Medical Devices,通用,ROE、现金流、资产负债率,-,-216.29,47.0%,979.7%,-110267750.00,98.4%,9.5%,-2.12,未分红/不适用,29.6%,4,6,80,Medium,中,排除,0,PB低但近5年出现亏损；PB低但近5年经营现金流多次为负；10年内亏损年份过多；10年ROE波动较大；近5年自由现金流多次为负；资产负债率过高；利息覆盖倍数过低；资产负债率相对偏高；数据质量为Medium，筛选结果置信度中等
ATER,US,"Aterian, Inc. - Common Stock","Furnishings, Fixtures & Appliances",通用,ROE、现金流、资产负债率,-,0.66,-141.0%,76.5%,-9972250.00,48.6%,-,-18.79,未分红/不适用,-32.2%,4,6,80,Medium,低,排除,0,PB低但近5年出现亏损；PB低但近5年经营现金流多次为负；10年内亏损年份过多；10年ROE波动较大；10年净利润波动较大；长期ROE低于5%；近5年自由现金流多次为负；利息覆盖倍数过低；近5年营收明显下滑；数据质量为Medium，筛选结果置信度中等
ATEX,US,Anterix Inc. - Common Stock,Telecom Services,通用,ROE、现金流、资产负债率,13.02,4.47,-10.5%,6.6%,-21667000.00,53.0%,-,-,未分红/不适用,77.2%,4,0,80,Medium,低,排除,5,10年内亏损年份过多；长期ROE低于5%；近5年自由现金流多次为负；数据质量为Medium，筛选结果置信度中等
ATGL,US,Alpha Technology Group Limited - Class A Ordinary Shares,Software - Infrastructure,科技,营收增长、自由现金流、研发投入效率,-,87.28,-67.5%,152.2%,-6959501.50,29.6%,0.0%,-61.56,未分红/不适用,18.7%,4,6,80,Medium,低,排除,0,科技公司自由现金流为负；10年内亏损年份过多；10年ROE波动较大；10年净利润波动较大；长期ROE低于5%；利息覆盖倍数过低；数据质量为Medium，筛选结果置信度中等
ATHR,US,"Aether Holdings, Inc. - Common Stock",Software - Application,科技,营收增长、自由现金流、研发投入效率,-,13.30,-208.1%,403.4%,-3820985.00,10.3%,-,-,未分红/不适用,-4.5%,4,0,80,Medium,低,排除,0,科技公司营收增长转负；科技公司自由现金流为负；10年内亏损年份过多；10年ROE波动较大；10年净利润波动较大；长期ROE低于5%；数据质量为Medium，筛选结果置信度中等
ATII,US,Archimedes Tech SPAC Partners II Co. - Ordinary Shares,Shell Companies,通用,ROE、现金流、资产负债率,36.33,-48.02,3.4%,-,-,3.4%,-,-,未分红/不适用,-,1,3,20,Low,低,数据不足,0,长期ROE低于5%；数据年数不足，无法进行可靠筛选
ATLC,US,Atlanticus Holdings Corporation - Common Stock,Credit Services,通用,ROE、现金流、资产负债率,11.98,1.87,27.6%,9.6%,474664500.00,92.1%,-,-,未分红/不适用,11.2%,4,6,80,Medium,中,排除,45,资产负债率过高；资产负债率相对偏高；数据质量为Medium，筛选结果置信度中等
ATLN,US,Atlantic International Corp. - Common Stock,Staffing & Employment Services,通用,ROE、现金流、资产负债率,-,-2.67,314.4%,553.9%,-5845165.25,128.3%,-,-5.48,未分红/不适用,7081.2%,4,6,80,Medium,低,排除,0,PB低但近5年出现亏损；PB低但近5年经营现金流多次为负；10年内亏损年份过多；10年ROE波动较大；10年净利润波动较大；近5年自由现金流多次为负；资产负债率过高；利息覆盖倍数过低；数据质量为Medium，筛选结果置信度中等
ATLO,US,Ames National Corporation - Common Stock,Banks - Regional,银行,不良率、拨备覆盖、资本充足率,11.51,1.19,8.6%,3.2%,16846000.00,90.3%,0.6%,-,未分红/不适用,2.0%,4,6,80,Medium,中,排除,30,银行需补充不良率/拨备/资本充足率专项数据；资产负债率过高；资产负债率相对偏高；数据质量为Medium，筛选结果置信度中等
ATLX,US,Atlas Lithium Corporation - Common Stock,Other Industrial Metals & Mining,周期,利润波动、ROE波动、资本开支周期,-,2.85,-277.6%,214.2%,-23842896.25,40.1%,-,-,未分红/不适用,-,4,6,80,Medium,低,排除,0,周期行业ROE波动显著；10年内亏损年份过多；10年ROE波动较大；长期ROE低于5%；近5年自由现金流多次为负；数据质量为Medium，筛选结果置信度中等
ATNI,US,"ATN International, Inc. - Common Stock",Telecom Services,通用,ROE、现金流、资产负债率,-,0.92,-3.1%,1.8%,-12263500.00,61.7%,0.3%,0.42,未分红/不适用,0.1%,4,6,80,Medium,中,排除,0,PB低但近5年出现亏损；10年内亏损年份过多；长期ROE低于5%；利息覆盖倍数过低；资产负债率相对偏高；数据质量为Medium，筛选结果置信度中等
ATOM,US,Atomera Incorporated - Common Stock,Semiconductor Equipment & Materials,科技,营收增长、自由现金流、研发投入效率,-,9.20,-94.5%,17.8%,-13824000.00,12.9%,-,-335.23,未分红/不适用,-44.6%,4,6,80,Medium,低,排除,0,科技公司营收增长转负；科技公司自由现金流为负；10年内亏损年份过多；10年ROE波动较大；长期ROE低于5%；近5年自由现金流多次为负；利息覆盖倍数过低；近5年营收明显下滑；数据质量为Medium，筛选结果置信度中等
ATOS,US,"Atossa Therapeutics, Inc. - Common Stock",Biotechnology,科技,营收增长、自由现金流、研发投入效率,-,1.13,-45.0%,29.4%,-23144000.00,17.3%,-,-,未分红/不适用,-,4,6,80,Medium,低,排除,0,科技公司自由现金流为负；10年内亏损年份过多；10年ROE波动较大；长期ROE低于5%；近5年自由现金流多次为负；数据质量为Medium，筛选结果置信度中等
ATPC,US,Agape ATP Corporation - Common Stock,Packaged Foods,消费,ROE、毛利率稳定性、分红稳定性,-,0.10,-73.9%,54.5%,-2022198.25,8.8%,-,-,未分红/不适用,-6.4%,4,6,80,Medium,低,排除,0,消费公司长期ROE不够突出；PB低但近5年出现亏损；PB低但近5年经营现金流多次为负；10年内亏损年份过多；10年ROE波动较大；长期ROE低于5%；近5年自由现金流多次为负；近5年营收增长偏弱；数据质量为Medium，筛选结果置信度中等
ATRA,US,"Atara Biotherapeutics, Inc. - Common Stock",Biotechnology,科技,营收增长、自由现金流、研发投入效率,-,-2.19,25.2%,201.9%,-179262000.00,290.3%,-,9.63,未分红/不适用,23.9%,4,6,80,Medium,低,排除,0,科技公司自由现金流为负；PB低但近5年出现亏损；PB低但近5年经营现金流多次为负；10年内亏损年份过多；10年ROE波动较大；10年净利润波动较大；近5年自由现金流多次为负；资产负债率过高；数据质量为Medium，筛选结果置信度中等
ATRC,US,"AtriCure, Inc. - Common Stock",Medical Instruments & Supplies,通用,ROE、现金流、资产负债率,-,2.90,-7.2%,3.6%,-11376750.00,24.8%,35.9%,-0.73,未分红/不适用,17.4%,4,6,80,Medium,低,排除,0,10年内亏损年份过多；长期ROE低于5%；近5年自由现金流多次为负；商誉占比偏高；利息覆盖倍数过低；数据质量为Medium，筛选结果置信度中等
ATRO,US,Astronics Corporation - Common Stock,Aerospace & Defense,通用,ROE、现金流、资产负债率,67.80,21.07,-2.7%,16.2%,-580000.00,80.2%,8.9%,-,未分红/不适用,17.2%,4,6,80,Medium,中,排除,0,10年内亏损年份过多；10年ROE波动较大；10年净利润波动较大；长期ROE低于5%；资产负债率偏高；资产负债率相对偏高；数据质量为Medium，筛选结果置信度中等
ATXG,US,Addentax Group Corp. - Common Stock,Integrated Freight & Logistics,通用,ROE、现金流、资产负债率,-,0.18,-34.8%,51.1%,321418.33,55.8%,-,-3.44,未分红/不适用,-30.9%,4,0,80,Medium,低,排除,0,PB低但近5年出现亏损；10年ROE波动较大；10年净利润波动较大；长期ROE低于5%；利息覆盖倍数过低；近5年营收明显下滑；数据质量为Medium，筛选结果置信度中等
ATYR,US,"aTyr Pharma, Inc. - Common Stock",Biotechnology,科技,营收增长、自由现金流、研发投入效率,-,0.81,-80.1%,25.1%,-53052500.00,27.6%,-,-,未分红/不适用,-73.7%,4,6,80,Medium,低,排除,0,科技公司营收增长转负；科技公司自由现金流为负；PB低但近5年出现亏损；PB低但近5年经营现金流多次为负；10年内亏损年份过多；10年ROE波动较大；长期ROE低于5%；近5年自由现金流多次为负；近5年营收明显下滑；数据质量为Medium，筛选结果置信度中等
AUBN,US,"Auburn National Bancorporation, Inc. - Common Stock",Banks - Regional,银行,不良率、拨备覆盖、资本充足率,10.52,0.91,8.3%,5.5%,8749750.00,91.0%,-,-,未分红/不适用,2.5%,4,6,80,Medium,中,排除,30,银行需补充不良率/拨备/资本充足率专项数据；资产负债率过高；资产负债率相对偏高；数据质量为Medium，筛选结果置信度中等
AUDC,US,AudioCodes Ltd. - Ordinary Shares,Communication Equipment,通用,ROE、现金流、资产负债率,35.13,1.45,8.2%,4.7%,12395500.00,47.0%,11.6%,73.22,未分红/不适用,-3.7%,4,6,80,Medium,低,通过,85,数据质量为Medium，筛选结果置信度中等
AUGO,US,Aura Minerals Inc. - Common Shares,Gold,通用,ROE、现金流、资产负债率,71.42,25.15,-3.0%,23.1%,47314750.00,83.5%,-,2.72,未分红/不适用,32.9%,4,6,80,Medium,中,排除,0,10年ROE波动较大；10年净利润波动较大；长期ROE低于5%；资产负债率偏高；利息覆盖倍数偏低；资产负债率相对偏高；数据质量为Medium，筛选结果置信度中等
AUID,US,authID Inc. - Common Stock,Software - Infrastructure,科技,营收增长、自由现金流、研发投入效率,-,2.45,-2256.2%,4193.2%,-11974896.50,13.6%,41.9%,-1156.41,未分红/不适用,57.0%,4,6,80,Medium,低,排除,0,科技公司自由现金流为负；10年内亏损年份过多；10年ROE波动较大；长期ROE低于5%；近5年自由现金流多次为负；商誉占比过高；利息覆盖倍数过低；数据质量为Medium，筛选结果置信度中等
AUPH,US,Aurinia Pharmaceuticals Inc - Common Shares,Biotechnology,科技,营收增长、自由现金流、研发投入效率,7.33,3.65,0.9%,34.5%,16378250.00,22.7%,-,27.36,未分红/不适用,28.3%,4,6,80,Medium,低,排除,30,10年ROE波动较大；10年净利润波动较大；长期ROE低于5%；数据质量为Medium，筛选结果置信度中等
AUR,US,"Aurora Innovation, Inc.  - Class A Common Stock",Auto Parts,通用,ROE、现金流、资产负债率,-,8.15,-53.7%,28.6%,-598250000.00,8.7%,-,-,未分红/不适用,-64.7%,4,6,80,Medium,低,排除,0,10年内亏损年份过多；10年ROE波动较大；长期ROE低于5%；近5年自由现金流多次为负；近5年营收明显下滑；数据质量为Medium，筛选结果置信度中等
AURA,US,"Aura Biosciences, Inc. - Common Stock",Biotechnology,科技,营收增长、自由现金流、研发投入效率,-,4.77,-49.7%,22.1%,-71624500.00,19.2%,-,-,未分红/不适用,-,4,6,80,Medium,低,排除,0,科技公司自由现金流为负；10年内亏损年份过多；10年ROE波动较大；长期ROE低于5%；近5年自由现金流多次为负；数据质量为Medium，筛选结果置信度中等
AURE,US,Aurelion Inc.  - Class A Ordinary Shares,Capital Markets,金融,杠杆、资产质量、资本约束,-,0.74,1893.9%,3934.5%,-,1022.5%,-,-,未分红/不适用,-5.0%,4,6,80,Medium,高,排除,0,金融行业需专项资产质量与资本约束分析；PB低但近5年出现亏损；PB低但近5年经营现金流多次为负；10年内亏损年份过多；10年ROE波动较大；10年净利润波动较大；近5年营收增长偏弱；高杠杆行业，需资产负债表专项分析；数据质量为Medium，筛选结果置信度中等
AUUD,US,Auddia Inc. - Common Stock,Software - Application,科技,营收增长、自由现金流、研发投入效率,-,0.12,-660.4%,956.4%,-6207057.25,18.6%,-,-,未分红/不适用,-,4,6,80,Medium,低,排除,0,科技公司自由现金流为负；PB低但近5年出现亏损；PB低但近5年经营现金流多次为负；10年内亏损年份过多；10年ROE波动较大；长期ROE低于5%；近5年自由现金流多次为负；数据质量为Medium，筛选结果置信度中等
AVAH,US,Aveanna Healthcare Holdings Inc. - Common Stock,Medical Care Facilities,通用,ROE、现金流、资产负债率,7.09,8.04,4021.7%,7890.4%,24548250.00,90.3%,55.7%,1.80,未分红/不适用,10.8%,4,6,80,Medium,中,排除,0,10年内亏损年份过多；10年ROE波动较大；10年净利润波动较大；资产负债率过高；商誉占比过高；利息覆盖倍数偏低；资产负债率相对偏高；数据质量为Medium，筛选结果置信度中等
AVAV,US,"AeroVironment, Inc. - Common Stock",Aerospace & Defense,通用,ROE、现金流、资产负债率,-,1.92,-5.1%,18.2%,-17175000.00,20.9%,22.9%,19.13,未分红/不适用,22.6%,4,0,80,Medium,低,排除,0,10年ROE波动较大；10年净利润波动较大；长期ROE低于5%；近5年自由现金流多次为负；商誉占比偏高；数据质量为Medium，筛选结果置信度中等
AVBH,US,"Avidbank Holdings, Inc. - Common Stock",Banks - Regional,银行,不良率、拨备覆盖、资本充足率,-,1.12,2.2%,12.9%,30792000.00,89.1%,-,-,未分红/不适用,-61.9%,2,0,40,Low,中,数据不足,0,银行需补充不良率/拨备/资本充足率专项数据；10年ROE波动较大；10年净利润波动较大；长期ROE低于5%；资产负债率过高；近5年营收明显下滑；资产负债率相对偏高；数据年数不足，无法进行可靠筛选
AVBP,US,"ArriVent BioPharma, Inc. - Common Stock",Biotechnology,科技,营收增长、自由现金流、研发投入效率,-,3.97,0.8%,51.1%,-,7.8%,-,-,未分红/不适用,-,4,6,80,Medium,低,排除,5,10年内亏损年份过多；10年ROE波动较大；长期ROE低于5%；数据质量为Medium，筛选结果置信度中等
AVGO,US,Broadcom Inc. - Common Stock,Semiconductors,科技,营收增长、自由现金流、研发投入效率,85.40,26.08,36.6%,22.6%,20068250000.00,52.5%,57.2%,8.08,未分红/不适用,24.4%,4,6,80,Medium,低,排除,45,10年ROE波动较大；商誉占比过高；数据质量为Medium，筛选结果置信度中等
AVIR,US,"Atea Pharmaceuticals, Inc. - common stock",Biotechnology,科技,营收增长、自由现金流、研发投入效率,-,1.46,-34.6%,17.4%,-122925000.00,12.6%,-,-,未分红/不适用,-,4,6,80,Medium,低,排除,0,科技公司自由现金流为负；10年内亏损年份过多；10年ROE波动较大；长期ROE低于5%；数据质量为Medium，筛选结果置信度中等
AVLN,US,Avalyn Pharma Inc. - common stock,Biotechnology,科技,营收增长、自由现金流、研发投入效率,-,-3.03,32.1%,5.1%,-65145500.00,260.3%,-,-,未分红/不适用,-,2,0,40,Low,低,数据不足,0,科技公司自由现金流为负；PB低但近5年出现亏损；资产负债率过高；数据年数不足，无法进行可靠筛选
AVNW,US,"Aviat Networks, Inc. - Common Stock",Communication Equipment,通用,ROE、现金流、资产负债率,23.72,0.78,5.0%,4.1%,-,58.4%,3.1%,1.59,未分红/不适用,12.8%,4,10,80,Medium,低,排除,45,长期ROE低于5%；利息覆盖倍数偏低；数据质量为Medium，筛选结果置信度中等
AVO,US,"Mission Produce, Inc. - Common Stock",Food Distribution,消费,ROE、毛利率稳定性、分红稳定性,26.87,1.49,1.4%,6.5%,12950000.00,36.9%,4.0%,7.59,未分红/不适用,10.0%,4,6,80,Medium,低,排除,30,消费公司长期ROE不够突出；10年净利润波动较大；长期ROE低于5%；数据质量为Medium，筛选结果置信度中等
AVPT,US,"AvePoint, Inc. - Class A Common Stock",Software - Infrastructure,科技,营收增长、自由现金流、研发投入效率,48.95,4.73,-8.0%,10.8%,47380750.00,39.3%,4.8%,-,未分红/不适用,21.8%,4,6,80,Medium,低,排除,5,10年内亏损年份过多；10年净利润波动较大；长期ROE低于5%；数据质量为Medium，筛选结果置信度中等
AVR,US,Anteris Technologies Global Corp. - Common Stock,Medical Instruments & Supplies,通用,ROE、现金流、资产负债率,-,2.53,-246.6%,87.9%,-27709837.33,-,-,-,未分红/不适用,-31.5%,3,12,60,Medium,未知,排除,0,10年内亏损年份过多；10年ROE波动较大；长期ROE低于5%；近5年自由现金流多次为负；近5年营收明显下滑；数据质量为Medium，筛选结果置信度中等
AVT,US,"Avnet, Inc. - Common Stock",Electronics & Computer Distribution,科技,营收增长、自由现金流、研发投入效率,33.46,1.44,11.9%,5.6%,-34012750.00,58.6%,6.9%,2.02,未分红/不适用,-3.0%,4,6,80,Medium,低,警惕,55,科技公司营收增长转负；科技公司自由现金流为负；利息覆盖倍数偏低；数据质量为Medium，筛选结果置信度中等
AVTX,US,"Avalo Therapeutics, Inc. - Common Stock",Biotechnology,科技,营收增长、自由现金流、研发投入效率,-,4.24,-42.7%,333.9%,-26846000.00,28.7%,9.0%,-,未分红/不适用,-85.2%,4,6,80,Medium,低,排除,0,科技公司营收增长转负；科技公司自由现金流为负；10年内亏损年份过多；10年ROE波动较大；长期ROE低于5%；近5年营收明显下滑；数据质量为Medium，筛选结果置信度中等
AVX,US,Avax One Technology Ltd. - Common Shares,Asset Management,科技,营收增长、自由现金流、研发投入效率,-,0.24,-135.8%,101.9%,-49994484.00,4.1%,0.8%,-9.16,未分红/不适用,-,4,6,80,Medium,低,排除,0,科技公司自由现金流为负；PB低但近5年出现亏损；PB低但近5年经营现金流多次为负；10年内亏损年份过多；10年ROE波动较大；长期ROE低于5%；近5年自由现金流多次为负；利息覆盖倍数过低；数据质量为Medium，筛选结果置信度中等
AVXL,US,Anavex Life Sciences Corp. - Common Stock,Biotechnology,科技,营收增长、自由现金流、研发投入效率,-,2.25,-38.0%,7.4%,-,8.6%,-,-,未分红/不适用,-,4,6,80,Medium,低,排除,20,10年内亏损年份过多；长期ROE低于5%；数据质量为Medium，筛选结果置信度中等
AWRE,US,"Aware, Inc. - Common Stock",Software - Application,科技,营收增长、自由现金流、研发投入效率,-,1.14,-15.6%,8.4%,-3183500.00,29.7%,8.4%,-,未分红/不适用,2.6%,4,6,80,Medium,低,排除,0,科技公司自由现金流为负；10年内亏损年份过多；长期ROE低于5%；近5年自由现金流多次为负；数据质量为Medium，筛选结果置信度中等
AXG,US,Solowin Holdings - Class A Ordinary Share,Capital Markets,金融,杠杆、资产质量、资本约束,-,1.83,-60.0%,90.9%,-3286500.00,61.6%,-,-1702.80,未分红/不适用,-4.2%,4,0,80,Medium,高,排除,0,金融行业需专项资产质量与资本约束分析；10年内亏损年份过多；10年ROE波动较大；10年净利润波动较大；长期ROE低于5%；近5年自由现金流多次为负；利息覆盖倍数过低；高杠杆行业，需资产负债表专项分析；数据质量为Medium，筛选结果置信度中等
AXGN,US,"Axogen, Inc. - Common Stock",Medical Devices,通用,ROE、现金流、资产负债率,-,15.00,-18.3%,8.9%,-15681000.00,41.9%,-,-1.04,未分红/不适用,17.6%,4,6,80,Medium,低,排除,0,10年内亏损年份过多；长期ROE低于5%；近5年自由现金流多次为负；利息覆盖倍数过低；数据质量为Medium，筛选结果置信度中等
AXON,US,"Axon Enterprise, Inc. - Common Stock",Aerospace & Defense,通用,ROE、现金流、资产负债率,156.53,8.85,10.6%,5.1%,178448750.00,53.7%,19.6%,1.20,未分红/不适用,32.8%,4,6,80,Medium,低,排除,60,利息覆盖倍数过低；数据质量为Medium，筛选结果置信度中等
AXSM,US,"Axsome Therapeutics, Inc. - Common Stock",Biotechnology,科技,营收增长、自由现金流、研发投入效率,-,218.71,-251.8%,171.3%,-121360000.00,87.2%,1.7%,-27.02,未分红/不适用,133.7%,4,6,80,Medium,中,排除,0,科技公司自由现金流为负；10年内亏损年份过多；10年ROE波动较大；长期ROE低于5%；近5年自由现金流多次为负；资产负债率过高；利息覆盖倍数过低；资产负债率相对偏高；数据质量为Medium，筛选结果置信度中等
AXTI,US,AXT Inc - Common Stock,Semiconductor Equipment & Materials,科技,营收增长、自由现金流、研发投入效率,-,22.59,-3.9%,7.4%,-20240750.00,22.9%,-,-16.14,未分红/不适用,-14.5%,4,6,80,Medium,低,排除,0,科技公司营收增长转负；科技公司自由现金流为负；10年内亏损年份过多；10年净利润波动较大；长期ROE低于5%；近5年自由现金流多次为负；利息覆盖倍数过低；近5年营收增长偏弱；数据质量为Medium，筛选结果置信度中等
AYA,US,Aya Gold & Silver Inc. - Common Shares,Silver,通用,ROE、现金流、资产负债率,66.94,7.35,1.3%,8.1%,-59552750.00,32.9%,-,7.70,未分红/不适用,74.2%,4,6,80,Medium,低,排除,30,10年净利润波动较大；长期ROE低于5%；近5年自由现金流多次为负；数据质量为Medium，筛选结果置信度中等
AYTU,US,"Aytu BioPharma, Inc.  - Common Stock",Drug Manufacturers - Specialty & Generic,通用,ROE、现金流、资产负债率,-,1.72,-104.4%,94.8%,-3441000.00,84.7%,-,-2.71,未分红/不适用,-11.8%,4,6,80,Medium,中,排除,0,10年内亏损年份过多；10年ROE波动较大；10年净利润波动较大；长期ROE低于5%；资产负债率偏高；利息覆盖倍数过低；近5年营收增长偏弱；资产负债率相对偏高；数据质量为Medium，筛选结果置信度中等
AZ,US,A2Z Cust2Mate Solutions Corp. - Common Shares,Software - Application,科技,营收增长、自由现金流、研发投入效率,-,3.78,-282.3%,266.5%,-14391500.00,10.3%,-,-193.91,未分红/不适用,-5.5%,4,6,80,Medium,低,排除,0,科技公司营收增长转负；科技公司自由现金流为负；10年内亏损年份过多；10年ROE波动较大；长期ROE低于5%；近5年自由现金流多次为负；利息覆盖倍数过低；近5年营收增长偏弱；数据质量为Medium，筛选结果置信度中等
AZI,US,Autozi Internet Technology (Global) Ltd. - Class A Ordinary Shares,Auto & Truck Dealerships,科技,营收增长、自由现金流、研发投入效率,-,-0.01,21.1%,18.4%,-7602000.00,313.1%,-,-6.88,未分红/不适用,0.7%,4,6,80,Medium,低,排除,0,科技公司自由现金流为负；PB低但近5年出现亏损；PB低但近5年经营现金流多次为负；10年内亏损年份过多；10年ROE波动较大；资产负债率过高；利息覆盖倍数过低；数据质量为Medium，筛选结果置信度中等
AZTA,US,"Azenta, Inc. - Common Stock",Medical Instruments & Supplies,通用,ROE、现金流、资产负债率,-,0.50,12.6%,34.1%,-131602000.00,16.1%,34.1%,-,未分红/不适用,2.2%,4,6,80,Medium,低,排除,0,PB低但近5年出现亏损；10年内亏损年份过多；10年ROE波动较大；10年净利润波动较大；商誉占比偏高；数据质量为Medium，筛选结果置信度中等
BAER,US,"Bridger Aerospace Group Holdings, Inc. - Common Stock",Security & Protection Services,通用,ROE、现金流、资产负债率,-,-0.25,-91.5%,133.0%,-38651250.00,80.4%,6.3%,1.17,未分红/不适用,38.3%,4,6,80,Medium,中,排除,0,PB低但近5年出现亏损；10年内亏损年份过多；10年ROE波动较大；10年净利润波动较大；长期ROE低于5%；近5年自由现金流多次为负；资产负债率偏高；利息覆盖倍数过低；资产负债率相对偏高；数据质量为Medium，筛选结果置信度中等
BAFN,US,BayFirst Financial Corp. - Common Stock,Banks - Regional,银行,不良率、拨备覆盖、资本充足率,-,0.40,-2.4%,16.6%,388310250.00,93.3%,-,-,未分红/不适用,-1.0%,4,6,80,Medium,中,排除,0,银行需补充不良率/拨备/资本充足率专项数据；PB低但近5年出现亏损；10年ROE波动较大；10年净利润波动较大；长期ROE低于5%；资产负债率过高；资产负债率相对偏高；数据质量为Medium，筛选结果置信度中等
BAND,US,Bandwidth Inc. - Class A Common Stock,Software - Infrastructure,科技,营收增长、自由现金流、研发投入效率,-,4.11,-0.9%,5.6%,26242750.00,62.0%,33.9%,-7.18,未分红/不适用,9.6%,4,6,80,Medium,低,排除,0,10年内亏损年份过多；10年净利润波动较大；长期ROE低于5%；商誉占比偏高；利息覆盖倍数过低；数据质量为Medium，筛选结果置信度中等
BANF,US,BancFirst Corporation - Common Stock,Banks - Regional,银行,不良率、拨备覆盖、资本充足率,14.92,1.92,14.1%,1.2%,219635750.00,87.5%,1.2%,-,未分红/不适用,7.4%,4,6,80,Medium,中,排除,30,银行需补充不良率/拨备/资本充足率专项数据；资产负债率过高；资产负债率相对偏高；数据质量为Medium，筛选结果置信度中等
BANL,US,CBL International Limited - Class B Ordinary Shares,Oil & Gas Midstream,周期,利润波动、ROE波动、资本开支周期,-,0.65,0.9%,21.8%,-1443725.25,73.7%,-,-2.80,未分红/不适用,5.2%,4,6,80,Medium,中,排除,0,周期行业ROE波动显著；周期行业利润弹性过大；PB低但近5年出现亏损；10年ROE波动较大；10年净利润波动较大；长期ROE低于5%；资产负债率偏高；利息覆盖倍数过低；资产负债率相对偏高；数据质量为Medium，筛选结果置信度中等
BANR,US,Banner Corporation - Common Stock,Banks - Regional,银行,不良率、拨备覆盖、资本充足率,10.73,1.10,11.0%,1.7%,248316250.00,88.1%,2.3%,-,未分红/不适用,1.6%,4,6,80,Medium,中,排除,30,银行需补充不良率/拨备/资本充足率专项数据；资产负债率过高；资产负债率相对偏高；数据质量为Medium，筛选结果置信度中等
BAOS,US,Baosheng Media Group Holdings Limited - Ordinary shares,Advertising Agencies,通用,ROE、现金流、资产负债率,-,1.41,-150.9%,161.5%,-491666.00,73.5%,-,-989.44,未分红/不适用,-38.2%,4,6,80,Medium,中,排除,0,10年内亏损年份过多；10年ROE波动较大；长期ROE低于5%；资产负债率偏高；利息覆盖倍数过低；近5年营收明显下滑；资产负债率相对偏高；数据质量为Medium，筛选结果置信度中等
BATRA,US,"Atlanta Braves Holdings, Inc. - Series A Common Stock",Entertainment,通用,ROE、现金流、资产负债率,-,6.73,-11.4%,8.7%,-31802250.00,66.7%,10.9%,0.48,未分红/不适用,7.6%,4,6,80,Medium,中,排除,0,10年内亏损年份过多；10年净利润波动较大；长期ROE低于5%；近5年自由现金流多次为负；利息覆盖倍数过低；资产负债率相对偏高；数据质量为Medium，筛选结果置信度中等
BATRK,US,"Atlanta Braves Holdings, Inc. - Series C Common Stock",Entertainment,通用,ROE、现金流、资产负债率,-,6.29,-11.4%,8.7%,-31802250.00,66.7%,10.9%,0.48,未分红/不适用,7.6%,4,6,80,Medium,中,排除,0,10年内亏损年份过多；10年净利润波动较大；长期ROE低于5%；近5年自由现金流多次为负；利息覆盖倍数过低；资产负债率相对偏高；数据质量为Medium，筛选结果置信度中等
BBCP,US,"Concrete Pumping Holdings, Inc.  - Common Stock",Engineering & Construction,周期,利润波动、ROE波动、资本开支周期,80.78,1.41,7.0%,3.9%,18875250.00,69.9%,25.4%,1.32,未分红/不适用,-0.7%,4,6,80,Medium,中,排除,15,长期ROE偏低但PE不低；商誉占比偏高；利息覆盖倍数过低；资产负债率相对偏高；数据质量为Medium，筛选结果置信度中等
BBGI,US,"Beasley Broadcast Group, Inc. - Class A Common Stock",Broadcasting,通用,ROE、现金流、资产负债率,-,-0.56,81.3%,212.3%,-7778522.75,116.5%,-,-17.23,未分红/不适用,-7.0%,4,6,80,Medium,低,排除,0,PB低但近5年出现亏损；PB低但近5年经营现金流多次为负；10年内亏损年份过多；10年ROE波动较大；10年净利润波动较大；近5年自由现金流多次为负；资产负债率过高；利息覆盖倍数过低；近5年营收增长偏弱；数据质量为Medium，筛选结果置信度中等
BBIO,US,"BridgeBio Pharma, Inc. - Common Stock",Biotechnology,科技,营收增长、自由现金流、研发投入效率,-,-6.50,39.3%,5.7%,-484994250.00,321.9%,-,-3.11,未分红/不适用,86.3%,4,6,80,Medium,低,排除,0,科技公司自由现金流为负；PB低但近5年出现亏损；PB低但近5年经营现金流多次为负；10年内亏损年份过多；近5年自由现金流多次为负；资产负债率过高；利息覆盖倍数过低；数据质量为Medium，筛选结果置信度中等
BBLG,US,Bone Biologics Corp - Common Stock,Biotechnology,科技,营收增长、自由现金流、研发投入效率,-,0.42,-127.2%,126.5%,-,7.2%,-,-,未分红/不适用,-,4,6,80,Medium,低,排除,0,PB低但近5年出现亏损；PB低但近5年经营现金流多次为负；10年内亏损年份过多；10年ROE波动较大；长期ROE低于5%；数据质量为Medium，筛选结果置信度中等
BBNX,US,"Beta Bionics, Inc. - Common Stock",Medical Devices,通用,ROE、现金流、资产负债率,-,1.51,14.2%,27.5%,-50429250.00,12.5%,-,-,未分红/不适用,724.3%,4,0,80,Medium,低,排除,30,10年内亏损年份过多；10年ROE波动较大；近5年自由现金流多次为负；数据质量为Medium，筛选结果置信度中等
BBOT,US,"BridgeBio Oncology Therapeutics, Inc. - Common Stock",Biotechnology,科技,营收增长、自由现金流、研发投入效率,-,1.66,21.6%,47.5%,-74023000.00,8.3%,-,-,未分红/不适用,-,3,0,60,Medium,低,排除,15,科技公司自由现金流为负；10年内亏损年份过多；10年ROE波动较大；近5年自由现金流多次为负；数据质量为Medium，筛选结果置信度中等
BBSI,US,"Barrett Business Services, Inc. - Common Stock",Staffing & Employment Services,通用,ROE、现金流、资产负债率,19.09,3.49,24.6%,1.7%,27576250.00,69.1%,6.1%,418.54,未分红/不适用,5.6%,4,6,80,Medium,中,警惕,85,资产负债率相对偏高；数据质量为Medium，筛选结果置信度中等
BCAB,US,"BioAtla, Inc. - Common Stock",Biotechnology,科技,营收增长、自由现金流、研发投入效率,-,-0.15,-139.5%,272.3%,-97400500.00,361.7%,-,-,未分红/不适用,-,4,6,80,Medium,低,排除,0,科技公司自由现金流为负；PB低但近5年出现亏损；PB低但近5年经营现金流多次为负；10年内亏损年份过多；10年ROE波动较大；长期ROE低于5%；资产负债率过高；数据质量为Medium，筛选结果置信度中等
BCAL,US,California BanCorp - Common Stock,Banks - Regional,银行,不良率、拨备覆盖、资本充足率,10.19,1.04,6.8%,4.3%,37938750.00,85.7%,2.8%,-,未分红/不适用,25.0%,4,6,80,Medium,中,排除,0,银行需补充不良率/拨备/资本充足率专项数据；10年净利润波动较大；长期ROE偏低但PE不低；资产负债率过高；资产负债率相对偏高；数据质量为Medium，筛选结果置信度中等
BCAR,US,D. Boral ARC Acquisition I Corp. - Class A Ordinary Shares,Shell Companies,通用,ROE、现金流、资产负债率,-,747.86,-,-,-,0.0%,-,-,未分红/不适用,-,0,3,0,Insufficient,低,数据不足,0,数据年数不足，无法进行可靠筛选
BCAX,US,Bicara Therapeutics Inc. - Common Stock,Biotechnology,科技,营收增长、自由现金流、研发投入效率,-,2.63,6.3%,36.1%,-65104500.00,6.9%,-,-,未分红/不适用,-,4,0,80,Medium,低,排除,15,科技公司自由现金流为负；10年内亏损年份过多；10年ROE波动较大；近5年自由现金流多次为负；数据质量为Medium，筛选结果置信度中等
BCBP,US,"BCB Bancorp, Inc. (NJ) - Common Stock",Banks - Regional,银行,不良率、拨备覆盖、资本充足率,-,0.60,6.7%,8.3%,43094000.00,90.7%,-,-,未分红/不适用,-4.2%,4,6,80,Medium,中,排除,0,银行需补充不良率/拨备/资本充足率专项数据；PB低但近5年出现亏损；10年净利润波动较大；资产负债率过高；资产负债率相对偏高；数据质量为Medium，筛选结果置信度中等
BCDA,US,"BioCardia, Inc. - Common Stock",Biotechnology,科技,营收增长、自由现金流、研发投入效率,-,13.13,-347.6%,783.9%,-8988000.00,73.8%,-,-,未分红/不适用,-,4,6,80,Medium,中,排除,0,科技公司自由现金流为负；10年内亏损年份过多；10年ROE波动较大；长期ROE低于5%；近5年自由现金流多次为负；资产负债率偏高；资产负债率相对偏高；数据质量为Medium，筛选结果置信度中等
BCG,US,"Binah Capital Group, Inc. - Common Stock",Asset Management,通用,ROE、现金流、资产负债率,48.25,29.24,-110.0%,279.8%,2973750.00,96.3%,56.7%,2.23,未分红/不适用,1.8%,4,6,80,Medium,中,排除,0,10年ROE波动较大；10年净利润波动较大；长期ROE低于5%；资产负债率过高；商誉占比过高；利息覆盖倍数偏低；资产负债率相对偏高；数据质量为Medium，筛选结果置信度中等
BCML,US,BayCom Corp - Common Stock,Banks - Regional,银行,不良率、拨备覆盖、资本充足率,12.57,0.96,7.6%,0.8%,31547250.00,86.9%,1.5%,-,未分红/不适用,0.2%,4,6,80,Medium,中,排除,15,银行需补充不良率/拨备/资本充足率专项数据；长期ROE偏低但PE不低；资产负债率过高；资产负债率相对偏高；数据质量为Medium，筛选结果置信度中等
BCPC,US,Balchem Corporation - Common Stock,Specialty Chemicals,周期,利润波动、ROE波动、资本开支周期,33.15,4.03,11.3%,0.8%,138466250.00,25.4%,48.4%,20.48,未分红/不适用,3.2%,4,6,80,Medium,低,排除,60,商誉占比过高；数据质量为Medium，筛选结果置信度中等
BCRX,US,"BioCryst Pharmaceuticals, Inc. - Common Stock",Drug Manufacturers - Specialty & Generic,通用,ROE、现金流、资产负债率,-,-4.39,-17.3%,138.7%,7811750.00,123.2%,-,4.39,未分红/不适用,47.8%,4,6,80,Medium,低,排除,0,PB低但近5年出现亏损；PB低但近5年经营现金流多次为负；10年内亏损年份过多；10年ROE波动较大；10年净利润波动较大；长期ROE低于5%；近5年自由现金流多次为负；资产负债率过高；数据质量为Medium，筛选结果置信度中等
BCTX,US,BriaCell Therapeutics Corp. - Common Shares,Biotechnology,科技,营收增长、自由现金流、研发投入效率,-,0.95,107.2%,343.2%,-24582929.00,-,-,-,未分红/不适用,-,4,6,80,Medium,未知,排除,0,科技公司自由现金流为负；PB低但近5年出现亏损；PB低但近5年经营现金流多次为负；10年内亏损年份过多；10年ROE波动较大；数据质量为Medium，筛选结果置信度中等
BDCI,US,BTC Development Corp. - Class A Ordinary Shares,Shell Companies,通用,ROE、现金流、资产负债率,77.15,1.41,32.9%,45.5%,-,4.2%,-,-,未分红/不适用,-,2,3,40,Low,低,数据不足,0,10年ROE波动较大；10年净利润波动较大；数据年数不足，无法进行可靠筛选
BDMD,US,Baird Medical Investment Holdings Ltd - Ordinary Share,Medical Devices,通用,ROE、现金流、资产负债率,-,1.11,5.6%,62.3%,-4919938.25,55.2%,0.1%,-34.77,未分红/不适用,-13.7%,4,6,80,Medium,低,排除,0,10年ROE波动较大；10年净利润波动较大；近5年自由现金流多次为负；利息覆盖倍数过低；近5年营收增长偏弱；数据质量为Medium，筛选结果置信度中等
BDSX,US,"Biodesix, Inc. - Common Stock",Diagnostics & Research,通用,ROE、现金流、资产负债率,-,-49.36,-57.8%,1075.9%,-42550250.00,102.8%,17.2%,-3.57,未分红/不适用,32.3%,4,6,80,Medium,低,排除,0,PB低但近5年出现亏损；PB低但近5年经营现金流多次为负；10年内亏损年份过多；10年ROE波动较大；长期ROE低于5%；近5年自由现金流多次为负；资产负债率过高；利息覆盖倍数过低；数据质量为Medium，筛选结果置信度中等
BDTX,US,"Black Diamond Therapeutics, Inc. - Common Stock",Biotechnology,科技,营收增长、自由现金流、研发投入效率,-,1.46,-53.3%,49.1%,-76012000.00,21.5%,-,-,未分红/不适用,-,4,6,80,Medium,低,排除,0,科技公司自由现金流为负；10年内亏损年份过多；10年ROE波动较大；10年净利润波动较大；长期ROE低于5%；数据质量为Medium，筛选结果置信度中等
BEAM,US,Beam Therapeutics Inc. - Common Stock,Biotechnology,科技,营收增长、自由现金流、研发投入效率,-,2.52,-27.7%,21.2%,-231397750.00,16.4%,-,-,未分红/不适用,31.9%,4,6,80,Medium,低,排除,0,科技公司自由现金流为负；10年内亏损年份过多；10年ROE波动较大；长期ROE低于5%；近5年自由现金流多次为负；数据质量为Medium，筛选结果置信度中等
BEAT,US,"Heartbeam, Inc. - Common Stock",Health Information Services,通用,ROE、现金流、资产负债率,-,16.00,-655.3%,455.9%,-13869666.67,55.5%,-,-,未分红/不适用,-,4,6,80,Medium,低,排除,0,10年内亏损年份过多；10年ROE波动较大；长期ROE低于5%；近5年自由现金流多次为负；数据质量为Medium，筛选结果置信度中等
BEEM,US,Beam Global - Common Stock,Solar,通用,ROE、现金流、资产负债率,-,1.42,-63.3%,39.9%,-11866000.00,41.9%,0.0%,-1053.19,未分红/不适用,8.7%,4,6,80,Medium,低,排除,0,10年内亏损年份过多；10年ROE波动较大；长期ROE低于5%；近5年自由现金流多次为负；利息覆盖倍数过低；数据质量为Medium，筛选结果置信度中等
BEEP,US,Mobile Infrastructure Corporation - Common Stock,Infrastructure Operations,通用,ROE、现金流、资产负债率,-,0.54,-11.8%,6.9%,-1640500.00,58.4%,-,-0.25,未分红/不适用,6.4%,4,6,80,Medium,低,排除,0,PB低但近5年出现亏损；10年内亏损年份过多；长期ROE低于5%；近5年自由现金流多次为负；利息覆盖倍数过低；数据质量为Medium，筛选结果置信度中等
BELFA,US,Bel Fuse Inc. - Class A Common Stock,Electronic Components,科技,营收增长、自由现金流、研发投入效率,58.50,7.02,16.9%,4.8%,64053500.00,44.5%,23.0%,7.44,未分红/不适用,1.1%,4,6,80,Medium,低,警惕,85,商誉占比偏高；数据质量为Medium，筛选结果置信度中等
BELFB,US,Bel Fuse Inc. - Class B Common Stock,Electronic Components,科技,营收增长、自由现金流、研发投入效率,64.60,7.79,16.9%,4.8%,64053500.00,44.5%,23.0%,7.44,未分红/不适用,1.1%,4,6,80,Medium,低,警惕,85,商誉占比偏高；数据质量为Medium，筛选结果置信度中等
BENF,US,Beneficient - Class A Common Stock,Asset Management,通用,ROE、现金流、资产负债率,-,2.37,285.1%,527.6%,-64294500.00,84.3%,2.8%,0.95,未分红/不适用,-,3,6,60,Medium,低,排除,0,10年内亏损年份过多；10年ROE波动较大；10年净利润波动较大；近5年自由现金流多次为负；资产负债率偏高；利息覆盖倍数过低；数据质量为Medium，筛选结果置信度中等
BETR,US,Better Home & Finance Holding Company - Class A Common Stock,Mortgage Finance,通用,ROE、现金流、资产负债率,-,56.84,-1.7%,512.9%,41403250.00,97.5%,0.7%,-,未分红/不适用,-19.4%,4,6,80,Medium,高,排除,0,10年内亏损年份过多；10年ROE波动较大；长期ROE低于5%；近5年自由现金流多次为负；近5年营收明显下滑；高杠杆行业，需资产负债表专项分析；数据质量为Medium，筛选结果置信度中等
BFC,US,Bank First Corporation - Common Stock,Banks - Regional,银行,不良率、拨备覆盖、资本充足率,20.00,1.97,10.8%,0.9%,45564250.00,85.7%,3.9%,-,未分红/不适用,12.9%,4,6,80,Medium,中,排除,30,银行需补充不良率/拨备/资本充足率专项数据；资产负债率过高；资产负债率相对偏高；数据质量为Medium，筛选结果置信度中等
BFRG,US,"Bullfrog AI Holdings, Inc. - Common Stock",Health Information Services,通用,ROE、现金流、资产负债率,-,3.29,-140.0%,168.4%,-919634.00,23.9%,-,-1153.39,未分红/不适用,126.8%,4,6,80,Medium,低,排除,0,10年内亏损年份过多；10年ROE波动较大；长期ROE低于5%；利息覆盖倍数过低；数据质量为Medium，筛选结果置信度中等
BFRI,US,Biofrontera Inc. - Common Stock,Drug Manufacturers - Specialty & Generic,通用,ROE、现金流、资产负债率,-,1.10,-231.0%,211.1%,-16207500.00,63.3%,-,-22.25,未分红/不适用,13.3%,4,6,80,Medium,低,排除,0,10年内亏损年份过多；10年ROE波动较大；长期ROE低于5%；近5年自由现金流多次为负；利息覆盖倍数过低；数据质量为Medium，筛选结果置信度中等
BFST,US,"Business First Bancshares, Inc. - Common Stock",Banks - Regional,银行,不良率、拨备覆盖、资本充足率,9.62,0.96,9.6%,1.2%,73245250.00,89.1%,1.5%,-,未分红/不适用,12.0%,4,6,80,Medium,中,排除,30,银行需补充不良率/拨备/资本充足率专项数据；资产负债率过高；资产负债率相对偏高；数据质量为Medium，筛选结果置信度中等
BGC,US,"BGC Group, Inc. - Class A Common Stock",Capital Markets,金融,杠杆、资产质量、资本约束,30.86,4.97,10.4%,5.6%,270630250.00,74.0%,14.7%,2.71,未分红/不适用,17.6%,4,6,80,Medium,高,需专项分析,40,金融行业需专项资产质量与资本约束分析；利息覆盖倍数偏低；高杠杆行业，需资产负债表专项分析；数据质量为Medium，筛选结果置信度中等
BGDE,US,"Big Digital Energy, Inc. - Common Stock",Capital Markets,周期,利润波动、ROE波动、资本开支周期,-,-7.31,478.6%,760.0%,-20279429.75,105.4%,-,-6.02,未分红/不适用,-22.2%,4,6,80,Medium,高,排除,0,周期行业ROE波动显著；PB低但近5年出现亏损；10年内亏损年份过多；10年ROE波动较大；近5年自由现金流多次为负；利息覆盖倍数过低；近5年营收明显下滑；高杠杆行业，需资产负债表专项分析；数据质量为Medium，筛选结果置信度中等
BGIN,US,Bgin Blockchain Limited - Class A Ordinary Shares,Computer Hardware,科技,营收增长、自由现金流、研发投入效率,-,7.45,-50.4%,187.1%,-109823887.50,41.0%,-,-,未分红/不适用,64.8%,4,6,80,Medium,低,排除,0,科技公司自由现金流为负；10年ROE波动较大；10年净利润波动较大；长期ROE低于5%；近5年自由现金流多次为负；数据质量为Medium，筛选结果置信度中等
BGL,US,Blue Gold Limited - Class A ordinary shares,Gold,通用,ROE、现金流、资产负债率,-,-1.76,124.5%,22.3%,-8625644.50,153.1%,-,-,未分红/不适用,-,2,3,40,Low,低,数据不足,0,PB低但近5年出现亏损；10年ROE波动较大；资产负债率过高；数据年数不足，无法进行可靠筛选
BGLC,US,BioNexus Gene Lab Corp - Common stock,Specialty Chemicals,周期,利润波动、ROE波动、资本开支周期,-,0.56,-21.6%,12.5%,-1417390.25,6.9%,-,-151.73,未分红/不适用,-12.1%,4,6,80,Medium,低,排除,0,PB低但近5年出现亏损；PB低但近5年经营现金流多次为负；10年内亏损年份过多；10年ROE波动较大；长期ROE低于5%；近5年自由现金流多次为负；利息覆盖倍数过低；近5年营收增长偏弱；数据质量为Medium，筛选结果置信度中等
BGM,US,BGM Group Ltd. - Class A Ordinary Shares,Drug Manufacturers - Specialty & Generic,通用,ROE、现金流、资产负债率,-,0.16,-3.4%,10.5%,-135554.25,16.8%,-,-,未分红/不适用,-24.0%,4,0,80,Medium,低,排除,0,PB低但近5年出现亏损；10年净利润波动较大；长期ROE低于5%；近5年自由现金流多次为负；近5年营收明显下滑；数据质量为Medium，筛选结果置信度中等
BGMS,US,"Bio Green Med Solution, Inc. - Common Stock",Biotechnology,科技,营收增长、自由现金流、研发投入效率,-,0.83,-,-,-18476000.00,16.4%,19.2%,-,未分红/不适用,-,0,9,0,Insufficient,低,数据不足,0,科技公司自由现金流为负；PB低但近5年出现亏损；PB低但近5年经营现金流多次为负；数据年数不足，无法进行可靠筛选
BHF,US,"Brighthouse Financial, Inc. - Common Stock",Insurance - Life,保险,偿付能力、久期缺口、投资收益质量,-,0.63,15.5%,39.0%,-,97.2%,-,4.12,未分红/不适用,-1.2%,4,6,80,Medium,中,排除,0,保险需补充偿付能力/久期缺口专项数据；PB低但近5年出现亏损；PB低但近5年经营现金流多次为负；10年ROE波动较大；10年净利润波动较大；资产负债率过高；资产负债率相对偏高；数据质量为Medium，筛选结果置信度中等
BHRB,US,Burke & Herbert Financial Services Corp. - Common Stock,Banks - Regional,银行,不良率、拨备覆盖、资本充足率,8.08,1.10,10.5%,5.3%,60925500.00,-,0.4%,-,未分红/不适用,41.7%,0,10,0,Insufficient,未知,数据不足,0,银行需补充不良率/拨备/资本充足率专项数据；数据年数不足，无法进行可靠筛选
BHST,US,BioHarvest Sciences Inc. - Common Stock,Packaged Foods,消费,ROE、毛利率稳定性、分红稳定性,-,3.70,-185.1%,532.5%,-9898250.00,46.6%,-,-3.06,未分红/不适用,84.5%,4,6,80,Medium,低,排除,0,消费公司长期ROE不够突出；10年内亏损年份过多；10年ROE波动较大；长期ROE低于5%；近5年自由现金流多次为负；利息覆盖倍数过低；数据质量为Medium，筛选结果置信度中等
BIAF,US,"bioAffinity Technologies, Inc. - Common Stock",Diagnostics & Research,通用,ROE、现金流、资产负债率,-,1.23,-197.4%,114.0%,-6771207.00,33.6%,12.8%,-334.02,未分红/不适用,983.4%,4,6,80,Medium,低,排除,0,10年内亏损年份过多；10年ROE波动较大；长期ROE低于5%；近5年自由现金流多次为负；利息覆盖倍数过低；数据质量为Medium，筛选结果置信度中等
BIIB,US,Biogen Inc. - Common Stock,Drug Manufacturers - General,通用,ROE、现金流、资产负债率,20.58,1.51,11.9%,7.3%,1715450000.00,38.0%,22.0%,6.82,未分红/不适用,-0.9%,4,6,80,Medium,低,警惕,85,商誉占比偏高；数据质量为Medium，筛选结果置信度中等
BIOA,US,"BioAge Labs, Inc. - Common Stock",Drug Manufacturers - Specialty & Generic,通用,ROE、现金流、资产负债率,-,2.19,5.1%,35.9%,-52011500.00,7.7%,-,-114.65,未分红/不适用,-,4,0,80,Medium,低,排除,0,10年内亏损年份过多；10年ROE波动较大；近5年自由现金流多次为负；利息覆盖倍数过低；数据质量为Medium，筛选结果置信度中等
BIOX,US,Bioceres Crop Solutions Corp. - Ordinary Shares,Agricultural Inputs,通用,ROE、现金流、资产负债率,-,0.11,-4.8%,11.9%,1936262.25,61.3%,14.7%,-1.25,未分红/不适用,0.5%,4,6,80,Medium,低,排除,0,PB低但近5年出现亏损；10年净利润波动较大；长期ROE低于5%；利息覆盖倍数过低；数据质量为Medium，筛选结果置信度中等
BIRD,US,"Allbirds, Inc. - Class A Common Stock",Apparel Retail,消费,ROE、毛利率稳定性、分红稳定性,-,1.09,-105.3%,77.8%,-72305250.00,67.2%,-,-71.06,未分红/不适用,-20.0%,4,6,80,Medium,中,排除,0,消费公司长期ROE不够突出；10年内亏损年份过多；10年ROE波动较大；长期ROE低于5%；近5年自由现金流多次为负；利息覆盖倍数过低；近5年营收明显下滑；资产负债率相对偏高；数据质量为Medium，筛选结果置信度中等
BIVI,US,BioVie Inc. - Common stock,Biotechnology,科技,营收增长、自由现金流、研发投入效率,-,0.67,-334.4%,268.6%,-,11.8%,1.6%,-51.72,未分红/不适用,-,4,6,80,Medium,低,排除,0,PB低但近5年出现亏损；PB低但近5年经营现金流多次为负；10年内亏损年份过多；10年ROE波动较大；长期ROE低于5%；利息覆盖倍数过低；数据质量为Medium，筛选结果置信度中等
BIYA,US,Baiya International Group Inc.  - Ordinary Shares,Software - Application,科技,营收增长、自由现金流、研发投入效率,-,0.16,-76.1%,77.7%,-7440935.00,17.1%,-,-,未分红/不适用,7.8%,4,6,80,Medium,低,排除,0,科技公司自由现金流为负；PB低但近5年出现亏损；10年内亏损年份过多；10年ROE波动较大；10年净利润波动较大；长期ROE低于5%；数据质量为Medium，筛选结果置信度中等
BJDX,US,"Bluejay Diagnostics, Inc. - Common Stock",Medical Devices,通用,ROE、现金流、资产负债率,-,0.43,-168.4%,119.1%,-8078453.50,16.1%,-,-8161.67,未分红/不适用,-,4,6,80,Medium,低,排除,0,PB低但近5年出现亏损；PB低但近5年经营现金流多次为负；10年内亏损年份过多；10年ROE波动较大；长期ROE低于5%；近5年自由现金流多次为负；利息覆盖倍数过低；数据质量为Medium，筛选结果置信度中等
BJRI,US,"BJ's Restaurants, Inc. - Common Stock",Restaurants,通用,ROE、现金流、资产负债率,20.96,2.36,6.1%,5.1%,11228250.00,63.9%,0.5%,10.95,未分红/不适用,2.9%,4,6,80,Medium,低,警惕,70,10年净利润波动较大；长期ROE偏低但PE不低；数据质量为Medium，筛选结果置信度中等
BKNG,US,Booking Holdings Inc. - Common Stock,Travel Services,通用,ROE、现金流、资产负债率,20.38,-13.81,-72.4%,124.3%,7541500000.00,119.1%,9.1%,5.23,未分红/不适用,16.3%,4,6,80,Medium,低,排除,5,10年ROE波动较大；长期ROE低于5%；资产负债率过高；数据质量为Medium，筛选结果置信度中等
BKR,US,Baker Hughes Company - Common Stock,Oil & Gas Equipment & Services,周期,利润波动、ROE波动、资本开支周期,20.64,3.32,10.0%,9.7%,1832000000.00,53.5%,14.8%,13.96,未分红/不适用,9.4%,4,6,80,Medium,低,警惕,85,10年净利润波动较大；数据质量为Medium，筛选结果置信度中等
BL,US,"BlackLine, Inc. - Common Stock",Software - Application,科技,营收增长、自由现金流、研发投入效率,63.90,5.19,9.4%,26.5%,105934750.00,78.9%,26.5%,5.75,未分红/不适用,10.2%,4,6,80,Medium,中,警惕,25,10年ROE波动较大；10年净利润波动较大；资产负债率偏高；商誉占比偏高；资产负债率相对偏高；数据质量为Medium，筛选结果置信度中等
BLBD,US,Blue Bird Corporation - Common Stock,Farm & Heavy Construction Machinery,周期,利润波动、ROE波动、资本开支周期,17.80,7.70,-783.8%,1684.8%,82427250.00,59.2%,3.0%,24.54,未分红/不适用,22.7%,4,6,80,Medium,低,排除,0,周期行业ROE波动显著；周期行业利润弹性过大；10年ROE波动较大；10年净利润波动较大；长期ROE低于5%；数据质量为Medium，筛选结果置信度中等
BLDP,US,"Ballard Power Systems, Inc. - Common Shares",Electrical Equipment & Parts,通用,ROE、现金流、资产负债率,-,2.15,-24.1%,16.1%,-128663750.00,13.5%,-,-46.70,未分红/不适用,6.7%,4,6,80,Medium,低,排除,0,10年内亏损年份过多；10年ROE波动较大；长期ROE低于5%；近5年自由现金流多次为负；利息覆盖倍数过低；数据质量为Medium，筛选结果置信度中等
BLFS,US,"BioLife Solutions, Inc. - Common Stock",Medical Instruments & Supplies,通用,ROE、现金流、资产负债率,-,2.76,-16.4%,16.7%,-8108000.00,8.4%,51.4%,-,未分红/不适用,8.1%,4,6,80,Medium,低,排除,0,10年内亏损年份过多；10年ROE波动较大；10年净利润波动较大；长期ROE低于5%；商誉占比过高；数据质量为Medium，筛选结果置信度中等
BLIN,US,"Bridgeline Digital, Inc. - Common Stock",Software - Infrastructure,科技,营收增长、自由现金流、研发投入效率,-,1.27,-29.4%,38.7%,-498250.00,37.6%,55.3%,-19.29,未分红/不适用,-2.9%,4,6,80,Medium,低,排除,0,科技公司营收增长转负；科技公司自由现金流为负；10年内亏损年份过多；10年ROE波动较大；10年净利润波动较大；长期ROE低于5%；近5年自由现金流多次为负；商誉占比过高；利息覆盖倍数过低；数据质量为Medium，筛选结果置信度中等
BLIV,US,BeLive Holdings - ordinary shares,Software - Application,科技,营收增长、自由现金流、研发投入效率,-,3.14,1007.4%,2034.0%,-2335722.33,116.3%,-,-1747.50,未分红/不适用,-13.7%,4,0,80,Medium,低,排除,0,科技公司营收增长转负；科技公司自由现金流为负；10年内亏损年份过多；10年ROE波动较大；10年净利润波动较大；近5年自由现金流多次为负；资产负债率过高；利息覆盖倍数过低；近5年营收增长偏弱；数据质量为Medium，筛选结果置信度中等
BLKB,US,"Blackbaud, Inc. - Common Stock",Software - Application,科技,营收增长、自由现金流、研发投入效率,10.58,41.23,-26.7%,154.1%,175163000.00,96.4%,44.2%,2.94,未分红/不适用,2.2%,4,6,80,Medium,中,排除,0,10年ROE波动较大；10年净利润波动较大；长期ROE低于5%；资产负债率过高；商誉占比过高；利息覆盖倍数偏低；资产负债率相对偏高；数据质量为Medium，筛选结果置信度中等
BLLN,US,"BillionToOne, Inc. - Class A common stock",Diagnostics & Research,通用,ROE、现金流、资产负债率,159.89,8.00,1.6%,-,15673000.00,24.1%,-,82.67,未分红/不适用,-,1,12,20,Low,低,数据不足,0,长期ROE低于5%；数据年数不足，无法进行可靠筛选
BLMN,US,"Bloomin' Brands, Inc. - Common Stock",Restaurants,通用,ROE、现金流、资产负债率,33.92,1.76,1.5%,68.3%,138122000.00,89.4%,5.8%,0.82,未分红/不适用,-0.4%,4,6,80,Medium,中,排除,0,10年ROE波动较大；10年净利润波动较大；长期ROE低于5%；资产负债率过高；利息覆盖倍数过低；资产负债率相对偏高；数据质量为Medium，筛选结果置信度中等
BLNE,US,"Beeline Holdings, Inc. - Common Stock",Mortgage Finance,通用,ROE、现金流、资产负债率,-,0.91,30.7%,802.1%,-7562750.00,23.7%,47.4%,-9.00,未分红/不适用,-16.1%,4,6,80,Medium,高,排除,0,PB低但近5年出现亏损；PB低但近5年经营现金流多次为负；10年内亏损年份过多；10年ROE波动较大；近5年自由现金流多次为负；商誉占比过高；利息覆盖倍数过低；近5年营收明显下滑；高杠杆行业，需资产负债表专项分析；数据质量为Medium，筛选结果置信度中等
BLNK,US,Blink Charging Co. - Common Stock,Engineering & Construction,周期,利润波动、ROE波动、资本开支周期,-,2.32,-102.3%,61.8%,-72934000.00,56.3%,1.2%,-,未分红/不适用,19.3%,4,6,80,Medium,低,排除,0,周期行业ROE波动显著；10年内亏损年份过多；10年ROE波动较大；长期ROE低于5%；近5年自由现金流多次为负；数据质量为Medium，筛选结果置信度中等
BLZE,US,"Backblaze, Inc. - Common Stock",Software - Infrastructure,科技,营收增长、自由现金流、研发投入效率,-,5.16,-75.2%,42.7%,-11933250.00,56.6%,-,-5.60,未分红/不适用,19.6%,4,6,80,Medium,低,排除,0,科技公司自由现金流为负；10年内亏损年份过多；10年ROE波动较大；长期ROE低于5%；近5年自由现金流多次为负；利息覆盖倍数过低；数据质量为Medium，筛选结果置信度中等
BMBL,US,Bumble Inc. - common stock,Internet Content & Information,科技,营收增长、自由现金流、研发投入效率,-,0.69,-48.6%,57.5%,154782500.00,52.2%,51.4%,-19.28,未分红/不适用,2.2%,4,6,80,Medium,低,排除,0,PB低但近5年出现亏损；10年内亏损年份过多；10年ROE波动较大；10年净利润波动较大；长期ROE低于5%；商誉占比过高；利息覆盖倍数过低；数据质量为Medium，筛选结果置信度中等
BMEA,US,"Biomea Fusion, Inc. - Common Stock",Biotechnology,科技,营收增长、自由现金流、研发投入效率,-,5.52,-155.5%,99.1%,-94555000.00,49.5%,-,-,未分红/不适用,-,4,6,80,Medium,低,排除,0,科技公司自由现金流为负；10年内亏损年份过多；10年ROE波动较大；长期ROE低于5%；近5年自由现金流多次为负；数据质量为Medium，筛选结果置信度中等
BMGL,US,Basel Medical Group Ltd - ordinary shares,Medical Care Facilities,通用,ROE、现金流、资产负债率,-,3.08,-20.6%,117.3%,1045443.75,70.9%,-,-53.20,未分红/不适用,2.0%,4,0,80,Medium,中,排除,0,10年ROE波动较大；10年净利润波动较大；长期ROE低于5%；资产负债率偏高；利息覆盖倍数过低；资产负债率相对偏高；数据质量为Medium，筛选结果置信度中等
BMHL,US,Bluemount Holdings Limited - Class B Ordinary Shares,Capital Markets,金融,杠杆、资产质量、资本约束,35.73,8.45,21.2%,14.7%,-,65.7%,-,47.96,未分红/不适用,18.4%,3,0,60,Medium,高,需专项分析,40,金融行业需专项资产质量与资本约束分析；10年ROE波动较大；高杠杆行业，需资产负债表专项分析；数据质量为Medium，筛选结果置信度中等
BMM,US,Blue Moon Metals Inc. - Common Shares,Other Industrial Metals & Mining,周期,利润波动、ROE波动、资本开支周期,-,3.66,-36.5%,30.9%,-16197007.50,11.4%,-,-29.53,未分红/不适用,-,4,6,80,Medium,低,排除,0,周期行业ROE波动显著；周期行业利润弹性过大；10年内亏损年份过多；10年ROE波动较大；10年净利润波动较大；长期ROE低于5%；利息覆盖倍数过低；数据质量为Medium，筛选结果置信度中等
BMR,US,Beamr Imaging Ltd. - Ordinary Share,Software - Application,科技,营收增长、自由现金流、研发投入效率,-,1.86,52.6%,146.4%,-2110750.00,5.8%,26.2%,-132.44,未分红/不适用,2.6%,4,6,80,Medium,低,排除,0,科技公司自由现金流为负；10年内亏损年份过多；10年ROE波动较大；10年净利润波动较大；近5年自由现金流多次为负；商誉占比偏高；利息覆盖倍数过低；数据质量为Medium，筛选结果置信度中等
BMRA,US,"Biomerica, Inc. - Common Stock",Medical Devices,通用,ROE、现金流、资产负债率,-,2.20,-81.8%,30.6%,-3888750.00,31.0%,-,-,未分红/不适用,-34.5%,4,6,80,Medium,低,排除,0,10年内亏损年份过多；10年ROE波动较大；长期ROE低于5%；近5年自由现金流多次为负；近5年营收明显下滑；数据质量为Medium，筛选结果置信度中等
BMRC,US,Bank of Marin Bancorp - Common Stock,Banks - Regional,银行,不良率、拨备覆盖、资本充足率,-,1.04,1.2%,8.7%,38005750.00,89.9%,1.9%,-,未分红/不适用,-40.6%,4,6,80,Medium,中,排除,0,银行需补充不良率/拨备/资本充足率专项数据；10年净利润波动较大；长期ROE低于5%；资产负债率过高；近5年营收明显下滑；资产负债率相对偏高；数据质量为Medium，筛选结果置信度中等
BMRN,US,BioMarin Pharmaceutical Inc. - Common Stock,Biotechnology,科技,营收增长、自由现金流、研发投入效率,38.30,1.66,4.9%,2.1%,322113000.00,19.8%,2.6%,45.27,未分红/不适用,15.4%,4,6,80,Medium,低,排除,60,长期ROE低于5%；数据质量为Medium，筛选结果置信度中等
BNAI,US,Brand Engagement Network Inc. - Common Stock,Software - Infrastructure,科技,营收增长、自由现金流、研发投入效率,-,38.73,23.8%,1228.9%,-8455877.67,77.4%,-,-20.01,未分红/不适用,160.1%,4,6,80,Medium,中,排除,0,科技公司自由现金流为负；10年内亏损年份过多；10年ROE波动较大；10年净利润波动较大；近5年自由现金流多次为负；资产负债率偏高；利息覆盖倍数过低；资产负债率相对偏高；数据质量为Medium，筛选结果置信度中等
BNBX,US,BNB Plus Corp. - Common Stock,Asset Management,通用,ROE、现金流、资产负债率,0.00,0.12,-249.8%,278.9%,-10678378.50,56.2%,-,-,未分红/不适用,-51.0%,4,6,80,Medium,低,排除,0,PB低但近5年出现亏损；PB低但近5年经营现金流多次为负；10年内亏损年份过多；10年ROE波动较大；长期ROE低于5%；近5年自由现金流多次为负；近5年营收明显下滑；数据质量为Medium，筛选结果置信度中等
BNC,US,CEA Industries Inc. - Common Stock,Farm & Heavy Construction Machinery,周期,利润波动、ROE波动、资本开支周期,-,0.37,-109.6%,156.1%,-3247869.00,11.2%,-,-,未分红/不适用,-41.0%,4,0,80,Medium,低,排除,0,周期行业ROE波动显著；PB低但近5年出现亏损；PB低但近5年经营现金流多次为负；10年内亏损年份过多；10年ROE波动较大；长期ROE低于5%；近5年营收明显下滑；数据质量为Medium，筛选结果置信度中等
BNGO,US,"Bionano Genomics, Inc. - Common Stock",Medical Instruments & Supplies,通用,ROE、现金流、资产负债率,-,0.29,-167.8%,132.3%,-108005000.00,39.6%,-,-87.35,未分红/不适用,0.8%,4,6,80,Medium,低,排除,0,PB低但近5年出现亏损；PB低但近5年经营现金流多次为负；10年内亏损年份过多；10年ROE波动较大；长期ROE低于5%；近5年自由现金流多次为负；利息覆盖倍数过低；数据质量为Medium，筛选结果置信度中等
BNKK,US,"Bonk, Inc. - Common Stock",Asset Management,通用,ROE、现金流、资产负债率,-,0.48,373.1%,1271.8%,-15997239.75,14.6%,34.5%,-114.08,未分红/不适用,219.4%,4,6,80,Medium,低,排除,0,PB低但近5年出现亏损；PB低但近5年经营现金流多次为负；10年内亏损年份过多；10年ROE波动较大；近5年自由现金流多次为负；商誉占比偏高；利息覆盖倍数过低；数据质量为Medium，筛选结果置信度中等
BNRG,US,Brenmiller Energy Ltd - Ordinary Shares,Utilities - Renewable,周期,利润波动、ROE波动、资本开支周期,-,0.09,-280.8%,108.4%,-10800250.00,72.0%,-,-36.18,未分红/不适用,-36.6%,4,6,80,Medium,中,排除,0,周期行业ROE波动显著；PB低但近5年出现亏损；PB低但近5年经营现金流多次为负；10年内亏损年份过多；10年ROE波动较大；长期ROE低于5%；近5年自由现金流多次为负；资产负债率偏高；利息覆盖倍数过低；近5年营收明显下滑；资产负债率相对偏高；数据质量为Medium，筛选结果置信度中等
BNTC,US,Benitec Biopharma Inc. - Common Stock,Biotechnology,科技,营收增长、自由现金流、研发投入效率,-,3.20,-2600.2%,4730.8%,-19278250.00,2.3%,-,-,未分红/不适用,-,4,6,80,Medium,低,排除,0,科技公司自由现金流为负；10年内亏损年份过多；10年ROE波动较大；长期ROE低于5%；近5年自由现金流多次为负；数据质量为Medium，筛选结果置信度中等
BNZI,US,"Banzai International, Inc. - Class A Common Stock",Software - Application,科技,营收增长、自由现金流、研发投入效率,-,0.43,242.6%,618.8%,-5178981.00,74.5%,69.5%,-8.41,未分红/不适用,31.6%,4,6,80,Medium,中,排除,0,科技公司自由现金流为负；PB低但近5年出现亏损；PB低但近5年经营现金流多次为负；10年内亏损年份过多；10年ROE波动较大；资产负债率偏高；商誉占比过高；利息覆盖倍数过低；资产负债率相对偏高；数据质量为Medium，筛选结果置信度中等
BODI,US,"The Beachbody Company, Inc. - Class A Common Stock",Internet Content & Information,科技,营收增长、自由现金流、研发投入效率,17.32,2.90,-134.9%,107.1%,-21852000.00,78.7%,44.3%,0.45,未分红/不适用,-28.6%,4,6,80,Medium,中,排除,0,科技公司营收增长转负；科技公司自由现金流为负；10年内亏损年份过多；10年ROE波动较大；10年净利润波动较大；长期ROE低于5%；近5年自由现金流多次为负；资产负债率偏高；商誉占比过高；利息覆盖倍数过低；近5年营收明显下滑；资产负债率相对偏高；数据质量为Medium，筛选结果置信度中等
BOF,US,BranchOut Food Inc. - Common Stock,Packaged Foods,消费,ROE、毛利率稳定性、分红稳定性,-,9.33,-100.0%,132.8%,-5403136.50,61.5%,-,-7.18,未分红/不适用,163.3%,4,6,80,Medium,低,排除,0,消费公司长期ROE不够突出；10年内亏损年份过多；10年ROE波动较大；长期ROE低于5%；近5年自由现金流多次为负；利息覆盖倍数过低；数据质量为Medium，筛选结果置信度中等
BOKF,US,BOK Financial Corporation - Common Stock,Banks - Regional,银行,不良率、拨备覆盖、资本充足率,12.87,1.30,10.2%,0.7%,-,88.7%,2.0%,-,未分红/不适用,4.8%,4,6,80,Medium,中,排除,30,银行需补充不良率/拨备/资本充足率专项数据；资产负债率过高；资产负债率相对偏高；数据质量为Medium，筛选结果置信度中等
BOLD,US,"Boundless Bio, Inc. - Common Stock",Biotechnology,科技,营收增长、自由现金流、研发投入效率,-,0.35,-1.8%,57.8%,-49683500.00,37.2%,-,-,未分红/不适用,-,4,6,80,Medium,低,排除,0,科技公司自由现金流为负；PB低但近5年出现亏损；PB低但近5年经营现金流多次为负；10年内亏损年份过多；10年ROE波动较大；长期ROE低于5%；近5年自由现金流多次为负；数据质量为Medium，筛选结果置信度中等
BOLT,US,"Bolt Biotherapeutics, Inc. - Common Stock",Biotechnology,科技,营收增长、自由现金流、研发投入效率,-,0.48,-87.3%,36.5%,-62360000.00,53.3%,-,-,未分红/不适用,10.3%,4,6,80,Medium,低,排除,0,科技公司自由现金流为负；PB低但近5年出现亏损；PB低但近5年经营现金流多次为负；10年内亏损年份过多；10年ROE波动较大；长期ROE低于5%；近5年自由现金流多次为负；数据质量为Medium，筛选结果置信度中等
BON,US,Bon Natural Life Limited - Class A Ordinary Shares,Specialty Chemicals,周期,利润波动、ROE波动、资本开支周期,-,0.13,7.9%,11.2%,-5297189.75,31.9%,-,-3.67,未分红/不适用,-14.5%,4,6,80,Medium,低,排除,0,周期行业利润弹性过大；PB低但近5年出现亏损；PB低但近5年经营现金流多次为负；10年净利润波动较大；近5年自由现金流多次为负；利息覆盖倍数过低；近5年营收增长偏弱；数据质量为Medium，筛选结果置信度中等
BOOM,US,DMC Global Inc. - Common Stock,Conglomerates,通用,ROE、现金流、资产负债率,-,0.64,-15.4%,32.4%,35662000.00,32.5%,-,-0.18,未分红/不适用,-2.3%,4,6,80,Medium,低,排除,0,PB低但近5年出现亏损；10年ROE波动较大；10年净利润波动较大；长期ROE低于5%；利息覆盖倍数过低；数据质量为Medium，筛选结果置信度中等
BOSC,US,B.O.S. Better Online Solutions - Ordinary Shares,Communication Equipment,通用,ROE、现金流、资产负债率,8.05,1.12,10.4%,2.0%,1428250.00,35.7%,6.7%,6.20,未分红/不适用,6.8%,4,6,80,Medium,低,通过,85,数据质量为Medium，筛选结果置信度中等
BOTJ,US,"Bank of the James Financial Group, Inc. - Common Stock",Banks - Regional,银行,不良率、拨备覆盖、资本充足率,9.52,1.28,14.0%,2.9%,8123250.00,92.3%,0.2%,-,未分红/不适用,4.4%,4,6,80,Medium,中,排除,30,银行需补充不良率/拨备/资本充足率专项数据；资产负债率过高；资产负债率相对偏高；数据质量为Medium，筛选结果置信度中等
BOXL,US,Boxlight Corporation - Class A Common Stock,Consumer Electronics,科技,营收增长、自由现金流、研发投入效率,-,0.95,-479.6%,963.0%,1490500.00,98.7%,-,-1.47,未分红/不适用,-21.0%,4,6,80,Medium,中,排除,0,科技公司营收增长转负；PB低但近5年出现亏损；10年内亏损年份过多；10年ROE波动较大；长期ROE低于5%；资产负债率过高；利息覆盖倍数过低；近5年营收明显下滑；资产负债率相对偏高；数据质量为Medium，筛选结果置信度中等
BPAC,US,Blueport Acquisition Ltd - Class A Ordinary Shares,-,通用,ROE、现金流、资产负债率,-,20.02,-0.0%,-,-,2.2%,-,-,未分红/不适用,-,1,0,20,Low,低,数据不足,0,长期ROE低于5%；数据年数不足，无法进行可靠筛选
BPOP,US,"Popular, Inc. - Common Stock",Banks - Regional,银行,不良率、拨备覆盖、资本充足率,10.72,1.49,15.4%,7.8%,632903500.00,91.7%,1.0%,-,未分红/不适用,1.2%,4,6,80,Medium,中,排除,30,银行需补充不良率/拨备/资本充足率专项数据；资产负债率过高；资产负债率相对偏高；数据质量为Medium，筛选结果置信度中等
BPRN,US,"Princeton Bancorp, Inc. - Common Stock",Banks - Regional,银行,不良率、拨备覆盖、资本充足率,12.28,0.87,8.4%,3.7%,19646500.00,88.2%,0.6%,-,未分红/不适用,4.9%,4,6,80,Medium,中,排除,30,银行需补充不良率/拨备/资本充足率专项数据；资产负债率过高；资产负债率相对偏高；数据质量为Medium，筛选结果置信度中等
BRAG,US,Bragg Gaming Group Inc. - Common Shares,Gambling,通用,ROE、现金流、资产负债率,-,0.63,-7.6%,3.7%,230500.00,36.9%,31.4%,-4.44,未分红/不适用,7.8%,4,6,80,Medium,低,排除,0,PB低但近5年出现亏损；10年内亏损年份过多；长期ROE低于5%；商誉占比偏高；利息覆盖倍数过低；数据质量为Medium，筛选结果置信度中等
BRAI,US,Braiin Limited - Common Stock,Computer Hardware,科技,营收增长、自由现金流、研发投入效率,-,-201.67,38.9%,45.0%,-,22.7%,-,-9.61,未分红/不适用,-,3,3,60,Medium,低,排除,0,PB低但近5年出现亏损；10年内亏损年份过多；10年ROE波动较大；10年净利润波动较大；利息覆盖倍数过低；数据质量为Medium，筛选结果置信度中等
BRBI,US,BRBI BR Partners S.A. - ADSs,Capital Markets,金融,杠杆、资产质量、资本约束,31.70,9.19,21.5%,3.7%,137268666.67,94.7%,-,-,未分红/不适用,42.0%,2,3,40,Low,高,数据不足,0,金融行业需专项资产质量与资本约束分析；高杠杆行业，需资产负债表专项分析；数据年数不足，无法进行可靠筛选
BRCB,US,"Black Rock Coffee Bar, Inc. - Class A Common Stock",Restaurants,通用,ROE、现金流、资产负债率,-,2.74,-0.1%,-,-17994000.00,68.9%,2.8%,-0.64,未分红/不适用,22.7%,3,0,60,Medium,中,排除,0,10年内亏损年份过多；10年净利润波动较大；长期ROE低于5%；近5年自由现金流多次为负；利息覆盖倍数过低；资产负债率相对偏高；数据质量为Medium，筛选结果置信度中等
BRFH,US,Barfresh Food Group Inc. - Common Stock,Beverages - Non-Alcoholic,消费,ROE、毛利率稳定性、分红稳定性,-,29.04,-253.3%,163.0%,-2244000.00,89.6%,-,-12.73,未分红/不适用,15.7%,4,6,80,Medium,中,排除,0,消费公司长期ROE不够突出；10年内亏损年份过多；10年ROE波动较大；长期ROE低于5%；近5年自由现金流多次为负；资产负债率过高；利息覆盖倍数过低；资产负债率相对偏高；数据质量为Medium，筛选结果置信度中等
BRID,US,Bridgford Foods Corporation - Common Stock,Packaged Foods,消费,ROE、毛利率稳定性、分红稳定性,-,0.99,6.0%,20.6%,-5976500.00,21.5%,-,-56.49,未分红/不适用,-4.6%,4,6,80,Medium,低,排除,0,消费公司长期ROE不够突出；PB低但近5年出现亏损；PB低但近5年经营现金流多次为负；10年ROE波动较大；10年净利润波动较大；近5年自由现金流多次为负；利息覆盖倍数过低；数据质量为Medium，筛选结果置信度中等
BRKR,US,Bruker Corporation - Common Stock,Medical Devices,通用,ROE、现金流、资产负债率,-,2.74,15.6%,14.9%,134575000.00,59.8%,24.8%,1.36,未分红/不适用,10.7%,4,6,80,Medium,低,排除,15,10年ROE波动较大；10年净利润波动较大；商誉占比偏高；利息覆盖倍数过低；数据质量为Medium，筛选结果置信度中等
BRLS,US,Borealis Foods Inc. - Class A Common Shares,Packaged Foods,消费,ROE、毛利率稳定性、分红稳定性,-,-2.24,933.0%,1805.7%,-18252235.50,101.2%,3.2%,-4.03,未分红/不适用,26.6%,4,0,80,Medium,低,排除,0,PB低但近5年出现亏损；PB低但近5年经营现金流多次为负；10年内亏损年份过多；10年ROE波动较大；10年净利润波动较大；近5年自由现金流多次为负；资产负债率过高；利息覆盖倍数过低；数据质量为Medium，筛选结果置信度中等
BRLT,US,"Brilliant Earth Group, Inc. - Class A Common Stock",Luxury Goods,通用,ROE、现金流、资产负债率,-,1.78,-0.5%,20.7%,9523000.00,60.4%,-,2.42,未分红/不适用,-0.2%,4,6,80,Medium,中,排除,0,10年ROE波动较大；10年净利润波动较大；长期ROE低于5%；利息覆盖倍数偏低；资产负债率相对偏高；数据质量为Medium，筛选结果置信度中等
BRR,US,"ProCap Financial, Inc. - Common Stock",Capital Markets,金融,杠杆、资产质量、资本约束,-,0.39,-,-,-,34.2%,-,-,未分红/不适用,-,0,3,0,Insufficient,高,数据不足,0,金融行业需专项资产质量与资本约束分析；高杠杆行业，需资产负债表专项分析；数据年数不足，无法进行可靠筛选
BRTX,US,"BioRestorative Therapies, Inc. - Common Stock",Biotechnology,科技,营收增长、自由现金流、研发投入效率,-,4.84,-1082.5%,1939.8%,-8049036.00,91.3%,-,-,未分红/不适用,44.3%,4,6,80,Medium,中,排除,0,科技公司自由现金流为负；10年内亏损年份过多；10年ROE波动较大；长期ROE低于5%；近5年自由现金流多次为负；资产负债率过高；资产负债率相对偏高；数据质量为Medium，筛选结果置信度中等
BRUN,US,Boost Run Inc. - Class A Common Stock,Software - Infrastructure,科技,营收增长、自由现金流、研发投入效率,-,27.21,-101.4%,139.4%,6109500.00,89.5%,-,-7.08,未分红/不适用,238.8%,2,3,40,Low,中,数据不足,0,10年ROE波动较大；10年净利润波动较大；长期ROE低于5%；资产负债率过高；利息覆盖倍数过低；资产负债率相对偏高；数据年数不足，无法进行可靠筛选
BRZE,US,"Braze, Inc. - Class A Common Stock",Software - Application,科技,营收增长、自由现金流、研发投入效率,-,3.59,-25.8%,5.1%,8052000.00,44.0%,23.5%,-,未分红/不适用,27.6%,4,6,80,Medium,低,排除,5,10年内亏损年份过多；长期ROE低于5%；商誉占比偏高；数据质量为Medium，筛选结果置信度中等
BSBK,US,Bogota Financial Corp. - Common Stock,Banks - Regional,银行,不良率、拨备覆盖、资本充足率,50.41,0.78,1.3%,2.7%,2928073.25,84.4%,-,-,未分红/不适用,-10.7%,4,6,80,Medium,中,排除,0,银行需补充不良率/拨备/资本充足率专项数据；PB低但近5年出现亏损；10年净利润波动较大；长期ROE低于5%；资产负债率偏高；近5年营收增长偏弱；资产负债率相对偏高；数据质量为Medium，筛选结果置信度中等
BSET,US,"Bassett Furniture Industries, Incorporated - Common Stock","Furnishings, Fixtures & Appliances",通用,ROE、现金流、资产负债率,23.26,0.76,7.4%,17.8%,-3807750.00,49.0%,2.2%,169.46,未分红/不适用,-11.6%,4,6,80,Medium,低,排除,0,PB低但近5年出现亏损；10年ROE波动较大；10年净利润波动较大；长期ROE偏低但PE不低；近5年营收增长偏弱；数据质量为Medium，筛选结果置信度中等
BSRR,US,Sierra Bancorp - Common Stock,Banks - Regional,银行,不良率、拨备覆盖、资本充足率,10.95,1.33,11.1%,0.6%,43075000.00,90.5%,0.7%,-,未分红/不适用,4.0%,4,6,80,Medium,中,排除,30,银行需补充不良率/拨备/资本充足率专项数据；资产负债率过高；资产负债率相对偏高；数据质量为Medium，筛选结果置信度中等
BSVN,US,Bank7 Corp. - Common stock,Banks - Regional,银行,不良率、拨备覆盖、资本充足率,9.05,1.55,18.9%,2.4%,44489000.00,87.2%,0.6%,-,未分红/不适用,10.0%,4,6,80,Medium,中,排除,30,银行需补充不良率/拨备/资本充足率专项数据；资产负债率过高；资产负债率相对偏高；数据质量为Medium，筛选结果置信度中等
BSY,US,"Bentley Systems, Incorporated - Class B Common Stock",Software - Application,科技,营收增长、自由现金流、研发投入效率,36.48,8.10,28.4%,6.8%,397231750.00,66.5%,69.8%,23.89,未分红/不适用,11.0%,4,6,80,Medium,低,排除,60,商誉占比过高；数据质量为Medium，筛选结果置信度中等
BTAI,US,"BioXcel Therapeutics, Inc. - Common Stock",Drug Manufacturers - Specialty & Generic,通用,ROE、现金流、资产负债率,-,-0.28,59.5%,217.8%,-145253000.00,312.5%,-,-3.12,未分红/不适用,19.6%,4,6,80,Medium,低,排除,0,PB低但近5年出现亏损；PB低但近5年经营现金流多次为负；10年内亏损年份过多；10年ROE波动较大；资产负债率过高；利息覆盖倍数过低；数据质量为Medium，筛选结果置信度中等
BTBD,US,"BT Brands, Inc. - Common Stock",Restaurants,通用,ROE、现金流、资产负债率,-,1.06,-14.8%,12.5%,-527347.75,40.3%,7.4%,-7.43,未分红/不适用,2.3%,4,6,80,Medium,低,排除,0,10年内亏损年份过多；10年ROE波动较大；长期ROE低于5%；近5年自由现金流多次为负；利息覆盖倍数过低；数据质量为Medium，筛选结果置信度中等
BTBT,US,"Bit Digital, Inc. - Ordinary Share",Capital Markets,金融,杠杆、资产质量、资本约束,-,0.97,-32.8%,56.7%,-193806499.25,26.3%,1.7%,-27.10,未分红/不适用,52.1%,4,6,80,Medium,高,排除,0,金融行业需专项资产质量与资本约束分析；PB低但近5年出现亏损；PB低但近5年经营现金流多次为负；10年内亏损年份过多；10年ROE波动较大；10年净利润波动较大；长期ROE低于5%；近5年自由现金流多次为负；利息覆盖倍数过低；高杠杆行业，需资产负债表专项分析；数据质量为Medium，筛选结果置信度中等
BTCS,US,BTCS Inc. - Common Stock,Capital Markets,金融,杠杆、资产质量、资本约束,-,0.72,-41.9%,88.2%,-4419791.50,35.0%,-,-8.48,未分红/不适用,113.6%,4,6,80,Medium,高,排除,0,金融行业需专项资产质量与资本约束分析；PB低但近5年出现亏损；PB低但近5年经营现金流多次为负；10年内亏损年份过多；10年ROE波动较大；10年净利润波动较大；长期ROE低于5%；近5年自由现金流多次为负；利息覆盖倍数过低；高杠杆行业，需资产负债表专项分析；数据质量为Medium，筛选结果置信度中等
BTCT,US,BTC Digital Ltd. - Ordinary Shares,Computer Hardware,科技,营收增长、自由现金流、研发投入效率,-,0.30,-423.1%,860.0%,-30829785.93,2.9%,-,-40.44,未分红/不适用,-,4,0,80,Medium,低,排除,0,科技公司自由现金流为负；PB低但近5年出现亏损；10年内亏损年份过多；10年ROE波动较大；10年净利润波动较大；长期ROE低于5%；近5年自由现金流多次为负；利息覆盖倍数过低；数据质量为Medium，筛选结果置信度中等
BTDR,US,Bitdeer Technologies Group - Ordinary Shares,Software - Application,科技,营收增长、自由现金流、研发投入效率,-,4.00,-61.3%,104.3%,-876725750.00,69.1%,1.3%,1.71,未分红/不适用,23.0%,4,6,80,Medium,中,排除,0,科技公司自由现金流为负；10年内亏损年份过多；10年ROE波动较大；10年净利润波动较大；长期ROE低于5%；近5年自由现金流多次为负；利息覆盖倍数偏低；资产负债率相对偏高；数据质量为Medium，筛选结果置信度中等
BTM,US,Bitcoin Depot Inc. - Class A Common Stock,Capital Markets,金融,杠杆、资产质量、资本约束,-,1.14,41.0%,92.2%,27876500.00,91.3%,6.7%,1.49,未分红/不适用,-1.7%,4,6,80,Medium,高,排除,0,金融行业需专项资产质量与资本约束分析；10年内亏损年份过多；10年ROE波动较大；10年净利润波动较大；利息覆盖倍数过低；高杠杆行业，需资产负债表专项分析；数据质量为Medium，筛选结果置信度中等
BTMD,US,Biote Corp. - Class A common stock,Medical Care Facilities,通用,ROE、现金流、资产负债率,4.76,-1.04,-14.6%,21.8%,19948000.00,146.8%,5.4%,4.43,未分红/不适用,5.2%,4,6,80,Medium,低,排除,0,PB低但近5年出现亏损；10年ROE波动较大；10年净利润波动较大；长期ROE低于5%；资产负债率过高；数据质量为Medium，筛选结果置信度中等
BTOC,US,Armlogi Holding Corp. - common stock,Integrated Freight & Logistics,通用,ROE、现金流、资产负债率,-,0.69,7.9%,49.1%,718585.75,85.3%,-,-22.67,未分红/不适用,50.3%,4,6,80,Medium,中,排除,0,PB低但近5年出现亏损；10年ROE波动较大；10年净利润波动较大；近5年自由现金流多次为负；资产负债率过高；利息覆盖倍数过低；资产负债率相对偏高；数据质量为Medium，筛选结果置信度中等
BTOG,US,Bit Origin Limited - Class A Ordinary Shares,Financial Data & Stock Exchanges,通用,ROE、现金流、资产负债率,-,0.47,23.9%,1031.1%,-14707425.00,-,-,-,未分红/不适用,-,4,6,80,Medium,未知,排除,0,PB低但近5年出现亏损；PB低但近5年经营现金流多次为负；10年内亏损年份过多；10年ROE波动较大；10年净利润波动较大；数据质量为Medium，筛选结果置信度中等
BTQ,US,BTQ Technologies Corp. - Common Stock,Software - Infrastructure,科技,营收增长、自由现金流、研发投入效率,-,19.64,-219.7%,246.7%,-8988147.00,6.4%,-,-,未分红/不适用,-,3,12,60,Medium,低,排除,0,科技公司自由现金流为负；10年内亏损年份过多；10年ROE波动较大；长期ROE低于5%；近5年自由现金流多次为负；数据质量为Medium，筛选结果置信度中等
BTTC,US,Black Titan Corp - Ordinary Shares,-,通用,ROE、现金流、资产负债率,42.67,0.74,18.4%,16.4%,153470.00,64.9%,-,16.10,未分红/不适用,3.7%,4,0,80,Medium,低,排除,30,PB低但近5年出现亏损；10年ROE波动较大；10年净利润波动较大；数据质量为Medium，筛选结果置信度中等
BULL,US,Webull Corporation - Class A Ordinary Shares,Software - Application,科技,营收增长、自由现金流、研发投入效率,-,3.76,-0.1%,2.5%,286907384.50,73.8%,0.8%,9.28,未分红/不适用,13.7%,4,0,80,Medium,中,排除,15,10年净利润波动较大；长期ROE低于5%；资产负债率偏高；资产负债率相对偏高；数据质量为Medium，筛选结果置信度中等
BUSE,US,First Busey Corporation - Common Stock,Banks - Regional,银行,不良率、拨备覆盖、资本充足率,10.76,0.93,8.6%,2.4%,167361250.00,86.4%,2.1%,-,未分红/不适用,16.9%,4,6,80,Medium,中,排除,30,银行需补充不良率/拨备/资本充足率专项数据；资产负债率过高；资产负债率相对偏高；数据质量为Medium，筛选结果置信度中等
BUUU,US,BUUU Group Limited - Class A Ordinary Share,Specialty Business Services,通用,ROE、现金流、资产负债率,-,310.75,65.7%,0.0%,98268.00,48.1%,-,41.98,未分红/不适用,64.2%,2,0,40,Low,低,数据不足,0,数据年数不足，无法进行可靠筛选
BVC,US,BitVentures Limited - Ordinary Share,Software - Application,科技,营收增长、自由现金流、研发投入效率,-,294.48,-28.2%,58.4%,7343990.13,84.7%,-,-11.54,未分红/不适用,-57.5%,4,0,80,Medium,中,排除,0,科技公司营收增长转负；10年内亏损年份过多；10年ROE波动较大；10年净利润波动较大；长期ROE低于5%；资产负债率偏高；利息覆盖倍数过低；近5年营收明显下滑；资产负债率相对偏高；数据质量为Medium，筛选结果置信度中等
BVFL,US,"BV Financial, Inc. - Common Stock",Banks - Regional,银行,不良率、拨备覆盖、资本充足率,14.79,0.89,7.7%,2.1%,14622500.00,79.9%,1.6%,-,未分红/不适用,3.9%,4,6,80,Medium,中,需专项分析,40,银行需补充不良率/拨备/资本充足率专项数据；长期ROE偏低但PE不低；资产负债率偏高；资产负债率相对偏高；数据质量为Medium，筛选结果置信度中等
BVS,US,Bioventus Inc. - Class A Common Stock,Medical Devices,通用,ROE、现金流、资产负债率,25.88,3.80,-37.7%,43.0%,25716750.00,66.6%,1.1%,1.97,未分红/不适用,3.5%,4,6,80,Medium,中,排除,0,10年内亏损年份过多；10年ROE波动较大；10年净利润波动较大；长期ROE低于5%；利息覆盖倍数偏低；资产负债率相对偏高；数据质量为Medium，筛选结果置信度中等
BWB,US,"Bridgewater Bancshares, Inc. - Common Stock",Banks - Regional,银行,不良率、拨备覆盖、资本充足率,10.34,1.10,9.8%,2.7%,43668000.00,90.4%,0.2%,-,未分红/不适用,1.6%,4,6,80,Medium,中,排除,30,银行需补充不良率/拨备/资本充足率专项数据；资产负债率过高；资产负债率相对偏高；数据质量为Medium，筛选结果置信度中等
BWEN,US,"Broadwind, Inc. - Common Stock",Specialty Industrial Machinery,通用,ROE、现金流、资产负债率,16.61,1.34,0.6%,15.2%,-2158250.00,43.2%,-,2.57,未分红/不适用,-3.7%,4,6,80,Medium,低,排除,15,10年ROE波动较大；10年净利润波动较大；长期ROE低于5%；利息覆盖倍数偏低；数据质量为Medium，筛选结果置信度中等
BWFG,US,"Bankwell Financial Group, Inc. - Common Stock",Banks - Regional,银行,不良率、拨备覆盖、资本充足率,10.23,1.27,11.2%,5.3%,41011000.00,91.0%,0.1%,-,未分红/不适用,3.5%,4,6,80,Medium,中,排除,30,银行需补充不良率/拨备/资本充足率专项数据；资产负债率过高；资产负债率相对偏高；数据质量为Medium，筛选结果置信度中等
BWIN,US,"The Baldwin Insurance Group, Inc. - Class A Common Stock",Insurance Brokers,保险,偿付能力、久期缺口、投资收益质量,-,1.99,-8.2%,5.4%,-26078000.00,71.9%,39.3%,-,未分红/不适用,15.4%,4,6,80,Medium,中,排除,0,保险需补充偿付能力/久期缺口专项数据；10年内亏损年份过多；长期ROE低于5%；近5年自由现金流多次为负；资产负债率偏高；商誉占比偏高；资产负债率相对偏高；数据质量为Medium，筛选结果置信度中等
BWMN,US,Bowman Consulting Group Ltd. - Common Stock,Engineering & Construction,周期,利润波动、ROE波动、资本开支周期,53.03,2.25,1.5%,4.1%,17927750.00,55.0%,29.9%,-,未分红/不适用,23.3%,4,6,80,Medium,低,排除,15,周期行业利润弹性过大；10年净利润波动较大；长期ROE低于5%；商誉占比偏高；数据质量为Medium，筛选结果置信度中等
BYAH,US,"Park Ha Biological Technology Co., Ltd. - Class A Ordinary Shares",Household & Personal Products,科技,营收增长、自由现金流、研发投入效率,-,0.22,-91.7%,347.7%,601551.25,32.9%,-,-587416.24,未分红/不适用,9.6%,4,6,80,Medium,低,排除,0,PB低但近5年出现亏损；10年ROE波动较大；10年净利润波动较大；长期ROE低于5%；利息覆盖倍数过低；数据质量为Medium，筛选结果置信度中等
BYFC,US,Broadway Financial Corporation - Class A Common Stock,Banks - Regional,银行,不良率、拨备覆盖、资本充足率,-,0.85,-1.3%,5.5%,3376333.33,80.5%,0.0%,-,未分红/不适用,0.8%,4,6,80,Medium,中,排除,0,银行需补充不良率/拨备/资本充足率专项数据；PB低但近5年出现亏损；10年净利润波动较大；长期ROE低于5%；资产负债率偏高；资产负债率相对偏高；数据质量为Medium，筛选结果置信度中等
BYND,US,"Beyond Meat, Inc. - Common stock",Packaged Foods,消费,ROE、毛利率稳定性、分红稳定性,-,-17.49,-4395.6%,8973.0%,-194749000.00,100.2%,-,16.62,未分红/不适用,-13.0%,4,6,80,Medium,低,排除,0,消费公司长期ROE不够突出；PB低但近5年出现亏损；PB低但近5年经营现金流多次为负；10年内亏损年份过多；10年ROE波动较大；10年净利润波动较大；长期ROE低于5%；近5年自由现金流多次为负；资产负债率过高；近5年营收增长偏弱；数据质量为Medium，筛选结果置信度中等
BYRN,US,"Byrna Technologies, Inc. - Common Stock",Aerospace & Defense,通用,ROE、现金流、资产负债率,14.39,1.77,0.4%,21.9%,-3480750.00,22.2%,2.7%,-,未分红/不适用,35.0%,4,6,80,Medium,低,排除,30,10年ROE波动较大；10年净利润波动较大；长期ROE低于5%；数据质量为Medium，筛选结果置信度中等
BYSI,US,"BeyondSpring, Inc. - Ordinary Shares",Biotechnology,科技,营收增长、自由现金流、研发投入效率,-,-1.84,168.0%,260.9%,-20311250.00,192.5%,-,-,未分红/不适用,-,4,6,80,Medium,低,排除,0,科技公司自由现金流为负；PB低但近5年出现亏损；PB低但近5年经营现金流多次为负；10年内亏损年份过多；10年ROE波动较大；10年净利润波动较大；近5年自由现金流多次为负；资产负债率过高；数据质量为Medium，筛选结果置信度中等
BZAI,US,"Blaize Holdings, Inc. - Common Stock",Software - Application,科技,营收增长、自由现金流、研发投入效率,-,5.53,-80.6%,305.8%,-43060835.25,61.8%,-,-,未分红/不适用,115.9%,4,0,80,Medium,低,排除,0,科技公司自由现金流为负；10年内亏损年份过多；10年ROE波动较大；10年净利润波动较大；长期ROE低于5%；近5年自由现金流多次为负；数据质量为Medium，筛选结果置信度中等
BZFD,US,"BuzzFeed, Inc. - Class A Common Stock",Internet Content & Information,科技,营收增长、自由现金流、研发投入效率,-,1.39,-78.3%,48.1%,-28297750.00,73.4%,7.0%,-8.97,未分红/不适用,-17.2%,4,6,80,Medium,中,排除,0,科技公司营收增长转负；科技公司自由现金流为负；10年内亏损年份过多；10年ROE波动较大；10年净利润波动较大；长期ROE低于5%；近5年自由现金流多次为负；资产负债率偏高；利息覆盖倍数过低；近5年营收明显下滑；资产负债率相对偏高；数据质量为Medium，筛选结果置信度中等
CAAS,US,"China Automotive Systems, Inc. - Ordinary Share",Auto Parts,通用,ROE、现金流、资产负债率,3.29,0.35,9.2%,1.9%,15594750.00,55.0%,-,37.08,未分红/不适用,13.1%,4,6,80,Medium,低,通过,85,数据质量为Medium，筛选结果置信度中等
CABA,US,"Cabaletta Bio, Inc. - Common Stock",Biotechnology,科技,营收增长、自由现金流、研发投入效率,-,3.24,-76.3%,52.7%,-81452750.00,32.1%,-,-82.76,未分红/不适用,-,4,6,80,Medium,低,排除,0,科技公司自由现金流为负；10年内亏损年份过多；10年ROE波动较大；长期ROE低于5%；近5年自由现金流多次为负；利息覆盖倍数过低；数据质量为Medium，筛选结果置信度中等
CABR,US,"Caring Brands, Inc. - Common Stock",Drug Manufacturers - Specialty & Generic,通用,ROE、现金流、资产负债率,-,6.90,-97.7%,181.0%,-,10.1%,-,-,未分红/不适用,-54.6%,3,0,60,Medium,低,排除,0,10年内亏损年份过多；10年ROE波动较大；10年净利润波动较大；长期ROE低于5%；近5年营收明显下滑；数据质量为Medium，筛选结果置信度中等
CAC,US,Camden National Corporation - Common Stock,Banks - Regional,银行,不良率、拨备覆盖、资本充足率,10.11,1.13,10.4%,2.2%,70361750.00,90.0%,2.2%,-,未分红/不适用,10.5%,4,6,80,Medium,中,排除,30,银行需补充不良率/拨备/资本充足率专项数据；资产负债率过高；资产负债率相对偏高；数据质量为Medium，筛选结果置信度中等
CACC,US,Credit Acceptance Corporation - Common Stock,Credit Services,通用,ROE、现金流、资产负债率,13.11,3.76,22.8%,9.0%,1156125000.00,82.3%,-,-,未分红/不适用,7.9%,4,6,80,Medium,中,警惕,70,资产负债率偏高；资产负债率相对偏高；数据质量为Medium，筛选结果置信度中等
CADL,US,"Candel Therapeutics, Inc. - Common Stock",Biotechnology,科技,营收增长、自由现金流、研发投入效率,-,9.42,-123.4%,117.7%,-33338500.00,58.5%,-,-17.02,未分红/不适用,-,4,6,80,Medium,低,排除,0,科技公司自由现金流为负；10年内亏损年份过多；10年ROE波动较大；长期ROE低于5%；近5年自由现金流多次为负；利息覆盖倍数过低；数据质量为Medium，筛选结果置信度中等
CAEP,US,"Cantor Equity Partners III, Inc. - Class A Ordinary Shares",Shell Companies,通用,ROE、现金流、资产负债率,73.47,-73.47,-30.5%,105.7%,-,0.7%,-,-,未分红/不适用,-,4,0,80,Medium,低,排除,0,PB低但近5年出现亏损；10年内亏损年份过多；10年ROE波动较大；10年净利润波动较大；长期ROE低于5%；数据质量为Medium，筛选结果置信度中等
CAI,US,"Caris Life Sciences, Inc. - Common Stock",Biotechnology,科技,营收增长、自由现金流、研发投入效率,-,7.26,8.6%,13.9%,-203282000.00,48.7%,1.7%,-0.20,未分红/不适用,46.5%,4,0,80,Medium,低,排除,0,科技公司自由现金流为负；10年内亏损年份过多；10年ROE波动较大；近5年自由现金流多次为负；利息覆盖倍数过低；数据质量为Medium，筛选结果置信度中等
CAKE,US,The Cheesecake Factory Incorporated - Common Stock,Restaurants,通用,ROE、现金流、资产负债率,17.09,6.32,29.0%,9.6%,93722000.00,86.6%,0.0%,16.59,未分红/不适用,4.3%,4,6,80,Medium,中,排除,45,资产负债率过高；资产负债率相对偏高；数据质量为Medium，筛选结果置信度中等
CALC,US,"CalciMedica, Inc. - Common Stock",Biotechnology,科技,营收增长、自由现金流、研发投入效率,-,-9.44,3.4%,361.4%,-19982250.00,148.9%,-,-19.79,未分红/不适用,-,4,6,80,Medium,低,排除,0,科技公司自由现金流为负；PB低但近5年出现亏损；PB低但近5年经营现金流多次为负；10年内亏损年份过多；10年ROE波动较大；长期ROE低于5%；近5年自由现金流多次为负；资产负债率过高；利息覆盖倍数过低；数据质量为Medium，筛选结果置信度中等
CALM,US,"Cal-Maine Foods, Inc. - Common Stock",Farm Products,消费,ROE、毛利率稳定性、分红稳定性,5.43,1.37,30.5%,19.5%,537003000.00,16.8%,1.5%,2620.51,未分红/不适用,33.9%,4,6,80,Medium,低,警惕,70,10年ROE波动较大；10年净利润波动较大；数据质量为Medium，筛选结果置信度中等
CAMP,US,CAMP4 Therapeutics Corporation - Common Stock,Biotechnology,科技,营收增长、自由现金流、研发投入效率,-,7.36,-38.4%,106.6%,-40809000.00,59.5%,-,-,未分红/不适用,-,4,0,80,Medium,低,排除,0,科技公司自由现金流为负；10年内亏损年份过多；10年ROE波动较大；长期ROE低于5%；近5年自由现金流多次为负；数据质量为Medium，筛选结果置信度中等
CAMT,US,Camtek Ltd. - Ordinary Shares,Semiconductor Equipment & Materials,科技,营收增长、自由现金流、研发投入效率,174.86,11.56,16.8%,6.1%,89876750.00,51.0%,5.9%,32.60,未分红/不适用,15.6%,4,6,80,Medium,低,通过,85,数据质量为Medium，筛选结果置信度中等
CAPR,US,"Capricor Therapeutics, Inc. - Common Stock",Biotechnology,科技,营收增长、自由现金流、研发投入效率,-,5.59,-101.8%,101.5%,-37289336.50,14.1%,-,-33.49,未分红/不适用,-,4,6,80,Medium,低,排除,0,科技公司自由现金流为负；10年内亏损年份过多；10年ROE波动较大；长期ROE低于5%；近5年自由现金流多次为负；利息覆盖倍数过低；数据质量为Medium，筛选结果置信度中等
CAPS,US,Capstone Holding Corp. - Common Stock,Building Materials,周期,利润波动、ROE波动、资本开支周期,-,0.21,-48.0%,122.4%,-623000.00,72.0%,35.9%,-2.62,未分红/不适用,-8.7%,4,6,80,Medium,中,排除,0,周期行业ROE波动显著；周期行业利润弹性过大；PB低但近5年出现亏损；10年内亏损年份过多；10年ROE波动较大；10年净利润波动较大；长期ROE低于5%；资产负债率偏高；商誉占比偏高；利息覆盖倍数过低；近5年营收增长偏弱；资产负债率相对偏高；数据质量为Medium，筛选结果置信度中等
CAR,US,"Avis Budget Group, Inc. - Common Stock",Rental & Leasing Services,通用,ROE、现金流、资产负债率,-,-1.54,-188.5%,281.7%,-9045500000.00,109.7%,3.6%,-1.20,未分红/不适用,-4.3%,4,6,80,Medium,低,排除,0,PB低但近5年出现亏损；10年ROE波动较大；10年净利润波动较大；长期ROE低于5%；近5年自由现金流多次为负；资产负债率过高；利息覆盖倍数过低；数据质量为Medium，筛选结果置信度中等
CARE,US,"Carter Bankshares, Inc. - Common Stock",Banks - Regional,银行,不良率、拨备覆盖、资本充足率,5.56,1.19,8.9%,4.2%,40611250.00,91.3%,0.0%,-,未分红/不适用,-2.1%,4,6,80,Medium,中,排除,30,银行需补充不良率/拨备/资本充足率专项数据；资产负债率过高；资产负债率相对偏高；数据质量为Medium，筛选结果置信度中等
CARG,US,"CarGurus, Inc. - Class A Common Stock",Auto & Truck Dealerships,通用,ROE、现金流、资产负债率,15.81,7.62,15.8%,17.6%,187415250.00,43.5%,4.3%,-,未分红/不适用,-18.2%,4,6,80,Medium,低,排除,30,10年ROE波动较大；10年净利润波动较大；近5年营收明显下滑；数据质量为Medium，筛选结果置信度中等
CARL,US,"Carlsmed, Inc. - Common Stock",Health Information Services,通用,ROE、现金流、资产负债率,-,3.17,15.1%,39.2%,-24531666.67,24.0%,-,-19.72,未分红/不适用,91.5%,3,0,60,Medium,低,排除,0,10年内亏损年份过多；10年ROE波动较大；近5年自由现金流多次为负；利息覆盖倍数过低；数据质量为Medium，筛选结果置信度中等
CART,US,Maplebear Inc. - Common Stock,Internet Retail,科技,营收增长、自由现金流、研发投入效率,21.37,3.80,-169.9%,333.8%,579500000.00,31.7%,10.7%,-,未分红/不适用,13.6%,4,6,80,Medium,低,排除,30,10年ROE波动较大；10年净利润波动较大；长期ROE低于5%；数据质量为Medium，筛选结果置信度中等
CASH,US,"Pathward Financial, Inc. - Common Stock",Banks - Regional,银行,不良率、拨备覆盖、资本充足率,9.66,2.04,22.6%,0.8%,44458250.00,88.0%,4.2%,-,未分红/不适用,9.1%,4,6,80,Medium,中,排除,30,银行需补充不良率/拨备/资本充足率专项数据；资产负债率过高；资产负债率相对偏高；数据质量为Medium，筛选结果置信度中等
CASS,US,"Cass Information Systems, Inc - Common Stock",Specialty Business Services,通用,ROE、现金流、资产负债率,19.56,2.44,13.2%,3.6%,33238000.00,90.7%,0.6%,-,未分红/不适用,1.1%,4,6,80,Medium,中,排除,45,资产负债率过高；资产负债率相对偏高；数据质量为Medium，筛选结果置信度中等
CAST,US,"FreeCast, Inc. - Class A common stock",Broadcasting,通用,ROE、现金流、资产负债率,-,-21.38,141.5%,89.5%,-7805999.75,-,-,-,未分红/不适用,-9.8%,4,6,80,Medium,未知,排除,0,PB低但近5年出现亏损；PB低但近5年经营现金流多次为负；10年内亏损年份过多；10年ROE波动较大；近5年自由现金流多次为负；近5年营收增长偏弱；数据质量为Medium，筛选结果置信度中等
CASY,US,"Caseys General Stores, Inc. - Common Stock",Specialty Retail,消费,ROE、毛利率稳定性、分红稳定性,50.26,8.42,16.0%,0.8%,455807000.00,57.3%,15.2%,-,未分红/不适用,7.2%,4,0,80,Medium,低,通过,85,数据质量为Medium，筛选结果置信度中等
CATY,US,Cathay General Bancorp - Common Stock,Banks - Regional,银行,不良率、拨备覆盖、资本充足率,11.60,1.26,12.1%,2.1%,383621250.00,87.9%,1.6%,-,未分红/不适用,1.1%,4,6,80,Medium,中,排除,30,银行需补充不良率/拨备/资本充足率专项数据；资产负债率过高；资产负债率相对偏高；数据质量为Medium，筛选结果置信度中等
CBAT,US,"CBAK Energy Technology, Inc. - Common Stock",Electrical Equipment & Parts,科技,营收增长、自由现金流、研发投入效率,-,0.62,-2.2%,8.4%,10856987.00,74.3%,-,-,未分红/不适用,-7.8%,4,6,80,Medium,中,排除,0,科技公司营收增长转负；PB低但近5年出现亏损；10年内亏损年份过多；10年净利润波动较大；长期ROE低于5%；资产负债率偏高；近5年营收增长偏弱；资产负债率相对偏高；数据质量为Medium，筛选结果置信度中等
CBC,US,"Central Bancompany, Inc. - Class A Common Stock",Banks - Regional,银行,不良率、拨备覆盖、资本充足率,895.67,1.70,10.2%,0.4%,293898000.00,81.8%,1.7%,-,未分红/不适用,10.8%,4,6,80,Medium,中,需专项分析,55,银行需补充不良率/拨备/资本充足率专项数据；资产负债率偏高；资产负债率相对偏高；数据质量为Medium，筛选结果置信度中等
CBFV,US,"CB Financial Services, Inc. - Common Stock",Banks - Regional,银行,不良率、拨备覆盖、资本充足率,26.86,1.12,9.5%,5.4%,11294250.00,89.8%,0.6%,-,未分红/不适用,-6.0%,4,6,80,Medium,中,排除,15,银行需补充不良率/拨备/资本充足率专项数据；资产负债率过高；近5年营收增长偏弱；资产负债率相对偏高；数据质量为Medium，筛选结果置信度中等
CBIO,US,"Crescent Biopharma, Inc. - Common Stock",Biotechnology,科技,营收增长、自由现金流、研发投入效率,-,3.92,-75.8%,-,-144451000.00,15.5%,-,-68.54,未分红/不适用,-,1,3,20,Low,低,数据不足,0,科技公司自由现金流为负；长期ROE低于5%；利息覆盖倍数过低；数据年数不足，无法进行可靠筛选
CBK,US,"Commercial Bancgroup, Inc. - Common Stock",Banks - Regional,银行,不良率、拨备覆盖、资本充足率,10.12,1.31,14.5%,1.6%,35528442.67,87.5%,0.4%,-,未分红/不适用,5.2%,3,0,60,Medium,中,排除,30,银行需补充不良率/拨备/资本充足率专项数据；资产负债率过高；资产负债率相对偏高；数据质量为Medium，筛选结果置信度中等
CBLL,US,"CeriBell, Inc. - Common Stock",Medical Devices,通用,ROE、现金流、资产负债率,-,4.43,3.4%,37.1%,-35154500.00,20.7%,-,-27.26,未分红/不适用,50.9%,4,0,80,Medium,低,排除,0,10年内亏损年份过多；10年ROE波动较大；长期ROE低于5%；近5年自由现金流多次为负；利息覆盖倍数过低；数据质量为Medium，筛选结果置信度中等
