股票,市场,名称,行业模型,优质池等级,综合优质分,基础理论分,去短历史封顶分,去短历史封顶等级,是否因历史数据封顶,是否因历史数据受限,是否因排雷状态扣分,是否因规则AI分歧扣分,封顶原因,规则质量评级,规则质量分,AI评级,数据年数,历史可信度,数据质量,数据质量分,风险扣分,质量理由,综合观察
CPRX,US,"Catalyst Pharmaceuticals, Inc. - Common Stock",科技,优质池,78.0,95.1,95.1,核心优质池,是,是,否,否,短历史封顶生效,优质候选,100,优质候选,4,C 短历史,Medium,80,短历史封顶,数据质量中等，质量评级需降置信度；长期ROE达到行业优秀线；ROE稳定性较好；近5年无亏损；近5年经营现金流持续为正；自由现金流整体为正；资产负债率符合行业语境；营收增长达到行业较好水平,规则质量评级与AI评级一致；但数据年数少于5年，长期ROE、波动和CAGR应按短历史估计降置信度
DECK,US,Deckers Outdoor Corporation Common Stock,通用,优质池,78.0,95.1,95.1,核心优质池,是,是,否,否,短历史封顶生效,优质候选,100,优质候选,4,C 短历史,Medium,80,短历史封顶,数据质量中等，质量评级需降置信度；长期ROE达到行业优秀线；ROE稳定性较好；近5年无亏损；近5年经营现金流持续为正；自由现金流整体为正；资产负债率符合行业语境；营收增长达到行业较好水平,规则质量评级与AI评级一致；但数据年数少于5年，长期ROE、波动和CAGR应按短历史估计降置信度
GRBK,US,"Green Brick Partners, Inc. Common Stock",周期,优质池,78.0,94.9,94.9,核心优质池,是,是,否,否,短历史封顶生效,优质候选,100,优质候选,4,C 短历史,Medium,80,短历史封顶,数据质量中等，质量评级需降置信度；长期ROE达到行业优秀线；ROE稳定性较好；近5年无亏损；近5年经营现金流持续为正；自由现金流整体为正；资产负债率符合行业语境；营收增长达到行业较好水平,规则质量评级与AI评级一致；但数据年数少于5年，长期ROE、波动和CAGR应按短历史估计降置信度
ASR,US,"Grupo Aeroportuario del Sureste, S.A. de C.V. Common Stock",通用,优质池,78.0,94.4,94.4,核心优质池,是,是,否,否,短历史封顶生效,优质候选,100,优质候选,4,C 短历史,Medium,80,短历史封顶,数据质量中等，质量评级需降置信度；长期ROE达到行业优秀线；ROE稳定性较好；近5年无亏损；近5年经营现金流持续为正；自由现金流整体为正；资产负债率符合行业语境；营收增长达到行业较好水平,规则质量评级与AI评级一致；但数据年数少于5年，长期ROE、波动和CAGR应按短历史估计降置信度
IPAR,US,"Interparfums, Inc. - Common Stock",消费,优质池,78.0,94.4,94.4,核心优质池,是,是,否,否,短历史封顶生效,优质候选,100,优质候选,4,C 短历史,Medium,80,短历史封顶,数据质量中等，质量评级需降置信度；长期ROE达到行业优秀线；ROE稳定性较好；近5年无亏损；近5年经营现金流持续为正；自由现金流整体为正；资产负债率符合行业语境；营收增长达到行业较好水平,规则质量评级与AI评级一致；但数据年数少于5年，长期ROE、波动和CAGR应按短历史估计降置信度
LOPE,US,"Grand Canyon Education, Inc. - Common Stock",通用,优质池,78.0,94.4,94.4,核心优质池,是,是,否,否,短历史封顶生效,优质候选,100,优质候选,4,C 短历史,Medium,80,短历史封顶,数据质量中等，质量评级需降置信度；长期ROE达到行业优秀线；ROE稳定性较好；近5年无亏损；近5年经营现金流持续为正；自由现金流整体为正；资产负债率符合行业语境；营收增长达到行业较好水平,规则质量评级与AI评级一致；但数据年数少于5年，长期ROE、波动和CAGR应按短历史估计降置信度
GSL,US,Global Ship Lease Inc New Class A Common Shares,周期,优质池,78.0,94.2,94.2,核心优质池,是,是,否,否,短历史封顶生效,优质候选,100,优质候选,4,C 短历史,Medium,80,短历史封顶,数据质量中等，质量评级需降置信度；长期ROE达到行业优秀线；ROE稳定性较好；近5年无亏损；近5年经营现金流持续为正；自由现金流整体为正；资产负债率符合行业语境；营收增长达到行业较好水平,规则质量评级与AI评级一致；但数据年数少于5年，长期ROE、波动和CAGR应按短历史估计降置信度
KARO,US,Karooooo Ltd. - Ordinary shares,科技,优质池,78.0,94.2,94.2,核心优质池,是,是,否,否,短历史封顶生效,优质候选,100,优质候选,4,C 短历史,Medium,80,短历史封顶,数据质量中等，质量评级需降置信度；长期ROE达到行业优秀线；ROE稳定性较好；近5年无亏损；近5年经营现金流持续为正；自由现金流整体为正；资产负债率符合行业语境；营收增长达到行业较好水平,规则质量评级与AI评级一致；但数据年数少于5年，长期ROE、波动和CAGR应按短历史估计降置信度
QLYS,US,"Qualys, Inc. - Common Stock",科技,优质池,78.0,94.2,94.2,核心优质池,是,是,否,否,短历史封顶生效,优质候选,100,优质候选,4,C 短历史,Medium,80,短历史封顶,数据质量中等，质量评级需降置信度；长期ROE达到行业优秀线；ROE稳定性较好；近5年无亏损；近5年经营现金流持续为正；自由现金流整体为正；资产负债率符合行业语境；营收增长达到行业较好水平,规则质量评级与AI评级一致；但数据年数少于5年，长期ROE、波动和CAGR应按短历史估计降置信度
IRMD,US,iRadimed Corporation - Common Stock,通用,优质池,78.0,94.1,94.1,核心优质池,是,是,否,否,短历史封顶生效,优质候选,100,优质候选,4,C 短历史,Medium,80,短历史封顶,数据质量中等，质量评级需降置信度；长期ROE达到行业优秀线；ROE稳定性较好；近5年无亏损；近5年经营现金流持续为正；自由现金流整体为正；资产负债率符合行业语境；营收增长达到行业较好水平,规则质量评级与AI评级一致；但数据年数少于5年，长期ROE、波动和CAGR应按短历史估计降置信度
DOCS,US,"Doximity, Inc. Class A Common Stock",通用,优质池,78.0,93.9,93.9,核心优质池,是,是,否,否,短历史封顶生效,优质候选,100,优质候选,4,C 短历史,Medium,80,短历史封顶,数据质量中等，质量评级需降置信度；长期ROE达到行业优秀线；ROE稳定性较好；近5年无亏损；近5年经营现金流持续为正；自由现金流整体为正；资产负债率符合行业语境；营收增长达到行业较好水平,规则质量评级与AI评级一致；但数据年数少于5年，长期ROE、波动和CAGR应按短历史估计降置信度
FAST,US,Fastenal Company - Common Stock,通用,优质池,78.0,93.9,93.9,核心优质池,是,是,否,否,短历史封顶生效,优质候选,100,优质候选,4,C 短历史,Medium,80,短历史封顶,数据质量中等，质量评级需降置信度；长期ROE达到行业优秀线；ROE稳定性较好；近5年无亏损；近5年经营现金流持续为正；自由现金流整体为正；资产负债率符合行业语境；营收增长达到行业较好水平,规则质量评级与AI评级一致；但数据年数少于5年，长期ROE、波动和CAGR应按短历史估计降置信度
GGG,US,Graco Inc. Common Stock,通用,优质池,78.0,93.9,93.9,核心优质池,是,是,否,否,短历史封顶生效,优质候选,100,优质候选,4,C 短历史,Medium,80,短历史封顶,数据质量中等，质量评级需降置信度；长期ROE达到行业优秀线；ROE稳定性较好；近5年无亏损；近5年经营现金流持续为正；自由现金流整体为正；资产负债率符合行业语境；营收增长处于可接受区间,规则质量评级与AI评级一致；但数据年数少于5年，长期ROE、波动和CAGR应按短历史估计降置信度
SEIC,US,SEI Investments Company - Common Stock,通用,优质池,78.0,93.9,93.9,核心优质池,是,是,否,否,短历史封顶生效,优质候选,100,优质候选,4,C 短历史,Medium,80,短历史封顶,数据质量中等，质量评级需降置信度；长期ROE达到行业优秀线；ROE稳定性较好；近5年无亏损；近5年经营现金流持续为正；自由现金流整体为正；资产负债率符合行业语境；营收增长达到行业较好水平,规则质量评级与AI评级一致；但数据年数少于5年，长期ROE、波动和CAGR应按短历史估计降置信度
USLM,US,"United States Lime & Minerals, Inc. - Common Stock",周期,优质池,78.0,93.9,93.9,核心优质池,是,是,否,否,短历史封顶生效,优质候选,100,优质候选,4,C 短历史,Medium,80,短历史封顶,数据质量中等，质量评级需降置信度；长期ROE达到行业优秀线；ROE稳定性较好；近5年无亏损；近5年经营现金流持续为正；自由现金流整体为正；资产负债率符合行业语境；营收增长达到行业较好水平,规则质量评级与AI评级一致；但数据年数少于5年，长期ROE、波动和CAGR应按短历史估计降置信度
YETI,US,"YETI Holdings, Inc. Common Stock",通用,优质池,78.0,93.8,93.8,核心优质池,是,是,否,否,短历史封顶生效,优质候选,100,优质候选,4,C 短历史,Medium,80,短历史封顶,数据质量中等，质量评级需降置信度；长期ROE达到行业优秀线；ROE稳定性较好；近5年无亏损；近5年经营现金流持续为正；自由现金流整体为正；资产负债率符合行业语境；营收增长达到行业较好水平,规则质量评级与AI评级一致；但数据年数少于5年，长期ROE、波动和CAGR应按短历史估计降置信度
GNTX,US,Gentex Corporation - Common Stock,通用,优质池,78.0,93.7,93.7,核心优质池,是,是,否,否,短历史封顶生效,优质候选,100,优质候选,4,C 短历史,Medium,80,短历史封顶,数据质量中等，质量评级需降置信度；长期ROE达到行业优秀线；ROE稳定性较好；近5年无亏损；近5年经营现金流持续为正；自由现金流整体为正；资产负债率符合行业语境；营收增长达到行业较好水平,规则质量评级与AI评级一致；但数据年数少于5年，长期ROE、波动和CAGR应按短历史估计降置信度
MNST,US,Monster Beverage Corporation - Common Stock,消费,优质池,78.0,93.7,93.7,核心优质池,是,是,否,否,短历史封顶生效,优质候选,100,优质候选,4,C 短历史,Medium,80,短历史封顶,数据质量中等，质量评级需降置信度；长期ROE达到行业优秀线；ROE稳定性较好；近5年无亏损；近5年经营现金流持续为正；自由现金流整体为正；资产负债率符合行业语境；营收增长达到行业较好水平,规则质量评级与AI评级一致；但数据年数少于5年，长期ROE、波动和CAGR应按短历史估计降置信度
SCCO,US,Southern Copper Corporation Common Stock,通用,优质池,78.0,93.7,93.7,核心优质池,是,是,否,否,短历史封顶生效,优质候选,100,优质候选,4,C 短历史,Medium,80,短历史封顶,数据质量中等，质量评级需降置信度；长期ROE达到行业优秀线；ROE稳定性较好；近5年无亏损；近5年经营现金流持续为正；自由现金流整体为正；资产负债率符合行业语境；营收增长达到行业较好水平,规则质量评级与AI评级一致；但数据年数少于5年，长期ROE、波动和CAGR应按短历史估计降置信度
TSM,US,Taiwan Semiconductor Manufacturing Company Ltd.,科技,优质池,78.0,93.7,93.7,核心优质池,是,是,否,否,短历史封顶生效,优质候选,100,优质候选,4,C 短历史,Medium,80,短历史封顶,数据质量中等，质量评级需降置信度；长期ROE达到行业优秀线；ROE稳定性较好；近5年无亏损；近5年经营现金流持续为正；自由现金流整体为正；资产负债率符合行业语境；营收增长达到行业较好水平；成熟科技现金流龙头：高ROE、强FCF、无亏损且OCF持续为正,规则质量评级与AI评级一致；但数据年数少于5年，长期ROE、波动和CAGR应按短历史估计降置信度
XPEL,US,"XPEL, Inc. - Common Stock",通用,优质池,78.0,93.7,93.7,核心优质池,是,是,否,否,短历史封顶生效,优质候选,100,优质候选,4,C 短历史,Medium,80,短历史封顶,数据质量中等，质量评级需降置信度；长期ROE达到行业优秀线；ROE稳定性较好；近5年无亏损；近5年经营现金流持续为正；自由现金流整体为正；资产负债率符合行业语境；营收增长达到行业较好水平,规则质量评级与AI评级一致；但数据年数少于5年，长期ROE、波动和CAGR应按短历史估计降置信度
CSW,US,"CSW Industrials, Inc. Common Stock",通用,优质池,78.0,93.6,93.6,核心优质池,是,是,否,否,短历史封顶生效,优质候选,100,优质候选,4,C 短历史,Medium,80,短历史封顶,数据质量中等，质量评级需降置信度；长期ROE达到行业优秀线；ROE稳定性较好；近5年无亏损；近5年经营现金流持续为正；自由现金流整体为正；资产负债率符合行业语境；营收增长达到行业较好水平,规则质量评级与AI评级一致；但数据年数少于5年，长期ROE、波动和CAGR应按短历史估计降置信度
GRMN,US,Garmin Ltd. Common Stock (Switzerland),通用,优质池,78.0,93.6,93.6,核心优质池,是,是,否,否,短历史封顶生效,优质候选,100,优质候选,4,C 短历史,Medium,80,短历史封顶,数据质量中等，质量评级需降置信度；长期ROE达到行业优秀线；ROE稳定性较好；近5年无亏损；近5年经营现金流持续为正；自由现金流整体为正；资产负债率符合行业语境；营收增长达到行业较好水平,规则质量评级与AI评级一致；但数据年数少于5年，长期ROE、波动和CAGR应按短历史估计降置信度
ITRN,US,Ituran Location and Control Ltd. - Ordinary Shares,通用,优质池,78.0,93.6,93.6,核心优质池,是,是,否,否,短历史封顶生效,优质候选,100,优质候选,4,C 短历史,Medium,80,短历史封顶,数据质量中等，质量评级需降置信度；长期ROE达到行业优秀线；ROE稳定性较好；近5年无亏损；近5年经营现金流持续为正；自由现金流整体为正；资产负债率符合行业语境；营收增长达到行业较好水平,规则质量评级与AI评级一致；但数据年数少于5年，长期ROE、波动和CAGR应按短历史估计降置信度
ANET,US,"Arista Networks, Inc. Common Stock",科技,优质池,78.0,93.4,93.4,核心优质池,是,是,否,否,短历史封顶生效,优质候选,100,优质候选,4,C 短历史,Medium,80,短历史封顶,数据质量中等，质量评级需降置信度；长期ROE达到行业优秀线；ROE稳定性较好；近5年无亏损；近5年经营现金流持续为正；自由现金流整体为正；资产负债率符合行业语境；营收增长达到行业较好水平,规则质量评级与AI评级一致；但数据年数少于5年，长期ROE、波动和CAGR应按短历史估计降置信度
CPRT,US,"Copart, Inc. - Common Stock",通用,优质池,78.0,93.4,93.4,核心优质池,是,是,否,否,短历史封顶生效,优质候选,100,优质候选,4,C 短历史,Medium,80,短历史封顶,数据质量中等，质量评级需降置信度；长期ROE达到行业优秀线；ROE稳定性较好；近5年无亏损；近5年经营现金流持续为正；自由现金流整体为正；资产负债率符合行业语境；营收增长达到行业较好水平,规则质量评级与AI评级一致；但数据年数少于5年，长期ROE、波动和CAGR应按短历史估计降置信度
CVCO,US,"Cavco Industries, Inc. - Common Stock",周期,优质池,78.0,93.4,93.4,核心优质池,是,是,否,否,短历史封顶生效,优质候选,100,优质候选,4,C 短历史,Medium,80,短历史封顶,数据质量中等，质量评级需降置信度；长期ROE达到行业优秀线；ROE稳定性较好；近5年无亏损；近5年经营现金流持续为正；自由现金流整体为正；资产负债率符合行业语境；营收增长达到行业较好水平,规则质量评级与AI评级一致；但数据年数少于5年，长期ROE、波动和CAGR应按短历史估计降置信度
EHC,US,Encompass Health Corporation Common Stock,通用,优质池,78.0,93.4,93.4,核心优质池,是,是,否,否,短历史封顶生效,优质候选,100,优质候选,4,C 短历史,Medium,80,短历史封顶,数据质量中等，质量评级需降置信度；长期ROE达到行业优秀线；ROE稳定性较好；近5年无亏损；近5年经营现金流持续为正；自由现金流整体为正；资产负债率符合行业语境；营收增长达到行业较好水平,规则质量评级与AI评级一致；但数据年数少于5年，长期ROE、波动和CAGR应按短历史估计降置信度
LRN,US,"Stride, Inc. Common Stock",通用,优质池,78.0,93.4,93.4,核心优质池,是,是,否,否,短历史封顶生效,优质候选,100,优质候选,4,C 短历史,Medium,80,短历史封顶,数据质量中等，质量评级需降置信度；长期ROE达到行业优秀线；ROE稳定性较好；近5年无亏损；近5年经营现金流持续为正；自由现金流整体为正；资产负债率符合行业语境；营收增长达到行业较好水平,规则质量评级与AI评级一致；但数据年数少于5年，长期ROE、波动和CAGR应按短历史估计降置信度
NVMI,US,Nova Ltd. - Ordinary Shares,科技,优质池,78.0,93.4,93.4,核心优质池,是,是,否,否,短历史封顶生效,优质候选,100,优质候选,4,C 短历史,Medium,80,短历史封顶,数据质量中等，质量评级需降置信度；长期ROE达到行业优秀线；ROE稳定性较好；近5年无亏损；近5年经营现金流持续为正；自由现金流整体为正；资产负债率符合行业语境；营收增长达到行业较好水平,规则质量评级与AI评级一致；但数据年数少于5年，长期ROE、波动和CAGR应按短历史估计降置信度
REGN,US,"Regeneron Pharmaceuticals, Inc. - Common Stock",科技,优质池,78.0,93.4,93.4,核心优质池,是,是,否,否,短历史封顶生效,优质候选,100,优质候选,4,C 短历史,Medium,80,短历史封顶,数据质量中等，质量评级需降置信度；长期ROE达到行业优秀线；ROE稳定性较好；近5年无亏损；近5年经营现金流持续为正；自由现金流整体为正；资产负债率符合行业语境；营收增长处于可接受区间,规则质量评级与AI评级一致；但数据年数少于5年，长期ROE、波动和CAGR应按短历史估计降置信度
SUNB,US,"Sunbelt Rentals Holdings, Inc. Common Stock",通用,优质池,78.0,93.4,93.4,核心优质池,是,是,否,否,短历史封顶生效,优质候选,100,优质候选,4,C 短历史,Medium,80,短历史封顶,数据质量中等，质量评级需降置信度；长期ROE达到行业优秀线；ROE稳定性较好；近5年无亏损；近5年经营现金流持续为正；自由现金流整体为正；资产负债率符合行业语境；营收增长达到行业较好水平,规则质量评级与AI评级一致；但数据年数少于5年，长期ROE、波动和CAGR应按短历史估计降置信度
BWLP,US,BW LPG Limited Common Shares,周期,优质池,78.0,93.3,93.3,核心优质池,是,是,否,否,短历史封顶生效,优质候选,100,优质候选,4,C 短历史,Medium,80,短历史封顶,数据质量中等，质量评级需降置信度；长期ROE达到行业优秀线；ROE稳定性较好；近5年无亏损；近5年经营现金流持续为正；自由现金流整体为正；资产负债率符合行业语境；营收增长达到行业较好水平,规则质量评级与AI评级一致；但数据年数少于5年，长期ROE、波动和CAGR应按短历史估计降置信度
WHD,US,"Cactus, Inc. Class A Common Stock",周期,优质池,78.0,93.3,93.3,核心优质池,是,是,否,否,短历史封顶生效,优质候选,100,优质候选,4,C 短历史,Medium,80,短历史封顶,数据质量中等，质量评级需降置信度；长期ROE达到行业优秀线；ROE稳定性较好；近5年无亏损；近5年经营现金流持续为正；自由现金流整体为正；资产负债率符合行业语境；营收增长达到行业较好水平,规则质量评级与AI评级一致；但数据年数少于5年，长期ROE、波动和CAGR应按短历史估计降置信度
CPA,US,"Copa Holdings, S.A. Class A Common Stock",通用,优质池,78.0,93.2,93.2,核心优质池,是,是,否,否,短历史封顶生效,优质候选,100,优质候选,4,C 短历史,Medium,80,短历史封顶,数据质量中等，质量评级需降置信度；长期ROE达到行业优秀线；ROE稳定性较好；近5年无亏损；近5年经营现金流持续为正；自由现金流整体为正；资产负债率符合行业语境；营收增长达到行业较好水平,规则质量评级与AI评级一致；但数据年数少于5年，长期ROE、波动和CAGR应按短历史估计降置信度
ISSC,US,"Innovative Solutions and Support, Inc. - Common Stock",通用,优质池,78.0,93.2,93.2,核心优质池,是,是,否,否,短历史封顶生效,优质候选,100,优质候选,4,C 短历史,Medium,80,短历史封顶,数据质量中等，质量评级需降置信度；长期ROE达到行业优秀线；ROE稳定性较好；近5年无亏损；近5年经营现金流持续为正；自由现金流整体为正；资产负债率符合行业语境；营收增长达到行业较好水平,规则质量评级与AI评级一致；但数据年数少于5年，长期ROE、波动和CAGR应按短历史估计降置信度
LGCY,US,Legacy Education Inc. Common Stock,通用,优质池,78.0,93.2,93.2,核心优质池,是,是,否,否,短历史封顶生效,优质候选,100,优质候选,4,C 短历史,Medium,80,短历史封顶,数据质量中等，质量评级需降置信度；长期ROE达到行业优秀线；ROE稳定性较好；近5年无亏损；近5年经营现金流持续为正；自由现金流整体为正；资产负债率符合行业语境；营收增长达到行业较好水平,规则质量评级与AI评级一致；但数据年数少于5年，长期ROE、波动和CAGR应按短历史估计降置信度
LULU,US,lululemon athletica inc. - Common Stock,消费,优质池,78.0,93.2,93.2,核心优质池,是,是,否,否,短历史封顶生效,优质候选,100,优质候选,4,C 短历史,Medium,80,短历史封顶,数据质量中等，质量评级需降置信度；长期ROE达到行业优秀线；ROE稳定性较好；近5年无亏损；近5年经营现金流持续为正；自由现金流整体为正；资产负债率符合行业语境；营收增长达到行业较好水平,规则质量评级与AI评级一致；但数据年数少于5年，长期ROE、波动和CAGR应按短历史估计降置信度
MGRC,US,McGrath RentCorp - Common Stock,通用,优质池,78.0,93.2,93.2,核心优质池,是,是,否,否,短历史封顶生效,优质候选,100,优质候选,4,C 短历史,Medium,80,短历史封顶,数据质量中等，质量评级需降置信度；长期ROE达到行业优秀线；ROE稳定性较好；近5年无亏损；近5年经营现金流持续为正；自由现金流整体为正；资产负债率符合行业语境；营收增长达到行业较好水平,规则质量评级与AI评级一致；但数据年数少于5年，长期ROE、波动和CAGR应按短历史估计降置信度
RIO,US,Rio Tinto Plc Common Stock,周期,优质池,78.0,93.2,93.2,核心优质池,是,是,否,否,短历史封顶生效,优质候选,100,优质候选,4,C 短历史,Medium,80,短历史封顶,数据质量中等，质量评级需降置信度；长期ROE达到行业优秀线；ROE稳定性较好；近5年无亏损；近5年经营现金流持续为正；自由现金流整体为正；资产负债率符合行业语境；营收增长处于可接受区间,规则质量评级与AI评级一致；但数据年数少于5年，长期ROE、波动和CAGR应按短历史估计降置信度
TGLS,US,Tecnoglass Inc. Ordinary Shares,周期,优质池,78.0,93.2,93.2,核心优质池,是,是,否,否,短历史封顶生效,优质候选,100,优质候选,4,C 短历史,Medium,80,短历史封顶,数据质量中等，质量评级需降置信度；长期ROE达到行业优秀线；ROE稳定性较好；近5年无亏损；近5年经营现金流持续为正；自由现金流整体为正；资产负债率符合行业语境；营收增长达到行业较好水平,规则质量评级与AI评级一致；但数据年数少于5年，长期ROE、波动和CAGR应按短历史估计降置信度
DAC,US,Danaos Corporation Common Stock,周期,优质池,78.0,93.1,93.1,核心优质池,是,是,否,否,短历史封顶生效,优质候选,100,优质候选,4,C 短历史,Medium,80,短历史封顶,数据质量中等，质量评级需降置信度；长期ROE达到行业优秀线；ROE稳定性较好；近5年无亏损；近5年经营现金流持续为正；自由现金流整体为正；资产负债率符合行业语境；营收增长处于可接受区间,规则质量评级与AI评级一致；但数据年数少于5年，长期ROE、波动和CAGR应按短历史估计降置信度
EXP,US,Eagle Materials Inc Common Stock,周期,优质池,78.0,93.1,93.1,核心优质池,是,是,否,否,短历史封顶生效,优质候选,100,优质候选,4,C 短历史,Medium,80,短历史封顶,数据质量中等，质量评级需降置信度；长期ROE达到行业优秀线；ROE稳定性较好；近5年无亏损；近5年经营现金流持续为正；自由现金流整体为正；资产负债率符合行业语境；营收增长达到行业较好水平,规则质量评级与AI评级一致；但数据年数少于5年，长期ROE、波动和CAGR应按短历史估计降置信度
FN,US,Fabrinet Ordinary Shares,科技,优质池,78.0,92.9,92.9,核心优质池,是,是,否,否,短历史封顶生效,优质候选,100,优质候选,4,C 短历史,Medium,80,短历史封顶,数据质量中等，质量评级需降置信度；长期ROE达到行业优秀线；ROE稳定性较好；近5年无亏损；近5年经营现金流持续为正；自由现金流整体为正；资产负债率符合行业语境；营收增长达到行业较好水平,规则质量评级与AI评级一致；但数据年数少于5年，长期ROE、波动和CAGR应按短历史估计降置信度
HLNE,US,Hamilton Lane Incorporated - Class A Common Stock,通用,优质池,78.0,92.9,92.9,核心优质池,是,是,否,否,短历史封顶生效,优质候选,100,优质候选,4,C 短历史,Medium,80,短历史封顶,数据质量中等，质量评级需降置信度；长期ROE达到行业优秀线；ROE稳定性较好；近5年无亏损；近5年经营现金流持续为正；自由现金流整体为正；资产负债率符合行业语境；营收增长达到行业较好水平,规则质量评级与AI评级一致；但数据年数少于5年，长期ROE、波动和CAGR应按短历史估计降置信度
JBSS,US,"John B. Sanfilippo & Son, Inc. - Common Stock",消费,优质池,78.0,92.9,92.9,核心优质池,是,是,否,否,短历史封顶生效,优质候选,100,优质候选,4,C 短历史,Medium,80,短历史封顶,数据质量中等，质量评级需降置信度；长期ROE达到行业优秀线；ROE稳定性较好；近5年无亏损；近5年经营现金流持续为正；自由现金流整体为正；资产负债率符合行业语境；营收增长达到行业较好水平,规则质量评级与AI评级一致；但数据年数少于5年，长期ROE、波动和CAGR应按短历史估计降置信度
PNRG,US,PrimeEnergy Resources Corporation - Common Stock,周期,优质池,78.0,92.9,92.9,核心优质池,是,是,否,否,短历史封顶生效,优质候选,100,优质候选,4,C 短历史,Medium,80,短历史封顶,数据质量中等，质量评级需降置信度；长期ROE达到行业优秀线；ROE稳定性较好；近5年无亏损；近5年经营现金流持续为正；自由现金流整体为正；资产负债率符合行业语境；营收增长达到行业较好水平,规则质量评级与AI评级一致；但数据年数少于5年，长期ROE、波动和CAGR应按短历史估计降置信度
TROW,US,"T. Rowe Price Group, Inc. - Common Stock",通用,优质池,78.0,92.9,92.9,核心优质池,是,是,否,否,短历史封顶生效,优质候选,100,优质候选,4,C 短历史,Medium,80,短历史封顶,数据质量中等，质量评级需降置信度；长期ROE达到行业优秀线；ROE稳定性较好；近5年无亏损；近5年经营现金流持续为正；自由现金流整体为正；资产负债率符合行业语境；营收增长达到行业较好水平,规则质量评级与AI评级一致；但数据年数少于5年，长期ROE、波动和CAGR应按短历史估计降置信度
TXRH,US,"Texas Roadhouse, Inc. - Common Stock",通用,优质池,78.0,92.9,92.9,核心优质池,是,是,否,否,短历史封顶生效,优质候选,100,优质候选,4,C 短历史,Medium,80,短历史封顶,数据质量中等，质量评级需降置信度；长期ROE达到行业优秀线；ROE稳定性较好；近5年无亏损；近5年经营现金流持续为正；自由现金流整体为正；资产负债率符合行业语境；营收增长达到行业较好水平,规则质量评级与AI评级一致；但数据年数少于5年，长期ROE、波动和CAGR应按短历史估计降置信度
CORT,US,Corcept Therapeutics Incorporated - Common Stock,科技,优质池,78.0,92.8,92.8,核心优质池,是,是,否,否,短历史封顶生效,优质候选,100,优质候选,4,C 短历史,Medium,80,短历史封顶,数据质量中等，质量评级需降置信度；长期ROE达到行业优秀线；ROE稳定性较好；近5年无亏损；近5年经营现金流持续为正；自由现金流整体为正；资产负债率符合行业语境；营收增长达到行业较好水平,规则质量评级与AI评级一致；但数据年数少于5年，长期ROE、波动和CAGR应按短历史估计降置信度
PHM,US,"PulteGroup, Inc. Common Stock",周期,优质池,78.0,92.8,92.8,核心优质池,是,是,否,否,短历史封顶生效,优质候选,100,优质候选,4,C 短历史,Medium,80,短历史封顶,数据质量中等，质量评级需降置信度；长期ROE达到行业优秀线；ROE稳定性较好；近5年无亏损；近5年经营现金流持续为正；自由现金流整体为正；资产负债率符合行业语境；营收增长处于可接受区间,规则质量评级与AI评级一致；但数据年数少于5年，长期ROE、波动和CAGR应按短历史估计降置信度
RACE,US,Ferrari N.V. Common Shares,通用,优质池,78.0,92.8,92.8,核心优质池,是,是,否,否,短历史封顶生效,优质候选,100,优质候选,4,C 短历史,Medium,80,短历史封顶,数据质量中等，质量评级需降置信度；长期ROE达到行业优秀线；ROE稳定性较好；近5年无亏损；近5年经营现金流持续为正；自由现金流整体为正；资产负债率符合行业语境；营收增长达到行业较好水平,规则质量评级与AI评级一致；但数据年数少于5年，长期ROE、波动和CAGR应按短历史估计降置信度
REPX,US,"Riley Exploration Permian, Inc. Common Stock",周期,优质池,78.0,92.8,92.8,核心优质池,是,是,否,否,短历史封顶生效,优质候选,100,优质候选,4,C 短历史,Medium,80,短历史封顶,数据质量中等，质量评级需降置信度；长期ROE达到行业优秀线；ROE稳定性较好；近5年无亏损；近5年经营现金流持续为正；自由现金流整体为正；资产负债率符合行业语境；营收增长达到行业较好水平,规则质量评级与AI评级一致；但数据年数少于5年，长期ROE、波动和CAGR应按短历史估计降置信度
V,US,Visa Inc.,通用,优质池,78.0,92.8,92.8,核心优质池,是,是,否,否,短历史封顶生效,优质候选,100,优质候选,4,C 短历史,Medium,80,短历史封顶,数据质量中等，质量评级需降置信度；长期ROE达到行业优秀线；ROE稳定性较好；近5年无亏损；近5年经营现金流持续为正；自由现金流整体为正；资产负债率符合行业语境；营收增长达到行业较好水平,规则质量评级与AI评级一致；但数据年数少于5年，长期ROE、波动和CAGR应按短历史估计降置信度
AWI,US,Armstrong World Industries Inc Common Stock,通用,优质池,78.0,92.7,92.7,核心优质池,是,是,否,否,短历史封顶生效,优质候选,100,优质候选,4,C 短历史,Medium,80,短历史封顶,数据质量中等，质量评级需降置信度；长期ROE达到行业优秀线；ROE稳定性较好；近5年无亏损；近5年经营现金流持续为正；自由现金流整体为正；资产负债率符合行业语境；营收增长达到行业较好水平,规则质量评级与AI评级一致；但数据年数少于5年，长期ROE、波动和CAGR应按短历史估计降置信度
EXPO,US,"Exponent, Inc. - Common Stock",周期,优质池,78.0,92.7,92.7,核心优质池,是,是,否,否,短历史封顶生效,优质候选,100,优质候选,4,C 短历史,Medium,80,短历史封顶,数据质量中等，质量评级需降置信度；长期ROE达到行业优秀线；ROE稳定性较好；近5年无亏损；近5年经营现金流持续为正；自由现金流整体为正；资产负债率符合行业语境；营收增长处于可接受区间,规则质量评级与AI评级一致；但数据年数少于5年，长期ROE、波动和CAGR应按短历史估计降置信度
MCRI,US,"Monarch Casino & Resort, Inc. - Common Stock",通用,优质池,78.0,92.7,92.7,核心优质池,是,是,否,否,短历史封顶生效,优质候选,100,优质候选,4,C 短历史,Medium,80,短历史封顶,数据质量中等，质量评级需降置信度；长期ROE达到行业优秀线；ROE稳定性较好；近5年无亏损；近5年经营现金流持续为正；自由现金流整体为正；资产负债率符合行业语境；营收增长达到行业较好水平,规则质量评级与AI评级一致；但数据年数少于5年，长期ROE、波动和CAGR应按短历史估计降置信度
META,US,"Meta Platforms, Inc. - Class A Common Stock",科技,优质池,78.0,92.7,92.7,核心优质池,是,是,否,否,短历史封顶生效,优质候选,100,优质候选,4,C 短历史,Medium,80,短历史封顶,数据质量中等，质量评级需降置信度；长期ROE达到行业优秀线；ROE稳定性较好；近5年无亏损；近5年经营现金流持续为正；自由现金流整体为正；资产负债率符合行业语境；营收增长达到行业较好水平；成熟科技现金流龙头：高ROE、强FCF、无亏损且OCF持续为正,规则质量评级与AI评级一致；但数据年数少于5年，长期ROE、波动和CAGR应按短历史估计降置信度
SNA,US,Snap-On Incorporated Common Stock,通用,优质池,78.0,92.7,92.7,核心优质池,是,是,否,否,短历史封顶生效,优质候选,100,优质候选,4,C 短历史,Medium,80,短历史封顶,数据质量中等，质量评级需降置信度；长期ROE达到行业优秀线；ROE稳定性较好；近5年无亏损；近5年经营现金流持续为正；自由现金流整体为正；资产负债率符合行业语境；营收增长处于可接受区间,规则质量评级与AI评级一致；但数据年数少于5年，长期ROE、波动和CAGR应按短历史估计降置信度
AMPH,US,"Amphastar Pharmaceuticals, Inc. - Common Stock",通用,优质池,78.0,92.6,92.6,核心优质池,是,是,否,否,短历史封顶生效,优质候选,100,优质候选,4,C 短历史,Medium,80,短历史封顶,数据质量中等，质量评级需降置信度；长期ROE达到行业优秀线；ROE稳定性较好；近5年无亏损；近5年经营现金流持续为正；自由现金流整体为正；资产负债率符合行业语境；营收增长达到行业较好水平,规则质量评级与AI评级一致；但数据年数少于5年，长期ROE、波动和CAGR应按短历史估计降置信度
NSSC,US,"NAPCO Security Technologies, Inc. - Common Stock",通用,优质池,78.0,92.6,92.6,核心优质池,是,是,否,否,短历史封顶生效,优质候选,100,优质候选,4,C 短历史,Medium,80,短历史封顶,数据质量中等，质量评级需降置信度；长期ROE达到行业优秀线；ROE稳定性较好；近5年无亏损；近5年经营现金流持续为正；自由现金流整体为正；资产负债率符合行业语境；营收增长达到行业较好水平,规则质量评级与AI评级一致；但数据年数少于5年，长期ROE、波动和CAGR应按短历史估计降置信度
MLI,US,"Mueller Industries, Inc. Common Stock",通用,优质池,78.0,92.5,92.5,核心优质池,是,是,否,否,短历史封顶生效,优质候选,100,优质候选,4,C 短历史,Medium,80,短历史封顶,数据质量中等，质量评级需降置信度；长期ROE达到行业优秀线；ROE稳定性较好；近5年无亏损；近5年经营现金流持续为正；自由现金流整体为正；资产负债率符合行业语境；营收增长处于可接受区间,规则质量评级与AI评级一致；但数据年数少于5年，长期ROE、波动和CAGR应按短历史估计降置信度
RDY,US,Dr. Reddy's Laboratories Ltd Common Stock,通用,优质池,78.0,92.5,92.5,核心优质池,是,是,否,否,短历史封顶生效,优质候选,100,优质候选,4,C 短历史,Medium,80,短历史封顶,数据质量中等，质量评级需降置信度；长期ROE达到行业优秀线；ROE稳定性较好；近5年无亏损；近5年经营现金流持续为正；自由现金流整体为正；资产负债率符合行业语境；营收增长达到行业较好水平,规则质量评级与AI评级一致；但数据年数少于5年，长期ROE、波动和CAGR应按短历史估计降置信度
TREX,US,"Trex Company, Inc. Common Stock",通用,优质池,78.0,92.5,92.5,核心优质池,是,是,否,否,短历史封顶生效,优质候选,100,优质候选,4,C 短历史,Medium,80,短历史封顶,数据质量中等，质量评级需降置信度；长期ROE达到行业优秀线；ROE稳定性较好；近5年无亏损；近5年经营现金流持续为正；自由现金流整体为正；资产负债率符合行业语境；营收增长处于可接受区间,规则质量评级与AI评级一致；但数据年数少于5年，长期ROE、波动和CAGR应按短历史估计降置信度
BBW,US,"Build-A-Bear Workshop, Inc. Common Stock",消费,优质池,78.0,92.4,92.4,核心优质池,是,是,否,否,短历史封顶生效,优质候选,100,优质候选,4,C 短历史,Medium,80,短历史封顶,数据质量中等，质量评级需降置信度；长期ROE达到行业优秀线；ROE稳定性较好；近5年无亏损；近5年经营现金流持续为正；自由现金流整体为正；资产负债率符合行业语境；营收增长处于可接受区间,规则质量评级与AI评级一致；但数据年数少于5年，长期ROE、波动和CAGR应按短历史估计降置信度
BOOT,US,"Boot Barn Holdings, Inc. Common Stock",消费,优质池,78.0,92.4,92.4,核心优质池,是,是,否,否,短历史封顶生效,优质候选,100,优质候选,4,C 短历史,Medium,80,短历史封顶,数据质量中等，质量评级需降置信度；长期ROE达到行业优秀线；ROE稳定性较好；近5年无亏损；近5年经营现金流持续为正；自由现金流整体为正；资产负债率符合行业语境；营收增长达到行业较好水平,规则质量评级与AI评级一致；但数据年数少于5年，长期ROE、波动和CAGR应按短历史估计降置信度
GIC,US,Global Industrial Company Common Stock,通用,优质池,78.0,92.4,92.4,核心优质池,是,是,否,否,短历史封顶生效,优质候选,100,优质候选,4,C 短历史,Medium,80,短历史封顶,数据质量中等，质量评级需降置信度；长期ROE达到行业优秀线；ROE稳定性较好；近5年无亏损；近5年经营现金流持续为正；自由现金流整体为正；资产负债率符合行业语境；营收增长达到行业较好水平,规则质量评级与AI评级一致；但数据年数少于5年，长期ROE、波动和CAGR应按短历史估计降置信度
MSFT,US,Microsoft Corporation - Common Stock,科技,优质池,78.0,92.4,92.4,核心优质池,是,是,否,否,短历史封顶生效,优质候选,100,优质候选,4,C 短历史,Medium,80,短历史封顶,数据质量中等，质量评级需降置信度；长期ROE达到行业优秀线；ROE稳定性较好；近5年无亏损；近5年经营现金流持续为正；自由现金流整体为正；资产负债率符合行业语境；营收增长达到行业较好水平；成熟科技现金流龙头：高ROE、强FCF、无亏损且OCF持续为正,规则质量评级与AI评级一致；但数据年数少于5年，长期ROE、波动和CAGR应按短历史估计降置信度
MHO,US,"M/I Homes, Inc. Common Stock",周期,优质池,78.0,92.3,92.3,核心优质池,是,是,否,否,短历史封顶生效,优质候选,100,优质候选,4,C 短历史,Medium,80,短历史封顶,数据质量中等，质量评级需降置信度；长期ROE达到行业优秀线；ROE稳定性较好；近5年无亏损；近5年经营现金流持续为正；自由现金流整体为正；资产负债率符合行业语境；营收增长处于可接受区间,规则质量评级与AI评级一致；但数据年数少于5年，长期ROE、波动和CAGR应按短历史估计降置信度
TOL,US,"Toll Brothers, Inc. Common Stock",周期,优质池,78.0,92.3,92.3,核心优质池,是,是,否,否,短历史封顶生效,优质候选,100,优质候选,4,C 短历史,Medium,80,短历史封顶,数据质量中等，质量评级需降置信度；长期ROE达到行业优秀线；ROE稳定性较好；近5年无亏损；近5年经营现金流持续为正；自由现金流整体为正；资产负债率符合行业语境；营收增长处于可接受区间,规则质量评级与AI评级一致；但数据年数少于5年，长期ROE、波动和CAGR应按短历史估计降置信度
CNI,US,Canadian National Railway Company Common Stock,通用,优质池,78.0,92.2,92.2,核心优质池,是,是,否,否,短历史封顶生效,优质候选,100,优质候选,4,C 短历史,Medium,80,短历史封顶,数据质量中等，质量评级需降置信度；长期ROE达到行业优秀线；ROE稳定性较好；近5年无亏损；近5年经营现金流持续为正；自由现金流整体为正；资产负债率符合行业语境；营收增长处于可接受区间,规则质量评级与AI评级一致；但数据年数少于5年，长期ROE、波动和CAGR应按短历史估计降置信度
FTLF,US,"FitLife Brands, Inc. - Common Stock",消费,优质池,78.0,92.2,92.2,核心优质池,是,是,否,否,短历史封顶生效,优质候选,100,优质候选,4,C 短历史,Medium,80,短历史封顶,数据质量中等，质量评级需降置信度；长期ROE达到行业优秀线；ROE稳定性较好；近5年无亏损；近5年经营现金流持续为正；自由现金流整体为正；资产负债率符合行业语境；营收增长达到行业较好水平,规则质量评级与AI评级一致；但数据年数少于5年，长期ROE、波动和CAGR应按短历史估计降置信度
MPTI,US,"M-tron Industries, Inc. Common Stock",科技,优质池,78.0,92.2,92.2,核心优质池,是,是,否,否,短历史封顶生效,优质候选,100,优质候选,4,C 短历史,Medium,80,短历史封顶,数据质量中等，质量评级需降置信度；长期ROE达到行业优秀线；ROE稳定性较好；近5年无亏损；近5年经营现金流持续为正；自由现金流整体为正；资产负债率符合行业语境；营收增长达到行业较好水平,规则质量评级与AI评级一致；但数据年数少于5年，长期ROE、波动和CAGR应按短历史估计降置信度
ROST,US,"Ross Stores, Inc. - Common Stock",消费,优质池,78.0,92.2,92.2,核心优质池,是,是,否,否,短历史封顶生效,优质候选,100,优质候选,4,C 短历史,Medium,80,短历史封顶,数据质量中等，质量评级需降置信度；长期ROE达到行业优秀线；ROE稳定性较好；近5年无亏损；近5年经营现金流持续为正；自由现金流整体为正；资产负债率略高但未构成硬伤；营收增长达到行业较好水平,规则质量评级与AI评级一致；但数据年数少于5年，长期ROE、波动和CAGR应按短历史估计降置信度
DHI,US,"D.R. Horton, Inc. Common Stock",周期,优质池,78.0,92.1,92.1,核心优质池,是,是,否,否,短历史封顶生效,优质候选,100,优质候选,4,C 短历史,Medium,80,短历史封顶,数据质量中等，质量评级需降置信度；长期ROE达到行业优秀线；ROE稳定性较好；近5年无亏损；近5年经营现金流持续为正；自由现金流整体为正；资产负债率符合行业语境；营收增长处于可接受区间,规则质量评级与AI评级一致；但数据年数少于5年，长期ROE、波动和CAGR应按短历史估计降置信度
IMPP,US,Imperial Petroleum Inc. - Common Shares,周期,优质池,78.0,92.1,92.1,核心优质池,是,是,否,否,短历史封顶生效,优质候选,100,优质候选,4,C 短历史,Medium,80,短历史封顶,数据质量中等，质量评级需降置信度；长期ROE达到行业优秀线；ROE稳定性较好；近5年无亏损；近5年经营现金流持续为正；自由现金流整体为正；资产负债率符合行业语境；营收增长达到行业较好水平,规则质量评级与AI评级一致；但数据年数少于5年，长期ROE、波动和CAGR应按短历史估计降置信度
TGS,US,Transportadora de Gas del Sur SA TGS Common Stock,周期,优质池,78.0,92.1,92.1,核心优质池,是,是,否,否,短历史封顶生效,优质候选,100,优质候选,4,C 短历史,Medium,80,短历史封顶,数据质量中等，质量评级需降置信度；长期ROE达到行业优秀线；ROE稳定性较好；近5年无亏损；近5年经营现金流持续为正；自由现金流整体为正；资产负债率符合行业语境；营收增长达到行业较好水平,规则质量评级与AI评级一致；但数据年数少于5年，长期ROE、波动和CAGR应按短历史估计降置信度
CAAP,US,Corporacion America Airports SA Common Shares,通用,优质池,78.0,92.0,92.0,核心优质池,是,是,否,否,短历史封顶生效,优质候选,100,优质候选,4,C 短历史,Medium,80,短历史封顶,数据质量中等，质量评级需降置信度；长期ROE达到行业优秀线；ROE稳定性较好；近5年无亏损；近5年经营现金流持续为正；自由现金流整体为正；资产负债率符合行业语境；营收增长达到行业较好水平,规则质量评级与AI评级一致；但数据年数少于5年，长期ROE、波动和CAGR应按短历史估计降置信度
SSD,US,"Simpson Manufacturing Company, Inc. Common Stock",通用,优质池,78.0,92.0,92.0,核心优质池,是,是,否,否,短历史封顶生效,优质候选,100,优质候选,4,C 短历史,Medium,80,短历史封顶,数据质量中等，质量评级需降置信度；长期ROE达到行业优秀线；ROE稳定性较好；近5年无亏损；近5年经营现金流持续为正；自由现金流整体为正；资产负债率符合行业语境；营收增长达到行业较好水平,规则质量评级与AI评级一致；但数据年数少于5年，长期ROE、波动和CAGR应按短历史估计降置信度
COST,US,Costco Wholesale Corporation - Common Stock,通用,优质池,78.0,91.9,91.9,核心优质池,是,是,否,否,短历史封顶生效,优质候选,100,优质候选,4,C 短历史,Medium,80,短历史封顶,数据质量中等，质量评级需降置信度；长期ROE达到行业优秀线；ROE稳定性较好；近5年无亏损；近5年经营现金流持续为正；自由现金流整体为正；资产负债率符合行业语境；营收增长达到行业较好水平,规则质量评级与AI评级一致；但数据年数少于5年，长期ROE、波动和CAGR应按短历史估计降置信度
ENSG,US,"The Ensign Group, Inc. - Common Stock",通用,优质池,78.0,91.9,91.9,核心优质池,是,是,否,否,短历史封顶生效,优质候选,100,优质候选,4,C 短历史,Medium,80,短历史封顶,数据质量中等，质量评级需降置信度；长期ROE达到行业优秀线；ROE稳定性较好；近5年无亏损；近5年经营现金流持续为正；自由现金流整体为正；资产负债率符合行业语境；营收增长达到行业较好水平,规则质量评级与AI评级一致；但数据年数少于5年，长期ROE、波动和CAGR应按短历史估计降置信度
INSW,US,"International Seaways, Inc. Common Stock",周期,优质池,78.0,91.9,91.9,核心优质池,是,是,否,否,短历史封顶生效,优质候选,100,优质候选,4,C 短历史,Medium,80,短历史封顶,数据质量中等，质量评级需降置信度；长期ROE达到行业优秀线；ROE稳定性较好；近5年无亏损；近5年经营现金流持续为正；自由现金流整体为正；资产负债率符合行业语境；营收增长处于可接受区间,规则质量评级与AI评级一致；但数据年数少于5年，长期ROE、波动和CAGR应按短历史估计降置信度
WST,US,"West Pharmaceutical Services, Inc. Common Stock",通用,优质池,78.0,91.9,91.9,核心优质池,是,是,否,否,短历史封顶生效,优质候选,100,优质候选,4,C 短历史,Medium,80,短历史封顶,数据质量中等，质量评级需降置信度；长期ROE达到行业优秀线；ROE稳定性较好；近5年无亏损；近5年经营现金流持续为正；自由现金流整体为正；资产负债率符合行业语境；营收增长处于可接受区间,规则质量评级与AI评级一致；但数据年数少于5年，长期ROE、波动和CAGR应按短历史估计降置信度
HWKN,US,"Hawkins, Inc. - Common Stock",周期,优质池,78.0,91.8,91.8,核心优质池,是,是,否,否,短历史封顶生效,优质候选,100,优质候选,4,C 短历史,Medium,80,短历史封顶,数据质量中等，质量评级需降置信度；长期ROE达到行业优秀线；ROE稳定性较好；近5年无亏损；近5年经营现金流持续为正；自由现金流整体为正；资产负债率符合行业语境；营收增长达到行业较好水平,规则质量评级与AI评级一致；但数据年数少于5年，长期ROE、波动和CAGR应按短历史估计降置信度
CRAI,US,"CRA International,Inc. - Common Stock",通用,优质池,78.0,91.7,91.7,核心优质池,是,是,否,否,短历史封顶生效,优质候选,100,优质候选,4,C 短历史,Medium,80,短历史封顶,数据质量中等，质量评级需降置信度；长期ROE达到行业优秀线；ROE稳定性较好；近5年无亏损；近5年经营现金流持续为正；自由现金流整体为正；资产负债率略高但未构成硬伤；营收增长达到行业较好水平,规则质量评级与AI评级一致；但数据年数少于5年，长期ROE、波动和CAGR应按短历史估计降置信度
DCI,US,"Donaldson Company, Inc. Common Stock",通用,优质池,78.0,91.7,91.7,核心优质池,是,是,否,否,短历史封顶生效,优质候选,100,优质候选,4,C 短历史,Medium,80,短历史封顶,数据质量中等，质量评级需降置信度；长期ROE达到行业优秀线；ROE稳定性较好；近5年无亏损；近5年经营现金流持续为正；自由现金流整体为正；资产负债率符合行业语境；营收增长达到行业较好水平,规则质量评级与AI评级一致；但数据年数少于5年，长期ROE、波动和CAGR应按短历史估计降置信度
FIVE,US,"Five Below, Inc. - Common Stock",消费,优质池,78.0,91.7,91.7,核心优质池,是,是,否,否,短历史封顶生效,优质候选,100,优质候选,4,C 短历史,Medium,80,短历史封顶,数据质量中等，质量评级需降置信度；长期ROE达到行业优秀线；ROE稳定性较好；近5年无亏损；近5年经营现金流持续为正；自由现金流整体为正；资产负债率符合行业语境；营收增长达到行业较好水平,规则质量评级与AI评级一致；但数据年数少于5年，长期ROE、波动和CAGR应按短历史估计降置信度
HRMY,US,"Harmony Biosciences Holdings, Inc. - Common Stock",科技,优质池,78.0,91.7,91.7,核心优质池,是,是,否,否,短历史封顶生效,优质候选,100,优质候选,4,C 短历史,Medium,80,短历史封顶,数据质量中等，质量评级需降置信度；长期ROE达到行业优秀线；ROE稳定性较好；近5年无亏损；近5年经营现金流持续为正；自由现金流整体为正；资产负债率符合行业语境；营收增长达到行业较好水平,规则质量评级与AI评级一致；但数据年数少于5年，长期ROE、波动和CAGR应按短历史估计降置信度
MOD,US,Modine Manufacturing Company Common Stock,通用,优质池,78.0,91.7,91.7,核心优质池,是,是,否,否,短历史封顶生效,优质候选,100,优质候选,4,C 短历史,Medium,80,短历史封顶,数据质量中等，质量评级需降置信度；长期ROE达到行业优秀线；ROE稳定性较好；近5年无亏损；近5年经营现金流持续为正；自由现金流整体为正；资产负债率符合行业语境；营收增长达到行业较好水平,规则质量评级与AI评级一致；但数据年数少于5年，长期ROE、波动和CAGR应按短历史估计降置信度
NBIX,US,"Neurocrine Biosciences, Inc. - Common Stock",通用,优质池,78.0,91.7,91.7,核心优质池,是,是,否,否,短历史封顶生效,优质候选,100,优质候选,4,C 短历史,Medium,80,短历史封顶,数据质量中等，质量评级需降置信度；长期ROE达到行业优秀线；ROE稳定性较好；近5年无亏损；近5年经营现金流持续为正；自由现金流整体为正；资产负债率符合行业语境；营收增长达到行业较好水平,规则质量评级与AI评级一致；但数据年数少于5年，长期ROE、波动和CAGR应按短历史估计降置信度
DXCM,US,"DexCom, Inc. - Common Stock",通用,优质池,78.0,91.5,91.5,核心优质池,是,是,否,否,短历史封顶生效,优质候选,100,优质候选,4,C 短历史,Medium,80,短历史封顶,数据质量中等，质量评级需降置信度；长期ROE达到行业优秀线；ROE稳定性较好；近5年无亏损；近5年经营现金流持续为正；自由现金流整体为正；资产负债率符合行业语境；营收增长达到行业较好水平,规则质量评级与AI评级一致；但数据年数少于5年，长期ROE、波动和CAGR应按短历史估计降置信度
SN,US,"SharkNinja, Inc. Ordinary Shares",通用,优质池,78.0,91.5,91.5,核心优质池,是,是,否,否,短历史封顶生效,优质候选,100,优质候选,4,C 短历史,Medium,80,短历史封顶,数据质量中等，质量评级需降置信度；长期ROE达到行业优秀线；ROE稳定性较好；近5年无亏损；近5年经营现金流持续为正；自由现金流整体为正；资产负债率符合行业语境；营收增长达到行业较好水平,规则质量评级与AI评级一致；但数据年数少于5年，长期ROE、波动和CAGR应按短历史估计降置信度
APAM,US,Artisan Partners Asset Management Inc. Class A Common Stock,通用,优质池,78.0,91.4,91.4,核心优质池,是,是,否,否,短历史封顶生效,优质候选,100,优质候选,4,C 短历史,Medium,80,短历史封顶,数据质量中等，质量评级需降置信度；长期ROE达到行业优秀线；ROE稳定性较好；近5年无亏损；近5年经营现金流持续为正；自由现金流整体为正；资产负债率符合行业语境；营收增长达到行业较好水平,规则质量评级与AI评级一致；但数据年数少于5年，长期ROE、波动和CAGR应按短历史估计降置信度
VINP,US,Vinci Compass Investments Ltd. - Class A Common Shares,通用,优质池,78.0,91.4,91.4,核心优质池,是,是,否,否,短历史封顶生效,优质候选,100,优质候选,4,C 短历史,Medium,80,短历史封顶,数据质量中等，质量评级需降置信度；长期ROE达到行业优秀线；ROE稳定性较好；近5年无亏损；近5年经营现金流持续为正；自由现金流整体为正；资产负债率符合行业语境；营收增长达到行业较好水平,规则质量评级与AI评级一致；但数据年数少于5年，长期ROE、波动和CAGR应按短历史估计降置信度
EME,US,"EMCOR Group, Inc. Common Stock",周期,优质池,78.0,91.3,91.3,核心优质池,是,是,否,否,短历史封顶生效,优质候选,100,优质候选,4,C 短历史,Medium,80,短历史封顶,数据质量中等，质量评级需降置信度；长期ROE达到行业优秀线；ROE稳定性较好；近5年无亏损；近5年经营现金流持续为正；自由现金流整体为正；资产负债率符合行业语境；营收增长达到行业较好水平,规则质量评级与AI评级一致；但数据年数少于5年，长期ROE、波动和CAGR应按短历史估计降置信度
HAFN,US,Hafnia Limited Common Shares,周期,优质池,78.0,91.2,91.2,核心优质池,是,是,否,否,短历史封顶生效,优质候选,100,优质候选,4,C 短历史,Medium,80,短历史封顶,数据质量中等，质量评级需降置信度；长期ROE达到行业优秀线；ROE稳定性较好；近5年无亏损；近5年经营现金流持续为正；自由现金流整体为正；资产负债率符合行业语境；营收增长达到行业较好水平,规则质量评级与AI评级一致；但数据年数少于5年，长期ROE、波动和CAGR应按短历史估计降置信度
NVR,US,"NVR, Inc. Common Stock",周期,优质池,78.0,91.2,91.2,核心优质池,是,是,否,否,短历史封顶生效,优质候选,100,优质候选,4,C 短历史,Medium,80,短历史封顶,数据质量中等，质量评级需降置信度；长期ROE达到行业优秀线；ROE稳定性较好；近5年无亏损；近5年经营现金流持续为正；自由现金流整体为正；资产负债率符合行业语境；营收增长处于可接受区间,规则质量评级与AI评级一致；但数据年数少于5年，长期ROE、波动和CAGR应按短历史估计降置信度
PR,US,Permian Resources Corporation Class A Common Stock,周期,优质池,78.0,91.2,91.2,核心优质池,是,是,否,否,短历史封顶生效,优质候选,100,优质候选,4,C 短历史,Medium,80,短历史封顶,数据质量中等，质量评级需降置信度；长期ROE达到行业优秀线；ROE稳定性较好；近5年无亏损；近5年经营现金流持续为正；自由现金流整体为正；资产负债率符合行业语境；营收增长达到行业较好水平,规则质量评级与AI评级一致；但数据年数少于5年，长期ROE、波动和CAGR应按短历史估计降置信度
TTAM,US,Titan America SA Common Shares,周期,优质池,78.0,91.2,91.2,核心优质池,是,是,否,否,短历史封顶生效,优质候选,100,优质候选,4,C 短历史,Medium,80,短历史封顶,数据质量中等，质量评级需降置信度；长期ROE达到行业优秀线；ROE稳定性较好；近5年无亏损；近5年经营现金流持续为正；自由现金流整体为正；资产负债率符合行业语境；营收增长达到行业较好水平,规则质量评级与AI评级一致；但数据年数少于5年，长期ROE、波动和CAGR应按短历史估计降置信度
ULTA,US,"Ulta Beauty, Inc. - Common Stock",消费,优质池,78.0,91.2,91.2,核心优质池,是,是,否,否,短历史封顶生效,优质候选,100,优质候选,4,C 短历史,Medium,80,短历史封顶,数据质量中等，质量评级需降置信度；长期ROE达到行业优秀线；ROE稳定性较好；近5年无亏损；近5年经营现金流持续为正；自由现金流整体为正；资产负债率符合行业语境；营收增长达到行业较好水平,规则质量评级与AI评级一致；但数据年数少于5年，长期ROE、波动和CAGR应按短历史估计降置信度
ODD,US,ODDITY Tech Ltd. - Class A Ordinary Shares,消费,优质池,78.0,91.1,91.1,核心优质池,是,是,否,否,短历史封顶生效,优质候选,100,优质候选,4,C 短历史,Medium,80,短历史封顶,数据质量中等，质量评级需降置信度；长期ROE达到行业优秀线；ROE稳定性较好；近5年无亏损；近5年经营现金流持续为正；自由现金流整体为正；资产负债率略高但未构成硬伤；营收增长达到行业较好水平,规则质量评级与AI评级一致；但数据年数少于5年，长期ROE、波动和CAGR应按短历史估计降置信度
RMD,US,ResMed Inc. Common Stock,通用,可研究池,74.0,95.1,91.1,核心优质池,是,是,是,否,短历史封顶生效；排雷状态扣分,优质候选,100,优质候选,4,C 短历史,Medium,80,短历史封顶；排雷需关注,数据质量中等，质量评级需降置信度；长期ROE达到行业优秀线；ROE稳定性较好；近5年无亏损；近5年经营现金流持续为正；自由现金流整体为正；资产负债率符合行业语境；营收增长达到行业较好水平,规则与AI均认可质量，排雷侧因单项风险给出需关注状态，适合进入人工复核清单；但数据年数少于5年，长期ROE、波动和CAGR应按短历史估计降置信度
FIX,US,"Comfort Systems USA, Inc. Common Stock",周期,优质池,78.0,91.0,91.0,核心优质池,是,是,否,否,短历史封顶生效,优质候选,100,优质候选,4,C 短历史,Medium,80,短历史封顶,数据质量中等，质量评级需降置信度；长期ROE达到行业优秀线；ROE稳定性较好；近5年无亏损；近5年经营现金流持续为正；自由现金流整体为正；资产负债率符合行业语境；营收增长达到行业较好水平,规则质量评级与AI评级一致；但数据年数少于5年，长期ROE、波动和CAGR应按短历史估计降置信度
CASY,US,"Caseys General Stores, Inc. - Common Stock",消费,优质池,78.0,90.9,90.9,核心优质池,是,是,否,否,短历史封顶生效,优质候选,100,优质候选,4,C 短历史,Medium,80,短历史封顶,数据质量中等，质量评级需降置信度；长期ROE达到行业优秀线；ROE稳定性较好；近5年无亏损；近5年经营现金流持续为正；自由现金流整体为正；资产负债率符合行业语境；营收增长达到行业较好水平,规则质量评级与AI评级一致；但数据年数少于5年，长期ROE、波动和CAGR应按短历史估计降置信度
CLH,US,"Clean Harbors, Inc. Common Stock",通用,优质池,78.0,90.9,90.9,核心优质池,是,是,否,否,短历史封顶生效,优质候选,100,优质候选,4,C 短历史,Medium,80,短历史封顶,数据质量中等，质量评级需降置信度；长期ROE达到行业优秀线；ROE稳定性较好；近5年无亏损；近5年经营现金流持续为正；自由现金流整体为正；资产负债率符合行业语境；营收增长达到行业较好水平,规则质量评级与AI评级一致；但数据年数少于5年，长期ROE、波动和CAGR应按短历史估计降置信度
ISRG,US,"Intuitive Surgical, Inc. - Common Stock",通用,优质池,78.0,90.9,90.9,核心优质池,是,是,否,否,短历史封顶生效,优质候选,100,优质候选,4,C 短历史,Medium,80,短历史封顶,数据质量中等，质量评级需降置信度；长期ROE达到行业优秀线；ROE稳定性较好；近5年无亏损；近5年经营现金流持续为正；自由现金流整体为正；资产负债率符合行业语境；营收增长达到行业较好水平,规则质量评级与AI评级一致；但数据年数少于5年，长期ROE、波动和CAGR应按短历史估计降置信度
LMB,US,"Limbach Holdings, Inc. - Common Stock",通用,优质池,78.0,90.9,90.9,核心优质池,是,是,否,否,短历史封顶生效,优质候选,100,优质候选,4,C 短历史,Medium,80,短历史封顶,数据质量中等，质量评级需降置信度；长期ROE达到行业优秀线；ROE稳定性较好；近5年无亏损；近5年经营现金流持续为正；自由现金流整体为正；资产负债率符合行业语境；营收增长达到行业较好水平,规则质量评级与AI评级一致；但数据年数少于5年，长期ROE、波动和CAGR应按短历史估计降置信度
SKY,US,"Champion Homes, Inc. Common Stock",周期,优质池,78.0,90.9,90.9,核心优质池,是,是,否,否,短历史封顶生效,优质候选,100,优质候选,4,C 短历史,Medium,80,短历史封顶,数据质量中等，质量评级需降置信度；长期ROE达到行业优秀线；ROE稳定性较好；近5年无亏损；近5年经营现金流持续为正；自由现金流整体为正；资产负债率符合行业语境；营收增长处于可接受区间,规则质量评级与AI评级一致；但数据年数少于5年，长期ROE、波动和CAGR应按短历史估计降置信度
IBEX,US,IBEX Limited - Common Share,科技,优质池,78.0,90.9,90.9,核心优质池,是,是,否,否,短历史封顶生效,优质候选,95,优质候选,4,C 短历史,Medium,80,短历史封顶,数据质量中等，质量评级需降置信度；长期ROE达到行业优秀线；ROE稳定性较好；近5年无亏损；近5年经营现金流持续为正；自由现金流整体为正；资产负债率略高但未构成硬伤；营收增长处于可接受区间,规则质量评级与AI评级一致；但数据年数少于5年，长期ROE、波动和CAGR应按短历史估计降置信度
AMAT,US,"Applied Materials, Inc. - Common Stock",科技,优质池,78.0,90.8,90.8,核心优质池,是,是,否,否,短历史封顶生效,优质候选,100,优质候选,4,C 短历史,Medium,80,短历史封顶,数据质量中等，质量评级需降置信度；长期ROE达到行业优秀线；ROE稳定性较好；近5年无亏损；近5年经营现金流持续为正；自由现金流整体为正；资产负债率符合行业语境；营收增长处于可接受区间；成熟科技现金流龙头：高ROE、强FCF、无亏损且OCF持续为正,规则质量评级与AI评级一致；但数据年数少于5年，长期ROE、波动和CAGR应按短历史估计降置信度
GWW,US,"W.W. Grainger, Inc. Common Stock",通用,优质池,78.0,90.8,90.8,核心优质池,是,是,否,否,短历史封顶生效,优质候选,100,优质候选,4,C 短历史,Medium,80,短历史封顶,数据质量中等，质量评级需降置信度；长期ROE达到行业优秀线；ROE稳定性较好；近5年无亏损；近5年经营现金流持续为正；自由现金流整体为正；资产负债率符合行业语境；营收增长达到行业较好水平,规则质量评级与AI评级一致；但数据年数少于5年，长期ROE、波动和CAGR应按短历史估计降置信度
HAL,US,Halliburton Company Common Stock,周期,优质池,78.0,90.8,90.8,核心优质池,是,是,否,否,短历史封顶生效,优质候选,100,优质候选,4,C 短历史,Medium,80,短历史封顶,数据质量中等，质量评级需降置信度；长期ROE达到行业优秀线；ROE稳定性较好；近5年无亏损；近5年经营现金流持续为正；自由现金流整体为正；资产负债率符合行业语境；营收增长处于可接受区间,规则质量评级与AI评级一致；但数据年数少于5年，长期ROE、波动和CAGR应按短历史估计降置信度
ALG,US,"Alamo Group, Inc. Common Stock",周期,优质池,78.0,90.7,90.7,核心优质池,是,是,否,否,短历史封顶生效,优质候选,100,优质候选,4,C 短历史,Medium,80,短历史封顶,数据质量中等，质量评级需降置信度；长期ROE达到行业优秀线；ROE稳定性较好；近5年无亏损；近5年经营现金流持续为正；自由现金流整体为正；资产负债率符合行业语境；营收增长处于可接受区间,规则质量评级与AI评级一致；但数据年数少于5年，长期ROE、波动和CAGR应按短历史估计降置信度
WMT,US,Walmart Inc. - Common Stock,通用,优质池,78.0,90.7,90.7,核心优质池,是,是,否,否,短历史封顶生效,优质候选,100,优质候选,4,C 短历史,Medium,80,短历史封顶,数据质量中等，质量评级需降置信度；长期ROE达到行业优秀线；ROE稳定性较好；近5年无亏损；近5年经营现金流持续为正；自由现金流整体为正；资产负债率符合行业语境；营收增长达到行业较好水平,规则质量评级与AI评级一致；但数据年数少于5年，长期ROE、波动和CAGR应按短历史估计降置信度
SFM,US,"Sprouts Farmers Market, Inc. - Common Stock",通用,优质池,78.0,90.6,90.6,核心优质池,是,是,否,否,短历史封顶生效,优质候选,100,优质候选,4,C 短历史,Medium,80,短历史封顶,数据质量中等，质量评级需降置信度；长期ROE达到行业优秀线；ROE稳定性较好；近5年无亏损；近5年经营现金流持续为正；自由现金流整体为正；资产负债率略高但未构成硬伤；营收增长达到行业较好水平,规则质量评级与AI评级一致；但数据年数少于5年，长期ROE、波动和CAGR应按短历史估计降置信度
JKHY,US,"Jack Henry & Associates, Inc. - Common Stock",科技,可研究池,74.0,94.6,90.6,核心优质池,是,是,是,否,短历史封顶生效；排雷状态扣分,优质候选,100,优质候选,4,C 短历史,Medium,80,短历史封顶；排雷需关注,数据质量中等，质量评级需降置信度；长期ROE达到行业优秀线；ROE稳定性较好；近5年无亏损；近5年经营现金流持续为正；自由现金流整体为正；资产负债率符合行业语境；营收增长处于可接受区间,规则与AI均认可质量，排雷侧因单项风险给出需关注状态，适合进入人工复核清单；但数据年数少于5年，长期ROE、波动和CAGR应按短历史估计降置信度
JHG,US,Janus Henderson Group plc Ordinary Shares,通用,优质池,78.0,90.6,90.6,核心优质池,是,是,否,否,短历史封顶生效,优质候选,95,优质候选,4,C 短历史,Medium,80,短历史封顶,数据质量中等，质量评级需降置信度；长期ROE达到行业基本线；ROE稳定性较好；近5年无亏损；近5年经营现金流持续为正；自由现金流整体为正；资产负债率符合行业语境；营收增长达到行业较好水平,规则质量评级与AI评级一致；但数据年数少于5年，长期ROE、波动和CAGR应按短历史估计降置信度
CRUS,US,"Cirrus Logic, Inc. - Common Stock",科技,优质池,78.0,90.6,90.6,核心优质池,是,是,否,否,短历史封顶生效,优质候选,93,优质候选,4,C 短历史,Medium,80,短历史封顶,数据质量中等，质量评级需降置信度；长期ROE达到行业优秀线；ROE稳定性较好；近5年无亏损；近5年经营现金流持续为正；自由现金流整体为正；资产负债率符合行业语境；营收增长偏弱,规则质量评级与AI评级一致；但数据年数少于5年，长期ROE、波动和CAGR应按短历史估计降置信度
OPXS,US,"Optex Systems Holdings, Inc. - Common Stock",通用,优质池,78.0,90.6,90.6,核心优质池,是,是,否,否,短历史封顶生效,优质候选,89,优质候选,4,C 短历史,Medium,80,短历史封顶,数据质量中等，质量评级需降置信度；长期ROE达到行业优秀线；ROE稳定性较好；近5年无亏损；经营现金流存在瑕疵；自由现金流整体为正；资产负债率符合行业语境；营收增长达到行业较好水平,规则质量评级与AI评级一致；但数据年数少于5年，长期ROE、波动和CAGR应按短历史估计降置信度
ATI,US,ATI Inc. Common Stock,通用,优质池,78.0,90.5,90.5,核心优质池,是,是,否,否,短历史封顶生效,优质候选,100,优质候选,4,C 短历史,Medium,80,短历史封顶,数据质量中等，质量评级需降置信度；长期ROE达到行业优秀线；ROE稳定性较好；近5年无亏损；近5年经营现金流持续为正；自由现金流整体为正；资产负债率符合行业语境；营收增长达到行业较好水平,规则质量评级与AI评级一致；但数据年数少于5年，长期ROE、波动和CAGR应按短历史估计降置信度
DORM,US,"Dorman Products, Inc. - Common Stock",通用,优质池,78.0,90.5,90.5,核心优质池,是,是,否,否,短历史封顶生效,优质候选,100,优质候选,4,C 短历史,Medium,80,短历史封顶,数据质量中等，质量评级需降置信度；长期ROE达到行业优秀线；ROE稳定性较好；近5年无亏损；近5年经营现金流持续为正；自由现金流整体为正；资产负债率符合行业语境；营收增长达到行业较好水平,规则质量评级与AI评级一致；但数据年数少于5年，长期ROE、波动和CAGR应按短历史估计降置信度
FOX,US,Fox Corporation - Class B Common Stock,通用,优质池,78.0,90.5,90.5,核心优质池,是,是,否,否,短历史封顶生效,优质候选,100,优质候选,4,C 短历史,Medium,80,短历史封顶,数据质量中等，质量评级需降置信度；长期ROE达到行业优秀线；ROE稳定性较好；近5年无亏损；近5年经营现金流持续为正；自由现金流整体为正；资产负债率符合行业语境；营收增长达到行业较好水平,规则质量评级与AI评级一致；但数据年数少于5年，长期ROE、波动和CAGR应按短历史估计降置信度
FOXA,US,Fox Corporation - Class A Common Stock,通用,优质池,78.0,90.5,90.5,核心优质池,是,是,否,否,短历史封顶生效,优质候选,100,优质候选,4,C 短历史,Medium,80,短历史封顶,数据质量中等，质量评级需降置信度；长期ROE达到行业优秀线；ROE稳定性较好；近5年无亏损；近5年经营现金流持续为正；自由现金流整体为正；资产负债率符合行业语境；营收增长达到行业较好水平,规则质量评级与AI评级一致；但数据年数少于5年，长期ROE、波动和CAGR应按短历史估计降置信度
PKG,US,Packaging Corporation of America Common Stock,通用,优质池,78.0,90.5,90.5,核心优质池,是,是,否,否,短历史封顶生效,优质候选,100,优质候选,4,C 短历史,Medium,80,短历史封顶,数据质量中等，质量评级需降置信度；长期ROE达到行业优秀线；ROE稳定性较好；近5年无亏损；近5年经营现金流持续为正；自由现金流整体为正；资产负债率符合行业语境；营收增长处于可接受区间,规则质量评级与AI评级一致；但数据年数少于5年，长期ROE、波动和CAGR应按短历史估计降置信度
TPB,US,"Turning Point Brands, Inc. Common Stock",通用,优质池,78.0,90.5,90.5,核心优质池,是,是,否,否,短历史封顶生效,优质候选,100,优质候选,4,C 短历史,Medium,80,短历史封顶,数据质量中等，质量评级需降置信度；长期ROE达到行业优秀线；ROE稳定性较好；近5年无亏损；近5年经营现金流持续为正；自由现金流整体为正；资产负债率符合行业语境；营收增长达到行业较好水平,规则质量评级与AI评级一致；但数据年数少于5年，长期ROE、波动和CAGR应按短历史估计降置信度
TPL,US,Texas Pacific Land Corporation Common Stock,周期,优质池,78.0,90.5,90.5,核心优质池,是,是,否,否,短历史封顶生效,优质候选,100,优质候选,4,C 短历史,Medium,80,短历史封顶,数据质量中等，质量评级需降置信度；长期ROE达到行业优秀线；ROE稳定性较好；近5年无亏损；近5年经营现金流持续为正；自由现金流整体为正；资产负债率符合行业语境；营收增长达到行业较好水平,规则质量评级与AI评级一致；但数据年数少于5年，长期ROE、波动和CAGR应按短历史估计降置信度
YUMC,US,"Yum China Holdings, Inc. Common Stock",通用,优质池,78.0,90.5,90.5,核心优质池,是,是,否,否,短历史封顶生效,优质候选,100,优质候选,4,C 短历史,Medium,80,短历史封顶,数据质量中等，质量评级需降置信度；长期ROE达到行业优秀线；ROE稳定性较好；近5年无亏损；近5年经营现金流持续为正；自由现金流整体为正；资产负债率符合行业语境；营收增长达到行业较好水平,规则质量评级与AI评级一致；但数据年数少于5年，长期ROE、波动和CAGR应按短历史估计降置信度
RL,US,Ralph Lauren Corporation Common Stock,消费,优质池,78.0,90.5,90.5,核心优质池,是,是,否,否,短历史封顶生效,优质候选,95,优质候选,4,C 短历史,Medium,80,短历史封顶,数据质量中等，质量评级需降置信度；长期ROE达到行业优秀线；ROE稳定性较好；近5年无亏损；近5年经营现金流持续为正；自由现金流整体为正；资产负债率略高但未构成硬伤；营收增长处于可接受区间,规则质量评级与AI评级一致；但数据年数少于5年，长期ROE、波动和CAGR应按短历史估计降置信度
NVO,US,Novo Nordisk A/S Common Stock,通用,优质池,78.0,90.4,90.4,核心优质池,是,是,否,否,短历史封顶生效,优质候选,100,优质候选,4,C 短历史,Medium,80,短历史封顶,数据质量中等，质量评级需降置信度；长期ROE达到行业优秀线；ROE稳定性较好；近5年无亏损；近5年经营现金流持续为正；自由现金流整体为正；资产负债率符合行业语境；营收增长达到行业较好水平,规则质量评级与AI评级一致；但数据年数少于5年，长期ROE、波动和CAGR应按短历史估计降置信度
EXLS,US,"ExlService Holdings, Inc. - Common Stock",科技,可研究池,74.0,94.4,90.4,核心优质池,是,是,是,否,短历史封顶生效；排雷状态扣分,优质候选,100,优质候选,4,C 短历史,Medium,80,短历史封顶；排雷需关注,数据质量中等，质量评级需降置信度；长期ROE达到行业优秀线；ROE稳定性较好；近5年无亏损；近5年经营现金流持续为正；自由现金流整体为正；资产负债率符合行业语境；营收增长达到行业较好水平,规则与AI均认可质量，排雷侧因单项风险给出需关注状态，适合进入人工复核清单；但数据年数少于5年，长期ROE、波动和CAGR应按短历史估计降置信度
ELA,US,Envela Corporation Common Stock,通用,优质池,78.0,90.3,90.3,核心优质池,是,是,否,否,短历史封顶生效,优质候选,100,优质候选,4,C 短历史,Medium,80,短历史封顶,数据质量中等，质量评级需降置信度；长期ROE达到行业优秀线；ROE稳定性较好；近5年无亏损；近5年经营现金流持续为正；自由现金流整体为正；资产负债率符合行业语境；营收增长达到行业较好水平,规则质量评级与AI评级一致；但数据年数少于5年，长期ROE、波动和CAGR应按短历史估计降置信度
FLOC,US,Flowco Holdings Inc. Class A Common Stock,周期,优质池,78.0,90.3,90.3,核心优质池,是,是,否,否,短历史封顶生效,优质候选,100,优质候选,4,C 短历史,Medium,80,短历史封顶,数据质量中等，质量评级需降置信度；长期ROE达到行业优秀线；ROE稳定性较好；近5年无亏损；近5年经营现金流持续为正；自由现金流整体为正；资产负债率符合行业语境；营收增长达到行业较好水平,规则质量评级与AI评级一致；但数据年数少于5年，长期ROE、波动和CAGR应按短历史估计降置信度
MTDR,US,Matador Resources Company Common Stock,周期,优质池,78.0,90.3,90.3,核心优质池,是,是,否,否,短历史封顶生效,优质候选,100,优质候选,4,C 短历史,Medium,80,短历史封顶,数据质量中等，质量评级需降置信度；长期ROE达到行业优秀线；ROE稳定性较好；近5年无亏损；近5年经营现金流持续为正；自由现金流整体为正；资产负债率符合行业语境；营收增长处于可接受区间,规则质量评级与AI评级一致；但数据年数少于5年，长期ROE、波动和CAGR应按短历史估计降置信度
TAYD,US,"Taylor Devices, Inc. - Common Stock",通用,优质池,78.0,90.3,90.3,核心优质池,是,是,否,否,短历史封顶生效,优质候选,100,优质候选,4,C 短历史,Medium,80,短历史封顶,数据质量中等，质量评级需降置信度；长期ROE达到行业优秀线；ROE稳定性较好；近5年无亏损；近5年经营现金流持续为正；自由现金流整体为正；资产负债率符合行业语境；营收增长达到行业较好水平,规则质量评级与AI评级一致；但数据年数少于5年，长期ROE、波动和CAGR应按短历史估计降置信度
VGNT,US,Versigent PLC Ordinary Shares,通用,优质池,78.0,90.3,90.3,核心优质池,是,是,否,否,短历史封顶生效,优质候选,100,优质候选,3,C 短历史,Medium,60,短历史封顶,数据质量中等，质量评级需降置信度；长期ROE达到行业优秀线；ROE稳定性较好；近5年无亏损；近5年经营现金流持续为正；自由现金流整体为正；资产负债率符合行业语境；营收增长达到行业较好水平,规则质量评级与AI评级一致；但数据年数少于5年，长期ROE、波动和CAGR应按短历史估计降置信度
CNQ,US,Canadian Natural Resources Limited Common Stock,周期,优质池,78.0,90.2,90.2,核心优质池,是,是,否,否,短历史封顶生效,优质候选,100,优质候选,4,C 短历史,Medium,80,短历史封顶,数据质量中等，质量评级需降置信度；长期ROE达到行业优秀线；ROE稳定性较好；近5年无亏损；近5年经营现金流持续为正；自由现金流整体为正；资产负债率符合行业语境；营收增长处于可接受区间,规则质量评级与AI评级一致；但数据年数少于5年，长期ROE、波动和CAGR应按短历史估计降置信度
WWD,US,"Woodward, Inc. - Common Stock",通用,优质池,78.0,90.2,90.2,核心优质池,是,是,否,否,短历史封顶生效,优质候选,100,优质候选,4,C 短历史,Medium,80,短历史封顶,数据质量中等，质量评级需降置信度；长期ROE达到行业优秀线；ROE稳定性较好；近5年无亏损；近5年经营现金流持续为正；自由现金流整体为正；资产负债率符合行业语境；营收增长达到行业较好水平,规则质量评级与AI评级一致；但数据年数少于5年，长期ROE、波动和CAGR应按短历史估计降置信度
RECT,US,Rectitude Holdings Ltd - Ordinary Shares,消费,优质池,78.0,90.2,90.2,核心优质池,是,是,否,否,短历史封顶生效,优质候选,95,优质候选,4,C 短历史,Medium,80,短历史封顶,数据质量中等，质量评级需降置信度；长期ROE达到行业优秀线；ROE波动偏大；近5年无亏损；近5年经营现金流持续为正；自由现金流整体为正；资产负债率符合行业语境；营收增长达到行业较好水平,规则质量评级与AI评级一致；但数据年数少于5年，长期ROE、波动和CAGR应按短历史估计降置信度
JHX,US,James Hardie Industries plc. Ordinary Shares,周期,优质池,78.0,90.1,90.1,核心优质池,是,是,否,否,短历史封顶生效,优质候选,100,优质候选,4,C 短历史,Medium,80,短历史封顶,数据质量中等，质量评级需降置信度；长期ROE达到行业优秀线；ROE稳定性较好；近5年无亏损；近5年经营现金流持续为正；自由现金流整体为正；资产负债率符合行业语境；营收增长处于可接受区间,规则质量评级与AI评级一致；但数据年数少于5年，长期ROE、波动和CAGR应按短历史估计降置信度
YELP,US,Yelp Inc. Common Stock,科技,优质池,78.0,90.1,90.1,核心优质池,是,是,否,否,短历史封顶生效,优质候选,100,优质候选,4,C 短历史,Medium,80,短历史封顶,数据质量中等，质量评级需降置信度；长期ROE达到行业优秀线；ROE稳定性较好；近5年无亏损；近5年经营现金流持续为正；自由现金流整体为正；资产负债率符合行业语境；营收增长处于可接受区间,规则质量评级与AI评级一致；但数据年数少于5年，长期ROE、波动和CAGR应按短历史估计降置信度
FDS,US,FactSet Research Systems Inc. Common Stock,通用,可研究池,74.0,94.1,90.1,核心优质池,是,是,是,否,短历史封顶生效；排雷状态扣分,优质候选,100,优质候选,4,C 短历史,Medium,80,短历史封顶；排雷需关注,数据质量中等，质量评级需降置信度；长期ROE达到行业优秀线；ROE稳定性较好；近5年无亏损；近5年经营现金流持续为正；自由现金流整体为正；资产负债率符合行业语境；营收增长达到行业较好水平,规则与AI均认可质量，排雷侧因单项风险给出需关注状态，适合进入人工复核清单；但数据年数少于5年，长期ROE、波动和CAGR应按短历史估计降置信度
FHI,US,"Federated Hermes, Inc. Common Stock",通用,可研究池,74.0,94.1,90.1,核心优质池,是,是,是,否,短历史封顶生效；排雷状态扣分,优质候选,100,优质候选,4,C 短历史,Medium,80,短历史封顶；排雷需关注,数据质量中等，质量评级需降置信度；长期ROE达到行业优秀线；ROE稳定性较好；近5年无亏损；近5年经营现金流持续为正；自由现金流整体为正；资产负债率符合行业语境；营收增长达到行业较好水平,规则与AI均认可质量，排雷侧因单项风险给出需关注状态，适合进入人工复核清单；但数据年数少于5年，长期ROE、波动和CAGR应按短历史估计降置信度
GCT,US,GigaCloud Technology Inc - Class A Ordinary Shares,科技,优质池,78.0,90.1,90.1,核心优质池,是,是,否,否,短历史封顶生效,优质候选,93,优质候选,4,C 短历史,Medium,80,短历史封顶,数据质量中等，质量评级需降置信度；长期ROE达到行业优秀线；ROE稳定性较好；近5年无亏损；近5年经营现金流持续为正；自由现金流整体为正；资产负债率高于行业舒适区；营收增长达到行业较好水平,规则质量评级与AI评级一致；但数据年数少于5年，长期ROE、波动和CAGR应按短历史估计降置信度
AM,US,Antero Midstream Corporation Common Stock,周期,优质池,78.0,90.0,90.0,核心优质池,是,是,否,否,短历史封顶生效,优质候选,100,优质候选,4,C 短历史,Medium,80,短历史封顶,数据质量中等，质量评级需降置信度；长期ROE达到行业优秀线；ROE稳定性较好；近5年无亏损；近5年经营现金流持续为正；自由现金流整体为正；资产负债率符合行业语境；营收增长达到行业较好水平,规则质量评级与AI评级一致；但数据年数少于5年，长期ROE、波动和CAGR应按短历史估计降置信度
LPG,US,Dorian LPG Ltd. Common Stock,周期,优质池,78.0,90.0,90.0,核心优质池,是,是,否,否,短历史封顶生效,优质候选,100,优质候选,4,C 短历史,Medium,80,短历史封顶,数据质量中等，质量评级需降置信度；长期ROE达到行业优秀线；ROE稳定性较好；近5年无亏损；近5年经营现金流持续为正；自由现金流整体为正；资产负债率符合行业语境；营收增长达到行业较好水平,规则质量评级与AI评级一致；但数据年数少于5年，长期ROE、波动和CAGR应按短历史估计降置信度
NYT,US,New York Times Company (The) Common Stock,通用,优质池,78.0,90.0,90.0,核心优质池,是,是,否,否,短历史封顶生效,优质候选,100,优质候选,4,C 短历史,Medium,80,短历史封顶,数据质量中等，质量评级需降置信度；长期ROE达到行业优秀线；ROE稳定性较好；近5年无亏损；近5年经营现金流持续为正；自由现金流整体为正；资产负债率符合行业语境；营收增长达到行业较好水平,规则质量评级与AI评级一致；但数据年数少于5年，长期ROE、波动和CAGR应按短历史估计降置信度
PCAR,US,PACCAR Inc. - Common Stock,周期,优质池,78.0,90.0,90.0,核心优质池,是,是,否,否,短历史封顶生效,优质候选,100,优质候选,4,C 短历史,Medium,80,短历史封顶,数据质量中等，质量评级需降置信度；长期ROE达到行业优秀线；ROE稳定性较好；近5年无亏损；近5年经营现金流持续为正；自由现金流整体为正；资产负债率符合行业语境；营收增长处于可接受区间,规则质量评级与AI评级一致；但数据年数少于5年，长期ROE、波动和CAGR应按短历史估计降置信度
SHOO,US,"Steven Madden, Ltd. - Common Stock",通用,优质池,78.0,89.9,89.9,核心优质池,是,是,否,否,短历史封顶生效,优质候选,100,优质候选,4,C 短历史,Medium,80,短历史封顶,数据质量中等，质量评级需降置信度；长期ROE达到行业优秀线；ROE稳定性较好；近5年无亏损；近5年经营现金流持续为正；自由现金流整体为正；资产负债率符合行业语境；营收增长达到行业较好水平,规则质量评级与AI评级一致；但数据年数少于5年，长期ROE、波动和CAGR应按短历史估计降置信度
MWA,US,MUELLER WATER PRODUCTS Common Stock,通用,优质池,78.0,89.8,89.8,核心优质池,是,是,否,否,短历史封顶生效,优质候选,100,优质候选,4,C 短历史,Medium,80,短历史封顶,数据质量中等，质量评级需降置信度；长期ROE达到行业优秀线；ROE稳定性较好；近5年无亏损；近5年经营现金流持续为正；自由现金流整体为正；资产负债率符合行业语境；营收增长达到行业较好水平,规则质量评级与AI评级一致；但数据年数少于5年，长期ROE、波动和CAGR应按短历史估计降置信度
MXC,US,Mexco Energy Corporation Common Stock,周期,优质池,78.0,89.8,89.8,核心优质池,是,是,否,否,短历史封顶生效,优质候选,100,优质候选,4,C 短历史,Medium,80,短历史封顶,数据质量中等，质量评级需降置信度；长期ROE达到行业优秀线；ROE稳定性较好；近5年无亏损；近5年经营现金流持续为正；自由现金流整体为正；资产负债率符合行业语境；营收增长处于可接受区间,规则质量评级与AI评级一致；但数据年数少于5年，长期ROE、波动和CAGR应按短历史估计降置信度
PRIM,US,Primoris Services Corporation Common Stock,周期,优质池,78.0,89.8,89.8,核心优质池,是,是,否,否,短历史封顶生效,优质候选,100,优质候选,4,C 短历史,Medium,80,短历史封顶,数据质量中等，质量评级需降置信度；长期ROE达到行业优秀线；ROE稳定性较好；近5年无亏损；近5年经营现金流持续为正；自由现金流整体为正；资产负债率符合行业语境；营收增长达到行业较好水平,规则质量评级与AI评级一致；但数据年数少于5年，长期ROE、波动和CAGR应按短历史估计降置信度
AZN,US,AstraZeneca PLC Ordinary Shares,通用,优质池,78.0,89.7,89.7,核心优质池,是,是,否,否,短历史封顶生效,优质候选,100,优质候选,4,C 短历史,Medium,80,短历史封顶,数据质量中等，质量评级需降置信度；长期ROE达到行业优秀线；ROE稳定性较好；近5年无亏损；近5年经营现金流持续为正；自由现金流整体为正；资产负债率符合行业语境；营收增长达到行业较好水平,规则质量评级与AI评级一致；但数据年数少于5年，长期ROE、波动和CAGR应按短历史估计降置信度
TRMD,US,TORM plc - Class A Common Stock,周期,优质池,78.0,89.7,89.7,核心优质池,是,是,否,否,短历史封顶生效,优质候选,100,优质候选,4,C 短历史,Medium,80,短历史封顶,数据质量中等，质量评级需降置信度；长期ROE达到行业优秀线；ROE稳定性较好；近5年无亏损；近5年经营现金流持续为正；自由现金流整体为正；资产负债率符合行业语境；营收增长处于可接受区间,规则质量评级与AI评级一致；但数据年数少于5年，长期ROE、波动和CAGR应按短历史估计降置信度
WPM,US,Wheaton Precious Metals Corp Common Shares (Canada),通用,优质池,78.0,89.7,89.7,核心优质池,是,是,否,否,短历史封顶生效,优质候选,95,优质候选,4,C 短历史,Medium,80,短历史封顶,数据质量中等，质量评级需降置信度；长期ROE达到行业基本线；ROE稳定性较好；近5年无亏损；近5年经营现金流持续为正；自由现金流整体为正；资产负债率符合行业语境；营收增长达到行业较好水平,规则质量评级与AI评级一致；但数据年数少于5年，长期ROE、波动和CAGR应按短历史估计降置信度
CAMT,US,Camtek Ltd. - Ordinary Shares,科技,优质池,78.0,89.6,89.6,核心优质池,是,是,否,否,短历史封顶生效,优质候选,100,优质候选,4,C 短历史,Medium,80,短历史封顶,数据质量中等，质量评级需降置信度；长期ROE达到行业优秀线；ROE稳定性较好；近5年无亏损；近5年经营现金流持续为正；自由现金流整体为正；资产负债率略高但未构成硬伤；营收增长达到行业较好水平,规则质量评级与AI评级一致；但数据年数少于5年，长期ROE、波动和CAGR应按短历史估计降置信度
OKE,US,"ONEOK, Inc. Common Stock",周期,优质池,78.0,89.6,89.6,核心优质池,是,是,否,否,短历史封顶生效,优质候选,100,优质候选,4,C 短历史,Medium,80,短历史封顶,数据质量中等，质量评级需降置信度；长期ROE达到行业优秀线；ROE稳定性较好；近5年无亏损；近5年经营现金流持续为正；自由现金流整体为正；资产负债率符合行业语境；营收增长达到行业较好水平,规则质量评级与AI评级一致；但数据年数少于5年，长期ROE、波动和CAGR应按短历史估计降置信度
BMI,US,"Badger Meter, Inc. Common Stock",通用,可研究池,74.0,93.6,89.6,核心优质池,是,是,是,否,短历史封顶生效；排雷状态扣分,优质候选,100,优质候选,4,C 短历史,Medium,80,短历史封顶；排雷需关注,数据质量中等，质量评级需降置信度；长期ROE达到行业优秀线；ROE稳定性较好；近5年无亏损；近5年经营现金流持续为正；自由现金流整体为正；资产负债率符合行业语境；营收增长达到行业较好水平,规则与AI均认可质量，排雷侧因单项风险给出需关注状态，适合进入人工复核清单；但数据年数少于5年，长期ROE、波动和CAGR应按短历史估计降置信度
PRDO,US,Perdoceo Education Corporation - Common Stock,通用,可研究池,74.0,93.6,89.6,核心优质池,是,是,是,否,短历史封顶生效；排雷状态扣分,优质候选,100,优质候选,4,C 短历史,Medium,80,短历史封顶；排雷需关注,数据质量中等，质量评级需降置信度；长期ROE达到行业优秀线；ROE稳定性较好；近5年无亏损；近5年经营现金流持续为正；自由现金流整体为正；资产负债率符合行业语境；营收增长达到行业较好水平,规则与AI均认可质量，排雷侧因单项风险给出需关注状态，适合进入人工复核清单；但数据年数少于5年，长期ROE、波动和CAGR应按短历史估计降置信度
OLLI,US,"Ollie's Bargain Outlet Holdings, Inc. - Common Stock",通用,优质池,78.0,89.5,89.5,核心优质池,是,是,否,否,短历史封顶生效,优质候选,95,优质候选,4,C 短历史,Medium,80,短历史封顶,数据质量中等，质量评级需降置信度；长期ROE达到行业基本线；ROE稳定性较好；近5年无亏损；近5年经营现金流持续为正；自由现金流整体为正；资产负债率符合行业语境；营收增长达到行业较好水平,规则质量评级与AI评级一致；但数据年数少于5年，长期ROE、波动和CAGR应按短历史估计降置信度
ECG,US,"Everus Construction Group, Inc. Common Stock",周期,优质池,78.0,89.5,89.5,核心优质池,是,是,否,否,短历史封顶生效,优质候选,89,优质候选,4,C 短历史,Medium,80,短历史封顶,数据质量中等，质量评级需降置信度；长期ROE达到行业优秀线；ROE稳定性较好；近5年无亏损；经营现金流存在瑕疵；自由现金流整体为正；资产负债率符合行业语境；营收增长达到行业较好水平,规则质量评级与AI评级一致；但数据年数少于5年，长期ROE、波动和CAGR应按短历史估计降置信度
DHT,US,"DHT Holdings, Inc.",周期,优质池,78.0,89.3,89.3,核心优质池,是,是,否,否,短历史封顶生效,优质候选,100,优质候选,4,C 短历史,Medium,80,短历史封顶,数据质量中等，质量评级需降置信度；长期ROE达到行业优秀线；ROE稳定性较好；近5年无亏损；近5年经营现金流持续为正；自由现金流整体为正；资产负债率符合行业语境；营收增长处于可接受区间,规则质量评级与AI评级一致；但数据年数少于5年，长期ROE、波动和CAGR应按短历史估计降置信度
KYIV,US,Kyivstar Group Ltd. - Common Shares,通用,优质池,78.0,89.3,89.3,核心优质池,是,是,否,否,短历史封顶生效,优质候选,100,优质候选,3,C 短历史,Medium,60,短历史封顶,数据质量中等，质量评级需降置信度；长期ROE达到行业优秀线；ROE稳定性较好；近5年无亏损；近5年经营现金流持续为正；自由现金流整体为正；资产负债率符合行业语境；营收增长达到行业较好水平,规则质量评级与AI评级一致；但数据年数少于5年，长期ROE、波动和CAGR应按短历史估计降置信度
AIT,US,"Applied Industrial Technologies, Inc. Common Stock",通用,可研究池,74.0,93.3,89.3,核心优质池,是,是,是,否,短历史封顶生效；排雷状态扣分,优质候选,100,优质候选,4,C 短历史,Medium,80,短历史封顶；排雷需关注,数据质量中等，质量评级需降置信度；长期ROE达到行业优秀线；ROE稳定性较好；近5年无亏损；近5年经营现金流持续为正；自由现金流整体为正；资产负债率符合行业语境；营收增长达到行业较好水平,规则与AI均认可质量，排雷侧因单项风险给出需关注状态，适合进入人工复核清单；但数据年数少于5年，长期ROE、波动和CAGR应按短历史估计降置信度
A,US,"Agilent Technologies, Inc. Common Stock",通用,可研究池,74.0,93.2,89.2,核心优质池,是,是,是,否,短历史封顶生效；排雷状态扣分,优质候选,100,优质候选,4,C 短历史,Medium,80,短历史封顶；排雷需关注,数据质量中等，质量评级需降置信度；长期ROE达到行业优秀线；ROE稳定性较好；近5年无亏损；近5年经营现金流持续为正；自由现金流整体为正；资产负债率符合行业语境；营收增长处于可接受区间,规则与AI均认可质量，排雷侧因单项风险给出需关注状态，适合进入人工复核清单；但数据年数少于5年，长期ROE、波动和CAGR应按短历史估计降置信度
UFPT,US,"UFP Technologies, Inc. - Common Stock",通用,可研究池,74.0,93.2,89.2,核心优质池,是,是,是,否,短历史封顶生效；排雷状态扣分,优质候选,100,优质候选,4,C 短历史,Medium,80,短历史封顶；排雷需关注,数据质量中等，质量评级需降置信度；长期ROE达到行业优秀线；ROE稳定性较好；近5年无亏损；近5年经营现金流持续为正；自由现金流整体为正；资产负债率符合行业语境；营收增长达到行业较好水平,规则与AI均认可质量，排雷侧因单项风险给出需关注状态，适合进入人工复核清单；但数据年数少于5年，长期ROE、波动和CAGR应按短历史估计降置信度
WDFC,US,WD-40 Company - Common Stock,周期,可研究池,74.0,93.2,89.2,核心优质池,是,是,是,否,短历史封顶生效；排雷状态扣分,优质候选,100,优质候选,4,C 短历史,Medium,80,短历史封顶；排雷需关注,数据质量中等，质量评级需降置信度；长期ROE达到行业优秀线；ROE稳定性较好；近5年无亏损；近5年经营现金流持续为正；自由现金流整体为正；资产负债率符合行业语境；营收增长达到行业较好水平,规则与AI均认可质量，排雷侧因单项风险给出需关注状态，适合进入人工复核清单；但数据年数少于5年，长期ROE、波动和CAGR应按短历史估计降置信度
PGNY,US,"Progyny, Inc. - Common Stock",通用,优质池,78.0,89.2,89.2,核心优质池,是,是,否,否,短历史封顶生效,优质候选,95,优质候选,4,C 短历史,Medium,80,短历史封顶,数据质量中等，质量评级需降置信度；长期ROE达到行业基本线；ROE稳定性较好；近5年无亏损；近5年经营现金流持续为正；自由现金流整体为正；资产负债率符合行业语境；营收增长达到行业较好水平,规则质量评级与AI评级一致；但数据年数少于5年，长期ROE、波动和CAGR应按短历史估计降置信度
URBN,US,"Urban Outfitters, Inc. - Common Stock",消费,优质池,78.0,89.2,89.2,核心优质池,是,是,否,否,短历史封顶生效,优质候选,95,优质候选,4,C 短历史,Medium,80,短历史封顶,数据质量中等，质量评级需降置信度；长期ROE达到行业基本线；ROE稳定性较好；近5年无亏损；近5年经营现金流持续为正；自由现金流整体为正；资产负债率符合行业语境；营收增长达到行业较好水平,规则质量评级与AI评级一致；但数据年数少于5年，长期ROE、波动和CAGR应按短历史估计降置信度
MANH,US,"Manhattan Associates, Inc. - Common Stock",科技,优质池,78.0,89.2,89.2,核心优质池,是,是,否,否,短历史封顶生效,优质候选,93,优质候选,4,C 短历史,Medium,80,短历史封顶,数据质量中等，质量评级需降置信度；长期ROE达到行业优秀线；ROE稳定性较好；近5年无亏损；近5年经营现金流持续为正；自由现金流整体为正；资产负债率高于行业舒适区；营收增长达到行业较好水平,规则质量评级与AI评级一致；但数据年数少于5年，长期ROE、波动和CAGR应按短历史估计降置信度
SII,US,Sprott Inc. Common Shares,通用,优质池,78.0,89.1,89.1,核心优质池,是,是,否,否,短历史封顶生效,优质候选,100,优质候选,4,C 短历史,Medium,80,短历史封顶,数据质量中等，质量评级需降置信度；长期ROE达到行业优秀线；ROE稳定性较好；近5年无亏损；近5年经营现金流持续为正；自由现金流整体为正；资产负债率符合行业语境；营收增长达到行业较好水平,规则质量评级与AI评级一致；但数据年数少于5年，长期ROE、波动和CAGR应按短历史估计降置信度
WTS,US,"Watts Water Technologies, Inc. Class A Common Stock",通用,可研究池,74.0,93.1,89.1,核心优质池,是,是,是,否,短历史封顶生效；排雷状态扣分,优质候选,100,优质候选,4,C 短历史,Medium,80,短历史封顶；排雷需关注,数据质量中等，质量评级需降置信度；长期ROE达到行业优秀线；ROE稳定性较好；近5年无亏损；近5年经营现金流持续为正；自由现金流整体为正；资产负债率符合行业语境；营收增长达到行业较好水平,规则与AI均认可质量，排雷侧因单项风险给出需关注状态，适合进入人工复核清单；但数据年数少于5年，长期ROE、波动和CAGR应按短历史估计降置信度
TXT,US,Textron Inc. Common Stock,通用,优质池,78.0,89.0,89.0,核心优质池,是,是,否,否,短历史封顶生效,优质候选,100,优质候选,4,C 短历史,Medium,80,短历史封顶,数据质量中等，质量评级需降置信度；长期ROE达到行业优秀线；ROE稳定性较好；近5年无亏损；近5年经营现金流持续为正；自由现金流整体为正；资产负债率符合行业语境；营收增长达到行业较好水平,规则质量评级与AI评级一致；但数据年数少于5年，长期ROE、波动和CAGR应按短历史估计降置信度
LMAT,US,"LeMaitre Vascular, Inc. - Common Stock",通用,优质池,78.0,89.0,89.0,核心优质池,是,是,否,否,短历史封顶生效,优质候选,95,优质候选,4,C 短历史,Medium,80,短历史封顶,数据质量中等，质量评级需降置信度；长期ROE达到行业基本线；ROE稳定性较好；近5年无亏损；近5年经营现金流持续为正；自由现金流整体为正；资产负债率符合行业语境；营收增长达到行业较好水平,规则质量评级与AI评级一致；但数据年数少于5年，长期ROE、波动和CAGR应按短历史估计降置信度
CR,US,Crane Company Common Stock,通用,优质池,78.0,89.0,89.0,核心优质池,是,是,否,否,短历史封顶生效,优质候选,89,优质候选,4,C 短历史,Medium,80,短历史封顶,数据质量中等，质量评级需降置信度；长期ROE达到行业优秀线；ROE稳定性较好；近5年无亏损；经营现金流存在瑕疵；自由现金流整体为正；资产负债率符合行业语境；营收增长达到行业较好水平,规则质量评级与AI评级一致；但数据年数少于5年，长期ROE、波动和CAGR应按短历史估计降置信度
INVX,US,"Innovex International, Inc. Common Stock",周期,优质池,78.0,89.0,89.0,核心优质池,是,是,否,否,短历史封顶生效,优质候选,89,优质候选,4,C 短历史,Medium,80,短历史封顶,数据质量中等，质量评级需降置信度；长期ROE达到行业优秀线；ROE稳定性较好；近5年无亏损；经营现金流存在瑕疵；自由现金流整体为正；资产负债率符合行业语境；营收增长达到行业较好水平,规则质量评级与AI评级一致；但数据年数少于5年，长期ROE、波动和CAGR应按短历史估计降置信度
CTW,US,CTW - Class A Ordinary Shares,科技,优质池,78.0,88.9,88.9,核心优质池,是,是,否,否,短历史封顶生效,优质候选,100,优质候选,3,C 短历史,Medium,60,短历史封顶,数据质量中等，质量评级需降置信度；长期ROE达到行业优秀线；ROE稳定性较好；近5年无亏损；近5年经营现金流持续为正；自由现金流整体为正；资产负债率符合行业语境；营收增长达到行业较好水平,规则质量评级与AI评级一致；但数据年数少于5年，长期ROE、波动和CAGR应按短历史估计降置信度
FSS,US,Federal Signal Corporation Common Stock,通用,可研究池,74.0,92.9,88.9,核心优质池,是,是,是,否,短历史封顶生效；排雷状态扣分,优质候选,100,优质候选,4,C 短历史,Medium,80,短历史封顶；排雷需关注,数据质量中等，质量评级需降置信度；长期ROE达到行业优秀线；ROE稳定性较好；近5年无亏损；近5年经营现金流持续为正；自由现金流整体为正；资产负债率符合行业语境；营收增长达到行业较好水平,规则与AI均认可质量，排雷侧因单项风险给出需关注状态，适合进入人工复核清单；但数据年数少于5年，长期ROE、波动和CAGR应按短历史估计降置信度
VCTR,US,"Victory Capital Holdings, Inc. - Common Stock",通用,可研究池,74.0,92.9,88.9,核心优质池,是,是,是,否,短历史封顶生效；排雷状态扣分,优质候选,100,优质候选,4,C 短历史,Medium,80,短历史封顶；排雷需关注,数据质量中等，质量评级需降置信度；长期ROE达到行业优秀线；ROE稳定性较好；近5年无亏损；近5年经营现金流持续为正；自由现金流整体为正；资产负债率符合行业语境；营收增长达到行业较好水平,规则与AI均认可质量，排雷侧因单项风险给出需关注状态，适合进入人工复核清单；但数据年数少于5年，长期ROE、波动和CAGR应按短历史估计降置信度
TT,US,Trane Technologies plc,通用,可研究池,74.0,92.8,88.8,核心优质池,是,是,是,否,短历史封顶生效；排雷状态扣分,优质候选,100,优质候选,4,C 短历史,Medium,80,短历史封顶；排雷需关注,数据质量中等，质量评级需降置信度；长期ROE达到行业优秀线；ROE稳定性较好；近5年无亏损；近5年经营现金流持续为正；自由现金流整体为正；资产负债率符合行业语境；营收增长达到行业较好水平,规则与AI均认可质量，排雷侧因单项风险给出需关注状态，适合进入人工复核清单；但数据年数少于5年，长期ROE、波动和CAGR应按短历史估计降置信度
AEM,US,Agnico Eagle Mines Limited Common Stock,通用,优质池,78.0,88.8,88.8,核心优质池,是,是,否,否,短历史封顶生效,优质候选,95,优质候选,4,C 短历史,Medium,80,短历史封顶,数据质量中等，质量评级需降置信度；长期ROE达到行业基本线；ROE稳定性较好；近5年无亏损；近5年经营现金流持续为正；自由现金流整体为正；资产负债率符合行业语境；营收增长达到行业较好水平,规则质量评级与AI评级一致；但数据年数少于5年，长期ROE、波动和CAGR应按短历史估计降置信度
ODFL,US,"Old Dominion Freight Line, Inc. - Common Stock",通用,优质池,78.0,88.8,88.8,核心优质池,是,是,否,否,短历史封顶生效,优质候选,93,优质候选,4,C 短历史,Medium,80,短历史封顶,数据质量中等，质量评级需降置信度；长期ROE达到行业优秀线；ROE稳定性较好；近5年无亏损；近5年经营现金流持续为正；自由现金流整体为正；资产负债率符合行业语境；营收增长偏弱,规则质量评级与AI评级一致；但数据年数少于5年，长期ROE、波动和CAGR应按短历史估计降置信度
INTU,US,Intuit Inc. - Common Stock,科技,可研究池,74.0,92.7,88.7,核心优质池,是,是,是,否,短历史封顶生效；排雷状态扣分,优质候选,100,优质候选,4,C 短历史,Medium,80,短历史封顶；排雷需关注,数据质量中等，质量评级需降置信度；长期ROE达到行业优秀线；ROE稳定性较好；近5年无亏损；近5年经营现金流持续为正；自由现金流整体为正；资产负债率符合行业语境；营收增长达到行业较好水平,规则与AI均认可质量，排雷侧因单项风险给出需关注状态，适合进入人工复核清单；但数据年数少于5年，长期ROE、波动和CAGR应按短历史估计降置信度
PSMT,US,"PriceSmart, Inc. - Common Stock",通用,优质池,78.0,88.7,88.7,核心优质池,是,是,否,否,短历史封顶生效,优质候选,95,优质候选,4,C 短历史,Medium,80,短历史封顶,数据质量中等，质量评级需降置信度；长期ROE达到行业基本线；ROE稳定性较好；近5年无亏损；近5年经营现金流持续为正；自由现金流整体为正；资产负债率符合行业语境；营收增长达到行业较好水平,规则质量评级与AI评级一致；但数据年数少于5年，长期ROE、波动和CAGR应按短历史估计降置信度
SITE,US,"SiteOne Landscape Supply, Inc. Common Stock",通用,优质池,78.0,88.7,88.7,核心优质池,是,是,否,否,短历史封顶生效,优质候选,95,优质候选,4,C 短历史,Medium,80,短历史封顶,数据质量中等，质量评级需降置信度；长期ROE达到行业基本线；ROE稳定性较好；近5年无亏损；近5年经营现金流持续为正；自由现金流整体为正；资产负债率符合行业语境；营收增长达到行业较好水平,规则质量评级与AI评级一致；但数据年数少于5年，长期ROE、波动和CAGR应按短历史估计降置信度
TER,US,"Teradyne, Inc. - Common Stock",科技,优质池,78.0,88.7,88.7,核心优质池,是,是,否,否,短历史封顶生效,优质候选,93,优质候选,4,C 短历史,Medium,80,短历史封顶,数据质量中等，质量评级需降置信度；长期ROE达到行业优秀线；ROE稳定性较好；近5年无亏损；近5年经营现金流持续为正；自由现金流整体为正；资产负债率符合行业语境；营收增长偏弱,规则质量评级与AI评级一致；但数据年数少于5年，长期ROE、波动和CAGR应按短历史估计降置信度
BRC,US,Brady Corporation Common Stock,通用,可研究池,74.0,92.6,88.6,核心优质池,是,是,是,否,短历史封顶生效；排雷状态扣分,优质候选,100,优质候选,4,C 短历史,Medium,80,短历史封顶；排雷需关注,数据质量中等，质量评级需降置信度；长期ROE达到行业优秀线；ROE稳定性较好；近5年无亏损；近5年经营现金流持续为正；自由现金流整体为正；资产负债率符合行业语境；营收增长达到行业较好水平,规则与AI均认可质量，排雷侧因单项风险给出需关注状态，适合进入人工复核清单；但数据年数少于5年，长期ROE、波动和CAGR应按短历史估计降置信度
VEEV,US,Veeva Systems Inc. Class A Common Stock,通用,优质池,78.0,88.6,88.6,核心优质池,是,是,否,否,短历史封顶生效,优质候选,98,优质候选,4,C 短历史,Medium,80,短历史封顶,数据质量中等，质量评级需降置信度；长期ROE达到行业优秀线；ROE稳定性较好；近5年无亏损；近5年经营现金流持续为正；自由现金流数据缺失，评级保守；资产负债率符合行业语境；营收增长达到行业较好水平,规则质量评级与AI评级一致；但数据年数少于5年，长期ROE、波动和CAGR应按短历史估计降置信度
CWCO,US,Consolidated Water Co. Ltd. - Ordinary Shares,通用,优质池,78.0,88.5,88.5,核心优质池,是,是,否,否,短历史封顶生效,优质候选,95,优质候选,4,C 短历史,Medium,80,短历史封顶,数据质量中等，质量评级需降置信度；长期ROE达到行业基本线；ROE稳定性较好；近5年无亏损；近5年经营现金流持续为正；自由现金流整体为正；资产负债率符合行业语境；营收增长达到行业较好水平,规则质量评级与AI评级一致；但数据年数少于5年，长期ROE、波动和CAGR应按短历史估计降置信度
LWAY,US,"Lifeway Foods, Inc. - Common Stock",消费,优质池,78.0,88.5,88.5,核心优质池,是,是,否,否,短历史封顶生效,优质候选,95,优质候选,4,C 短历史,Medium,80,短历史封顶,数据质量中等，质量评级需降置信度；长期ROE达到行业基本线；ROE稳定性较好；近5年无亏损；近5年经营现金流持续为正；自由现金流整体为正；资产负债率符合行业语境；营收增长达到行业较好水平,规则质量评级与AI评级一致；但数据年数少于5年，长期ROE、波动和CAGR应按短历史估计降置信度
OSK,US,Oshkosh Corporation (Holding Company)Common Stock,周期,优质池,78.0,88.4,88.4,核心优质池,是,是,否,否,短历史封顶生效,优质候选,100,优质候选,4,C 短历史,Medium,80,短历史封顶,数据质量中等，质量评级需降置信度；长期ROE达到行业优秀线；ROE稳定性较好；近5年无亏损；近5年经营现金流持续为正；自由现金流整体为正；资产负债率符合行业语境；营收增长达到行业较好水平,规则质量评级与AI评级一致；但数据年数少于5年，长期ROE、波动和CAGR应按短历史估计降置信度
RUSHA,US,"Rush Enterprises, Inc. - Class A Common Stock",通用,优质池,78.0,88.4,88.4,核心优质池,是,是,否,否,短历史封顶生效,优质候选,100,可跟踪,4,C 短历史,Medium,80,短历史封顶,数据质量中等，质量评级需降置信度；长期ROE达到行业优秀线；ROE稳定性较好；近5年无亏损；近5年经营现金流持续为正；自由现金流整体为正；资产负债率符合行业语境；营收增长处于可接受区间,规则和AI评级不完全一致，可作为人工复核优先项
RUSHB,US,"Rush Enterprises, Inc. - Class B Common Stock",通用,优质池,78.0,88.4,88.4,核心优质池,是,是,否,否,短历史封顶生效,优质候选,100,可跟踪,4,C 短历史,Medium,80,短历史封顶,数据质量中等，质量评级需降置信度；长期ROE达到行业优秀线；ROE稳定性较好；近5年无亏损；近5年经营现金流持续为正；自由现金流整体为正；资产负债率符合行业语境；营收增长处于可接受区间,规则和AI评级不完全一致，可作为人工复核优先项
TSLA,US,"Tesla, Inc.  - Common Stock",通用,优质池,78.0,88.4,88.4,核心优质池,是,是,否,否,短历史封顶生效,优质候选,100,优质候选,4,C 短历史,Medium,80,短历史封顶,数据质量中等，质量评级需降置信度；长期ROE达到行业优秀线；ROE稳定性较好；近5年无亏损；近5年经营现金流持续为正；自由现金流整体为正；资产负债率符合行业语境；营收增长达到行业较好水平,规则质量评级与AI评级一致；但数据年数少于5年，长期ROE、波动和CAGR应按短历史估计降置信度
ACN,US,Accenture plc Class A Ordinary Shares (Ireland),科技,可研究池,74.0,92.4,88.4,核心优质池,是,是,是,否,短历史封顶生效；排雷状态扣分,优质候选,100,优质候选,4,C 短历史,Medium,80,短历史封顶；排雷需关注,数据质量中等，质量评级需降置信度；长期ROE达到行业优秀线；ROE稳定性较好；近5年无亏损；近5年经营现金流持续为正；自由现金流整体为正；资产负债率略高但未构成硬伤；营收增长处于可接受区间；成熟科技现金流龙头：高ROE、强FCF、无亏损且OCF持续为正,规则与AI均认可质量，排雷侧因单项风险给出需关注状态，适合进入人工复核清单；但数据年数少于5年，长期ROE、波动和CAGR应按短历史估计降置信度
HUBB,US,Hubbell Inc Common Stock,通用,可研究池,74.0,92.4,88.4,核心优质池,是,是,是,否,短历史封顶生效；排雷状态扣分,优质候选,100,优质候选,4,C 短历史,Medium,80,短历史封顶；排雷需关注,数据质量中等，质量评级需降置信度；长期ROE达到行业优秀线；ROE稳定性较好；近5年无亏损；近5年经营现金流持续为正；自由现金流整体为正；资产负债率符合行业语境；营收增长达到行业较好水平,规则与AI均认可质量，排雷侧因单项风险给出需关注状态，适合进入人工复核清单；但数据年数少于5年，长期ROE、波动和CAGR应按短历史估计降置信度
NVT,US,nVent Electric plc Ordinary Shares,通用,可研究池,74.0,92.4,88.4,核心优质池,是,是,是,否,短历史封顶生效；排雷状态扣分,优质候选,100,优质候选,4,C 短历史,Medium,80,短历史封顶；排雷需关注,数据质量中等，质量评级需降置信度；长期ROE达到行业优秀线；ROE稳定性较好；近5年无亏损；近5年经营现金流持续为正；自由现金流整体为正；资产负债率符合行业语境；营收增长达到行业较好水平,规则与AI均认可质量，排雷侧因单项风险给出需关注状态，适合进入人工复核清单；但数据年数少于5年，长期ROE、波动和CAGR应按短历史估计降置信度
PH,US,Parker-Hannifin Corporation Common Stock,通用,可研究池,74.0,92.4,88.4,核心优质池,是,是,是,否,短历史封顶生效；排雷状态扣分,优质候选,100,优质候选,4,C 短历史,Medium,80,短历史封顶；排雷需关注,数据质量中等，质量评级需降置信度；长期ROE达到行业优秀线；ROE稳定性较好；近5年无亏损；近5年经营现金流持续为正；自由现金流整体为正；资产负债率符合行业语境；营收增长达到行业较好水平,规则与AI均认可质量，排雷侧因单项风险给出需关注状态，适合进入人工复核清单；但数据年数少于5年，长期ROE、波动和CAGR应按短历史估计降置信度
OLED,US,Universal Display Corporation - Common Stock,科技,优质池,78.0,88.4,88.4,核心优质池,是,是,否,否,短历史封顶生效,优质候选,93,优质候选,4,C 短历史,Medium,80,短历史封顶,数据质量中等，质量评级需降置信度；长期ROE达到行业优秀线；ROE稳定性较好；近5年无亏损；近5年经营现金流持续为正；自由现金流整体为正；资产负债率符合行业语境；营收增长偏弱,规则质量评级与AI评级一致；但数据年数少于5年，长期ROE、波动和CAGR应按短历史估计降置信度
PLAB,US,"Photronics, Inc. - Common Stock",科技,优质池,78.0,88.4,88.4,核心优质池,是,是,否,否,短历史封顶生效,优质候选,93,优质候选,4,C 短历史,Medium,80,短历史封顶,数据质量中等，质量评级需降置信度；长期ROE达到行业优秀线；ROE稳定性较好；近5年无亏损；近5年经营现金流持续为正；自由现金流整体为正；资产负债率符合行业语境；营收增长偏弱,规则质量评级与AI评级一致；但数据年数少于5年，长期ROE、波动和CAGR应按短历史估计降置信度
ODC,US,Oil-Dri Corporation Of America Common Stock,周期,优质池,78.0,88.3,88.3,核心优质池,是,是,否,否,短历史封顶生效,优质候选,100,优质候选,4,C 短历史,Medium,80,短历史封顶,数据质量中等，质量评级需降置信度；长期ROE达到行业优秀线；ROE稳定性较好；近5年无亏损；近5年经营现金流持续为正；自由现金流整体为正；营收增长达到行业较好水平,规则质量评级与AI评级一致；但数据年数少于5年，长期ROE、波动和CAGR应按短历史估计降置信度
ITT,US,ITT Inc. Common Stock,通用,可研究池,74.0,92.3,88.3,核心优质池,是,是,是,否,短历史封顶生效；排雷状态扣分,优质候选,100,优质候选,4,C 短历史,Medium,80,短历史封顶；排雷需关注,数据质量中等，质量评级需降置信度；长期ROE达到行业优秀线；ROE稳定性较好；近5年无亏损；近5年经营现金流持续为正；自由现金流整体为正；资产负债率符合行业语境；营收增长达到行业较好水平,规则与AI均认可质量，排雷侧因单项风险给出需关注状态，适合进入人工复核清单；但数据年数少于5年，长期ROE、波动和CAGR应按短历史估计降置信度
CTAS,US,Cintas Corporation - Common Stock,通用,可研究池,74.0,92.2,88.2,核心优质池,是,是,是,否,短历史封顶生效；排雷状态扣分,优质候选,100,优质候选,4,C 短历史,Medium,80,短历史封顶；排雷需关注,数据质量中等，质量评级需降置信度；长期ROE达到行业优秀线；ROE稳定性较好；近5年无亏损；近5年经营现金流持续为正；自由现金流整体为正；资产负债率符合行业语境；营收增长达到行业较好水平,规则与AI均认可质量，排雷侧因单项风险给出需关注状态，适合进入人工复核清单；但数据年数少于5年，长期ROE、波动和CAGR应按短历史估计降置信度
GD,US,General Dynamics Corporation Common Stock,通用,可研究池,74.0,92.2,88.2,核心优质池,是,是,是,否,短历史封顶生效；排雷状态扣分,优质候选,100,优质候选,4,C 短历史,Medium,80,短历史封顶；排雷需关注,数据质量中等，质量评级需降置信度；长期ROE达到行业优秀线；ROE稳定性较好；近5年无亏损；近5年经营现金流持续为正；自由现金流整体为正；资产负债率符合行业语境；营收增长达到行业较好水平,规则与AI均认可质量，排雷侧因单项风险给出需关注状态，适合进入人工复核清单；但数据年数少于5年，长期ROE、波动和CAGR应按短历史估计降置信度
PAX,US,Patria Investments Limited - Class A Common Shares,通用,可研究池,74.0,92.2,88.2,核心优质池,是,是,是,否,短历史封顶生效；排雷状态扣分,优质候选,100,优质候选,4,C 短历史,Medium,80,短历史封顶；排雷需关注,数据质量中等，质量评级需降置信度；长期ROE达到行业优秀线；ROE稳定性较好；近5年无亏损；近5年经营现金流持续为正；自由现金流整体为正；资产负债率符合行业语境；营收增长达到行业较好水平,规则与AI均认可质量，排雷侧因单项风险给出需关注状态，适合进入人工复核清单；但数据年数少于5年，长期ROE、波动和CAGR应按短历史估计降置信度
RPM,US,RPM International Inc. Common Stock,周期,可研究池,74.0,92.2,88.2,核心优质池,是,是,是,否,短历史封顶生效；排雷状态扣分,优质候选,100,优质候选,4,C 短历史,Medium,80,短历史封顶；排雷需关注,数据质量中等，质量评级需降置信度；长期ROE达到行业优秀线；ROE稳定性较好；近5年无亏损；近5年经营现金流持续为正；自由现金流整体为正；资产负债率符合行业语境；营收增长处于可接受区间,规则与AI均认可质量，排雷侧因单项风险给出需关注状态，适合进入人工复核清单；但数据年数少于5年，长期ROE、波动和CAGR应按短历史估计降置信度
STRL,US,"Sterling Infrastructure, Inc. - Common Stock",周期,可研究池,74.0,92.2,88.2,核心优质池,是,是,是,否,短历史封顶生效；排雷状态扣分,优质候选,100,优质候选,4,C 短历史,Medium,80,短历史封顶；排雷需关注,数据质量中等，质量评级需降置信度；长期ROE达到行业优秀线；ROE稳定性较好；近5年无亏损；近5年经营现金流持续为正；自由现金流整体为正；资产负债率符合行业语境；营收增长达到行业较好水平,规则与AI均认可质量，排雷侧因单项风险给出需关注状态，适合进入人工复核清单；但数据年数少于5年，长期ROE、波动和CAGR应按短历史估计降置信度
COCO,US,"The Vita Coco Company, Inc. - Common Stock",消费,优质池,78.0,88.2,88.2,核心优质池,是,是,否,否,短历史封顶生效,优质候选,89,优质候选,4,C 短历史,Medium,80,短历史封顶,数据质量中等，质量评级需降置信度；长期ROE达到行业优秀线；ROE稳定性较好；近5年无亏损；经营现金流存在瑕疵；自由现金流整体为正；资产负债率符合行业语境；营收增长达到行业较好水平,规则质量评级与AI评级一致；但数据年数少于5年，长期ROE、波动和CAGR应按短历史估计降置信度
FCX,US,"Freeport-McMoRan, Inc. Common Stock",通用,优质池,78.0,88.1,88.1,核心优质池,是,是,否,否,短历史封顶生效,优质候选,100,优质候选,4,C 短历史,Medium,80,短历史封顶,数据质量中等，质量评级需降置信度；长期ROE达到行业优秀线；ROE稳定性较好；近5年无亏损；近5年经营现金流持续为正；自由现金流整体为正；资产负债率符合行业语境；营收增长达到行业较好水平,规则质量评级与AI评级一致；但数据年数少于5年，长期ROE、波动和CAGR应按短历史估计降置信度
ESP,US,Espey Mfg. & Electronics Corp. Common Stock,科技,优质池,78.0,88.1,88.1,核心优质池,是,是,否,否,短历史封顶生效,优质候选,95,优质候选,4,C 短历史,Medium,80,短历史封顶,数据质量中等，质量评级需降置信度；长期ROE达到行业基本线；ROE稳定性较好；近5年无亏损；近5年经营现金流持续为正；自由现金流整体为正；资产负债率符合行业语境；营收增长达到行业较好水平,规则质量评级与AI评级一致；但数据年数少于5年，长期ROE、波动和CAGR应按短历史估计降置信度
KBH,US,KB Home Common Stock,周期,优质池,78.0,88.0,88.0,核心优质池,是,是,否,否,短历史封顶生效,优质候选,100,可跟踪,4,C 短历史,Medium,80,短历史封顶,数据质量中等，质量评级需降置信度；长期ROE达到行业优秀线；ROE稳定性较好；近5年无亏损；近5年经营现金流持续为正；自由现金流整体为正；资产负债率符合行业语境；营收增长处于可接受区间,规则和AI评级不完全一致，可作为人工复核优先项
TMHC,US,Taylor Morrison Home Corporation Common Stock,周期,优质池,78.0,88.0,88.0,核心优质池,是,是,否,否,短历史封顶生效,优质候选,100,可跟踪,4,C 短历史,Medium,80,短历史封顶,数据质量中等，质量评级需降置信度；长期ROE达到行业优秀线；ROE稳定性较好；近5年无亏损；近5年经营现金流持续为正；自由现金流整体为正；资产负债率符合行业语境；营收增长处于可接受区间,规则和AI评级不完全一致，可作为人工复核优先项
AYI,US,Acuity Inc. Common Stock,通用,可研究池,74.0,92.0,88.0,核心优质池,是,是,是,否,短历史封顶生效；排雷状态扣分,优质候选,100,优质候选,4,C 短历史,Medium,80,短历史封顶；排雷需关注,数据质量中等，质量评级需降置信度；长期ROE达到行业优秀线；ROE稳定性较好；近5年无亏损；近5年经营现金流持续为正；自由现金流整体为正；资产负债率符合行业语境；营收增长处于可接受区间,规则与AI均认可质量，排雷侧因单项风险给出需关注状态，适合进入人工复核清单；但数据年数少于5年，长期ROE、波动和CAGR应按短历史估计降置信度
UHS,US,"Universal Health Services, Inc. Common Stock",通用,可研究池,74.0,92.0,88.0,核心优质池,是,是,是,否,短历史封顶生效；排雷状态扣分,优质候选,100,优质候选,4,C 短历史,Medium,80,短历史封顶；排雷需关注,数据质量中等，质量评级需降置信度；长期ROE达到行业优秀线；ROE稳定性较好；近5年无亏损；近5年经营现金流持续为正；自由现金流整体为正；资产负债率符合行业语境；营收增长达到行业较好水平,规则与AI均认可质量，排雷侧因单项风险给出需关注状态，适合进入人工复核清单；但数据年数少于5年，长期ROE、波动和CAGR应按短历史估计降置信度
001206,CN,依依股份,通用,优质池,87.8,87.8,87.8,优质池,否,否,否,否,综合分未达核心阈值,优质候选,100,可跟踪,10,A 完整历史,High,100,-,数据质量高；长期ROE达到行业优秀线；ROE稳定性较好；近5年无亏损；近5年经营现金流持续为正；自由现金流数据缺失，评级保守；资产负债率符合行业语境；营收增长达到行业较好水平,规则和AI评级不完全一致，可作为人工复核优先项
002085,CN,万丰奥威,通用,优质池,87.8,87.8,87.8,优质池,否,否,否,否,综合分未达核心阈值,优质候选,100,可跟踪,10,A 完整历史,High,100,-,数据质量高；长期ROE达到行业优秀线；ROE稳定性较好；近5年无亏损；近5年经营现金流持续为正；自由现金流数据缺失，评级保守；资产负债率符合行业语境；营收增长达到行业较好水平,规则和AI评级不完全一致，可作为人工复核优先项
002138,CN,顺络电子,科技,优质池,87.8,87.8,87.8,优质池,否,否,否,否,综合分未达核心阈值,优质候选,100,可跟踪,10,A 完整历史,High,100,-,数据质量高；长期ROE达到行业优秀线；ROE稳定性较好；近5年无亏损；近5年经营现金流持续为正；自由现金流数据缺失，评级保守；资产负债率符合行业语境；营收增长达到行业较好水平,规则和AI评级不完全一致，可作为人工复核优先项
002937,CN,兴瑞科技,科技,优质池,87.8,87.8,87.8,优质池,否,否,否,否,综合分未达核心阈值,优质候选,100,可跟踪,10,A 完整历史,High,100,-,数据质量高；长期ROE达到行业优秀线；ROE稳定性较好；近5年无亏损；近5年经营现金流持续为正；自由现金流数据缺失，评级保守；资产负债率符合行业语境；营收增长达到行业较好水平,规则和AI评级不完全一致，可作为人工复核优先项
300037,CN,新宙邦,通用,优质池,87.8,87.8,87.8,优质池,否,否,否,否,综合分未达核心阈值,优质候选,100,可跟踪,10,A 完整历史,High,100,-,数据质量高；长期ROE达到行业优秀线；ROE稳定性较好；近5年无亏损；近5年经营现金流持续为正；自由现金流数据缺失，评级保守；资产负债率符合行业语境；营收增长达到行业较好水平,规则和AI评级不完全一致，可作为人工复核优先项
300950,CN,德固特,通用,优质池,87.8,87.8,87.8,优质池,否,否,否,否,综合分未达核心阈值,优质候选,100,可跟踪,10,A 完整历史,High,100,-,数据质量高；长期ROE达到行业优秀线；ROE稳定性较好；近5年无亏损；近5年经营现金流持续为正；自由现金流数据缺失，评级保守；资产负债率符合行业语境；营收增长达到行业较好水平,规则和AI评级不完全一致，可作为人工复核优先项
600511,CN,国药股份,通用,优质池,87.8,87.8,87.8,优质池,否,否,否,否,综合分未达核心阈值,优质候选,100,可跟踪,10,A 完整历史,High,100,-,数据质量高；长期ROE达到行业优秀线；ROE稳定性较好；近5年无亏损；近5年经营现金流持续为正；自由现金流数据缺失，评级保守；资产负债率符合行业语境；营收增长达到行业较好水平,规则和AI评级不完全一致，可作为人工复核优先项
600987,CN,航民股份,通用,优质池,87.8,87.8,87.8,优质池,否,否,否,否,综合分未达核心阈值,优质候选,100,可跟踪,10,A 完整历史,High,100,-,数据质量高；长期ROE达到行业优秀线；ROE稳定性较好；近5年无亏损；近5年经营现金流持续为正；自由现金流数据缺失，评级保守；资产负债率符合行业语境；营收增长达到行业较好水平,规则和AI评级不完全一致，可作为人工复核优先项
603060,CN,国检集团,通用,优质池,87.8,87.8,87.8,优质池,否,否,否,否,综合分未达核心阈值,优质候选,100,可跟踪,10,A 完整历史,High,100,-,数据质量高；长期ROE达到行业优秀线；ROE稳定性较好；近5年无亏损；近5年经营现金流持续为正；自由现金流数据缺失，评级保守；资产负债率符合行业语境；营收增长达到行业较好水平,规则和AI评级不完全一致，可作为人工复核优先项
603067,CN,振华股份,通用,优质池,87.8,87.8,87.8,优质池,否,否,否,否,综合分未达核心阈值,优质候选,100,可跟踪,10,A 完整历史,High,100,-,数据质量高；长期ROE达到行业优秀线；ROE稳定性较好；近5年无亏损；近5年经营现金流持续为正；自由现金流数据缺失，评级保守；资产负债率符合行业语境；营收增长达到行业较好水平,规则和AI评级不完全一致，可作为人工复核优先项
603203,CN,快克智能,通用,优质池,87.8,87.8,87.8,优质池,否,否,否,否,综合分未达核心阈值,优质候选,100,可跟踪,10,A 完整历史,High,100,-,数据质量高；长期ROE达到行业优秀线；ROE稳定性较好；近5年无亏损；近5年经营现金流持续为正；自由现金流数据缺失，评级保守；资产负债率符合行业语境；营收增长达到行业较好水平,规则和AI评级不完全一致，可作为人工复核优先项
603950,CN,长源东谷,通用,优质池,87.8,87.8,87.8,优质池,否,否,否,否,综合分未达核心阈值,优质候选,100,可跟踪,10,A 完整历史,High,100,-,数据质量高；长期ROE达到行业优秀线；ROE稳定性较好；近5年无亏损；近5年经营现金流持续为正；自由现金流数据缺失，评级保守；资产负债率符合行业语境；营收增长达到行业较好水平,规则和AI评级不完全一致，可作为人工复核优先项
920168,CN,通宝光电,通用,优质池,87.8,87.8,87.8,优质池,否,否,否,否,综合分未达核心阈值,优质候选,100,优质候选,10,A 完整历史,High,100,-,数据质量高；长期ROE达到行业优秀线；ROE稳定性较好；近5年无亏损；近5年经营现金流持续为正；自由现金流数据缺失，评级保守；资产负债率符合行业语境；营收增长达到行业较好水平,规则质量评级与AI评级一致
NOW,US,"ServiceNow, Inc. Common Stock",科技,优质池,78.0,87.8,87.8,优质池,是,是,否,否,短历史封顶生效,优质候选,100,优质候选,4,C 短历史,Medium,80,短历史封顶,数据质量中等，质量评级需降置信度；长期ROE达到行业优秀线；ROE稳定性较好；近5年无亏损；近5年经营现金流持续为正；自由现金流整体为正；资产负债率略高但未构成硬伤；营收增长达到行业较好水平,规则质量评级与AI评级一致；但数据年数少于5年，长期ROE、波动和CAGR应按短历史估计降置信度
UTI,US,Universal Technical Institute Inc Common Stock,通用,优质池,78.0,87.8,87.8,优质池,是,是,否,否,短历史封顶生效,优质候选,100,优质候选,4,C 短历史,Medium,80,短历史封顶,数据质量中等，质量评级需降置信度；长期ROE达到行业优秀线；ROE稳定性较好；近5年无亏损；近5年经营现金流持续为正；自由现金流整体为正；资产负债率符合行业语境；营收增长达到行业较好水平,规则质量评级与AI评级一致；但数据年数少于5年，长期ROE、波动和CAGR应按短历史估计降置信度
603391,CN,力聚热能,通用,优质池,87.8,87.8,87.8,优质池,否,否,否,否,综合分未达核心阈值,优质候选,98,优质候选,7,B 中等历史,Medium,87,-,数据质量中等，质量评级需降置信度；长期ROE达到行业优秀线；ROE稳定性较好；近5年无亏损；近5年经营现金流持续为正；自由现金流数据缺失，评级保守；资产负债率符合行业语境；营收增长达到行业较好水平,规则质量评级与AI评级一致；数据历史未满10年，长期质量结论仍需补充更长周期验证
920425,CN,乐创技术,通用,优质池,87.8,87.8,87.8,优质池,否,否,否,否,综合分未达核心阈值,优质候选,97,可跟踪,10,A 完整历史,High,100,-,数据质量高；长期ROE达到行业优秀线；ROE稳定性较好；近5年无亏损；近5年经营现金流持续为正；自由现金流数据缺失，评级保守；资产负债率符合行业语境；营收增长处于可接受区间,规则和AI评级不完全一致，可作为人工复核优先项
GIL,US,"Gildan Activewear, Inc. Class A Sub. Vot. Common Stock",消费,优质池,78.0,87.8,87.8,优质池,是,是,否,否,短历史封顶生效,优质候选,95,优质候选,4,C 短历史,Medium,80,短历史封顶,数据质量中等，质量评级需降置信度；长期ROE达到行业优秀线；ROE稳定性较好；近5年无亏损；近5年经营现金流持续为正；自由现金流整体为正；资产负债率略高但未构成硬伤；营收增长处于可接受区间,规则质量评级与AI评级一致；但数据年数少于5年，长期ROE、波动和CAGR应按短历史估计降置信度
001389,CN,广合科技,科技,优质池,87.7,91.7,87.7,优质池,否,否,是,否,排雷状态扣分,优质候选,100,优质候选,9,B 中等历史,High,100,排雷需关注,数据质量高；长期ROE达到行业优秀线；ROE稳定性较好；近5年无亏损；近5年经营现金流持续为正；自由现金流数据缺失，评级保守；资产负债率符合行业语境；营收增长达到行业较好水平,规则与AI均认可质量，排雷侧因单项风险给出需关注状态，适合进入人工复核清单；数据历史未满10年，长期质量结论仍需补充更长周期验证
603132,CN,金徽股份,通用,优质池,87.7,87.7,87.7,优质池,否,否,否,否,综合分未达核心阈值,优质候选,100,可跟踪,8,B 中等历史,High,100,-,数据质量高；长期ROE达到行业优秀线；ROE稳定性较好；近5年无亏损；近5年经营现金流持续为正；自由现金流数据缺失，评级保守；资产负债率符合行业语境；营收增长达到行业较好水平,规则和AI评级不完全一致，可作为人工复核优先项
605088,CN,冠盛股份,通用,优质池,87.7,87.7,87.7,优质池,否,否,否,否,综合分未达核心阈值,优质候选,100,可跟踪,10,A 完整历史,High,100,-,数据质量高；长期ROE达到行业优秀线；ROE稳定性较好；近5年无亏损；近5年经营现金流持续为正；自由现金流数据缺失，评级保守；资产负债率符合行业语境；营收增长达到行业较好水平,规则和AI评级不完全一致，可作为人工复核优先项
605319,CN,无锡振华,通用,优质池,87.7,87.7,87.7,优质池,否,否,否,否,综合分未达核心阈值,优质候选,100,可跟踪,10,A 完整历史,High,100,-,数据质量高；长期ROE达到行业优秀线；ROE稳定性较好；近5年无亏损；近5年经营现金流持续为正；自由现金流数据缺失，评级保守；资产负债率符合行业语境；营收增长达到行业较好水平,规则和AI评级不完全一致，可作为人工复核优先项
SM,US,SM Energy Company Common Stock,周期,优质池,78.0,87.7,87.7,优质池,是,是,否,否,短历史封顶生效,优质候选,100,可跟踪,4,C 短历史,Medium,80,短历史封顶,数据质量中等，质量评级需降置信度；长期ROE达到行业优秀线；ROE稳定性较好；近5年无亏损；近5年经营现金流持续为正；自由现金流整体为正；资产负债率符合行业语境；营收增长处于可接受区间,规则和AI评级不完全一致，可作为人工复核优先项
BBSI,US,"Barrett Business Services, Inc. - Common Stock",通用,可研究池,74.0,91.7,87.7,优质池,是,是,是,否,短历史封顶生效；排雷状态扣分,优质候选,100,优质候选,4,C 短历史,Medium,80,短历史封顶；排雷需关注,数据质量中等，质量评级需降置信度；长期ROE达到行业优秀线；ROE稳定性较好；近5年无亏损；近5年经营现金流持续为正；自由现金流整体为正；资产负债率略高但未构成硬伤；营收增长达到行业较好水平,规则与AI均认可质量，排雷侧因单项风险给出需关注状态，适合进入人工复核清单；但数据年数少于5年，长期ROE、波动和CAGR应按短历史估计降置信度
CDNS,US,"Cadence Design Systems, Inc. - Common Stock",科技,可研究池,74.0,91.7,87.7,优质池,是,是,是,否,短历史封顶生效；排雷状态扣分,优质候选,100,优质候选,4,C 短历史,Medium,80,短历史封顶；排雷需关注,数据质量中等，质量评级需降置信度；长期ROE达到行业优秀线；ROE稳定性较好；近5年无亏损；近5年经营现金流持续为正；自由现金流整体为正；资产负债率符合行业语境；营收增长达到行业较好水平,规则与AI均认可质量，排雷侧因单项风险给出需关注状态，适合进入人工复核清单；但数据年数少于5年，长期ROE、波动和CAGR应按短历史估计降置信度
SLB,US,SLB Limited Common Shares,周期,可研究池,74.0,91.7,87.7,优质池,是,是,是,否,短历史封顶生效；排雷状态扣分,优质候选,100,优质候选,4,C 短历史,Medium,80,短历史封顶；排雷需关注,数据质量中等，质量评级需降置信度；长期ROE达到行业优秀线；ROE稳定性较好；近5年无亏损；近5年经营现金流持续为正；自由现金流整体为正；资产负债率符合行业语境；营收增长达到行业较好水平,规则与AI均认可质量，排雷侧因单项风险给出需关注状态，适合进入人工复核清单；但数据年数少于5年，长期ROE、波动和CAGR应按短历史估计降置信度
603092,CN,德力佳,通用,优质池,87.7,87.7,87.7,优质池,否,否,否,否,综合分未达核心阈值,优质候选,98,优质候选,5,B 中等历史,Medium,62,-,数据质量中等，质量评级需降置信度；长期ROE达到行业优秀线；ROE稳定性较好；近5年无亏损；近5年经营现金流持续为正；自由现金流数据缺失，评级保守；资产负债率符合行业语境；营收增长达到行业较好水平,规则质量评级与AI评级一致；数据历史未满10年，长期质量结论仍需补充更长周期验证
001378,CN,德冠新材,通用,优质池,87.7,87.7,87.7,优质池,否,否,否,否,综合分未达核心阈值,优质候选,97,可跟踪,9,B 中等历史,High,100,-,数据质量高；长期ROE达到行业优秀线；ROE稳定性较好；近5年无亏损；近5年经营现金流持续为正；自由现金流数据缺失，评级保守；资产负债率符合行业语境；营收增长处于可接受区间,规则和AI评级不完全一致，可作为人工复核优先项
002007,CN,华兰生物,通用,优质池,87.7,87.7,87.7,优质池,否,否,否,否,综合分未达核心阈值,优质候选,97,可跟踪,10,A 完整历史,High,100,-,数据质量高；长期ROE达到行业优秀线；ROE稳定性较好；近5年无亏损；近5年经营现金流持续为正；自由现金流数据缺失，评级保守；资产负债率符合行业语境；营收增长处于可接受区间,规则和AI评级不完全一致，可作为人工复核优先项
G,US,Genpact Limited Common Stock,科技,可研究池,74.0,91.7,87.7,优质池,是,是,是,否,短历史封顶生效；排雷状态扣分,优质候选,95,优质候选,4,C 短历史,Medium,80,短历史封顶；排雷需关注,数据质量中等，质量评级需降置信度；长期ROE达到行业优秀线；ROE稳定性较好；近5年无亏损；近5年经营现金流持续为正；自由现金流整体为正；资产负债率略高但未构成硬伤；营收增长处于可接受区间,规则与AI均认可质量，排雷侧因单项风险给出需关注状态，适合进入人工复核清单；但数据年数少于5年，长期ROE、波动和CAGR应按短历史估计降置信度
600085,CN,同仁堂,通用,优质池,87.7,87.7,87.7,优质池,否,否,否,否,综合分未达核心阈值,优质候选,89,优质候选,10,A 完整历史,High,100,-,数据质量高；长期ROE达到行业基本线；ROE稳定性较好；近5年无亏损；近5年经营现金流持续为正；自由现金流数据缺失，评级保守；资产负债率符合行业语境；营收增长达到行业较好水平,规则质量评级与AI评级一致
300718,CN,长盛轴承,通用,优质池,87.6,87.6,87.6,优质池,否,否,否,否,综合分未达核心阈值,优质候选,100,可跟踪,10,A 完整历史,High,100,-,数据质量高；长期ROE达到行业优秀线；ROE稳定性较好；近5年无亏损；近5年经营现金流持续为正；自由现金流数据缺失，评级保守；资产负债率符合行业语境；营收增长达到行业较好水平,规则和AI评级不完全一致，可作为人工复核优先项
600681,CN,百川能源,通用,优质池,87.6,87.6,87.6,优质池,否,否,否,否,综合分未达核心阈值,优质候选,100,可跟踪,10,A 完整历史,High,100,-,数据质量高；长期ROE达到行业优秀线；ROE稳定性较好；近5年无亏损；近5年经营现金流持续为正；自由现金流数据缺失，评级保守；资产负债率符合行业语境；营收增长达到行业较好水平,规则和AI评级不完全一致，可作为人工复核优先项
603638,CN,艾迪精密,通用,优质池,87.6,87.6,87.6,优质池,否,否,否,否,综合分未达核心阈值,优质候选,100,可跟踪,10,A 完整历史,High,100,-,数据质量高；长期ROE达到行业优秀线；ROE稳定性较好；近5年无亏损；近5年经营现金流持续为正；自由现金流数据缺失，评级保守；资产负债率符合行业语境；营收增长达到行业较好水平,规则和AI评级不完全一致，可作为人工复核优先项
603650,CN,彤程新材,通用,优质池,87.6,87.6,87.6,优质池,否,否,否,否,综合分未达核心阈值,优质候选,100,可跟踪,10,A 完整历史,High,100,-,数据质量高；长期ROE达到行业优秀线；ROE稳定性较好；近5年无亏损；近5年经营现金流持续为正；自由现金流数据缺失，评级保守；资产负债率符合行业语境；营收增长达到行业较好水平,规则和AI评级不完全一致，可作为人工复核优先项
603662,CN,柯力传感,通用,优质池,87.6,87.6,87.6,优质池,否,否,否,否,综合分未达核心阈值,优质候选,100,可跟踪,10,A 完整历史,High,100,-,数据质量高；长期ROE达到行业优秀线；ROE稳定性较好；近5年无亏损；近5年经营现金流持续为正；自由现金流数据缺失，评级保守；资产负债率符合行业语境；营收增长达到行业较好水平,规则和AI评级不完全一致，可作为人工复核优先项
688588,CN,凌志软件,科技,优质池,87.6,87.6,87.6,优质池,否,否,否,否,综合分未达核心阈值,优质候选,100,可跟踪,10,A 完整历史,High,100,-,数据质量高；长期ROE达到行业优秀线；ROE稳定性较好；近5年无亏损；近5年经营现金流持续为正；自由现金流数据缺失，评级保守；资产负债率符合行业语境；营收增长达到行业较好水平,规则和AI评级不完全一致，可作为人工复核优先项
LNN,US,Lindsay Corporation Common Stock,周期,优质池,78.0,87.6,87.6,优质池,是,是,否,否,短历史封顶生效,优质候选,100,可跟踪,4,C 短历史,Medium,80,短历史封顶,数据质量中等，质量评级需降置信度；长期ROE达到行业优秀线；ROE稳定性较好；近5年无亏损；近5年经营现金流持续为正；自由现金流整体为正；资产负债率符合行业语境；营收增长处于可接受区间,规则和AI评级不完全一致，可作为人工复核优先项
002035,CN,华帝股份,通用,优质池,87.6,87.6,87.6,优质池,否,否,否,否,综合分未达核心阈值,优质候选,97,可跟踪,10,A 完整历史,High,100,-,数据质量高；长期ROE达到行业优秀线；ROE稳定性较好；近5年无亏损；近5年经营现金流持续为正；自由现金流数据缺失，评级保守；资产负债率符合行业语境；营收增长处于可接受区间,规则和AI评级不完全一致，可作为人工复核优先项
301373,CN,凌玮科技,科技,优质池,87.6,87.6,87.6,优质池,否,否,否,否,综合分未达核心阈值,优质候选,97,可跟踪,10,A 完整历史,High,100,-,数据质量高；长期ROE达到行业优秀线；ROE稳定性较好；近5年无亏损；近5年经营现金流持续为正；自由现金流数据缺失，评级保守；资产负债率符合行业语境；营收增长处于可接受区间,规则和AI评级不完全一致，可作为人工复核优先项
603400,CN,华之杰,通用,优质池,87.6,87.6,87.6,优质池,否,否,否,否,综合分未达核心阈值,优质候选,97,可跟踪,9,B 中等历史,High,100,-,数据质量高；长期ROE达到行业优秀线；ROE稳定性较好；近5年无亏损；近5年经营现金流持续为正；自由现金流数据缺失，评级保守；资产负债率符合行业语境；营收增长处于可接受区间,规则和AI评级不完全一致，可作为人工复核优先项
920896,CN,旺成科技,科技,优质池,87.6,87.6,87.6,优质池,否,否,否,否,综合分未达核心阈值,优质候选,97,可跟踪,10,A 完整历史,High,100,-,数据质量高；长期ROE达到行业优秀线；ROE稳定性较好；近5年无亏损；近5年经营现金流持续为正；自由现金流数据缺失，评级保守；资产负债率符合行业语境；营收增长处于可接受区间,规则和AI评级不完全一致，可作为人工复核优先项
NKE,US,"Nike, Inc. Common Stock",通用,优质池,78.0,87.6,87.6,优质池,是,是,否,否,短历史封顶生效,优质候选,93,优质候选,4,C 短历史,Medium,80,短历史封顶,数据质量中等，质量评级需降置信度；长期ROE达到行业优秀线；ROE稳定性较好；近5年无亏损；近5年经营现金流持续为正；自由现金流整体为正；资产负债率符合行业语境；营收增长偏弱,规则质量评级与AI评级一致；但数据年数少于5年，长期ROE、波动和CAGR应按短历史估计降置信度
002698,CN,博实股份,通用,优质池,87.5,87.5,87.5,优质池,否,否,否,否,综合分未达核心阈值,优质候选,100,可跟踪,10,A 完整历史,High,100,-,数据质量高；长期ROE达到行业优秀线；ROE稳定性较好；近5年无亏损；近5年经营现金流持续为正；自由现金流数据缺失，评级保守；资产负债率符合行业语境；营收增长达到行业较好水平,规则和AI评级不完全一致，可作为人工复核优先项
300837,CN,浙矿股份,通用,优质池,87.5,87.5,87.5,优质池,否,否,否,否,综合分未达核心阈值,优质候选,100,可跟踪,10,A 完整历史,High,100,-,数据质量高；长期ROE达到行业优秀线；ROE稳定性较好；近5年无亏损；近5年经营现金流持续为正；自由现金流数据缺失，评级保守；资产负债率符合行业语境；营收增长达到行业较好水平,规则和AI评级不完全一致，可作为人工复核优先项
600741,CN,华域汽车,通用,优质池,87.5,87.5,87.5,优质池,否,否,否,否,综合分未达核心阈值,优质候选,100,可跟踪,10,A 完整历史,High,100,-,数据质量高；长期ROE达到行业优秀线；ROE稳定性较好；近5年无亏损；近5年经营现金流持续为正；自由现金流数据缺失，评级保守；资产负债率符合行业语境；营收增长达到行业较好水平,规则和AI评级不完全一致，可作为人工复核优先项
600970,CN,中材国际,通用,优质池,87.5,87.5,87.5,优质池,否,否,否,否,综合分未达核心阈值,优质候选,100,可跟踪,10,A 完整历史,High,100,-,数据质量高；长期ROE达到行业优秀线；ROE稳定性较好；近5年无亏损；近5年经营现金流持续为正；自由现金流数据缺失，评级保守；资产负债率符合行业语境；营收增长达到行业较好水平,规则和AI评级不完全一致，可作为人工复核优先项
603039,CN,泛微网络,通用,优质池,87.5,87.5,87.5,优质池,否,否,否,否,综合分未达核心阈值,优质候选,100,可跟踪,10,A 完整历史,High,100,-,数据质量高；长期ROE达到行业优秀线；ROE稳定性较好；近5年无亏损；近5年经营现金流持续为正；自由现金流数据缺失，评级保守；资产负债率符合行业语境；营收增长达到行业较好水平,规则和AI评级不完全一致，可作为人工复核优先项
603368,CN,柳药集团,通用,优质池,87.5,87.5,87.5,优质池,否,否,否,否,综合分未达核心阈值,优质候选,100,可跟踪,10,A 完整历史,High,100,-,数据质量高；长期ROE达到行业优秀线；ROE稳定性较好；近5年无亏损；近5年经营现金流持续为正；自由现金流数据缺失，评级保守；资产负债率符合行业语境；营收增长达到行业较好水平,规则和AI评级不完全一致，可作为人工复核优先项
603883,CN,老百姓,通用,优质池,87.5,87.5,87.5,优质池,否,否,否,否,综合分未达核心阈值,优质候选,100,可跟踪,10,A 完整历史,High,100,-,数据质量高；长期ROE达到行业优秀线；ROE稳定性较好；近5年无亏损；近5年经营现金流持续为正；自由现金流数据缺失，评级保守；资产负债率符合行业语境；营收增长达到行业较好水平,规则和AI评级不完全一致，可作为人工复核优先项
FFIV,US,"F5, Inc. - Common Stock",科技,可研究池,74.0,91.5,87.5,优质池,是,是,是,否,短历史封顶生效；排雷状态扣分,优质候选,100,优质候选,4,C 短历史,Medium,80,短历史封顶；排雷需关注,数据质量中等，质量评级需降置信度；长期ROE达到行业优秀线；ROE稳定性较好；近5年无亏损；近5年经营现金流持续为正；自由现金流整体为正；资产负债率符合行业语境；营收增长处于可接受区间,规则与AI均认可质量，排雷侧因单项风险给出需关注状态，适合进入人工复核清单；但数据年数少于5年，长期ROE、波动和CAGR应按短历史估计降置信度
DDS,US,"Dillard's, Inc. Common Stock",通用,优质池,78.0,87.5,87.5,优质池,是,是,否,否,短历史封顶生效,优质候选,93,优质候选,4,C 短历史,Medium,80,短历史封顶,数据质量中等，质量评级需降置信度；长期ROE达到行业优秀线；ROE稳定性较好；近5年无亏损；近5年经营现金流持续为正；自由现金流整体为正；资产负债率符合行业语境；营收增长偏弱,规则质量评级与AI评级一致；但数据年数少于5年，长期ROE、波动和CAGR应按短历史估计降置信度
002601,CN,龙佰集团,通用,优质池,87.4,87.4,87.4,优质池,否,否,否,否,综合分未达核心阈值,优质候选,100,可跟踪,10,A 完整历史,High,100,-,数据质量高；长期ROE达到行业优秀线；ROE稳定性较好；近5年无亏损；近5年经营现金流持续为正；自由现金流数据缺失，评级保守；资产负债率符合行业语境；营收增长达到行业较好水平,规则和AI评级不完全一致，可作为人工复核优先项
002773,CN,康弘药业,通用,优质池,87.4,87.4,87.4,优质池,否,否,否,否,综合分未达核心阈值,优质候选,100,可跟踪,10,A 完整历史,High,100,-,数据质量高；长期ROE达到行业优秀线；ROE稳定性较好；近5年无亏损；近5年经营现金流持续为正；自由现金流数据缺失，评级保守；资产负债率符合行业语境；营收增长达到行业较好水平,规则和AI评级不完全一致，可作为人工复核优先项
002950,CN,奥美医疗,通用,优质池,87.4,87.4,87.4,优质池,否,否,否,否,综合分未达核心阈值,优质候选,100,可跟踪,10,A 完整历史,High,100,-,数据质量高；长期ROE达到行业优秀线；ROE稳定性较好；近5年无亏损；近5年经营现金流持续为正；自由现金流数据缺失，评级保守；资产负债率符合行业语境；营收增长达到行业较好水平,规则和AI评级不完全一致，可作为人工复核优先项
003039,CN,顺控发展,通用,优质池,87.4,87.4,87.4,优质池,否,否,否,否,综合分未达核心阈值,优质候选,100,可跟踪,10,A 完整历史,High,100,-,数据质量高；长期ROE达到行业优秀线；ROE稳定性较好；近5年无亏损；近5年经营现金流持续为正；自由现金流数据缺失，评级保守；资产负债率符合行业语境；营收增长达到行业较好水平,规则和AI评级不完全一致，可作为人工复核优先项
603013,CN,亚普股份,通用,优质池,87.4,87.4,87.4,优质池,否,否,否,否,综合分未达核心阈值,优质候选,100,可跟踪,10,A 完整历史,High,100,-,数据质量高；长期ROE达到行业优秀线；ROE稳定性较好；近5年无亏损；近5年经营现金流持续为正；自由现金流数据缺失，评级保守；资产负债率符合行业语境；营收增长达到行业较好水平,规则和AI评级不完全一致，可作为人工复核优先项
603229,CN,奥翔药业,通用,优质池,87.4,87.4,87.4,优质池,否,否,否,否,综合分未达核心阈值,优质候选,100,可跟踪,10,A 完整历史,High,100,-,数据质量高；长期ROE达到行业优秀线；ROE稳定性较好；近5年无亏损；近5年经营现金流持续为正；自由现金流数据缺失，评级保守；资产负债率符合行业语境；营收增长达到行业较好水平,规则和AI评级不完全一致，可作为人工复核优先项
NEU,US,NewMarket Corp Common Stock,周期,优质池,78.0,87.4,87.4,优质池,是,是,否,否,短历史封顶生效,优质候选,100,可跟踪,4,C 短历史,Medium,80,短历史封顶,数据质量中等，质量评级需降置信度；长期ROE达到行业优秀线；ROE稳定性较好；近5年无亏损；近5年经营现金流持续为正；自由现金流整体为正；资产负债率符合行业语境；营收增长处于可接受区间,规则和AI评级不完全一致，可作为人工复核优先项
PLOW,US,"Douglas Dynamics, Inc. Common Stock",通用,优质池,78.0,87.4,87.4,优质池,是,是,否,否,短历史封顶生效,优质候选,100,可跟踪,4,C 短历史,Medium,80,短历史封顶,数据质量中等，质量评级需降置信度；长期ROE达到行业优秀线；ROE稳定性较好；近5年无亏损；近5年经营现金流持续为正；自由现金流整体为正；资产负债率符合行业语境；营收增长处于可接受区间,规则和AI评级不完全一致，可作为人工复核优先项
AFYA,US,Afya Limited - Class A Common Shares,通用,可研究池,74.0,91.4,87.4,优质池,是,是,是,否,短历史封顶生效；排雷状态扣分,优质候选,100,优质候选,4,C 短历史,Medium,80,短历史封顶；排雷需关注,数据质量中等，质量评级需降置信度；长期ROE达到行业优秀线；ROE稳定性较好；近5年无亏损；近5年经营现金流持续为正；自由现金流整体为正；资产负债率符合行业语境；营收增长达到行业较好水平,规则与AI均认可质量，排雷侧因单项风险给出需关注状态，适合进入人工复核清单；但数据年数少于5年，长期ROE、波动和CAGR应按短历史估计降置信度
LQDT,US,"Liquidity Services, Inc. - Common Stock",科技,可研究池,74.0,91.4,87.4,优质池,是,是,是,否,短历史封顶生效；排雷状态扣分,优质候选,100,优质候选,4,C 短历史,Medium,80,短历史封顶；排雷需关注,数据质量中等，质量评级需降置信度；长期ROE达到行业优秀线；ROE稳定性较好；近5年无亏损；近5年经营现金流持续为正；自由现金流整体为正；资产负债率符合行业语境；营收增长达到行业较好水平,规则与AI均认可质量，排雷侧因单项风险给出需关注状态，适合进入人工复核清单；但数据年数少于5年，长期ROE、波动和CAGR应按短历史估计降置信度
301222,CN,浙江恒威,通用,优质池,87.4,87.4,87.4,优质池,否,否,否,否,综合分未达核心阈值,优质候选,97,可跟踪,10,A 完整历史,High,100,-,数据质量高；长期ROE达到行业优秀线；ROE稳定性较好；近5年无亏损；近5年经营现金流持续为正；自由现金流数据缺失，评级保守；资产负债率符合行业语境；营收增长处于可接受区间,规则和AI评级不完全一致，可作为人工复核优先项
603848,CN,好太太,通用,优质池,87.4,87.4,87.4,优质池,否,否,否,否,综合分未达核心阈值,优质候选,97,可跟踪,10,A 完整历史,High,100,-,数据质量高；长期ROE达到行业优秀线；ROE稳定性较好；近5年无亏损；近5年经营现金流持续为正；自由现金流数据缺失，评级保守；资产负债率符合行业语境；营收增长处于可接受区间,规则和AI评级不完全一致，可作为人工复核优先项
920566,CN,梓橦宫,通用,优质池,87.4,87.4,87.4,优质池,否,否,否,否,综合分未达核心阈值,优质候选,97,可跟踪,10,A 完整历史,High,100,-,数据质量高；长期ROE达到行业优秀线；ROE稳定性较好；近5年无亏损；近5年经营现金流持续为正；自由现金流数据缺失，评级保守；资产负债率符合行业语境；营收增长处于可接受区间,规则和AI评级不完全一致，可作为人工复核优先项
920685,CN,新芝生物,通用,优质池,87.4,87.4,87.4,优质池,否,否,否,否,综合分未达核心阈值,优质候选,97,可跟踪,10,A 完整历史,High,100,-,数据质量高；长期ROE达到行业优秀线；ROE稳定性较好；近5年无亏损；近5年经营现金流持续为正；自由现金流数据缺失，评级保守；资产负债率符合行业语境；营收增长处于可接受区间,规则和AI评级不完全一致，可作为人工复核优先项
920834,CN,三维装备,通用,优质池,87.4,87.4,87.4,优质池,否,否,否,否,综合分未达核心阈值,优质候选,97,可跟踪,10,A 完整历史,High,100,-,数据质量高；长期ROE达到行业优秀线；ROE稳定性较好；近5年无亏损；近5年经营现金流持续为正；自由现金流数据缺失，评级保守；资产负债率符合行业语境；营收增长处于可接受区间,规则和AI评级不完全一致，可作为人工复核优先项
MAMA,US,"Mama's Creations, Inc. - Common Stock",消费,优质池,78.0,87.4,87.4,优质池,是,是,否,否,短历史封顶生效,优质候选,95,优质候选,4,C 短历史,Medium,80,短历史封顶,数据质量中等，质量评级需降置信度；长期ROE达到行业优秀线；ROE波动偏大；近5年无亏损；近5年经营现金流持续为正；自由现金流整体为正；资产负债率符合行业语境；营收增长达到行业较好水平,规则质量评级与AI评级一致；但数据年数少于5年，长期ROE、波动和CAGR应按短历史估计降置信度
TKC,US,Turkcell Iletisim Hizmetleri AS Common Stock,通用,优质池,78.0,87.4,87.4,优质池,是,是,否,否,短历史封顶生效,优质候选,91,优质候选,4,C 短历史,Medium,80,短历史封顶,数据质量中等，质量评级需降置信度；长期ROE达到行业基本线；ROE稳定性较好；近5年无亏损；近5年经营现金流持续为正；自由现金流整体为正；营收增长达到行业较好水平,规则质量评级与AI评级一致；但数据年数少于5年，长期ROE、波动和CAGR应按短历史估计降置信度
600862,CN,中航高科,通用,优质池,87.4,87.4,87.4,优质池,否,否,否,否,综合分未达核心阈值,优质候选,89,优质候选,10,A 完整历史,High,100,-,数据质量高；长期ROE达到行业基本线；ROE稳定性较好；近5年无亏损；近5年经营现金流持续为正；自由现金流数据缺失，评级保守；资产负债率符合行业语境；营收增长达到行业较好水平,规则质量评级与AI评级一致
920181,CN,赛英电子,科技,优质池,87.4,90.4,87.4,优质池,否,否,否,是,规则AI分歧扣分,可跟踪,83,优质候选,10,A 完整历史,High,100,规则AI分歧,数据质量高；长期ROE达到行业优秀线；ROE稳定性较好；近5年无亏损；经营现金流存在瑕疵；自由现金流数据缺失，评级保守；资产负债率符合行业语境；营收增长达到行业较好水平,AI认为质量突出，规则侧可能因单项风险保守处理
002821,CN,凯莱英,通用,优质池,87.3,91.3,87.3,优质池,否,否,是,否,排雷状态扣分,优质候选,100,优质候选,10,A 完整历史,High,100,排雷需关注,数据质量高；长期ROE达到行业优秀线；ROE稳定性较好；近5年无亏损；近5年经营现金流持续为正；自由现金流数据缺失，评级保守；资产负债率符合行业语境；营收增长达到行业较好水平,规则与AI均认可质量，排雷侧因单项风险给出需关注状态，适合进入人工复核清单
301138,CN,华研精机,通用,优质池,87.3,87.3,87.3,优质池,否,否,否,否,综合分未达核心阈值,优质候选,100,可跟踪,9,B 中等历史,High,100,-,数据质量高；长期ROE达到行业优秀线；ROE稳定性较好；近5年无亏损；近5年经营现金流持续为正；自由现金流数据缺失，评级保守；资产负债率符合行业语境；营收增长达到行业较好水平,规则和AI评级不完全一致，可作为人工复核优先项
BX,US,Blackstone Inc. Common Stock,通用,可研究池,74.0,91.3,87.3,优质池,是,是,是,否,短历史封顶生效；排雷状态扣分,优质候选,100,优质候选,4,C 短历史,Medium,80,短历史封顶；排雷需关注,数据质量中等，质量评级需降置信度；长期ROE达到行业优秀线；ROE稳定性较好；近5年无亏损；近5年经营现金流持续为正；自由现金流整体为正；资产负债率符合行业语境；营收增长达到行业较好水平,规则与AI均认可质量，排雷侧因单项风险给出需关注状态，适合进入人工复核清单；但数据年数少于5年，长期ROE、波动和CAGR应按短历史估计降置信度
600486,CN,扬农化工,周期,优质池,87.3,87.3,87.3,优质池,否,否,否,否,综合分未达核心阈值,优质候选,97,可跟踪,10,A 完整历史,High,100,-,数据质量高；长期ROE达到行业优秀线；ROE稳定性较好；近5年无亏损；近5年经营现金流持续为正；自由现金流数据缺失，评级保守；资产负债率符合行业语境；营收增长处于可接受区间,规则和AI评级不完全一致，可作为人工复核优先项
688389,CN,普门科技,科技,优质池,87.3,87.3,87.3,优质池,否,否,否,否,综合分未达核心阈值,优质候选,97,可跟踪,10,A 完整历史,High,100,-,数据质量高；长期ROE达到行业优秀线；ROE稳定性较好；近5年无亏损；近5年经营现金流持续为正；自由现金流数据缺失，评级保守；资产负债率符合行业语境；营收增长处于可接受区间,规则和AI评级不完全一致，可作为人工复核优先项
920237,CN,力佳科技,科技,优质池,87.3,87.3,87.3,优质池,否,否,否,否,综合分未达核心阈值,优质候选,97,可跟踪,10,A 完整历史,High,100,-,数据质量高；长期ROE达到行业优秀线；ROE稳定性较好；近5年无亏损；近5年经营现金流持续为正；自由现金流数据缺失，评级保守；资产负债率符合行业语境；营收增长处于可接受区间,规则和AI评级不完全一致，可作为人工复核优先项
920429,CN,康比特,通用,优质池,87.3,87.3,87.3,优质池,否,否,否,否,综合分未达核心阈值,优质候选,89,优质候选,10,A 完整历史,High,100,-,数据质量高；长期ROE达到行业基本线；ROE稳定性较好；近5年无亏损；近5年经营现金流持续为正；自由现金流数据缺失，评级保守；资产负债率符合行业语境；营收增长达到行业较好水平,规则质量评级与AI评级一致
300705,CN,九典制药,通用,优质池,87.2,91.2,87.2,优质池,否,否,是,否,排雷状态扣分,优质候选,100,优质候选,10,A 完整历史,High,100,排雷需关注,数据质量高；长期ROE达到行业优秀线；ROE稳定性较好；近5年无亏损；近5年经营现金流持续为正；自由现金流数据缺失，评级保守；资产负债率符合行业语境；营收增长达到行业较好水平,规则与AI均认可质量，排雷侧因单项风险给出需关注状态，适合进入人工复核清单
600299,CN,安迪苏,通用,优质池,87.2,87.2,87.2,优质池,否,否,否,否,综合分未达核心阈值,优质候选,100,可跟踪,10,A 完整历史,High,100,-,数据质量高；长期ROE达到行业优秀线；ROE稳定性较好；近5年无亏损；近5年经营现金流持续为正；自由现金流数据缺失，评级保守；资产负债率符合行业语境；营收增长达到行业较好水平,规则和AI评级不完全一致，可作为人工复核优先项
601633,CN,长城汽车,通用,优质池,87.2,87.2,87.2,优质池,否,否,否,否,综合分未达核心阈值,优质候选,100,可跟踪,10,A 完整历史,High,100,-,数据质量高；长期ROE达到行业优秀线；ROE稳定性较好；近5年无亏损；近5年经营现金流持续为正；自由现金流数据缺失，评级保守；资产负债率符合行业语境；营收增长达到行业较好水平,规则和AI评级不完全一致，可作为人工复核优先项
603080,CN,新疆火炬,通用,优质池,87.2,87.2,87.2,优质池,否,否,否,否,综合分未达核心阈值,优质候选,100,可跟踪,10,A 完整历史,High,100,-,数据质量高；长期ROE达到行业优秀线；ROE稳定性较好；近5年无亏损；近5年经营现金流持续为正；自由现金流数据缺失，评级保守；资产负债率符合行业语境；营收增长达到行业较好水平,规则和AI评级不完全一致，可作为人工复核优先项
603319,CN,美湖股份,通用,优质池,87.2,87.2,87.2,优质池,否,否,否,否,综合分未达核心阈值,优质候选,100,可跟踪,10,A 完整历史,High,100,-,数据质量高；长期ROE达到行业优秀线；ROE稳定性较好；近5年无亏损；近5年经营现金流持续为正；自由现金流数据缺失，评级保守；资产负债率符合行业语境；营收增长达到行业较好水平,规则和AI评级不完全一致，可作为人工复核优先项
605169,CN,洪通燃气,通用,优质池,87.2,87.2,87.2,优质池,否,否,否,否,综合分未达核心阈值,优质候选,100,可跟踪,10,A 完整历史,High,100,-,数据质量高；长期ROE达到行业优秀线；ROE稳定性较好；近5年无亏损；近5年经营现金流持续为正；自由现金流数据缺失，评级保守；资产负债率符合行业语境；营收增长达到行业较好水平,规则和AI评级不完全一致，可作为人工复核优先项
688019,CN,安集科技,科技,优质池,87.2,91.2,87.2,优质池,否,否,是,否,排雷状态扣分,优质候选,100,优质候选,10,A 完整历史,High,100,排雷需关注,数据质量高；长期ROE达到行业优秀线；ROE稳定性较好；近5年无亏损；近5年经营现金流持续为正；自由现金流数据缺失，评级保守；资产负债率符合行业语境；营收增长达到行业较好水平,规则与AI均认可质量，排雷侧因单项风险给出需关注状态，适合进入人工复核清单
ALLE,US,Allegion plc Ordinary Shares,通用,可研究池,74.0,91.2,87.2,优质池,是,是,是,否,短历史封顶生效；排雷状态扣分,优质候选,100,优质候选,4,C 短历史,Medium,80,短历史封顶；排雷需关注,数据质量中等，质量评级需降置信度；长期ROE达到行业优秀线；ROE稳定性较好；近5年无亏损；近5年经营现金流持续为正；自由现金流整体为正；资产负债率符合行业语境；营收增长达到行业较好水平,规则与AI均认可质量，排雷侧因单项风险给出需关注状态，适合进入人工复核清单；但数据年数少于5年，长期ROE、波动和CAGR应按短历史估计降置信度
ETN,US,"Eaton Corporation, PLC Ordinary Shares",通用,可研究池,74.0,91.2,87.2,优质池,是,是,是,否,短历史封顶生效；排雷状态扣分,优质候选,100,优质候选,4,C 短历史,Medium,80,短历史封顶；排雷需关注,数据质量中等，质量评级需降置信度；长期ROE达到行业优秀线；ROE稳定性较好；近5年无亏损；近5年经营现金流持续为正；自由现金流整体为正；资产负债率符合行业语境；营收增长达到行业较好水平,规则与AI均认可质量，排雷侧因单项风险给出需关注状态，适合进入人工复核清单；但数据年数少于5年，长期ROE、波动和CAGR应按短历史估计降置信度
MSA,US,MSA Safety Incorporated Common Stock,通用,可研究池,74.0,91.2,87.2,优质池,是,是,是,否,短历史封顶生效；排雷状态扣分,优质候选,100,优质候选,4,C 短历史,Medium,80,短历史封顶；排雷需关注,数据质量中等，质量评级需降置信度；长期ROE达到行业优秀线；ROE稳定性较好；近5年无亏损；近5年经营现金流持续为正；自由现金流整体为正；资产负债率符合行业语境；营收增长达到行业较好水平,规则与AI均认可质量，排雷侧因单项风险给出需关注状态，适合进入人工复核清单；但数据年数少于5年，长期ROE、波动和CAGR应按短历史估计降置信度
NVS,US,Novartis AG Common Stock,通用,可研究池,74.0,91.2,87.2,优质池,是,是,是,否,短历史封顶生效；排雷状态扣分,优质候选,100,优质候选,4,C 短历史,Medium,80,短历史封顶；排雷需关注,数据质量中等，质量评级需降置信度；长期ROE达到行业优秀线；ROE稳定性较好；近5年无亏损；近5年经营现金流持续为正；自由现金流整体为正；资产负债率符合行业语境；营收增长达到行业较好水平,规则与AI均认可质量，排雷侧因单项风险给出需关注状态，适合进入人工复核清单；但数据年数少于5年，长期ROE、波动和CAGR应按短历史估计降置信度
688786,CN,悦安新材,通用,优质池,87.2,87.2,87.2,优质池,否,否,否,否,综合分未达核心阈值,优质候选,97,可跟踪,9,B 中等历史,High,100,-,数据质量高；长期ROE达到行业优秀线；ROE稳定性较好；近5年无亏损；近5年经营现金流持续为正；自由现金流数据缺失，评级保守；资产负债率符合行业语境；营收增长处于可接受区间,规则和AI评级不完全一致，可作为人工复核优先项
688028,CN,沃尔德,通用,优质池,87.2,87.2,87.2,优质池,否,否,否,否,综合分未达核心阈值,优质候选,89,优质候选,10,A 完整历史,High,100,-,数据质量高；长期ROE达到行业基本线；ROE稳定性较好；近5年无亏损；近5年经营现金流持续为正；自由现金流数据缺失，评级保守；资产负债率符合行业语境；营收增长达到行业较好水平,规则质量评级与AI评级一致
MZTI,US,The Marzetti Company - Common Stock,消费,优质池,78.0,87.2,87.2,优质池,是,是,否,否,短历史封顶生效,优质候选,89,优质候选,4,C 短历史,Medium,80,短历史封顶,数据质量中等，质量评级需降置信度；长期ROE达到行业基本线；ROE稳定性较好；近5年无亏损；近5年经营现金流持续为正；自由现金流整体为正；资产负债率符合行业语境；营收增长处于可接受区间,规则质量评级与AI评级一致；但数据年数少于5年，长期ROE、波动和CAGR应按短历史估计降置信度
002372,CN,伟星新材,通用,优质池,87.2,90.2,87.2,优质池,否,否,否,是,规则AI分歧扣分,可跟踪,87,优质候选,10,A 完整历史,High,100,规则AI分歧,数据质量高；长期ROE达到行业优秀线；ROE稳定性较好；近5年无亏损；近5年经营现金流持续为正；自由现金流数据缺失，评级保守；资产负债率符合行业语境；营收增长偏弱,AI认为质量突出，规则侧可能因单项风险保守处理
002938,CN,鹏鼎控股,通用,优质池,87.1,87.1,87.1,优质池,否,否,否,否,综合分未达核心阈值,优质候选,100,可跟踪,10,A 完整历史,High,100,-,数据质量高；长期ROE达到行业优秀线；ROE稳定性较好；近5年无亏损；近5年经营现金流持续为正；自由现金流数据缺失，评级保守；资产负债率符合行业语境；营收增长达到行业较好水平,规则和AI评级不完全一致，可作为人工复核优先项
300623,CN,捷捷微电,通用,优质池,87.1,87.1,87.1,优质池,否,否,否,否,综合分未达核心阈值,优质候选,100,可跟踪,10,A 完整历史,High,100,-,数据质量高；长期ROE达到行业优秀线；ROE稳定性较好；近5年无亏损；近5年经营现金流持续为正；自由现金流数据缺失，评级保守；资产负债率符合行业语境；营收增长达到行业较好水平,规则和AI评级不完全一致，可作为人工复核优先项
300684,CN,中石科技,科技,优质池,87.1,87.1,87.1,优质池,否,否,否,否,综合分未达核心阈值,优质候选,100,可跟踪,10,A 完整历史,High,100,-,数据质量高；长期ROE达到行业优秀线；ROE稳定性较好；近5年无亏损；近5年经营现金流持续为正；自由现金流数据缺失，评级保守；资产负债率符合行业语境；营收增长达到行业较好水平,规则和AI评级不完全一致，可作为人工复核优先项
301004,CN,嘉益股份,通用,优质池,87.1,91.1,87.1,优质池,否,否,是,否,排雷状态扣分,优质候选,100,优质候选,9,B 中等历史,High,100,排雷需关注,数据质量高；长期ROE达到行业优秀线；ROE稳定性较好；近5年无亏损；近5年经营现金流持续为正；自由现金流数据缺失，评级保守；资产负债率符合行业语境；营收增长达到行业较好水平,规则与AI均认可质量，排雷侧因单项风险给出需关注状态，适合进入人工复核清单；数据历史未满10年，长期质量结论仍需补充更长周期验证
301092,CN,争光股份,通用,优质池,87.1,87.1,87.1,优质池,否,否,否,否,综合分未达核心阈值,优质候选,100,可跟踪,10,A 完整历史,High,100,-,数据质量高；长期ROE达到行业优秀线；ROE稳定性较好；近5年无亏损；近5年经营现金流持续为正；自由现金流数据缺失，评级保守；资产负债率符合行业语境；营收增长达到行业较好水平,规则和AI评级不完全一致，可作为人工复核优先项
301230,CN,泓博医药,通用,优质池,87.1,87.1,87.1,优质池,否,否,否,否,综合分未达核心阈值,优质候选,100,可跟踪,10,A 完整历史,High,100,-,数据质量高；长期ROE达到行业优秀线；ROE稳定性较好；近5年无亏损；近5年经营现金流持续为正；自由现金流数据缺失，评级保守；资产负债率符合行业语境；营收增长达到行业较好水平,规则和AI评级不完全一致，可作为人工复核优先项
688616,CN,西力科技,科技,优质池,87.1,87.1,87.1,优质池,否,否,否,否,综合分未达核心阈值,优质候选,100,可跟踪,10,A 完整历史,High,100,-,数据质量高；长期ROE达到行业优秀线；ROE稳定性较好；近5年无亏损；近5年经营现金流持续为正；自由现金流数据缺失，评级保守；资产负债率符合行业语境；营收增长达到行业较好水平,规则和AI评级不完全一致，可作为人工复核优先项
MYRG,US,"MYR Group, Inc. - Common Stock",周期,优质池,78.0,87.1,87.1,优质池,是,是,否,否,短历史封顶生效,优质候选,100,优质候选,4,C 短历史,Medium,80,短历史封顶,数据质量中等，质量评级需降置信度；长期ROE达到行业优秀线；ROE稳定性较好；近5年无亏损；近5年经营现金流持续为正；自由现金流整体为正；资产负债率符合行业语境；营收增长达到行业较好水平,规则质量评级与AI评级一致；但数据年数少于5年，长期ROE、波动和CAGR应按短历史估计降置信度
IDCC,US,"InterDigital, Inc. - Common Stock",科技,可研究池,74.0,91.1,87.1,优质池,是,是,是,否,短历史封顶生效；排雷状态扣分,优质候选,100,优质候选,4,C 短历史,Medium,80,短历史封顶；排雷需关注,数据质量中等，质量评级需降置信度；长期ROE达到行业优秀线；ROE稳定性较好；近5年无亏损；近5年经营现金流持续为正；自由现金流整体为正；资产负债率符合行业语境；营收增长达到行业较好水平,规则与AI均认可质量，排雷侧因单项风险给出需关注状态，适合进入人工复核清单；但数据年数少于5年，长期ROE、波动和CAGR应按短历史估计降置信度
301359,CN,东南电子,科技,优质池,87.1,87.1,87.1,优质池,否,否,否,否,综合分未达核心阈值,优质候选,97,可跟踪,10,A 完整历史,High,100,-,数据质量高；长期ROE达到行业优秀线；ROE稳定性较好；近5年无亏损；近5年经营现金流持续为正；自由现金流数据缺失，评级保守；资产负债率符合行业语境；营收增长处于可接受区间,规则和AI评级不完全一致，可作为人工复核优先项
301533,CN,威马农机,通用,优质池,87.1,87.1,87.1,优质池,否,否,否,否,综合分未达核心阈值,优质候选,97,可跟踪,8,B 中等历史,High,100,-,数据质量高；长期ROE达到行业优秀线；ROE稳定性较好；近5年无亏损；近5年经营现金流持续为正；自由现金流数据缺失，评级保守；资产负债率符合行业语境；营收增长处于可接受区间,规则和AI评级不完全一致，可作为人工复核优先项
920230,CN,欧康医药,通用,优质池,87.1,87.1,87.1,优质池,否,否,否,否,综合分未达核心阈值,优质候选,97,可跟踪,10,A 完整历史,High,100,-,数据质量高；长期ROE达到行业优秀线；ROE稳定性较好；近5年无亏损；近5年经营现金流持续为正；自由现金流数据缺失，评级保守；资产负债率符合行业语境；营收增长处于可接受区间,规则和AI评级不完全一致，可作为人工复核优先项
TTD,US,"The Trade Desk, Inc. - Class A Common Stock",通用,优质池,78.0,87.1,87.1,优质池,是,是,否,否,短历史封顶生效,优质候选,95,优质候选,4,C 短历史,Medium,80,短历史封顶,数据质量中等，质量评级需降置信度；长期ROE达到行业基本线；ROE稳定性较好；近5年无亏损；近5年经营现金流持续为正；自由现金流整体为正；资产负债率符合行业语境；营收增长达到行业较好水平,规则质量评级与AI评级一致；但数据年数少于5年，长期ROE、波动和CAGR应按短历史估计降置信度
000049,CN,德赛电池,通用,优质池,87.0,87.0,87.0,优质池,否,否,否,否,综合分未达核心阈值,优质候选,100,可跟踪,10,A 完整历史,High,100,-,数据质量高；长期ROE达到行业优秀线；ROE稳定性较好；近5年无亏损；近5年经营现金流持续为正；自由现金流数据缺失，评级保守；资产负债率符合行业语境；营收增长达到行业较好水平,规则和AI评级不完全一致，可作为人工复核优先项
003031,CN,中瓷电子,科技,优质池,87.0,91.0,87.0,优质池,否,否,是,否,排雷状态扣分,优质候选,100,优质候选,10,A 完整历史,High,100,排雷需关注,数据质量高；长期ROE达到行业优秀线；ROE稳定性较好；近5年无亏损；近5年经营现金流持续为正；自由现金流数据缺失，评级保守；资产负债率符合行业语境；营收增长达到行业较好水平,规则与AI均认可质量，排雷侧因单项风险给出需关注状态，适合进入人工复核清单
301109,CN,军信股份,通用,优质池,87.0,87.0,87.0,优质池,否,否,否,否,综合分未达核心阈值,优质候选,100,可跟踪,10,A 完整历史,High,100,-,数据质量高；长期ROE达到行业优秀线；ROE稳定性较好；近5年无亏损；近5年经营现金流持续为正；自由现金流数据缺失，评级保守；资产负债率符合行业语境；营收增长达到行业较好水平,规则和AI评级不完全一致，可作为人工复核优先项
BDC,US,Belden Inc Common Stock,通用,可研究池,74.0,91.0,87.0,优质池,是,是,是,否,短历史封顶生效；排雷状态扣分,优质候选,100,优质候选,4,C 短历史,Medium,80,短历史封顶；排雷需关注,数据质量中等，质量评级需降置信度；长期ROE达到行业优秀线；ROE稳定性较好；近5年无亏损；近5年经营现金流持续为正；自由现金流整体为正；资产负债率符合行业语境；营收增长处于可接受区间,规则与AI均认可质量，排雷侧因单项风险给出需关注状态，适合进入人工复核清单；但数据年数少于5年，长期ROE、波动和CAGR应按短历史估计降置信度
CRH,US,CRH PLC Ordinary Shares,周期,可研究池,74.0,91.0,87.0,优质池,是,是,是,否,短历史封顶生效；排雷状态扣分,优质候选,100,优质候选,4,C 短历史,Medium,80,短历史封顶；排雷需关注,数据质量中等，质量评级需降置信度；长期ROE达到行业优秀线；ROE稳定性较好；近5年无亏损；近5年经营现金流持续为正；自由现金流整体为正；资产负债率符合行业语境；营收增长处于可接受区间,规则与AI均认可质量，排雷侧因单项风险给出需关注状态，适合进入人工复核清单；但数据年数少于5年，长期ROE、波动和CAGR应按短历史估计降置信度
HWM,US,Howmet Aerospace Inc. Common Stock,通用,可研究池,74.0,91.0,87.0,优质池,是,是,是,否,短历史封顶生效；排雷状态扣分,优质候选,100,优质候选,4,C 短历史,Medium,80,短历史封顶；排雷需关注,数据质量中等，质量评级需降置信度；长期ROE达到行业优秀线；ROE稳定性较好；近5年无亏损；近5年经营现金流持续为正；自由现金流整体为正；资产负债率符合行业语境；营收增长达到行业较好水平,规则与AI均认可质量，排雷侧因单项风险给出需关注状态，适合进入人工复核清单；但数据年数少于5年，长期ROE、波动和CAGR应按短历史估计降置信度
WIT,US,Wipro Limited Common Stock,科技,优质池,78.0,87.0,87.0,优质池,是,是,否,否,短历史封顶生效,优质候选,99,可跟踪,4,C 短历史,Medium,80,短历史封顶,数据质量中等，质量评级需降置信度；长期ROE达到行业优秀线；ROE稳定性较好；近5年无亏损；近5年经营现金流持续为正；自由现金流整体为正；营收增长处于可接受区间,规则和AI评级不完全一致，可作为人工复核优先项
TNK,US,Teekay Tankers Ltd.,周期,可研究池,74.0,91.0,87.0,优质池,是,是,是,否,短历史封顶生效；排雷状态扣分,优质候选,99,优质候选,4,C 短历史,Medium,80,短历史封顶；排雷需关注,数据质量中等，质量评级需降置信度；长期ROE达到行业优秀线；ROE稳定性较好；近5年无亏损；近5年经营现金流持续为正；自由现金流整体为正；资产负债率符合行业语境；周期行业营收下滑，需结合行业周期位置,规则与AI均认可质量，排雷侧因单项风险给出需关注状态，适合进入人工复核清单；但数据年数少于5年，长期ROE、波动和CAGR应按短历史估计降置信度
300286,CN,安科瑞,通用,优质池,87.0,87.0,87.0,优质池,否,否,否,否,综合分未达核心阈值,优质候选,97,可跟踪,10,A 完整历史,High,100,-,数据质量高；长期ROE达到行业优秀线；ROE稳定性较好；近5年无亏损；近5年经营现金流持续为正；自由现金流数据缺失，评级保守；资产负债率符合行业语境；营收增长处于可接受区间,规则和AI评级不完全一致，可作为人工复核优先项
603383,CN,顶点软件,科技,优质池,87.0,87.0,87.0,优质池,否,否,否,否,综合分未达核心阈值,优质候选,97,可跟踪,10,A 完整历史,High,100,-,数据质量高；长期ROE达到行业优秀线；ROE稳定性较好；近5年无亏损；近5年经营现金流持续为正；自由现金流数据缺失，评级保守；资产负债率符合行业语境；营收增长处于可接受区间,规则和AI评级不完全一致，可作为人工复核优先项
920000,CN,安徽凤凰,通用,优质池,87.0,87.0,87.0,优质池,否,否,否,否,综合分未达核心阈值,优质候选,97,可跟踪,10,A 完整历史,High,100,-,数据质量高；长期ROE达到行业优秀线；ROE稳定性较好；近5年无亏损；近5年经营现金流持续为正；自由现金流数据缺失，评级保守；资产负债率符合行业语境；营收增长处于可接受区间,规则和AI评级不完全一致，可作为人工复核优先项
CTSH,US,Cognizant Technology Solutions Corporation - Class A Common Stock,科技,可研究池,74.0,91.0,87.0,优质池,是,是,是,否,短历史封顶生效；排雷状态扣分,优质候选,93,优质候选,4,C 短历史,Medium,80,短历史封顶；排雷需关注,数据质量中等，质量评级需降置信度；长期ROE达到行业优秀线；ROE稳定性较好；近5年无亏损；近5年经营现金流持续为正；自由现金流整体为正；资产负债率符合行业语境；营收增长偏弱,规则与AI均认可质量，排雷侧因单项风险给出需关注状态，适合进入人工复核清单；但数据年数少于5年，长期ROE、波动和CAGR应按短历史估计降置信度
601126,CN,四方股份,通用,优质池,87.0,87.0,87.0,优质池,否,否,否,否,综合分未达核心阈值,优质候选,89,优质候选,10,A 完整历史,High,100,-,数据质量高；长期ROE达到行业基本线；ROE稳定性较好；近5年无亏损；近5年经营现金流持续为正；自由现金流数据缺失，评级保守；资产负债率符合行业语境；营收增长达到行业较好水平,规则质量评级与AI评级一致
603871,CN,嘉友国际,通用,优质池,87.0,90.0,87.0,优质池,否,否,否,是,规则AI分歧扣分,可跟踪,83,优质候选,10,A 完整历史,High,100,规则AI分歧,数据质量高；长期ROE达到行业优秀线；ROE稳定性较好；近5年无亏损；经营现金流存在瑕疵；自由现金流数据缺失，评级保守；资产负债率符合行业语境；营收增长达到行业较好水平,AI认为质量突出，规则侧可能因单项风险保守处理
002803,CN,吉宏股份,通用,优质池,86.9,86.9,86.9,优质池,否,否,否,否,综合分未达核心阈值,优质候选,100,可跟踪,10,A 完整历史,High,100,-,数据质量高；长期ROE达到行业优秀线；ROE稳定性较好；近5年无亏损；近5年经营现金流持续为正；自由现金流数据缺失，评级保守；资产负债率符合行业语境；营收增长达到行业较好水平,规则和AI评级不完全一致，可作为人工复核优先项
002847,CN,盐津铺子,通用,优质池,86.9,90.9,86.9,优质池,否,否,是,否,排雷状态扣分,优质候选,100,优质候选,10,A 完整历史,High,100,排雷需关注,数据质量高；长期ROE达到行业优秀线；ROE稳定性较好；近5年无亏损；近5年经营现金流持续为正；自由现金流数据缺失，评级保守；资产负债率符合行业语境；营收增长达到行业较好水平,规则与AI均认可质量，排雷侧因单项风险给出需关注状态，适合进入人工复核清单
300992,CN,泰福泵业,通用,优质池,86.9,86.9,86.9,优质池,否,否,否,否,综合分未达核心阈值,优质候选,100,可跟踪,9,B 中等历史,High,100,-,数据质量高；长期ROE达到行业优秀线；ROE稳定性较好；近5年无亏损；近5年经营现金流持续为正；自由现金流数据缺失，评级保守；资产负债率符合行业语境；营收增长达到行业较好水平,规则和AI评级不完全一致，可作为人工复核优先项
603115,CN,海星股份,通用,优质池,86.9,86.9,86.9,优质池,否,否,否,否,综合分未达核心阈值,优质候选,100,可跟踪,10,A 完整历史,High,100,-,数据质量高；长期ROE达到行业优秀线；ROE稳定性较好；近5年无亏损；近5年经营现金流持续为正；自由现金流数据缺失，评级保守；资产负债率符合行业语境；营收增长达到行业较好水平,规则和AI评级不完全一致，可作为人工复核优先项
603706,CN,东方环宇,通用,优质池,86.9,86.9,86.9,优质池,否,否,否,否,综合分未达核心阈值,优质候选,100,可跟踪,10,A 完整历史,High,100,-,数据质量高；长期ROE达到行业优秀线；ROE稳定性较好；近5年无亏损；近5年经营现金流持续为正；自由现金流数据缺失，评级保守；资产负债率符合行业语境；营收增长达到行业较好水平,规则和AI评级不完全一致，可作为人工复核优先项
603757,CN,大元泵业,通用,优质池,86.9,86.9,86.9,优质池,否,否,否,否,综合分未达核心阈值,优质候选,100,可跟踪,10,A 完整历史,High,100,-,数据质量高；长期ROE达到行业优秀线；ROE稳定性较好；近5年无亏损；近5年经营现金流持续为正；自由现金流数据缺失，评级保守；资产负债率符合行业语境；营收增长达到行业较好水平,规则和AI评级不完全一致，可作为人工复核优先项
688002,CN,睿创微纳,通用,优质池,86.9,90.9,86.9,优质池,否,否,是,否,排雷状态扣分,优质候选,100,优质候选,10,A 完整历史,High,100,排雷需关注,数据质量高；长期ROE达到行业优秀线；ROE稳定性较好；近5年无亏损；近5年经营现金流持续为正；自由现金流数据缺失，评级保守；资产负债率符合行业语境；营收增长达到行业较好水平,规则与AI均认可质量，排雷侧因单项风险给出需关注状态，适合进入人工复核清单
ERII,US,"Energy Recovery, Inc. - Common Stock",周期,优质池,78.0,86.9,86.9,优质池,是,是,否,否,短历史封顶生效,优质候选,100,可跟踪,4,C 短历史,Medium,80,短历史封顶,数据质量中等，质量评级需降置信度；长期ROE达到行业优秀线；ROE稳定性较好；近5年无亏损；近5年经营现金流持续为正；自由现金流整体为正；资产负债率符合行业语境；营收增长处于可接受区间,规则和AI评级不完全一致，可作为人工复核优先项
EPAM,US,"EPAM Systems, Inc. Common Stock",科技,可研究池,74.0,90.9,86.9,优质池,是,是,是,否,短历史封顶生效；排雷状态扣分,优质候选,100,优质候选,4,C 短历史,Medium,80,短历史封顶；排雷需关注,数据质量中等，质量评级需降置信度；长期ROE达到行业优秀线；ROE稳定性较好；近5年无亏损；近5年经营现金流持续为正；自由现金流整体为正；资产负债率符合行业语境；营收增长处于可接受区间,规则与AI均认可质量，排雷侧因单项风险给出需关注状态，适合进入人工复核清单；但数据年数少于5年，长期ROE、波动和CAGR应按短历史估计降置信度
TRAK,US,"ReposiTrak, Inc. Common Stock",科技,可研究池,74.0,90.9,86.9,优质池,是,是,是,否,短历史封顶生效；排雷状态扣分,优质候选,100,优质候选,4,C 短历史,Medium,80,短历史封顶；排雷需关注,数据质量中等，质量评级需降置信度；长期ROE达到行业优秀线；ROE稳定性较好；近5年无亏损；近5年经营现金流持续为正；自由现金流整体为正；资产负债率符合行业语境；营收增长处于可接受区间,规则与AI均认可质量，排雷侧因单项风险给出需关注状态，适合进入人工复核清单；但数据年数少于5年，长期ROE、波动和CAGR应按短历史估计降置信度
002697,CN,红旗连锁,通用,优质池,86.9,86.9,86.9,优质池,否,否,否,否,综合分未达核心阈值,优质候选,97,可跟踪,10,A 完整历史,High,100,-,数据质量高；长期ROE达到行业优秀线；ROE稳定性较好；近5年无亏损；近5年经营现金流持续为正；自由现金流数据缺失，评级保守；资产负债率符合行业语境；营收增长处于可接受区间,规则和AI评级不完全一致，可作为人工复核优先项
300525,CN,博思软件,科技,优质池,86.9,86.9,86.9,优质池,否,否,否,否,综合分未达核心阈值,优质候选,97,可跟踪,10,A 完整历史,High,100,-,数据质量高；长期ROE达到行业优秀线；ROE稳定性较好；近5年无亏损；近5年经营现金流持续为正；自由现金流数据缺失，评级保守；资产负债率符合行业语境；营收增长处于可接受区间,规则和AI评级不完全一致，可作为人工复核优先项
601900,CN,南方传媒,通用,优质池,86.9,86.9,86.9,优质池,否,否,否,否,综合分未达核心阈值,优质候选,97,可跟踪,10,A 完整历史,High,100,-,数据质量高；长期ROE达到行业优秀线；ROE稳定性较好；近5年无亏损；近5年经营现金流持续为正；自由现金流数据缺失，评级保守；资产负债率符合行业语境；营收增长处于可接受区间,规则和AI评级不完全一致，可作为人工复核优先项
VALU,US,"Value Line, Inc. - Common Stock",通用,优质池,78.0,86.9,86.9,优质池,是,是,否,否,短历史封顶生效,优质候选,93,可跟踪,4,C 短历史,Medium,80,短历史封顶,数据质量中等，质量评级需降置信度；长期ROE达到行业优秀线；ROE稳定性较好；近5年无亏损；近5年经营现金流持续为正；自由现金流整体为正；资产负债率符合行业语境；营收增长偏弱,规则和AI评级不完全一致，可作为人工复核优先项
TR,US,"Tootsie Roll Industries, Inc. Common Stock",通用,优质池,78.0,86.9,86.9,优质池,是,是,否,否,短历史封顶生效,优质候选,89,优质候选,4,C 短历史,Medium,80,短历史封顶,数据质量中等，质量评级需降置信度；长期ROE达到行业基本线；ROE稳定性较好；近5年无亏损；近5年经营现金流持续为正；自由现金流整体为正；资产负债率符合行业语境；营收增长处于可接受区间,规则质量评级与AI评级一致；但数据年数少于5年，长期ROE、波动和CAGR应按短历史估计降置信度
002258,CN,利尔化学,通用,优质池,86.8,86.8,86.8,优质池,否,否,否,否,综合分未达核心阈值,优质候选,100,可跟踪,10,A 完整历史,High,100,-,数据质量高；长期ROE达到行业优秀线；ROE稳定性较好；近5年无亏损；近5年经营现金流持续为正；自由现金流数据缺失，评级保守；资产负债率符合行业语境；营收增长达到行业较好水平,规则和AI评级不完全一致，可作为人工复核优先项
002294,CN,信立泰,通用,优质池,86.8,86.8,86.8,优质池,否,否,否,否,综合分未达核心阈值,优质候选,100,可跟踪,10,A 完整历史,High,100,-,数据质量高；长期ROE达到行业优秀线；ROE稳定性较好；近5年无亏损；近5年经营现金流持续为正；自由现金流数据缺失，评级保守；资产负债率符合行业语境；营收增长达到行业较好水平,规则和AI评级不完全一致，可作为人工复核优先项
300906,CN,日月明,通用,优质池,86.8,86.8,86.8,优质池,否,否,否,否,综合分未达核心阈值,优质候选,100,可跟踪,10,A 完整历史,High,100,-,数据质量高；长期ROE达到行业优秀线；ROE稳定性较好；近5年无亏损；近5年经营现金流持续为正；自由现金流数据缺失，评级保守；资产负债率符合行业语境；营收增长达到行业较好水平,规则和AI评级不完全一致，可作为人工复核优先项
301223,CN,中荣股份,通用,优质池,86.8,86.8,86.8,优质池,否,否,否,否,综合分未达核心阈值,优质候选,100,可跟踪,10,A 完整历史,High,100,-,数据质量高；长期ROE达到行业优秀线；ROE稳定性较好；近5年无亏损；近5年经营现金流持续为正；自由现金流数据缺失，评级保守；资产负债率符合行业语境；营收增长达到行业较好水平,规则和AI评级不完全一致，可作为人工复核优先项
301233,CN,盛帮股份,通用,优质池,86.8,86.8,86.8,优质池,否,否,否,否,综合分未达核心阈值,优质候选,100,可跟踪,10,A 完整历史,High,100,-,数据质量高；长期ROE达到行业优秀线；ROE稳定性较好；近5年无亏损；近5年经营现金流持续为正；自由现金流数据缺失，评级保守；资产负债率符合行业语境；营收增长达到行业较好水平,规则和AI评级不完全一致，可作为人工复核优先项
301323,CN,新莱福,通用,优质池,86.8,86.8,86.8,优质池,否,否,否,否,综合分未达核心阈值,优质候选,100,可跟踪,8,B 中等历史,High,100,-,数据质量高；长期ROE达到行业优秀线；ROE稳定性较好；近5年无亏损；近5年经营现金流持续为正；自由现金流数据缺失，评级保守；资产负债率符合行业语境；营收增长达到行业较好水平,规则和AI评级不完全一致，可作为人工复核优先项
688513,CN,苑东生物,通用,优质池,86.8,86.8,86.8,优质池,否,否,否,否,综合分未达核心阈值,优质候选,100,可跟踪,10,A 完整历史,High,100,-,数据质量高；长期ROE达到行业优秀线；ROE稳定性较好；近5年无亏损；近5年经营现金流持续为正；自由现金流数据缺失，评级保守；资产负债率符合行业语境；营收增长达到行业较好水平,规则和AI评级不完全一致，可作为人工复核优先项
920075,CN,柏星龙,通用,优质池,86.8,86.8,86.8,优质池,否,否,否,否,综合分未达核心阈值,优质候选,100,可跟踪,10,A 完整历史,High,100,-,数据质量高；长期ROE达到行业优秀线；ROE稳定性较好；近5年无亏损；近5年经营现金流持续为正；自由现金流数据缺失，评级保守；资产负债率符合行业语境；营收增长达到行业较好水平,规则和AI评级不完全一致，可作为人工复核优先项
920792,CN,东和新材,通用,优质池,86.8,86.8,86.8,优质池,否,否,否,否,综合分未达核心阈值,优质候选,100,可跟踪,10,A 完整历史,High,100,-,数据质量高；长期ROE达到行业优秀线；ROE稳定性较好；近5年无亏损；近5年经营现金流持续为正；自由现金流数据缺失，评级保守；资产负债率符合行业语境；营收增长达到行业较好水平,规则和AI评级不完全一致，可作为人工复核优先项
IBP,US,"Installed Building Products, Inc. Common Stock",周期,可研究池,74.0,90.8,86.8,优质池,是,是,是,否,短历史封顶生效；排雷状态扣分,优质候选,100,优质候选,4,C 短历史,Medium,80,短历史封顶；排雷需关注,数据质量中等，质量评级需降置信度；长期ROE达到行业优秀线；ROE稳定性较好；近5年无亏损；近5年经营现金流持续为正；自由现金流整体为正；资产负债率符合行业语境；营收增长处于可接受区间,规则与AI均认可质量，排雷侧因单项风险给出需关注状态，适合进入人工复核清单；但数据年数少于5年，长期ROE、波动和CAGR应按短历史估计降置信度
300481,CN,濮阳惠成,通用,优质池,86.8,86.8,86.8,优质池,否,否,否,否,综合分未达核心阈值,优质候选,97,可跟踪,10,A 完整历史,High,100,-,数据质量高；长期ROE达到行业优秀线；ROE稳定性较好；近5年无亏损；近5年经营现金流持续为正；自由现金流数据缺失，评级保守；资产负债率符合行业语境；营收增长处于可接受区间,规则和AI评级不完全一致，可作为人工复核优先项
600873,CN,梅花生物,通用,优质池,86.8,86.8,86.8,优质池,否,否,否,否,综合分未达核心阈值,优质候选,97,可跟踪,10,A 完整历史,High,100,-,数据质量高；长期ROE达到行业优秀线；ROE稳定性较好；近5年无亏损；近5年经营现金流持续为正；自由现金流数据缺失，评级保守；资产负债率符合行业语境；营收增长处于可接受区间,规则和AI评级不完全一致，可作为人工复核优先项
603052,CN,可川科技,科技,优质池,86.8,86.8,86.8,优质池,否,否,否,否,综合分未达核心阈值,优质候选,97,可跟踪,10,A 完整历史,High,100,-,数据质量高；长期ROE达到行业优秀线；ROE稳定性较好；近5年无亏损；近5年经营现金流持续为正；自由现金流数据缺失，评级保守；资产负债率符合行业语境；营收增长处于可接受区间,规则和AI评级不完全一致，可作为人工复核优先项
FMX,US,Fomento Economico Mexicano S.A.B. de C.V. Common Stock,消费,优质池,78.0,86.8,86.8,优质池,是,是,否,否,短历史封顶生效,优质候选,95,优质候选,4,C 短历史,Medium,80,短历史封顶,数据质量中等，质量评级需降置信度；长期ROE达到行业基本线；ROE稳定性较好；近5年无亏损；近5年经营现金流持续为正；自由现金流整体为正；资产负债率符合行业语境；营收增长达到行业较好水平,规则质量评级与AI评级一致；但数据年数少于5年，长期ROE、波动和CAGR应按短历史估计降置信度
HUM,US,Humana Inc. Common Stock,通用,优质池,78.0,86.8,86.8,优质池,是,是,否,否,短历史封顶生效,优质候选,95,优质候选,4,C 短历史,Medium,80,短历史封顶,数据质量中等，质量评级需降置信度；长期ROE达到行业基本线；ROE稳定性较好；近5年无亏损；近5年经营现金流持续为正；自由现金流整体为正；资产负债率符合行业语境；营收增长达到行业较好水平,规则质量评级与AI评级一致；但数据年数少于5年，长期ROE、波动和CAGR应按短历史估计降置信度
001388,CN,信通电子,科技,优质池,86.7,90.7,86.7,优质池,否,否,是,否,排雷状态扣分,优质候选,100,优质候选,10,A 完整历史,High,100,排雷需关注,数据质量高；长期ROE达到行业优秀线；ROE稳定性较好；近5年无亏损；近5年经营现金流持续为正；自由现金流数据缺失，评级保守；资产负债率符合行业语境；营收增长达到行业较好水平,规则与AI均认可质量，排雷侧因单项风险给出需关注状态，适合进入人工复核清单
002810,CN,山东赫达,通用,优质池,86.7,86.7,86.7,优质池,否,否,否,否,综合分未达核心阈值,优质候选,100,可跟踪,10,A 完整历史,High,100,-,数据质量高；长期ROE达到行业优秀线；ROE稳定性较好；近5年无亏损；近5年经营现金流持续为正；自由现金流数据缺失，评级保守；资产负债率符合行业语境；营收增长达到行业较好水平,规则和AI评级不完全一致，可作为人工复核优先项
002960,CN,青鸟智控,通用,优质池,86.7,86.7,86.7,优质池,否,否,否,否,综合分未达核心阈值,优质候选,100,可跟踪,10,A 完整历史,High,100,-,数据质量高；长期ROE达到行业优秀线；ROE稳定性较好；近5年无亏损；近5年经营现金流持续为正；自由现金流数据缺失，评级保守；资产负债率符合行业语境；营收增长达到行业较好水平,规则和AI评级不完全一致，可作为人工复核优先项
300453,CN,三鑫医疗,通用,优质池,86.7,86.7,86.7,优质池,否,否,否,否,综合分未达核心阈值,优质候选,100,可跟踪,10,A 完整历史,High,100,-,数据质量高；长期ROE达到行业优秀线；ROE稳定性较好；近5年无亏损；近5年经营现金流持续为正；自由现金流数据缺失，评级保守；资产负债率符合行业语境；营收增长达到行业较好水平,规则和AI评级不完全一致，可作为人工复核优先项
301421,CN,波长光电,通用,优质池,86.7,86.7,86.7,优质池,否,否,否,否,综合分未达核心阈值,优质候选,100,可跟踪,10,A 完整历史,High,100,-,数据质量高；长期ROE达到行业优秀线；ROE稳定性较好；近5年无亏损；近5年经营现金流持续为正；自由现金流数据缺失，评级保守；资产负债率符合行业语境；营收增长达到行业较好水平,规则和AI评级不完全一致，可作为人工复核优先项
601899,CN,紫金矿业,通用,优质池,86.7,90.7,86.7,优质池,否,否,是,否,排雷状态扣分,优质候选,100,优质候选,10,A 完整历史,High,100,排雷需关注,数据质量高；长期ROE达到行业优秀线；ROE稳定性较好；近5年无亏损；近5年经营现金流持续为正；自由现金流数据缺失，评级保守；资产负债率符合行业语境；营收增长达到行业较好水平,规则与AI均认可质量，排雷侧因单项风险给出需关注状态，适合进入人工复核清单
CBOE,US,"Cboe Global Markets, Inc. Common Stock",通用,可研究池,74.0,90.7,86.7,优质池,是,是,是,否,短历史封顶生效；排雷状态扣分,优质候选,100,优质候选,4,C 短历史,Medium,80,短历史封顶；排雷需关注,数据质量中等，质量评级需降置信度；长期ROE达到行业优秀线；ROE稳定性较好；近5年无亏损；近5年经营现金流持续为正；自由现金流整体为正；资产负债率符合行业语境；营收增长达到行业较好水平,规则与AI均认可质量，排雷侧因单项风险给出需关注状态，适合进入人工复核清单；但数据年数少于5年，长期ROE、波动和CAGR应按短历史估计降置信度
EXEL,US,"Exelixis, Inc. - Common Stock",科技,可研究池,74.0,90.7,86.7,优质池,是,是,是,否,短历史封顶生效；排雷状态扣分,优质候选,100,优质候选,4,C 短历史,Medium,80,短历史封顶；排雷需关注,数据质量中等，质量评级需降置信度；长期ROE达到行业优秀线；ROE稳定性较好；近5年无亏损；近5年经营现金流持续为正；自由现金流整体为正；资产负债率符合行业语境；营收增长达到行业较好水平,规则与AI均认可质量，排雷侧因单项风险给出需关注状态，适合进入人工复核清单；但数据年数少于5年，长期ROE、波动和CAGR应按短历史估计降置信度
IESC,US,"IES Holdings, Inc. - Common Stock",周期,可研究池,74.0,90.7,86.7,优质池,是,是,是,否,短历史封顶生效；排雷状态扣分,优质候选,100,优质候选,4,C 短历史,Medium,80,短历史封顶；排雷需关注,数据质量中等，质量评级需降置信度；长期ROE达到行业优秀线；ROE稳定性较好；近5年无亏损；近5年经营现金流持续为正；自由现金流整体为正；资产负债率符合行业语境；营收增长达到行业较好水平,规则与AI均认可质量，排雷侧因单项风险给出需关注状态，适合进入人工复核清单；但数据年数少于5年，长期ROE、波动和CAGR应按短历史估计降置信度
NGVC,US,"Natural Grocers by Vitamin Cottage, Inc. Common Stock",通用,可研究池,74.0,90.7,86.7,优质池,是,是,是,否,短历史封顶生效；排雷状态扣分,优质候选,100,优质候选,4,C 短历史,Medium,80,短历史封顶；排雷需关注,数据质量中等，质量评级需降置信度；长期ROE达到行业优秀线；ROE稳定性较好；近5年无亏损；近5年经营现金流持续为正；自由现金流整体为正；资产负债率略高但未构成硬伤；营收增长达到行业较好水平,规则与AI均认可质量，排雷侧因单项风险给出需关注状态，适合进入人工复核清单；但数据年数少于5年，长期ROE、波动和CAGR应按短历史估计降置信度
IDT,US,IDT Corporation Class B Common Stock,通用,优质池,78.0,86.7,86.7,优质池,是,是,否,否,短历史封顶生效,优质候选,93,可跟踪,4,C 短历史,Medium,80,短历史封顶,数据质量中等，质量评级需降置信度；长期ROE达到行业优秀线；ROE稳定性较好；近5年无亏损；近5年经营现金流持续为正；自由现金流整体为正；资产负债率符合行业语境；营收增长偏弱,规则和AI评级不完全一致，可作为人工复核优先项
APH,US,Amphenol Corporation Common Stock,科技,可研究池,74.0,90.7,86.7,优质池,是,是,是,否,短历史封顶生效；排雷状态扣分,优质候选,93,优质候选,4,C 短历史,Medium,80,短历史封顶；排雷需关注,数据质量中等，质量评级需降置信度；长期ROE达到行业优秀线；ROE稳定性较好；近5年无亏损；近5年经营现金流持续为正；自由现金流整体为正；资产负债率高于行业舒适区；营收增长达到行业较好水平,规则与AI均认可质量，排雷侧因单项风险给出需关注状态，适合进入人工复核清单；但数据年数少于5年，长期ROE、波动和CAGR应按短历史估计降置信度
300662,CN,科锐国际,通用,优质池,86.7,89.7,86.7,优质池,否,否,否,是,规则AI分歧扣分,可跟踪,83,优质候选,10,A 完整历史,High,100,规则AI分歧,数据质量高；长期ROE达到行业优秀线；ROE稳定性较好；近5年无亏损；经营现金流存在瑕疵；自由现金流数据缺失，评级保守；资产负债率符合行业语境；营收增长达到行业较好水平,AI认为质量突出，规则侧可能因单项风险保守处理
300693,CN,盛弘股份,通用,优质池,86.6,90.6,86.6,优质池,否,否,是,否,排雷状态扣分,优质候选,100,优质候选,10,A 完整历史,High,100,排雷需关注,数据质量高；长期ROE达到行业优秀线；ROE稳定性较好；近5年无亏损；近5年经营现金流持续为正；自由现金流数据缺失，评级保守；资产负债率符合行业语境；营收增长达到行业较好水平,规则与AI均认可质量，排雷侧因单项风险给出需关注状态，适合进入人工复核清单
301331,CN,恩威医药,通用,优质池,86.6,86.6,86.6,优质池,否,否,否,否,综合分未达核心阈值,优质候选,100,可跟踪,9,B 中等历史,High,100,-,数据质量高；长期ROE达到行业优秀线；ROE稳定性较好；近5年无亏损；近5年经营现金流持续为正；自由现金流数据缺失，评级保守；资产负债率符合行业语境；营收增长达到行业较好水平,规则和AI评级不完全一致，可作为人工复核优先项
603055,CN,台华新材,通用,优质池,86.6,86.6,86.6,优质池,否,否,否,否,综合分未达核心阈值,优质候选,100,可跟踪,10,A 完整历史,High,100,-,数据质量高；长期ROE达到行业优秀线；ROE稳定性较好；近5年无亏损；近5年经营现金流持续为正；自由现金流数据缺失，评级保守；资产负债率符合行业语境；营收增长达到行业较好水平,规则和AI评级不完全一致，可作为人工复核优先项
603290,CN,斯达半导,通用,优质池,86.6,90.6,86.6,优质池,否,否,是,否,排雷状态扣分,优质候选,100,优质候选,10,A 完整历史,High,100,排雷需关注,数据质量高；长期ROE达到行业优秀线；ROE稳定性较好；近5年无亏损；近5年经营现金流持续为正；自由现金流数据缺失，评级保守；资产负债率符合行业语境；营收增长达到行业较好水平,规则与AI均认可质量，排雷侧因单项风险给出需关注状态，适合进入人工复核清单
688517,CN,金冠电气,通用,优质池,86.6,86.6,86.6,优质池,否,否,否,否,综合分未达核心阈值,优质候选,100,可跟踪,9,B 中等历史,High,100,-,数据质量高；长期ROE达到行业优秀线；ROE稳定性较好；近5年无亏损；近5年经营现金流持续为正；自由现金流数据缺失，评级保守；资产负债率符合行业语境；营收增长达到行业较好水平,规则和AI评级不完全一致，可作为人工复核优先项
LEN,US,Lennar Corporation Class A Common Stock,周期,优质池,78.0,86.6,86.6,优质池,是,是,否,否,短历史封顶生效,优质候选,100,可跟踪,4,C 短历史,Medium,80,短历史封顶,数据质量中等，质量评级需降置信度；长期ROE达到行业优秀线；ROE稳定性较好；近5年无亏损；近5年经营现金流持续为正；自由现金流整体为正；资产负债率符合行业语境；营收增长处于可接受区间,规则和AI评级不完全一致，可作为人工复核优先项
002831,CN,裕同科技,科技,优质池,86.6,86.6,86.6,优质池,否,否,否,否,综合分未达核心阈值,优质候选,97,可跟踪,10,A 完整历史,High,100,-,数据质量高；长期ROE达到行业优秀线；ROE稳定性较好；近5年无亏损；近5年经营现金流持续为正；自由现金流数据缺失，评级保守；资产负债率符合行业语境；营收增长处于可接受区间,规则和AI评级不完全一致，可作为人工复核优先项
300341,CN,麦克奥迪,通用,优质池,86.6,86.6,86.6,优质池,否,否,否,否,综合分未达核心阈值,优质候选,97,可跟踪,10,A 完整历史,High,100,-,数据质量高；长期ROE达到行业优秀线；ROE稳定性较好；近5年无亏损；近5年经营现金流持续为正；自由现金流数据缺失，评级保守；资产负债率符合行业语境；营收增长处于可接受区间,规则和AI评级不完全一致，可作为人工复核优先项
300403,CN,汉宇集团,通用,优质池,86.6,86.6,86.6,优质池,否,否,否,否,综合分未达核心阈值,优质候选,97,可跟踪,10,A 完整历史,High,100,-,数据质量高；长期ROE达到行业优秀线；ROE稳定性较好；近5年无亏损；近5年经营现金流持续为正；自由现金流数据缺失，评级保守；资产负债率符合行业语境；营收增长处于可接受区间,规则和AI评级不完全一致，可作为人工复核优先项
VITL,US,"Vital Farms, Inc. - Common Stock",通用,优质池,78.0,86.6,86.6,优质池,是,是,否,否,短历史封顶生效,优质候选,89,优质候选,4,C 短历史,Medium,80,短历史封顶,数据质量中等，质量评级需降置信度；长期ROE达到行业优秀线；ROE稳定性较好；近5年无亏损；经营现金流存在瑕疵；自由现金流整体为正；资产负债率符合行业语境；营收增长达到行业较好水平,规则质量评级与AI评级一致；但数据年数少于5年，长期ROE、波动和CAGR应按短历史估计降置信度
920403,CN,康农种业,通用,优质池,86.6,89.6,86.6,优质池,否,否,否,是,规则AI分歧扣分,可跟踪,83,优质候选,10,A 完整历史,High,100,规则AI分歧,数据质量高；长期ROE达到行业优秀线；ROE稳定性较好；近5年无亏损；经营现金流存在瑕疵；自由现金流数据缺失，评级保守；资产负债率符合行业语境；营收增长达到行业较好水平,AI认为质量突出，规则侧可能因单项风险保守处理
002463,CN,沪电股份,通用,优质池,86.5,90.5,86.5,优质池,否,否,是,否,排雷状态扣分,优质候选,100,优质候选,10,A 完整历史,High,100,排雷需关注,数据质量高；长期ROE达到行业优秀线；ROE稳定性较好；近5年无亏损；近5年经营现金流持续为正；自由现金流数据缺失，评级保守；资产负债率符合行业语境；营收增长达到行业较好水平,规则与AI均认可质量，排雷侧因单项风险给出需关注状态，适合进入人工复核清单
002653,CN,海思科,通用,优质池,86.5,86.5,86.5,优质池,否,否,否,否,综合分未达核心阈值,优质候选,100,可跟踪,10,A 完整历史,High,100,-,数据质量高；长期ROE达到行业优秀线；ROE稳定性较好；近5年无亏损；近5年经营现金流持续为正；自由现金流数据缺失，评级保守；资产负债率符合行业语境；营收增长达到行业较好水平,规则和AI评级不完全一致，可作为人工复核优先项
002815,CN,崇达技术,通用,优质池,86.5,86.5,86.5,优质池,否,否,否,否,综合分未达核心阈值,优质候选,100,可跟踪,10,A 完整历史,High,100,-,数据质量高；长期ROE达到行业优秀线；ROE稳定性较好；近5年无亏损；近5年经营现金流持续为正；自由现金流数据缺失，评级保守；资产负债率符合行业语境；营收增长达到行业较好水平,规则和AI评级不完全一致，可作为人工复核优先项
301370,CN,国科恒泰,通用,优质池,86.5,86.5,86.5,优质池,否,否,否,否,综合分未达核心阈值,优质候选,100,可跟踪,10,A 完整历史,High,100,-,数据质量高；长期ROE达到行业优秀线；ROE稳定性较好；近5年无亏损；近5年经营现金流持续为正；自由现金流数据缺失，评级保守；资产负债率符合行业语境；营收增长达到行业较好水平,规则和AI评级不完全一致，可作为人工复核优先项
605167,CN,利柏特,通用,优质池,86.5,86.5,86.5,优质池,否,否,否,否,综合分未达核心阈值,优质候选,100,可跟踪,9,B 中等历史,High,100,-,数据质量高；长期ROE达到行业优秀线；ROE稳定性较好；近5年无亏损；近5年经营现金流持续为正；自由现金流数据缺失，评级保守；资产负债率符合行业语境；营收增长达到行业较好水平,规则和AI评级不完全一致，可作为人工复核优先项
ABT,US,Abbott Laboratories Common Stock,通用,可研究池,74.0,90.5,86.5,优质池,是,是,是,否,短历史封顶生效；排雷状态扣分,优质候选,100,优质候选,4,C 短历史,Medium,80,短历史封顶；排雷需关注,数据质量中等，质量评级需降置信度；长期ROE达到行业优秀线；ROE稳定性较好；近5年无亏损；近5年经营现金流持续为正；自由现金流整体为正；资产负债率符合行业语境；营收增长处于可接受区间,规则与AI均认可质量，排雷侧因单项风险给出需关注状态，适合进入人工复核清单；但数据年数少于5年，长期ROE、波动和CAGR应按短历史估计降置信度
CHD,US,"Church & Dwight Company, Inc. Common Stock",消费,可研究池,74.0,90.5,86.5,优质池,是,是,是,否,短历史封顶生效；排雷状态扣分,优质候选,100,优质候选,4,C 短历史,Medium,80,短历史封顶；排雷需关注,数据质量中等，质量评级需降置信度；长期ROE达到行业优秀线；ROE稳定性较好；近5年无亏损；近5年经营现金流持续为正；自由现金流整体为正；资产负债率符合行业语境；营收增长处于可接受区间,规则与AI均认可质量，排雷侧因单项风险给出需关注状态，适合进入人工复核清单；但数据年数少于5年，长期ROE、波动和CAGR应按短历史估计降置信度
ECL,US,Ecolab Inc. Common Stock,周期,可研究池,74.0,90.5,86.5,优质池,是,是,是,否,短历史封顶生效；排雷状态扣分,优质候选,100,优质候选,4,C 短历史,Medium,80,短历史封顶；排雷需关注,数据质量中等，质量评级需降置信度；长期ROE达到行业优秀线；ROE稳定性较好；近5年无亏损；近5年经营现金流持续为正；自由现金流整体为正；资产负债率符合行业语境；营收增长处于可接受区间,规则与AI均认可质量，排雷侧因单项风险给出需关注状态，适合进入人工复核清单；但数据年数少于5年，长期ROE、波动和CAGR应按短历史估计降置信度
LIN,US,Linde plc - Ordinary Shares,周期,可研究池,74.0,90.5,86.5,优质池,是,是,是,否,短历史封顶生效；排雷状态扣分,优质候选,100,优质候选,4,C 短历史,Medium,80,短历史封顶；排雷需关注,数据质量中等，质量评级需降置信度；长期ROE达到行业优秀线；ROE稳定性较好；近5年无亏损；近5年经营现金流持续为正；自由现金流整体为正；资产负债率符合行业语境；营收增长处于可接受区间,规则与AI均认可质量，排雷侧因单项风险给出需关注状态，适合进入人工复核清单；但数据年数少于5年，长期ROE、波动和CAGR应按短历史估计降置信度
ULS,US,UL Solutions Inc. Class A Common Stock,通用,可研究池,74.0,90.5,86.5,优质池,是,是,是,否,短历史封顶生效；排雷状态扣分,优质候选,100,优质候选,4,C 短历史,Medium,80,短历史封顶；排雷需关注,数据质量中等，质量评级需降置信度；长期ROE达到行业优秀线；ROE稳定性较好；近5年无亏损；近5年经营现金流持续为正；自由现金流整体为正；资产负债率符合行业语境；营收增长达到行业较好水平,规则与AI均认可质量，排雷侧因单项风险给出需关注状态，适合进入人工复核清单；但数据年数少于5年，长期ROE、波动和CAGR应按短历史估计降置信度
URI,US,"United Rentals, Inc. Common Stock",通用,可研究池,74.0,90.5,86.5,优质池,是,是,是,否,短历史封顶生效；排雷状态扣分,优质候选,100,优质候选,4,C 短历史,Medium,80,短历史封顶；排雷需关注,数据质量中等，质量评级需降置信度；长期ROE达到行业优秀线；ROE稳定性较好；近5年无亏损；近5年经营现金流持续为正；自由现金流整体为正；资产负债率略高但未构成硬伤；营收增长达到行业较好水平,规则与AI均认可质量，排雷侧因单项风险给出需关注状态，适合进入人工复核清单；但数据年数少于5年，长期ROE、波动和CAGR应按短历史估计降置信度
601083,CN,锦江航运,周期,优质池,86.5,86.5,86.5,优质池,否,否,否,否,综合分未达核心阈值,优质候选,98,可跟踪,7,B 中等历史,Medium,87,-,数据质量中等，质量评级需降置信度；长期ROE达到行业优秀线；ROE稳定性较好；近5年无亏损；近5年经营现金流持续为正；自由现金流数据缺失，评级保守；资产负债率符合行业语境；营收增长达到行业较好水平,规则和AI评级不完全一致，可作为人工复核优先项
300801,CN,泰和科技,科技,优质池,86.5,86.5,86.5,优质池,否,否,否,否,综合分未达核心阈值,优质候选,97,可跟踪,10,A 完整历史,High,100,-,数据质量高；长期ROE达到行业优秀线；ROE稳定性较好；近5年无亏损；近5年经营现金流持续为正；自由现金流数据缺失，评级保守；资产负债率符合行业语境；营收增长处于可接受区间,规则和AI评级不完全一致，可作为人工复核优先项
603726,CN,朗迪集团,通用,优质池,86.5,86.5,86.5,优质池,否,否,否,否,综合分未达核心阈值,优质候选,97,可跟踪,10,A 完整历史,High,100,-,数据质量高；长期ROE达到行业优秀线；ROE稳定性较好；近5年无亏损；近5年经营现金流持续为正；自由现金流数据缺失，评级保守；资产负债率符合行业语境；营收增长处于可接受区间,规则和AI评级不完全一致，可作为人工复核优先项
NVEC,US,NVE Corporation - Common Stock,科技,可研究池,74.0,90.5,86.5,优质池,是,是,是,否,短历史封顶生效；排雷状态扣分,优质候选,93,优质候选,4,C 短历史,Medium,80,短历史封顶；排雷需关注,数据质量中等，质量评级需降置信度；长期ROE达到行业优秀线；ROE稳定性较好；近5年无亏损；近5年经营现金流持续为正；自由现金流整体为正；资产负债率符合行业语境；营收增长偏弱,规则与AI均认可质量，排雷侧因单项风险给出需关注状态，适合进入人工复核清单；但数据年数少于5年，长期ROE、波动和CAGR应按短历史估计降置信度
001231,CN,农心科技,科技,优质池,86.4,86.4,86.4,优质池,否,否,否,否,综合分未达核心阈值,优质候选,100,可跟踪,8,B 中等历史,High,100,-,数据质量高；长期ROE达到行业优秀线；ROE稳定性较好；近5年无亏损；近5年经营现金流持续为正；自由现金流数据缺失，评级保守；资产负债率符合行业语境；营收增长达到行业较好水平,规则和AI评级不完全一致，可作为人工复核优先项
300559,CN,佳发教育,通用,优质池,86.4,86.4,86.4,优质池,否,否,否,否,综合分未达核心阈值,优质候选,100,可跟踪,10,A 完整历史,High,100,-,数据质量高；长期ROE达到行业优秀线；ROE稳定性较好；近5年无亏损；近5年经营现金流持续为正；自由现金流数据缺失，评级保守；资产负债率符合行业语境；营收增长达到行业较好水平,规则和AI评级不完全一致，可作为人工复核优先项
300573,CN,兴齐眼药,通用,优质池,86.4,90.4,86.4,优质池,否,否,是,否,排雷状态扣分,优质候选,100,优质候选,10,A 完整历史,High,100,排雷需关注,数据质量高；长期ROE达到行业优秀线；ROE稳定性较好；近5年无亏损；近5年经营现金流持续为正；自由现金流数据缺失，评级保守；资产负债率符合行业语境；营收增长达到行业较好水平,规则与AI均认可质量，排雷侧因单项风险给出需关注状态，适合进入人工复核清单
300813,CN,泰林生物,通用,优质池,86.4,86.4,86.4,优质池,否,否,否,否,综合分未达核心阈值,优质候选,100,可跟踪,10,A 完整历史,High,100,-,数据质量高；长期ROE达到行业优秀线；ROE稳定性较好；近5年无亏损；近5年经营现金流持续为正；自由现金流数据缺失，评级保守；资产负债率符合行业语境；营收增长达到行业较好水平,规则和AI评级不完全一致，可作为人工复核优先项
301297,CN,富乐德,通用,优质池,86.4,90.4,86.4,优质池,否,否,是,否,排雷状态扣分,优质候选,100,优质候选,8,B 中等历史,High,100,排雷需关注,数据质量高；长期ROE达到行业优秀线；ROE稳定性较好；近5年无亏损；近5年经营现金流持续为正；自由现金流数据缺失，评级保守；资产负债率符合行业语境；营收增长达到行业较好水平,规则与AI均认可质量，排雷侧因单项风险给出需关注状态，适合进入人工复核清单；数据历史未满10年，长期质量结论仍需补充更长周期验证
301503,CN,智迪科技,科技,优质池,86.4,86.4,86.4,优质池,否,否,否,否,综合分未达核心阈值,优质候选,100,可跟踪,10,A 完整历史,High,100,-,数据质量高；长期ROE达到行业优秀线；ROE稳定性较好；近5年无亏损；近5年经营现金流持续为正；自由现金流数据缺失，评级保守；资产负债率符合行业语境；营收增长达到行业较好水平,规则和AI评级不完全一致，可作为人工复核优先项
920396,CN,常辅股份,通用,优质池,86.4,86.4,86.4,优质池,否,否,否,否,综合分未达核心阈值,优质候选,100,可跟踪,10,A 完整历史,High,100,-,数据质量高；长期ROE达到行业优秀线；ROE稳定性较好；近5年无亏损；近5年经营现金流持续为正；自由现金流数据缺失，评级保守；资产负债率符合行业语境；营收增长达到行业较好水平,规则和AI评级不完全一致，可作为人工复核优先项
CBT,US,Cabot Corporation Common Stock,周期,优质池,78.0,86.4,86.4,优质池,是,是,否,否,短历史封顶生效,优质候选,100,可跟踪,4,C 短历史,Medium,80,短历史封顶,数据质量中等，质量评级需降置信度；长期ROE达到行业优秀线；ROE稳定性较好；近5年无亏损；近5年经营现金流持续为正；自由现金流整体为正；资产负债率符合行业语境；营收增长处于可接受区间,规则和AI评级不完全一致，可作为人工复核优先项
CXT,US,"Crane NXT, Co. Common Stock",通用,可研究池,74.0,90.4,86.4,优质池,是,是,是,否,短历史封顶生效；排雷状态扣分,优质候选,100,优质候选,4,C 短历史,Medium,80,短历史封顶；排雷需关注,数据质量中等，质量评级需降置信度；长期ROE达到行业优秀线；ROE稳定性较好；近5年无亏损；近5年经营现金流持续为正；自由现金流整体为正；资产负债率符合行业语境；营收增长达到行业较好水平,规则与AI均认可质量，排雷侧因单项风险给出需关注状态，适合进入人工复核清单；但数据年数少于5年，长期ROE、波动和CAGR应按短历史估计降置信度
PAC,US,"Grupo Aeroportuario Del Pacifico, S.A. B. de C.V. Grupo Aeroportuario Del Pacifico, S.A. de C.V. (each representing 10 Series B shares)",通用,可研究池,74.0,90.4,86.4,优质池,是,是,是,否,短历史封顶生效；排雷状态扣分,优质候选,100,优质候选,4,C 短历史,Medium,80,短历史封顶；排雷需关注,数据质量中等，质量评级需降置信度；长期ROE达到行业优秀线；ROE稳定性较好；近5年无亏损；近5年经营现金流持续为正；自由现金流整体为正；资产负债率略高但未构成硬伤；营收增长达到行业较好水平,规则与AI均认可质量，排雷侧因单项风险给出需关注状态，适合进入人工复核清单；但数据年数少于5年，长期ROE、波动和CAGR应按短历史估计降置信度
603075,CN,热威股份,通用,优质池,86.4,86.4,86.4,优质池,否,否,否,否,综合分未达核心阈值,优质候选,98,可跟踪,7,B 中等历史,Medium,87,-,数据质量中等，质量评级需降置信度；长期ROE达到行业优秀线；ROE稳定性较好；近5年无亏损；近5年经营现金流持续为正；自由现金流数据缺失，评级保守；资产负债率符合行业语境；营收增长达到行业较好水平,规则和AI评级不完全一致，可作为人工复核优先项
002705,CN,新宝股份,通用,优质池,86.4,86.4,86.4,优质池,否,否,否,否,综合分未达核心阈值,优质候选,97,可跟踪,10,A 完整历史,High,100,-,数据质量高；长期ROE达到行业优秀线；ROE稳定性较好；近5年无亏损；近5年经营现金流持续为正；自由现金流数据缺失，评级保守；资产负债率符合行业语境；营收增长处于可接受区间,规则和AI评级不完全一致，可作为人工复核优先项
605086,CN,龙高股份,通用,优质池,86.4,86.4,86.4,优质池,否,否,否,否,综合分未达核心阈值,优质候选,97,可跟踪,10,A 完整历史,High,100,-,数据质量高；长期ROE达到行业优秀线；ROE稳定性较好；近5年无亏损；近5年经营现金流持续为正；自由现金流数据缺失，评级保守；资产负债率符合行业语境；营收增长处于可接受区间,规则和AI评级不完全一致，可作为人工复核优先项
605365,CN,立达信,通用,优质池,86.4,86.4,86.4,优质池,否,否,否,否,综合分未达核心阈值,优质候选,97,可跟踪,9,B 中等历史,High,100,-,数据质量高；长期ROE达到行业优秀线；ROE稳定性较好；近5年无亏损；近5年经营现金流持续为正；自由现金流数据缺失，评级保守；资产负债率符合行业语境；营收增长处于可接受区间,规则和AI评级不完全一致，可作为人工复核优先项
920547,CN,无锡晶海,通用,优质池,86.4,86.4,86.4,优质池,否,否,否,否,综合分未达核心阈值,优质候选,97,可跟踪,10,A 完整历史,High,100,-,数据质量高；长期ROE达到行业优秀线；ROE稳定性较好；近5年无亏损；近5年经营现金流持续为正；自由现金流数据缺失，评级保守；资产负债率符合行业语境；营收增长处于可接受区间,规则和AI评级不完全一致，可作为人工复核优先项
603529,CN,爱玛科技,科技,优质池,86.4,89.4,86.4,优质池,否,否,否,是,规则AI分歧扣分,可跟踪,87,优质候选,10,A 完整历史,High,100,规则AI分歧,数据质量高；长期ROE达到行业优秀线；ROE稳定性较好；近5年无亏损；近5年经营现金流持续为正；自由现金流数据缺失，评级保守；资产负债率高于行业舒适区；营收增长达到行业较好水平,AI认为质量突出，规则侧可能因单项风险保守处理
002967,CN,广电计量,通用,优质池,86.3,86.3,86.3,优质池,否,否,否,否,综合分未达核心阈值,优质候选,100,可跟踪,10,A 完整历史,High,100,-,数据质量高；长期ROE达到行业优秀线；ROE稳定性较好；近5年无亏损；近5年经营现金流持续为正；自由现金流数据缺失，评级保守；资产负债率符合行业语境；营收增长达到行业较好水平,规则和AI评级不完全一致，可作为人工复核优先项
300856,CN,科思股份,通用,优质池,86.3,90.3,86.3,优质池,否,否,是,否,排雷状态扣分,优质候选,100,优质候选,10,A 完整历史,High,100,排雷需关注,数据质量高；长期ROE达到行业优秀线；ROE稳定性较好；近5年无亏损；近5年经营现金流持续为正；自由现金流数据缺失，评级保守；资产负债率符合行业语境；营收增长达到行业较好水平,规则与AI均认可质量，排雷侧因单项风险给出需关注状态，适合进入人工复核清单
300946,CN,恒而达,通用,优质池,86.3,86.3,86.3,优质池,否,否,否,否,综合分未达核心阈值,优质候选,100,可跟踪,9,B 中等历史,High,100,-,数据质量高；长期ROE达到行业优秀线；ROE稳定性较好；近5年无亏损；近5年经营现金流持续为正；自由现金流数据缺失，评级保守；资产负债率符合行业语境；营收增长达到行业较好水平,规则和AI评级不完全一致，可作为人工复核优先项
600131,CN,国网信通,通用,优质池,86.3,86.3,86.3,优质池,否,否,否,否,综合分未达核心阈值,优质候选,100,可跟踪,10,A 完整历史,High,100,-,数据质量高；长期ROE达到行业优秀线；ROE稳定性较好；近5年无亏损；近5年经营现金流持续为正；自由现金流数据缺失，评级保守；资产负债率符合行业语境；营收增长达到行业较好水平,规则和AI评级不完全一致，可作为人工复核优先项
605108,CN,同庆楼,通用,优质池,86.3,86.3,86.3,优质池,否,否,否,否,综合分未达核心阈值,优质候选,100,可跟踪,10,A 完整历史,High,100,-,数据质量高；长期ROE达到行业优秀线；ROE稳定性较好；近5年无亏损；近5年经营现金流持续为正；自由现金流数据缺失，评级保守；资产负债率符合行业语境；营收增长达到行业较好水平,规则和AI评级不完全一致，可作为人工复核优先项
GOOS,US,Canada Goose Holdings Inc. Subordinate Voting Shares,消费,优质池,78.0,86.3,86.3,优质池,是,是,否,否,短历史封顶生效,优质候选,100,可跟踪,4,C 短历史,Medium,80,短历史封顶,数据质量中等，质量评级需降置信度；长期ROE达到行业优秀线；ROE稳定性较好；近5年无亏损；近5年经营现金流持续为正；自由现金流整体为正；资产负债率略高但未构成硬伤；营收增长达到行业较好水平,规则和AI评级不完全一致，可作为人工复核优先项
LECO,US,"Lincoln Electric Holdings, Inc. - Common Shares",通用,可研究池,74.0,90.3,86.3,优质池,是,是,是,否,短历史封顶生效；排雷状态扣分,优质候选,100,优质候选,4,C 短历史,Medium,80,短历史封顶；排雷需关注,数据质量中等，质量评级需降置信度；长期ROE达到行业优秀线；ROE稳定性较好；近5年无亏损；近5年经营现金流持续为正；自由现金流整体为正；资产负债率符合行业语境；营收增长达到行业较好水平,规则与AI均认可质量，排雷侧因单项风险给出需关注状态，适合进入人工复核清单；但数据年数少于5年，长期ROE、波动和CAGR应按短历史估计降置信度
301628,CN,强达电路,通用,优质池,86.3,86.3,86.3,优质池,否,否,否,否,综合分未达核心阈值,优质候选,98,可跟踪,7,B 中等历史,Medium,87,-,数据质量中等，质量评级需降置信度；长期ROE达到行业优秀线；ROE稳定性较好；近5年无亏损；近5年经营现金流持续为正；自由现金流数据缺失，评级保守；资产负债率符合行业语境；营收增长达到行业较好水平,规则和AI评级不完全一致，可作为人工复核优先项
603855,CN,华荣股份,通用,优质池,86.3,86.3,86.3,优质池,否,否,否,否,综合分未达核心阈值,优质候选,97,可跟踪,10,A 完整历史,High,100,-,数据质量高；长期ROE达到行业优秀线；ROE稳定性较好；近5年无亏损；近5年经营现金流持续为正；自由现金流数据缺失，评级保守；资产负债率符合行业语境；营收增长处于可接受区间,规则和AI评级不完全一致，可作为人工复核优先项
000885,CN,城发环境,通用,优质池,86.3,86.3,86.3,优质池,否,否,否,否,综合分未达核心阈值,优质候选,95,可跟踪,10,A 完整历史,High,100,-,数据质量高；长期ROE达到行业优秀线；ROE稳定性较好；近5年无亏损；近5年经营现金流持续为正；自由现金流数据缺失，评级保守；资产负债率略高但未构成硬伤；营收增长达到行业较好水平,规则和AI评级不完全一致，可作为人工复核优先项
301413,CN,安培龙,通用,优质池,86.3,86.3,86.3,优质池,否,否,否,否,综合分未达核心阈值,优质候选,89,优质候选,8,B 中等历史,High,100,-,数据质量高；长期ROE达到行业基本线；ROE稳定性较好；近5年无亏损；近5年经营现金流持续为正；自由现金流数据缺失，评级保守；资产负债率符合行业语境；营收增长达到行业较好水平,规则质量评级与AI评级一致；数据历史未满10年，长期质量结论仍需补充更长周期验证
AGX,US,"Argan, Inc. Common Stock",周期,优质池,78.0,86.3,86.3,优质池,是,是,否,否,短历史封顶生效,优质候选,89,优质候选,4,C 短历史,Medium,80,短历史封顶,数据质量中等，质量评级需降置信度；长期ROE达到行业优秀线；ROE稳定性较好；近5年无亏损；经营现金流存在瑕疵；自由现金流整体为正；资产负债率符合行业语境；营收增长达到行业较好水平,规则质量评级与AI评级一致；但数据年数少于5年，长期ROE、波动和CAGR应按短历史估计降置信度
301509,CN,金凯生科,通用,优质池,86.2,86.2,86.2,优质池,否,否,否,否,综合分未达核心阈值,优质候选,100,可跟踪,8,B 中等历史,High,100,-,数据质量高；长期ROE达到行业优秀线；ROE稳定性较好；近5年无亏损；近5年经营现金流持续为正；自由现金流数据缺失，评级保守；资产负债率符合行业语境；营收增长达到行业较好水平,规则和AI评级不完全一致，可作为人工复核优先项
NFG,US,National Fuel Gas Company Common Stock,周期,优质池,78.0,86.2,86.2,优质池,是,是,否,否,短历史封顶生效,优质候选,100,可跟踪,4,C 短历史,Medium,80,短历史封顶,数据质量中等，质量评级需降置信度；长期ROE达到行业优秀线；ROE稳定性较好；近5年无亏损；近5年经营现金流持续为正；自由现金流整体为正；资产负债率符合行业语境；营收增长处于可接受区间,规则和AI评级不完全一致，可作为人工复核优先项
KAI,US,Kadant Inc Common Stock,通用,可研究池,74.0,90.2,86.2,优质池,是,是,是,否,短历史封顶生效；排雷状态扣分,优质候选,100,优质候选,4,C 短历史,Medium,80,短历史封顶；排雷需关注,数据质量中等，质量评级需降置信度；长期ROE达到行业优秀线；ROE稳定性较好；近5年无亏损；近5年经营现金流持续为正；自由现金流整体为正；资产负债率符合行业语境；营收增长达到行业较好水平,规则与AI均认可质量，排雷侧因单项风险给出需关注状态，适合进入人工复核清单；但数据年数少于5年，长期ROE、波动和CAGR应按短历史估计降置信度
EOG,US,"EOG Resources, Inc. Common Stock",周期,可研究池,74.0,90.2,86.2,优质池,是,是,是,否,短历史封顶生效；排雷状态扣分,优质候选,99,优质候选,4,C 短历史,Medium,80,短历史封顶；排雷需关注,数据质量中等，质量评级需降置信度；长期ROE达到行业优秀线；ROE稳定性较好；近5年无亏损；近5年经营现金流持续为正；自由现金流整体为正；资产负债率符合行业语境；周期行业营收下滑，需结合行业周期位置,规则与AI均认可质量，排雷侧因单项风险给出需关注状态，适合进入人工复核清单；但数据年数少于5年，长期ROE、波动和CAGR应按短历史估计降置信度
603210,CN,泰鸿万立,通用,优质池,86.2,86.2,86.2,优质池,否,否,否,否,综合分未达核心阈值,优质候选,98,优质候选,6,B 中等历史,Medium,75,-,数据质量中等，质量评级需降置信度；长期ROE达到行业优秀线；ROE稳定性较好；近5年无亏损；近5年经营现金流持续为正；自由现金流数据缺失，评级保守；资产负债率符合行业语境；营收增长达到行业较好水平,规则质量评级与AI评级一致；数据历史未满10年，长期质量结论仍需补充更长周期验证
688338,CN,赛科希德,通用,优质池,86.2,86.2,86.2,优质池,否,否,否,否,综合分未达核心阈值,优质候选,97,可跟踪,10,A 完整历史,High,100,-,数据质量高；长期ROE达到行业优秀线；ROE稳定性较好；近5年无亏损；近5年经营现金流持续为正；自由现金流数据缺失，评级保守；资产负债率符合行业语境；营收增长处于可接受区间,规则和AI评级不完全一致，可作为人工复核优先项
603788,CN,宁波高发,通用,优质池,86.2,86.2,86.2,优质池,否,否,否,否,综合分未达核心阈值,优质候选,89,可跟踪,10,A 完整历史,High,100,-,数据质量高；长期ROE达到行业基本线；ROE稳定性较好；近5年无亏损；近5年经营现金流持续为正；自由现金流数据缺失，评级保守；资产负债率符合行业语境；营收增长达到行业较好水平,规则和AI评级不完全一致，可作为人工复核优先项
000603,CN,盛达资源,通用,优质池,86.1,86.1,86.1,优质池,否,否,否,否,综合分未达核心阈值,优质候选,100,可跟踪,10,A 完整历史,High,100,-,数据质量高；长期ROE达到行业优秀线；ROE稳定性较好；近5年无亏损；近5年经营现金流持续为正；自由现金流数据缺失，评级保守；资产负债率符合行业语境；营收增长达到行业较好水平,规则和AI评级不完全一致，可作为人工复核优先项
300870,CN,欧陆通,通用,优质池,86.1,86.1,86.1,优质池,否,否,否,否,综合分未达核心阈值,优质候选,100,可跟踪,10,A 完整历史,High,100,-,数据质量高；长期ROE达到行业优秀线；ROE稳定性较好；近5年无亏损；近5年经营现金流持续为正；自由现金流数据缺失，评级保守；资产负债率符合行业语境；营收增长达到行业较好水平,规则和AI评级不完全一致，可作为人工复核优先项
603088,CN,宁波精达,通用,优质池,86.1,86.1,86.1,优质池,否,否,否,否,综合分未达核心阈值,优质候选,100,可跟踪,10,A 完整历史,High,100,-,数据质量高；长期ROE达到行业优秀线；ROE稳定性较好；近5年无亏损；近5年经营现金流持续为正；自由现金流数据缺失，评级保守；资产负债率符合行业语境；营收增长达到行业较好水平,规则和AI评级不完全一致，可作为人工复核优先项
603920,CN,世运电路,通用,优质池,86.1,86.1,86.1,优质池,否,否,否,否,综合分未达核心阈值,优质候选,100,可跟踪,10,A 完整历史,High,100,-,数据质量高；长期ROE达到行业优秀线；ROE稳定性较好；近5年无亏损；近5年经营现金流持续为正；自由现金流数据缺失，评级保守；资产负债率符合行业语境；营收增长达到行业较好水平,规则和AI评级不完全一致，可作为人工复核优先项
688122,CN,西部超导,通用,优质池,86.1,86.1,86.1,优质池,否,否,否,否,综合分未达核心阈值,优质候选,100,可跟踪,10,A 完整历史,High,100,-,数据质量高；长期ROE达到行业优秀线；ROE稳定性较好；近5年无亏损；近5年经营现金流持续为正；自由现金流数据缺失，评级保守；资产负债率符合行业语境；营收增长达到行业较好水平,规则和AI评级不完全一致，可作为人工复核优先项
688612,CN,威迈斯,通用,优质池,86.1,90.1,86.1,优质池,否,否,是,否,排雷状态扣分,优质候选,100,优质候选,10,A 完整历史,High,100,排雷需关注,数据质量高；长期ROE达到行业优秀线；ROE稳定性较好；近5年无亏损；近5年经营现金流持续为正；自由现金流数据缺失，评级保守；资产负债率符合行业语境；营收增长达到行业较好水平,规则与AI均认可质量，排雷侧因单项风险给出需关注状态，适合进入人工复核清单
688819,CN,天能股份,通用,优质池,86.1,86.1,86.1,优质池,否,否,否,否,综合分未达核心阈值,优质候选,100,可跟踪,10,A 完整历史,High,100,-,数据质量高；长期ROE达到行业优秀线；ROE稳定性较好；近5年无亏损；近5年经营现金流持续为正；自由现金流数据缺失，评级保守；资产负债率符合行业语境；营收增长达到行业较好水平,规则和AI评级不完全一致，可作为人工复核优先项
CMG,US,"Chipotle Mexican Grill, Inc. Common Stock",通用,可研究池,74.0,90.1,86.1,优质池,是,是,是,否,短历史封顶生效；排雷状态扣分,优质候选,100,优质候选,4,C 短历史,Medium,80,短历史封顶；排雷需关注,数据质量中等，质量评级需降置信度；长期ROE达到行业优秀线；ROE稳定性较好；近5年无亏损；近5年经营现金流持续为正；自由现金流整体为正；资产负债率略高但未构成硬伤；营收增长达到行业较好水平,规则与AI均认可质量，排雷侧因单项风险给出需关注状态，适合进入人工复核清单；但数据年数少于5年，长期ROE、波动和CAGR应按短历史估计降置信度
LAUR,US,"Laureate Education, Inc. - Common Stock",通用,可研究池,74.0,90.1,86.1,优质池,是,是,是,否,短历史封顶生效；排雷状态扣分,优质候选,100,优质候选,4,C 短历史,Medium,80,短历史封顶；排雷需关注,数据质量中等，质量评级需降置信度；长期ROE达到行业优秀线；ROE稳定性较好；近5年无亏损；近5年经营现金流持续为正；自由现金流整体为正；资产负债率符合行业语境；营收增长达到行业较好水平,规则与AI均认可质量，排雷侧因单项风险给出需关注状态，适合进入人工复核清单；但数据年数少于5年，长期ROE、波动和CAGR应按短历史估计降置信度
TEX,US,Terex Corporation Common Stock,周期,可研究池,74.0,90.1,86.1,优质池,是,是,是,否,短历史封顶生效；排雷状态扣分,优质候选,100,优质候选,4,C 短历史,Medium,80,短历史封顶；排雷需关注,数据质量中等，质量评级需降置信度；长期ROE达到行业优秀线；ROE稳定性较好；近5年无亏损；近5年经营现金流持续为正；自由现金流整体为正；资产负债率符合行业语境；营收增长达到行业较好水平,规则与AI均认可质量，排雷侧因单项风险给出需关注状态，适合进入人工复核清单；但数据年数少于5年，长期ROE、波动和CAGR应按短历史估计降置信度
001965,CN,招商公路,通用,优质池,86.1,86.1,86.1,优质池,否,否,否,否,综合分未达核心阈值,优质候选,89,优质候选,10,A 完整历史,High,100,-,数据质量高；长期ROE达到行业基本线；ROE稳定性较好；近5年无亏损；近5年经营现金流持续为正；自由现金流数据缺失，评级保守；资产负债率符合行业语境；营收增长达到行业较好水平,规则质量评级与AI评级一致
300304,CN,云意电气,通用,优质池,86.1,86.1,86.1,优质池,否,否,否,否,综合分未达核心阈值,优质候选,89,优质候选,10,A 完整历史,High,100,-,数据质量高；长期ROE达到行业基本线；ROE稳定性较好；近5年无亏损；近5年经营现金流持续为正；自由现金流数据缺失，评级保守；资产负债率符合行业语境；营收增长达到行业较好水平,规则质量评级与AI评级一致
301507,CN,民生健康,通用,优质池,86.1,86.1,86.1,优质池,否,否,否,否,综合分未达核心阈值,优质候选,89,可跟踪,8,B 中等历史,High,100,-,数据质量高；长期ROE达到行业基本线；ROE稳定性较好；近5年无亏损；近5年经营现金流持续为正；自由现金流数据缺失，评级保守；资产负债率符合行业语境；营收增长达到行业较好水平,规则和AI评级不完全一致，可作为人工复核优先项
002880,CN,卫光生物,通用,优质池,86.0,86.0,86.0,优质池,否,否,否,否,综合分未达核心阈值,优质候选,100,可跟踪,10,A 完整历史,High,100,-,数据质量高；长期ROE达到行业优秀线；ROE稳定性较好；近5年无亏损；近5年经营现金流持续为正；自由现金流数据缺失，评级保守；资产负债率符合行业语境；营收增长达到行业较好水平,规则和AI评级不完全一致，可作为人工复核优先项
301316,CN,慧博云通,通用,优质池,86.0,86.0,86.0,优质池,否,否,否,否,综合分未达核心阈值,优质候选,100,可跟踪,10,A 完整历史,High,100,-,数据质量高；长期ROE达到行业优秀线；ROE稳定性较好；近5年无亏损；近5年经营现金流持续为正；自由现金流数据缺失，评级保守；资产负债率符合行业语境；营收增长达到行业较好水平,规则和AI评级不完全一致，可作为人工复核优先项
603506,CN,南都物业,通用,优质池,86.0,86.0,86.0,优质池,否,否,否,否,综合分未达核心阈值,优质候选,100,可跟踪,10,A 完整历史,High,100,-,数据质量高；长期ROE达到行业优秀线；ROE稳定性较好；近5年无亏损；近5年经营现金流持续为正；自由现金流数据缺失，评级保守；资产负债率符合行业语境；营收增长达到行业较好水平,规则和AI评级不完全一致，可作为人工复核优先项
920106,CN,林泰新材,通用,优质池,86.0,90.0,86.0,优质池,否,否,是,否,排雷状态扣分,优质候选,98,优质候选,7,B 中等历史,Medium,87,排雷需关注,数据质量中等，质量评级需降置信度；长期ROE达到行业优秀线；ROE稳定性较好；近5年无亏损；近5年经营现金流持续为正；自由现金流数据缺失，评级保守；资产负债率符合行业语境；营收增长达到行业较好水平,规则与AI均认可质量，排雷侧因单项风险给出需关注状态，适合进入人工复核清单；数据历史未满10年，长期质量结论仍需补充更长周期验证
920576,CN,天力复合,通用,优质池,86.0,86.0,86.0,优质池,否,否,否,否,综合分未达核心阈值,优质候选,97,可跟踪,8,B 中等历史,High,100,-,数据质量高；长期ROE达到行业优秀线；ROE稳定性较好；近5年无亏损；近5年经营现金流持续为正；自由现金流数据缺失，评级保守；资产负债率符合行业语境；营收增长处于可接受区间,规则和AI评级不完全一致，可作为人工复核优先项
SXT,US,Sensient Technologies Corporation Common Stock,周期,优质池,78.0,85.9,85.9,优质池,是,是,否,否,短历史封顶生效,优质候选,100,可跟踪,4,C 短历史,Medium,80,短历史封顶,数据质量中等，质量评级需降置信度；长期ROE达到行业优秀线；ROE稳定性较好；近5年无亏损；近5年经营现金流持续为正；自由现金流整体为正；资产负债率符合行业语境；营收增长处于可接受区间,规则和AI评级不完全一致，可作为人工复核优先项
001221,CN,悍高集团,通用,优质池,85.9,89.9,85.9,优质池,否,否,是,否,排雷状态扣分,优质候选,98,优质候选,7,B 中等历史,Medium,87,排雷需关注,数据质量中等，质量评级需降置信度；长期ROE达到行业优秀线；ROE稳定性较好；近5年无亏损；近5年经营现金流持续为正；自由现金流数据缺失，评级保守；资产负债率符合行业语境；营收增长达到行业较好水平,规则与AI均认可质量，排雷侧因单项风险给出需关注状态，适合进入人工复核清单；数据历史未满10年，长期质量结论仍需补充更长周期验证
300802,CN,矩子科技,科技,优质池,85.9,85.9,85.9,优质池,否,否,否,否,综合分未达核心阈值,优质候选,97,可跟踪,10,A 完整历史,High,100,-,数据质量高；长期ROE达到行业优秀线；ROE稳定性较好；近5年无亏损；近5年经营现金流持续为正；自由现金流数据缺失，评级保守；资产负债率符合行业语境；营收增长处于可接受区间,规则和AI评级不完全一致，可作为人工复核优先项
EW,US,Edwards Lifesciences Corporation Common Stock,通用,可研究池,74.0,89.9,85.9,优质池,是,是,是,否,短历史封顶生效；排雷状态扣分,优质候选,95,优质候选,4,C 短历史,Medium,80,短历史封顶；排雷需关注,数据质量中等，质量评级需降置信度；长期ROE达到行业优秀线；ROE波动偏大；近5年无亏损；近5年经营现金流持续为正；自由现金流整体为正；资产负债率符合行业语境；营收增长达到行业较好水平,规则与AI均认可质量，排雷侧因单项风险给出需关注状态，适合进入人工复核清单；但数据年数少于5年，长期ROE、波动和CAGR应按短历史估计降置信度
PG,US,Procter & Gamble Company (The) Common Stock,消费,可研究池,74.0,89.9,85.9,优质池,是,是,是,否,短历史封顶生效；排雷状态扣分,优质候选,93,优质候选,4,C 短历史,Medium,80,短历史封顶；排雷需关注,数据质量中等，质量评级需降置信度；长期ROE达到行业优秀线；ROE稳定性较好；近5年无亏损；近5年经营现金流持续为正；自由现金流整体为正；资产负债率符合行业语境；营收增长偏弱,规则与AI均认可质量，排雷侧因单项风险给出需关注状态，适合进入人工复核清单；但数据年数少于5年，长期ROE、波动和CAGR应按短历史估计降置信度
300119,CN,瑞普生物,通用,优质池,85.9,85.9,85.9,优质池,否,否,否,否,综合分未达核心阈值,优质候选,89,优质候选,10,A 完整历史,High,100,-,数据质量高；长期ROE达到行业基本线；ROE稳定性较好；近5年无亏损；近5年经营现金流持续为正；自由现金流数据缺失，评级保守；资产负债率符合行业语境；营收增长达到行业较好水平,规则质量评级与AI评级一致
002913,CN,奥士康,通用,优质池,85.8,85.8,85.8,优质池,否,否,否,否,综合分未达核心阈值,优质候选,100,可跟踪,10,A 完整历史,High,100,-,数据质量高；长期ROE达到行业优秀线；ROE稳定性较好；近5年无亏损；近5年经营现金流持续为正；自由现金流数据缺失，评级保守；资产负债率符合行业语境；营收增长达到行业较好水平,规则和AI评级不完全一致，可作为人工复核优先项
301055,CN,张小泉,通用,优质池,85.8,85.8,85.8,优质池,否,否,否,否,综合分未达核心阈值,优质候选,100,可跟踪,9,B 中等历史,High,100,-,数据质量高；长期ROE达到行业优秀线；ROE稳定性较好；近5年无亏损；近5年经营现金流持续为正；自由现金流数据缺失，评级保守；资产负债率符合行业语境；营收增长达到行业较好水平,规则和AI评级不完全一致，可作为人工复核优先项
920378,CN,泰德股份,通用,优质池,85.8,85.8,85.8,优质池,否,否,否,否,综合分未达核心阈值,优质候选,100,可跟踪,10,A 完整历史,High,100,-,数据质量高；长期ROE达到行业优秀线；ROE稳定性较好；近5年无亏损；近5年经营现金流持续为正；自由现金流数据缺失，评级保守；资产负债率符合行业语境；营收增长达到行业较好水平,规则和AI评级不完全一致，可作为人工复核优先项
CRC,US,California Resources Corporation Common Stock,周期,优质池,78.0,85.8,85.8,优质池,是,是,否,否,短历史封顶生效,优质候选,100,可跟踪,4,C 短历史,Medium,80,短历史封顶,数据质量中等，质量评级需降置信度；长期ROE达到行业优秀线；ROE稳定性较好；近5年无亏损；近5年经营现金流持续为正；自由现金流整体为正；资产负债率符合行业语境；营收增长处于可接受区间,规则和AI评级不完全一致，可作为人工复核优先项
ATR,US,"AptarGroup, Inc. Common Stock",通用,可研究池,74.0,89.8,85.8,优质池,是,是,是,否,短历史封顶生效；排雷状态扣分,优质候选,100,优质候选,4,C 短历史,Medium,80,短历史封顶；排雷需关注,数据质量中等，质量评级需降置信度；长期ROE达到行业优秀线；ROE稳定性较好；近5年无亏损；近5年经营现金流持续为正；自由现金流整体为正；资产负债率符合行业语境；营收增长达到行业较好水平,规则与AI均认可质量，排雷侧因单项风险给出需关注状态，适合进入人工复核清单；但数据年数少于5年，长期ROE、波动和CAGR应按短历史估计降置信度
BLK,US,"BlackRock, Inc. Common Stock",通用,可研究池,74.0,89.8,85.8,优质池,是,是,是,否,短历史封顶生效；排雷状态扣分,优质候选,100,优质候选,4,C 短历史,Medium,80,短历史封顶；排雷需关注,数据质量中等，质量评级需降置信度；长期ROE达到行业优秀线；ROE稳定性较好；近5年无亏损；近5年经营现金流持续为正；自由现金流整体为正；资产负债率符合行业语境；营收增长达到行业较好水平,规则与AI均认可质量，排雷侧因单项风险给出需关注状态，适合进入人工复核清单；但数据年数少于5年，长期ROE、波动和CAGR应按短历史估计降置信度
FCFS,US,"FirstCash Holdings, Inc. - Common Stock",通用,可研究池,74.0,89.8,85.8,优质池,是,是,是,否,短历史封顶生效；排雷状态扣分,优质候选,100,优质候选,4,C 短历史,Medium,80,短历史封顶；排雷需关注,数据质量中等，质量评级需降置信度；长期ROE达到行业优秀线；ROE稳定性较好；近5年无亏损；近5年经营现金流持续为正；自由现金流整体为正；资产负债率符合行业语境；营收增长达到行业较好水平,规则与AI均认可质量，排雷侧因单项风险给出需关注状态，适合进入人工复核清单；但数据年数少于5年，长期ROE、波动和CAGR应按短历史估计降置信度
603676,CN,卫信康,通用,优质池,85.8,85.8,85.8,优质池,否,否,否,否,综合分未达核心阈值,优质候选,97,可跟踪,10,A 完整历史,High,100,-,数据质量高；长期ROE达到行业优秀线；ROE稳定性较好；近5年无亏损；近5年经营现金流持续为正；自由现金流数据缺失，评级保守；资产负债率符合行业语境；营收增长处于可接受区间,规则和AI评级不完全一致，可作为人工复核优先项
000920,CN,沃顿科技,科技,优质池,85.8,85.8,85.8,优质池,否,否,否,否,综合分未达核心阈值,优质候选,89,可跟踪,10,A 完整历史,High,100,-,数据质量高；长期ROE达到行业基本线；ROE稳定性较好；近5年无亏损；近5年经营现金流持续为正；自由现金流数据缺失，评级保守；资产负债率符合行业语境；营收增长达到行业较好水平,规则和AI评级不完全一致，可作为人工复核优先项
301215,CN,中汽股份,通用,优质池,85.8,85.8,85.8,优质池,否,否,否,否,综合分未达核心阈值,优质候选,89,优质候选,9,B 中等历史,High,100,-,数据质量高；长期ROE达到行业基本线；ROE稳定性较好；近5年无亏损；近5年经营现金流持续为正；自由现金流数据缺失，评级保守；资产负债率符合行业语境；营收增长达到行业较好水平,规则质量评级与AI评级一致；数据历史未满10年，长期质量结论仍需补充更长周期验证
688138,CN,清溢光电,通用,优质池,85.8,85.8,85.8,优质池,否,否,否,否,综合分未达核心阈值,优质候选,89,优质候选,10,A 完整历史,High,100,-,数据质量高；长期ROE达到行业基本线；ROE稳定性较好；近5年无亏损；近5年经营现金流持续为正；自由现金流数据缺失，评级保守；资产负债率符合行业语境；营收增长达到行业较好水平,规则质量评级与AI评级一致
688318,CN,财富趋势,通用,优质池,85.7,85.7,85.7,优质池,否,否,否,否,综合分未达核心阈值,优质候选,100,可跟踪,10,A 完整历史,High,100,-,数据质量高；长期ROE达到行业优秀线；ROE稳定性较好；近5年无亏损；近5年经营现金流持续为正；自由现金流数据缺失，评级保守；资产负债率符合行业语境；营收增长达到行业较好水平,规则和AI评级不完全一致，可作为人工复核优先项
688432,CN,有研硅,通用,优质池,85.7,85.7,85.7,优质池,否,否,否,否,综合分未达核心阈值,优质候选,100,可跟踪,8,B 中等历史,High,100,-,数据质量高；长期ROE达到行业优秀线；ROE稳定性较好；近5年无亏损；近5年经营现金流持续为正；自由现金流数据缺失，评级保守；资产负债率符合行业语境；营收增长达到行业较好水平,规则和AI评级不完全一致，可作为人工复核优先项
BWXT,US,"BWX Technologies, Inc. Common Stock",通用,可研究池,74.0,89.7,85.7,优质池,是,是,是,否,短历史封顶生效；排雷状态扣分,优质候选,100,优质候选,4,C 短历史,Medium,80,短历史封顶；排雷需关注,数据质量中等，质量评级需降置信度；长期ROE达到行业优秀线；ROE稳定性较好；近5年无亏损；近5年经营现金流持续为正；自由现金流整体为正；资产负债率略高但未构成硬伤；营收增长达到行业较好水平,规则与AI均认可质量，排雷侧因单项风险给出需关注状态，适合进入人工复核清单；但数据年数少于5年，长期ROE、波动和CAGR应按短历史估计降置信度
ELV,US,"Elevance Health, Inc. Common Stock",通用,可研究池,74.0,89.7,85.7,优质池,是,是,是,否,短历史封顶生效；排雷状态扣分,优质候选,100,优质候选,4,C 短历史,Medium,80,短历史封顶；排雷需关注,数据质量中等，质量评级需降置信度；长期ROE达到行业优秀线；ROE稳定性较好；近5年无亏损；近5年经营现金流持续为正；自由现金流整体为正；资产负债率符合行业语境；营收增长达到行业较好水平,规则与AI均认可质量，排雷侧因单项风险给出需关注状态，适合进入人工复核清单；但数据年数少于5年，长期ROE、波动和CAGR应按短历史估计降置信度
600925,CN,苏能股份,通用,优质池,85.7,85.7,85.7,优质池,否,否,否,否,综合分未达核心阈值,优质候选,97,可跟踪,8,B 中等历史,High,100,-,数据质量高；长期ROE达到行业优秀线；ROE稳定性较好；近5年无亏损；近5年经营现金流持续为正；自由现金流数据缺失，评级保守；资产负债率符合行业语境；营收增长处于可接受区间,规则和AI评级不完全一致，可作为人工复核优先项
BOSC,US,B.O.S. Better Online Solutions - Ordinary Shares,通用,优质池,78.0,85.7,85.7,优质池,是,是,否,否,短历史封顶生效,优质候选,95,可跟踪,4,C 短历史,Medium,80,短历史封顶,数据质量中等，质量评级需降置信度；长期ROE达到行业基本线；ROE稳定性较好；近5年无亏损；近5年经营现金流持续为正；自由现金流整体为正；资产负债率符合行业语境；营收增长达到行业较好水平,规则和AI评级不完全一致，可作为人工复核优先项
CAAS,US,"China Automotive Systems, Inc. - Ordinary Share",通用,优质池,78.0,85.7,85.7,优质池,是,是,否,否,短历史封顶生效,优质候选,95,优质候选,4,C 短历史,Medium,80,短历史封顶,数据质量中等，质量评级需降置信度；长期ROE达到行业基本线；ROE稳定性较好；近5年无亏损；近5年经营现金流持续为正；自由现金流整体为正；资产负债率符合行业语境；营收增长达到行业较好水平,规则质量评级与AI评级一致；但数据年数少于5年，长期ROE、波动和CAGR应按短历史估计降置信度
603456,CN,九洲药业,通用,优质池,85.7,85.7,85.7,优质池,否,否,否,否,综合分未达核心阈值,优质候选,89,可跟踪,10,A 完整历史,High,100,-,数据质量高；长期ROE达到行业基本线；ROE稳定性较好；近5年无亏损；近5年经营现金流持续为正；自由现金流数据缺失，评级保守；资产负债率符合行业语境；营收增长达到行业较好水平,规则和AI评级不完全一致，可作为人工复核优先项
920091,CN,大鹏工业,通用,优质池,85.7,88.7,85.7,优质池,否,否,否,是,规则AI分歧扣分,可跟踪,83,优质候选,9,B 中等历史,High,100,规则AI分歧,数据质量高；长期ROE达到行业优秀线；ROE稳定性较好；近5年无亏损；经营现金流存在瑕疵；自由现金流数据缺失，评级保守；资产负债率符合行业语境；营收增长达到行业较好水平,AI认为质量突出，规则侧可能因单项风险保守处理
300660,CN,江苏雷利,通用,优质池,85.6,85.6,85.6,优质池,否,否,否,否,综合分未达核心阈值,优质候选,100,可跟踪,10,A 完整历史,High,100,-,数据质量高；长期ROE达到行业优秀线；ROE稳定性较好；近5年无亏损；近5年经营现金流持续为正；自由现金流数据缺失，评级保守；资产负债率符合行业语境；营收增长达到行业较好水平,规则和AI评级不完全一致，可作为人工复核优先项
300790,CN,宇瞳光学,通用,优质池,85.6,85.6,85.6,优质池,否,否,否,否,综合分未达核心阈值,优质候选,100,可跟踪,10,A 完整历史,High,100,-,数据质量高；长期ROE达到行业优秀线；ROE稳定性较好；近5年无亏损；近5年经营现金流持续为正；自由现金流数据缺失，评级保守；资产负债率符合行业语境；营收增长达到行业较好水平,规则和AI评级不完全一致，可作为人工复核优先项
301007,CN,德迈仕,通用,优质池,85.6,85.6,85.6,优质池,否,否,否,否,综合分未达核心阈值,优质候选,100,可跟踪,10,A 完整历史,High,100,-,数据质量高；长期ROE达到行业优秀线；ROE稳定性较好；近5年无亏损；近5年经营现金流持续为正；自由现金流数据缺失，评级保守；资产负债率符合行业语境；营收增长达到行业较好水平,规则和AI评级不完全一致，可作为人工复核优先项
301057,CN,汇隆新材,通用,优质池,85.6,85.6,85.6,优质池,否,否,否,否,综合分未达核心阈值,优质候选,100,可跟踪,10,A 完整历史,High,100,-,数据质量高；长期ROE达到行业优秀线；ROE稳定性较好；近5年无亏损；近5年经营现金流持续为正；自由现金流数据缺失，评级保守；资产负债率符合行业语境；营收增长达到行业较好水平,规则和AI评级不完全一致，可作为人工复核优先项
920640,CN,富士达,通用,优质池,85.6,85.6,85.6,优质池,否,否,否,否,综合分未达核心阈值,优质候选,100,可跟踪,10,A 完整历史,High,100,-,数据质量高；长期ROE达到行业优秀线；ROE稳定性较好；近5年无亏损；近5年经营现金流持续为正；自由现金流数据缺失，评级保守；资产负债率符合行业语境；营收增长达到行业较好水平,规则和AI评级不完全一致，可作为人工复核优先项
KNF,US,Knife Riv Holding Co. Common Stock,周期,优质池,78.0,85.6,85.6,优质池,是,是,否,否,短历史封顶生效,优质候选,100,可跟踪,4,C 短历史,Medium,80,短历史封顶,数据质量中等，质量评级需降置信度；长期ROE达到行业优秀线；ROE稳定性较好；近5年无亏损；近5年经营现金流持续为正；自由现金流整体为正；资产负债率符合行业语境；营收增长达到行业较好水平,规则和AI评级不完全一致，可作为人工复核优先项
IMO,US,Imperial Oil Limited Common Stock,周期,可研究池,74.0,89.6,85.6,优质池,是,是,是,否,短历史封顶生效；排雷状态扣分,优质候选,99,优质候选,4,C 短历史,Medium,80,短历史封顶；排雷需关注,数据质量中等，质量评级需降置信度；长期ROE达到行业优秀线；ROE稳定性较好；近5年无亏损；近5年经营现金流持续为正；自由现金流整体为正；资产负债率符合行业语境；周期行业营收下滑，需结合行业周期位置,规则与AI均认可质量，排雷侧因单项风险给出需关注状态，适合进入人工复核清单；但数据年数少于5年，长期ROE、波动和CAGR应按短历史估计降置信度
301596,CN,瑞迪智驱,通用,优质池,85.6,85.6,85.6,优质池,否,否,否,否,综合分未达核心阈值,优质候选,98,可跟踪,7,B 中等历史,Medium,87,-,数据质量中等，质量评级需降置信度；长期ROE达到行业优秀线；ROE稳定性较好；近5年无亏损；近5年经营现金流持续为正；自由现金流数据缺失，评级保守；资产负债率符合行业语境；营收增长达到行业较好水平,规则和AI评级不完全一致，可作为人工复核优先项
600388,CN,龙净环保,通用,优质池,85.6,85.6,85.6,优质池,否,否,否,否,综合分未达核心阈值,优质候选,97,可跟踪,10,A 完整历史,High,100,-,数据质量高；长期ROE达到行业优秀线；ROE稳定性较好；近5年无亏损；近5年经营现金流持续为正；自由现金流数据缺失，评级保守；资产负债率符合行业语境；营收增长处于可接受区间,规则和AI评级不完全一致，可作为人工复核优先项
601636,CN,旗滨集团,通用,优质池,85.6,85.6,85.6,优质池,否,否,否,否,综合分未达核心阈值,优质候选,97,可跟踪,10,A 完整历史,High,100,-,数据质量高；长期ROE达到行业优秀线；ROE稳定性较好；近5年无亏损；近5年经营现金流持续为正；自由现金流数据缺失，评级保守；资产负债率符合行业语境；营收增长处于可接受区间,规则和AI评级不完全一致，可作为人工复核优先项
INGR,US,Ingredion Incorporated Common Stock,消费,优质池,78.0,85.6,85.6,优质池,是,是,否,否,短历史封顶生效,优质候选,93,可跟踪,4,C 短历史,Medium,80,短历史封顶,数据质量中等，质量评级需降置信度；长期ROE达到行业优秀线；ROE稳定性较好；近5年无亏损；近5年经营现金流持续为正；自由现金流整体为正；资产负债率符合行业语境；营收增长偏弱,规则和AI评级不完全一致，可作为人工复核优先项
002273,CN,水晶光电,通用,优质池,85.6,85.6,85.6,优质池,否,否,否,否,综合分未达核心阈值,优质候选,89,优质候选,10,A 完整历史,High,100,-,数据质量高；长期ROE达到行业基本线；ROE稳定性较好；近5年无亏损；近5年经营现金流持续为正；自由现金流数据缺失，评级保守；资产负债率符合行业语境；营收增长达到行业较好水平,规则质量评级与AI评级一致
300496,CN,中科创达,通用,优质池,85.6,85.6,85.6,优质池,否,否,否,否,综合分未达核心阈值,优质候选,89,优质候选,10,A 完整历史,High,100,-,数据质量高；长期ROE达到行业基本线；ROE稳定性较好；近5年无亏损；近5年经营现金流持续为正；自由现金流数据缺失，评级保守；资产负债率符合行业语境；营收增长达到行业较好水平,规则质量评级与AI评级一致
605599,CN,菜百股份,通用,优质池,85.6,88.6,85.6,优质池,否,否,否,是,规则AI分歧扣分,可跟踪,83,优质候选,9,B 中等历史,High,100,规则AI分歧,数据质量高；长期ROE达到行业优秀线；ROE稳定性较好；近5年无亏损；经营现金流存在瑕疵；自由现金流数据缺失，评级保守；资产负债率符合行业语境；营收增长达到行业较好水平,AI认为质量突出，规则侧可能因单项风险保守处理
LBRT,US,Liberty Energy Inc. Class A common stock,周期,优质池,78.0,85.5,85.5,优质池,是,是,否,否,短历史封顶生效,优质候选,100,可跟踪,4,C 短历史,Medium,80,短历史封顶,数据质量中等，质量评级需降置信度；长期ROE达到行业优秀线；ROE稳定性较好；近5年无亏损；近5年经营现金流持续为正；自由现金流整体为正；资产负债率符合行业语境；营收增长处于可接受区间,规则和AI评级不完全一致，可作为人工复核优先项
CNM,US,"Core & Main, Inc. Class A Common Stock",通用,可研究池,74.0,89.5,85.5,优质池,是,是,是,否,短历史封顶生效；排雷状态扣分,优质候选,100,优质候选,4,C 短历史,Medium,80,短历史封顶；排雷需关注,数据质量中等，质量评级需降置信度；长期ROE达到行业优秀线；ROE稳定性较好；近5年无亏损；近5年经营现金流持续为正；自由现金流整体为正；资产负债率略高但未构成硬伤；营收增长达到行业较好水平,规则与AI均认可质量，排雷侧因单项风险给出需关注状态，适合进入人工复核清单；但数据年数少于5年，长期ROE、波动和CAGR应按短历史估计降置信度
FCN,US,"FTI Consulting, Inc. Common Stock",通用,可研究池,74.0,89.5,85.5,优质池,是,是,是,否,短历史封顶生效；排雷状态扣分,优质候选,100,优质候选,4,C 短历史,Medium,80,短历史封顶；排雷需关注,数据质量中等，质量评级需降置信度；长期ROE达到行业优秀线；ROE稳定性较好；近5年无亏损；近5年经营现金流持续为正；自由现金流整体为正；资产负债率符合行业语境；营收增长达到行业较好水平,规则与AI均认可质量，排雷侧因单项风险给出需关注状态，适合进入人工复核清单；但数据年数少于5年，长期ROE、波动和CAGR应按短历史估计降置信度
FELE,US,"Franklin Electric Co., Inc. - Common Stock",通用,可研究池,74.0,89.5,85.5,优质池,是,是,是,否,短历史封顶生效；排雷状态扣分,优质候选,100,优质候选,4,C 短历史,Medium,80,短历史封顶；排雷需关注,数据质量中等，质量评级需降置信度；长期ROE达到行业优秀线；ROE稳定性较好；近5年无亏损；近5年经营现金流持续为正；自由现金流整体为正；资产负债率符合行业语境；营收增长处于可接受区间,规则与AI均认可质量，排雷侧因单项风险给出需关注状态，适合进入人工复核清单；但数据年数少于5年，长期ROE、波动和CAGR应按短历史估计降置信度
HII,US,"Huntington Ingalls Industries, Inc. Common Stock",通用,可研究池,74.0,89.5,85.5,优质池,是,是,是,否,短历史封顶生效；排雷状态扣分,优质候选,100,优质候选,4,C 短历史,Medium,80,短历史封顶；排雷需关注,数据质量中等，质量评级需降置信度；长期ROE达到行业优秀线；ROE稳定性较好；近5年无亏损；近5年经营现金流持续为正；自由现金流整体为正；资产负债率符合行业语境；营收增长达到行业较好水平,规则与AI均认可质量，排雷侧因单项风险给出需关注状态，适合进入人工复核清单；但数据年数少于5年，长期ROE、波动和CAGR应按短历史估计降置信度
VMC,US,Vulcan Materials Company (Holding Company) Common Stock,周期,可研究池,74.0,89.5,85.5,优质池,是,是,是,否,短历史封顶生效；排雷状态扣分,优质候选,100,优质候选,4,C 短历史,Medium,80,短历史封顶；排雷需关注,数据质量中等，质量评级需降置信度；长期ROE达到行业优秀线；ROE稳定性较好；近5年无亏损；近5年经营现金流持续为正；自由现金流整体为正；资产负债率符合行业语境；营收增长处于可接受区间,规则与AI均认可质量，排雷侧因单项风险给出需关注状态，适合进入人工复核清单；但数据年数少于5年，长期ROE、波动和CAGR应按短历史估计降置信度
301611,CN,珂玛科技,科技,优质池,85.5,89.5,85.5,优质池,否,否,是,否,排雷状态扣分,优质候选,98,优质候选,7,B 中等历史,Medium,87,排雷需关注,数据质量中等，质量评级需降置信度；长期ROE达到行业优秀线；ROE稳定性较好；近5年无亏损；近5年经营现金流持续为正；自由现金流数据缺失，评级保守；资产负债率符合行业语境；营收增长达到行业较好水平,规则与AI均认可质量，排雷侧因单项风险给出需关注状态，适合进入人工复核清单；数据历史未满10年，长期质量结论仍需补充更长周期验证
688757,CN,胜科纳米,通用,优质池,85.5,85.5,85.5,优质池,否,否,否,否,综合分未达核心阈值,优质候选,98,优质候选,6,B 中等历史,Medium,75,-,数据质量中等，质量评级需降置信度；长期ROE达到行业优秀线；ROE稳定性较好；近5年无亏损；近5年经营现金流持续为正；自由现金流数据缺失，评级保守；资产负债率符合行业语境；营收增长达到行业较好水平,规则质量评级与AI评级一致；数据历史未满10年，长期质量结论仍需补充更长周期验证
300858,CN,科拓生物,通用,优质池,85.5,85.5,85.5,优质池,否,否,否,否,综合分未达核心阈值,优质候选,97,可跟踪,10,A 完整历史,High,100,-,数据质量高；长期ROE达到行业优秀线；ROE稳定性较好；近5年无亏损；近5年经营现金流持续为正；自由现金流数据缺失，评级保守；资产负债率符合行业语境；营收增长处于可接受区间,规则和AI评级不完全一致，可作为人工复核优先项
300978,CN,东箭科技,科技,优质池,85.5,85.5,85.5,优质池,否,否,否,否,综合分未达核心阈值,优质候选,97,可跟踪,10,A 完整历史,High,100,-,数据质量高；长期ROE达到行业优秀线；ROE稳定性较好；近5年无亏损；近5年经营现金流持续为正；自由现金流数据缺失，评级保守；资产负债率符合行业语境；营收增长处于可接受区间,规则和AI评级不完全一致，可作为人工复核优先项
600976,CN,健民集团,通用,优质池,85.5,85.5,85.5,优质池,否,否,否,否,综合分未达核心阈值,优质候选,97,可跟踪,10,A 完整历史,High,100,-,数据质量高；长期ROE达到行业优秀线；ROE稳定性较好；近5年无亏损；近5年经营现金流持续为正；自由现金流数据缺失，评级保守；资产负债率符合行业语境；营收增长处于可接受区间,规则和AI评级不完全一致，可作为人工复核优先项
601019,CN,山东出版,通用,优质池,85.5,85.5,85.5,优质池,否,否,否,否,综合分未达核心阈值,优质候选,97,可跟踪,10,A 完整历史,High,100,-,数据质量高；长期ROE达到行业优秀线；ROE稳定性较好；近5年无亏损；近5年经营现金流持续为正；自由现金流数据缺失，评级保守；资产负债率符合行业语境；营收增长处于可接受区间,规则和AI评级不完全一致，可作为人工复核优先项
688139,CN,海尔生物,通用,优质池,85.5,85.5,85.5,优质池,否,否,否,否,综合分未达核心阈值,优质候选,97,可跟踪,10,A 完整历史,High,100,-,数据质量高；长期ROE达到行业优秀线；ROE稳定性较好；近5年无亏损；近5年经营现金流持续为正；自由现金流数据缺失，评级保守；资产负债率符合行业语境；营收增长处于可接受区间,规则和AI评级不完全一致，可作为人工复核优先项
688558,CN,国盛智科,通用,优质池,85.5,85.5,85.5,优质池,否,否,否,否,综合分未达核心阈值,优质候选,97,可跟踪,9,B 中等历史,High,100,-,数据质量高；长期ROE达到行业优秀线；ROE稳定性较好；近5年无亏损；近5年经营现金流持续为正；自由现金流数据缺失，评级保守；资产负债率符合行业语境；营收增长处于可接受区间,规则和AI评级不完全一致，可作为人工复核优先项
WSO,US,"Watsco, Inc. Common Stock",通用,优质池,78.0,85.5,85.5,优质池,是,是,否,否,短历史封顶生效,优质候选,93,可跟踪,4,C 短历史,Medium,80,短历史封顶,数据质量中等，质量评级需降置信度；长期ROE达到行业优秀线；ROE稳定性较好；近5年无亏损；近5年经营现金流持续为正；自由现金流整体为正；资产负债率符合行业语境；营收增长偏弱,规则和AI评级不完全一致，可作为人工复核优先项
000887,CN,中鼎股份,通用,优质池,85.5,85.5,85.5,优质池,否,否,否,否,综合分未达核心阈值,优质候选,89,可跟踪,10,A 完整历史,High,100,-,数据质量高；长期ROE达到行业基本线；ROE稳定性较好；近5年无亏损；近5年经营现金流持续为正；自由现金流数据缺失，评级保守；资产负债率符合行业语境；营收增长达到行业较好水平,规则和AI评级不完全一致，可作为人工复核优先项
001219,CN,青岛食品,消费,优质池,85.5,85.5,85.5,优质池,否,否,否,否,综合分未达核心阈值,优质候选,89,可跟踪,10,A 完整历史,High,100,-,数据质量高；长期ROE达到行业基本线；ROE稳定性较好；近5年无亏损；近5年经营现金流持续为正；自由现金流数据缺失，评级保守；资产负债率符合行业语境；营收增长达到行业较好水平,规则和AI评级不完全一致，可作为人工复核优先项
002039,CN,黔源电力,通用,优质池,85.5,85.5,85.5,优质池,否,否,否,否,综合分未达核心阈值,优质候选,89,可跟踪,10,A 完整历史,High,100,-,数据质量高；长期ROE达到行业基本线；ROE稳定性较好；近5年无亏损；近5年经营现金流持续为正；自由现金流数据缺失，评级保守；资产负债率符合行业语境；营收增长达到行业较好水平,规则和AI评级不完全一致，可作为人工复核优先项
300814,CN,中富电路,通用,优质池,85.4,85.4,85.4,优质池,否,否,否,否,综合分未达核心阈值,优质候选,100,可跟踪,9,B 中等历史,High,100,-,数据质量高；长期ROE达到行业优秀线；ROE稳定性较好；近5年无亏损；近5年经营现金流持续为正；自由现金流数据缺失，评级保守；资产负债率符合行业语境；营收增长达到行业较好水平,规则和AI评级不完全一致，可作为人工复核优先项
300843,CN,胜蓝股份,通用,优质池,85.4,85.4,85.4,优质池,否,否,否,否,综合分未达核心阈值,优质候选,100,可跟踪,10,A 完整历史,High,100,-,数据质量高；长期ROE达到行业优秀线；ROE稳定性较好；近5年无亏损；近5年经营现金流持续为正；自由现金流数据缺失，评级保守；资产负债率符合行业语境；营收增长达到行业较好水平,规则和AI评级不完全一致，可作为人工复核优先项
300845,CN,捷安高科,通用,优质池,85.4,85.4,85.4,优质池,否,否,否,否,综合分未达核心阈值,优质候选,100,可跟踪,10,A 完整历史,High,100,-,数据质量高；长期ROE达到行业优秀线；ROE稳定性较好；近5年无亏损；近5年经营现金流持续为正；自由现金流数据缺失，评级保守；资产负债率符合行业语境；营收增长达到行业较好水平,规则和AI评级不完全一致，可作为人工复核优先项
600487,CN,亨通光电,通用,优质池,85.4,85.4,85.4,优质池,否,否,否,否,综合分未达核心阈值,优质候选,100,可跟踪,10,A 完整历史,High,100,-,数据质量高；长期ROE达到行业优秀线；ROE稳定性较好；近5年无亏损；近5年经营现金流持续为正；自由现金流数据缺失，评级保守；资产负债率符合行业语境；营收增长达到行业较好水平,规则和AI评级不完全一致，可作为人工复核优先项
OII,US,"Oceaneering International, Inc. Common Stock",周期,可研究池,74.0,89.4,85.4,优质池,是,是,是,否,短历史封顶生效；排雷状态扣分,优质候选,100,优质候选,4,C 短历史,Medium,80,短历史封顶；排雷需关注,数据质量中等，质量评级需降置信度；长期ROE达到行业优秀线；ROE稳定性较好；近5年无亏损；近5年经营现金流持续为正；自由现金流整体为正；资产负债率符合行业语境；营收增长达到行业较好水平,规则与AI均认可质量，排雷侧因单项风险给出需关注状态，适合进入人工复核清单；但数据年数少于5年，长期ROE、波动和CAGR应按短历史估计降置信度
000065,CN,北方国际,通用,优质池,85.4,85.4,85.4,优质池,否,否,否,否,综合分未达核心阈值,优质候选,97,可跟踪,10,A 完整历史,High,100,-,数据质量高；长期ROE达到行业优秀线；ROE稳定性较好；近5年无亏损；近5年经营现金流持续为正；自由现金流数据缺失，评级保守；资产负债率符合行业语境；营收增长处于可接受区间,规则和AI评级不完全一致，可作为人工复核优先项
002864,CN,盘龙药业,通用,优质池,85.4,85.4,85.4,优质池,否,否,否,否,综合分未达核心阈值,优质候选,89,可跟踪,10,A 完整历史,High,100,-,数据质量高；长期ROE达到行业基本线；ROE稳定性较好；近5年无亏损；近5年经营现金流持续为正；自由现金流数据缺失，评级保守；资产负债率符合行业语境；营收增长达到行业较好水平,规则和AI评级不完全一致，可作为人工复核优先项
600378,CN,昊华科技,科技,优质池,85.4,85.4,85.4,优质池,否,否,否,否,综合分未达核心阈值,优质候选,89,优质候选,10,A 完整历史,High,100,-,数据质量高；长期ROE达到行业基本线；ROE稳定性较好；近5年无亏损；近5年经营现金流持续为正；自由现金流数据缺失，评级保守；资产负债率符合行业语境；营收增长达到行业较好水平,规则质量评级与AI评级一致
301589,CN,诺瓦星云,通用,优质池,85.4,88.4,85.4,优质池,否,否,否,是,规则AI分歧扣分,可跟踪,83,优质候选,8,B 中等历史,High,100,规则AI分歧,数据质量高；长期ROE达到行业优秀线；ROE稳定性较好；近5年无亏损；经营现金流存在瑕疵；自由现金流数据缺失，评级保守；资产负债率符合行业语境；营收增长达到行业较好水平,AI认为质量突出，规则侧可能因单项风险保守处理
600988,CN,赤峰黄金,通用,优质池,85.3,89.3,85.3,优质池,否,否,是,否,排雷状态扣分,优质候选,100,优质候选,10,A 完整历史,High,100,排雷需关注,数据质量高；长期ROE达到行业优秀线；ROE稳定性较好；近5年无亏损；近5年经营现金流持续为正；自由现金流数据缺失，评级保守；资产负债率符合行业语境；营收增长达到行业较好水平,规则与AI均认可质量，排雷侧因单项风险给出需关注状态，适合进入人工复核清单
CLB,US,Core Laboratories Inc. Common Stock,周期,优质池,78.0,85.3,85.3,优质池,是,是,否,否,短历史封顶生效,优质候选,100,可跟踪,4,C 短历史,Medium,80,短历史封顶,数据质量中等，质量评级需降置信度；长期ROE达到行业优秀线；ROE稳定性较好；近5年无亏损；近5年经营现金流持续为正；自由现金流整体为正；资产负债率符合行业语境；营收增长处于可接受区间,规则和AI评级不完全一致，可作为人工复核优先项
MSM,US,"MSC Industrial Direct Company, Inc. Common Stock",通用,可研究池,74.0,89.3,85.3,优质池,是,是,是,否,短历史封顶生效；排雷状态扣分,优质候选,100,可跟踪,4,C 短历史,Medium,80,短历史封顶；排雷需关注,数据质量中等，质量评级需降置信度；长期ROE达到行业优秀线；ROE稳定性较好；近5年无亏损；近5年经营现金流持续为正；自由现金流整体为正；资产负债率符合行业语境；营收增长处于可接受区间,规则和AI评级不完全一致，可作为人工复核优先项
001356,CN,富岭股份,通用,优质池,85.3,85.3,85.3,优质池,否,否,否,否,综合分未达核心阈值,优质候选,98,可跟踪,7,B 中等历史,Medium,87,-,数据质量中等，质量评级需降置信度；长期ROE达到行业优秀线；ROE稳定性较好；近5年无亏损；近5年经营现金流持续为正；自由现金流数据缺失，评级保守；资产负债率符合行业语境；营收增长达到行业较好水平,规则和AI评级不完全一致，可作为人工复核优先项
301015,CN,百洋医药,通用,优质池,85.3,85.3,85.3,优质池,否,否,否,否,综合分未达核心阈值,优质候选,89,可跟踪,10,A 完整历史,High,100,-,数据质量高；长期ROE达到行业优秀线；ROE稳定性较好；近5年无亏损；近5年经营现金流持续为正；自由现金流数据缺失，评级保守；资产负债率略高但未构成硬伤；营收增长处于可接受区间,规则和AI评级不完全一致，可作为人工复核优先项
600415,CN,小商品城,通用,优质池,85.3,85.3,85.3,优质池,否,否,否,否,综合分未达核心阈值,优质候选,89,可跟踪,10,A 完整历史,High,100,-,数据质量高；长期ROE达到行业基本线；ROE稳定性较好；近5年无亏损；近5年经营现金流持续为正；自由现金流数据缺失，评级保守；资产负债率符合行业语境；营收增长达到行业较好水平,规则和AI评级不完全一致，可作为人工复核优先项
603766,CN,隆鑫通用,通用,优质池,85.3,85.3,85.3,优质池,否,否,否,否,综合分未达核心阈值,优质候选,89,可跟踪,10,A 完整历史,High,100,-,数据质量高；长期ROE达到行业基本线；ROE稳定性较好；近5年无亏损；近5年经营现金流持续为正；自由现金流数据缺失，评级保守；资产负债率符合行业语境；营收增长达到行业较好水平,规则和AI评级不完全一致，可作为人工复核优先项
603809,CN,豪能股份,通用,优质池,85.3,85.3,85.3,优质池,否,否,否,否,综合分未达核心阈值,优质候选,89,可跟踪,10,A 完整历史,High,100,-,数据质量高；长期ROE达到行业基本线；ROE稳定性较好；近5年无亏损；近5年经营现金流持续为正；自由现金流数据缺失，评级保守；资产负债率符合行业语境；营收增长达到行业较好水平,规则和AI评级不完全一致，可作为人工复核优先项
688117,CN,圣诺生物,通用,优质池,85.3,85.3,85.3,优质池,否,否,否,否,综合分未达核心阈值,优质候选,89,可跟踪,9,B 中等历史,High,100,-,数据质量高；长期ROE达到行业基本线；ROE稳定性较好；近5年无亏损；近5年经营现金流持续为正；自由现金流数据缺失，评级保守；资产负债率符合行业语境；营收增长达到行业较好水平,规则和AI评级不完全一致，可作为人工复核优先项
920541,CN,铁大科技,科技,优质池,85.3,85.3,85.3,优质池,否,否,否,否,综合分未达核心阈值,优质候选,89,可跟踪,10,A 完整历史,High,100,-,数据质量高；长期ROE达到行业基本线；ROE稳定性较好；近5年无亏损；近5年经营现金流持续为正；自由现金流数据缺失，评级保守；资产负债率符合行业语境；营收增长达到行业较好水平,规则和AI评级不完全一致，可作为人工复核优先项
603239,CN,浙江仙通,通用,优质池,85.3,88.3,85.3,优质池,否,否,否,是,规则AI分歧扣分,可跟踪,83,优质候选,10,A 完整历史,High,100,规则AI分歧,数据质量高；长期ROE达到行业优秀线；ROE稳定性较好；近5年无亏损；经营现金流存在瑕疵；自由现金流数据缺失，评级保守；资产负债率符合行业语境；营收增长达到行业较好水平,AI认为质量突出，规则侧可能因单项风险保守处理
688690,CN,纳微科技,科技,优质池,85.2,89.2,85.2,优质池,否,否,是,否,排雷状态扣分,优质候选,100,优质候选,9,B 中等历史,High,100,排雷需关注,数据质量高；长期ROE达到行业优秀线；ROE稳定性较好；近5年无亏损；近5年经营现金流持续为正；自由现金流数据缺失，评级保守；资产负债率符合行业语境；营收增长达到行业较好水平,规则与AI均认可质量，排雷侧因单项风险给出需关注状态，适合进入人工复核清单；数据历史未满10年，长期质量结论仍需补充更长周期验证
MLM,US,"Martin Marietta Materials, Inc. Common Stock",周期,优质池,78.0,85.2,85.2,优质池,是,是,否,否,短历史封顶生效,优质候选,100,可跟踪,4,C 短历史,Medium,80,短历史封顶,数据质量中等，质量评级需降置信度；长期ROE达到行业优秀线；ROE稳定性较好；近5年无亏损；近5年经营现金流持续为正；自由现金流整体为正；资产负债率符合行业语境；营收增长处于可接受区间,规则和AI评级不完全一致，可作为人工复核优先项
KFY,US,Korn Ferry Common Stock,通用,可研究池,74.0,89.2,85.2,优质池,是,是,是,否,短历史封顶生效；排雷状态扣分,优质候选,100,优质候选,4,C 短历史,Medium,80,短历史封顶；排雷需关注,数据质量中等，质量评级需降置信度；长期ROE达到行业优秀线；ROE稳定性较好；近5年无亏损；近5年经营现金流持续为正；自由现金流整体为正；资产负债率符合行业语境；营收增长处于可接受区间,规则与AI均认可质量，排雷侧因单项风险给出需关注状态，适合进入人工复核清单；但数据年数少于5年，长期ROE、波动和CAGR应按短历史估计降置信度
MDLZ,US,"Mondelez International, Inc. - Class A Common Stock",通用,可研究池,74.0,89.2,85.2,优质池,是,是,是,否,短历史封顶生效；排雷状态扣分,优质候选,100,优质候选,4,C 短历史,Medium,80,短历史封顶；排雷需关注,数据质量中等，质量评级需降置信度；长期ROE达到行业优秀线；ROE稳定性较好；近5年无亏损；近5年经营现金流持续为正；自由现金流整体为正；资产负债率符合行业语境；营收增长达到行业较好水平,规则与AI均认可质量，排雷侧因单项风险给出需关注状态，适合进入人工复核清单；但数据年数少于5年，长期ROE、波动和CAGR应按短历史估计降置信度
300768,CN,迪普科技,科技,优质池,85.2,85.2,85.2,优质池,否,否,否,否,综合分未达核心阈值,优质候选,97,可跟踪,10,A 完整历史,High,100,-,数据质量高；长期ROE达到行业优秀线；ROE稳定性较好；近5年无亏损；近5年经营现金流持续为正；自由现金流数据缺失，评级保守；资产负债率符合行业语境；营收增长处于可接受区间,规则和AI评级不完全一致，可作为人工复核优先项
301156,CN,美农生物,通用,优质池,85.2,85.2,85.2,优质池,否,否,否,否,综合分未达核心阈值,优质候选,97,可跟踪,8,B 中等历史,High,100,-,数据质量高；长期ROE达到行业优秀线；ROE稳定性较好；近5年无亏损；近5年经营现金流持续为正；自由现金流数据缺失，评级保守；资产负债率符合行业语境；营收增长处于可接受区间,规则和AI评级不完全一致，可作为人工复核优先项
688550,CN,瑞联新材,通用,优质池,85.2,85.2,85.2,优质池,否,否,否,否,综合分未达核心阈值,优质候选,97,可跟踪,10,A 完整历史,High,100,-,数据质量高；长期ROE达到行业优秀线；ROE稳定性较好；近5年无亏损；近5年经营现金流持续为正；自由现金流数据缺失，评级保守；资产负债率符合行业语境；营收增长处于可接受区间,规则和AI评级不完全一致，可作为人工复核优先项
301631,CN,壹连科技,科技,优质池,85.2,85.2,85.2,优质池,否,否,否,否,综合分未达核心阈值,优质候选,90,优质候选,7,B 中等历史,Medium,87,-,数据质量中等，质量评级需降置信度；长期ROE达到行业优秀线；ROE稳定性较好；近5年无亏损；近5年经营现金流持续为正；自由现金流数据缺失，评级保守；资产负债率略高但未构成硬伤；营收增长达到行业较好水平,规则质量评级与AI评级一致；数据历史未满10年，长期质量结论仍需补充更长周期验证
003002,CN,壶化股份,通用,优质池,85.2,85.2,85.2,优质池,否,否,否,否,综合分未达核心阈值,优质候选,89,可跟踪,10,A 完整历史,High,100,-,数据质量高；长期ROE达到行业基本线；ROE稳定性较好；近5年无亏损；近5年经营现金流持续为正；自由现金流数据缺失，评级保守；资产负债率符合行业语境；营收增长达到行业较好水平,规则和AI评级不完全一致，可作为人工复核优先项
300638,CN,广和通,通用,优质池,85.2,88.2,85.2,优质池,否,否,否,是,规则AI分歧扣分,可跟踪,83,优质候选,10,A 完整历史,High,100,规则AI分歧,数据质量高；长期ROE达到行业优秀线；ROE稳定性较好；近5年无亏损；经营现金流存在瑕疵；自由现金流数据缺失，评级保守；资产负债率符合行业语境；营收增长达到行业较好水平,AI认为质量突出，规则侧可能因单项风险保守处理
301458,CN,钧崴电子,科技,优质池,85.1,85.1,85.1,优质池,否,否,否,否,综合分未达核心阈值,优质候选,98,可跟踪,7,B 中等历史,Medium,87,-,数据质量中等，质量评级需降置信度；长期ROE达到行业优秀线；ROE稳定性较好；近5年无亏损；近5年经营现金流持续为正；自由现金流数据缺失，评级保守；资产负债率符合行业语境；营收增长达到行业较好水平,规则和AI评级不完全一致，可作为人工复核优先项
301608,CN,博实结,通用,优质池,85.1,85.1,85.1,优质池,否,否,否,否,综合分未达核心阈值,优质候选,98,可跟踪,7,B 中等历史,Medium,87,-,数据质量中等，质量评级需降置信度；长期ROE达到行业优秀线；ROE稳定性较好；近5年无亏损；近5年经营现金流持续为正；自由现金流数据缺失，评级保守；资产负债率符合行业语境；营收增长达到行业较好水平,规则和AI评级不完全一致，可作为人工复核优先项
301687,CN,新广益,通用,优质池,85.1,85.1,85.1,优质池,否,否,否,否,综合分未达核心阈值,优质候选,98,可跟踪,6,B 中等历史,Medium,75,-,数据质量中等，质量评级需降置信度；长期ROE达到行业优秀线；ROE稳定性较好；近5年无亏损；近5年经营现金流持续为正；自由现金流数据缺失，评级保守；资产负债率符合行业语境；营收增长达到行业较好水平,规则和AI评级不完全一致，可作为人工复核优先项
000830,CN,鲁西化工,周期,优质池,85.1,85.1,85.1,优质池,否,否,否,否,综合分未达核心阈值,优质候选,97,可跟踪,10,A 完整历史,High,100,-,数据质量高；长期ROE达到行业优秀线；ROE稳定性较好；近5年无亏损；近5年经营现金流持续为正；自由现金流数据缺失，评级保守；资产负债率符合行业语境；营收增长处于可接受区间,规则和AI评级不完全一致，可作为人工复核优先项
603150,CN,万朗磁塑,通用,优质池,85.1,85.1,85.1,优质池,否,否,否,否,综合分未达核心阈值,优质候选,95,可跟踪,10,A 完整历史,High,100,-,数据质量高；长期ROE达到行业优秀线；ROE稳定性较好；近5年无亏损；近5年经营现金流持续为正；自由现金流数据缺失，评级保守；资产负债率略高但未构成硬伤；营收增长达到行业较好水平,规则和AI评级不完全一致，可作为人工复核优先项
HMC,US,"Honda Motor Company, Ltd. Common Stock",通用,优质池,78.0,85.1,85.1,优质池,是,是,否,否,短历史封顶生效,优质候选,95,优质候选,4,C 短历史,Medium,80,短历史封顶,数据质量中等，质量评级需降置信度；长期ROE达到行业基本线；ROE稳定性较好；近5年无亏损；近5年经营现金流持续为正；自由现金流整体为正；资产负债率符合行业语境；营收增长达到行业较好水平,规则质量评级与AI评级一致；但数据年数少于5年，长期ROE、波动和CAGR应按短历史估计降置信度
SAIA,US,"Saia, Inc. - Common Stock",通用,优质池,78.0,85.1,85.1,优质池,是,是,否,否,短历史封顶生效,优质候选,93,优质候选,4,C 短历史,Medium,80,短历史封顶,数据质量中等，质量评级需降置信度；长期ROE达到行业优秀线；ROE稳定性较好；近5年无亏损；近5年经营现金流持续为正；自由现金流质量不足；资产负债率符合行业语境；营收增长达到行业较好水平,规则质量评级与AI评级一致；但数据年数少于5年，长期ROE、波动和CAGR应按短历史估计降置信度
002850,CN,科达利,通用,优质池,85.0,89.0,85.0,优质池,否,否,是,否,排雷状态扣分,优质候选,100,优质候选,10,A 完整历史,High,100,排雷需关注,数据质量高；长期ROE达到行业优秀线；ROE稳定性较好；近5年无亏损；近5年经营现金流持续为正；自由现金流数据缺失，评级保守；资产负债率符合行业语境；营收增长达到行业较好水平,规则与AI均认可质量，排雷侧因单项风险给出需关注状态，适合进入人工复核清单
300316,CN,晶盛机电,通用,优质池,85.0,89.0,85.0,优质池,否,否,是,否,排雷状态扣分,优质候选,100,优质候选,10,A 完整历史,High,100,排雷需关注,数据质量高；长期ROE达到行业优秀线；ROE稳定性较好；近5年无亏损；近5年经营现金流持续为正；自由现金流数据缺失，评级保守；资产负债率符合行业语境；营收增长达到行业较好水平,规则与AI均认可质量，排雷侧因单项风险给出需关注状态，适合进入人工复核清单
300679,CN,电连技术,通用,优质池,85.0,85.0,85.0,优质池,否,否,否,否,综合分未达核心阈值,优质候选,100,可跟踪,10,A 完整历史,High,100,-,数据质量高；长期ROE达到行业优秀线；ROE稳定性较好；近5年无亏损；近5年经营现金流持续为正；自由现金流数据缺失，评级保守；资产负债率符合行业语境；营收增长达到行业较好水平,规则和AI评级不完全一致，可作为人工复核优先项
601869,CN,长飞光纤,通用,优质池,85.0,85.0,85.0,优质池,否,否,否,否,综合分未达核心阈值,优质候选,100,可跟踪,10,A 完整历史,High,100,-,数据质量高；长期ROE达到行业优秀线；ROE稳定性较好；近5年无亏损；近5年经营现金流持续为正；自由现金流数据缺失，评级保守；资产负债率符合行业语境；营收增长达到行业较好水平,规则和AI评级不完全一致，可作为人工复核优先项
TILE,US,"Interface, Inc. - Common Stock",通用,优质池,78.0,85.0,85.0,优质池,是,是,否,否,短历史封顶生效,优质候选,100,可跟踪,4,C 短历史,Medium,80,短历史封顶,数据质量中等，质量评级需降置信度；长期ROE达到行业优秀线；ROE稳定性较好；近5年无亏损；近5年经营现金流持续为正；自由现金流整体为正；资产负债率符合行业语境；营收增长处于可接受区间,规则和AI评级不完全一致，可作为人工复核优先项
ALV,US,"Autoliv, Inc. Common Stock",通用,可研究池,74.0,89.0,85.0,优质池,是,是,是,否,短历史封顶生效；排雷状态扣分,优质候选,100,优质候选,4,C 短历史,Medium,80,短历史封顶；排雷需关注,数据质量中等，质量评级需降置信度；长期ROE达到行业优秀线；ROE稳定性较好；近5年无亏损；近5年经营现金流持续为正；自由现金流整体为正；资产负债率略高但未构成硬伤；营收增长达到行业较好水平,规则与AI均认可质量，排雷侧因单项风险给出需关注状态，适合进入人工复核清单；但数据年数少于5年，长期ROE、波动和CAGR应按短历史估计降置信度
CVSA,US,Covista Inc. Common Shares,通用,可研究池,74.0,89.0,85.0,优质池,是,是,是,否,短历史封顶生效；排雷状态扣分,优质候选,100,优质候选,4,C 短历史,Medium,80,短历史封顶；排雷需关注,数据质量中等，质量评级需降置信度；长期ROE达到行业优秀线；ROE稳定性较好；近5年无亏损；近5年经营现金流持续为正；自由现金流整体为正；资产负债率符合行业语境；营收增长达到行业较好水平,规则与AI均认可质量，排雷侧因单项风险给出需关注状态，适合进入人工复核清单；但数据年数少于5年，长期ROE、波动和CAGR应按短历史估计降置信度
688056,CN,莱伯泰科,通用,优质池,85.0,85.0,85.0,优质池,否,否,否,否,综合分未达核心阈值,优质候选,97,可跟踪,10,A 完整历史,High,100,-,数据质量高；长期ROE达到行业优秀线；ROE稳定性较好；近5年无亏损；近5年经营现金流持续为正；自由现金流数据缺失，评级保守；资产负债率符合行业语境；营收增长处于可接受区间,规则和AI评级不完全一致，可作为人工复核优先项
DTM,US,"DT Midstream, Inc. Common Stock",周期,优质池,78.0,85.0,85.0,优质池,是,是,否,否,短历史封顶生效,优质候选,95,优质候选,4,C 短历史,Medium,80,短历史封顶,数据质量中等，质量评级需降置信度；长期ROE达到行业基本线；ROE稳定性较好；近5年无亏损；近5年经营现金流持续为正；自由现金流整体为正；资产负债率符合行业语境；营收增长达到行业较好水平,规则质量评级与AI评级一致；但数据年数少于5年，长期ROE、波动和CAGR应按短历史估计降置信度
000030,CN,富奥股份,通用,优质池,85.0,85.0,85.0,优质池,否,否,否,否,综合分未达核心阈值,优质候选,89,可跟踪,10,A 完整历史,High,100,-,数据质量高；长期ROE达到行业基本线；ROE稳定性较好；近5年无亏损；近5年经营现金流持续为正；自由现金流数据缺失，评级保守；资产负债率符合行业语境；营收增长达到行业较好水平,规则和AI评级不完全一致，可作为人工复核优先项
300196,CN,长海股份,通用,优质池,85.0,85.0,85.0,优质池,否,否,否,否,综合分未达核心阈值,优质候选,89,可跟踪,10,A 完整历史,High,100,-,数据质量高；长期ROE达到行业基本线；ROE稳定性较好；近5年无亏损；近5年经营现金流持续为正；自由现金流数据缺失，评级保守；资产负债率符合行业语境；营收增长达到行业较好水平,规则和AI评级不完全一致，可作为人工复核优先项
600916,CN,中国黄金,通用,优质池,85.0,85.0,85.0,优质池,否,否,否,否,综合分未达核心阈值,优质候选,89,可跟踪,10,A 完整历史,High,100,-,数据质量高；长期ROE达到行业基本线；ROE稳定性较好；近5年无亏损；近5年经营现金流持续为正；自由现金流数据缺失，评级保守；资产负债率符合行业语境；营收增长达到行业较好水平,规则和AI评级不完全一致，可作为人工复核优先项
603058,CN,永吉股份,通用,优质池,85.0,85.0,85.0,优质池,否,否,否,否,综合分未达核心阈值,优质候选,89,可跟踪,10,A 完整历史,High,100,-,数据质量高；长期ROE达到行业基本线；ROE稳定性较好；近5年无亏损；近5年经营现金流持续为正；自由现金流数据缺失，评级保守；资产负债率符合行业语境；营收增长达到行业较好水平,规则和AI评级不完全一致，可作为人工复核优先项
WETH,US,Wetouch Technology Inc. - Common Stock,科技,优质池,78.0,85.0,85.0,优质池,是,是,否,否,短历史封顶生效,优质候选,89,优质候选,4,C 短历史,Medium,80,短历史封顶,数据质量中等，质量评级需降置信度；长期ROE达到行业基本线；ROE稳定性较好；近5年无亏损；近5年经营现金流持续为正；自由现金流整体为正；资产负债率符合行业语境；营收增长处于可接受区间,规则质量评级与AI评级一致；但数据年数少于5年，长期ROE、波动和CAGR应按短历史估计降置信度
688190,CN,云路股份,通用,优质池,85.0,88.0,85.0,优质池,否,否,否,是,规则AI分歧扣分,可跟踪,83,优质候选,8,B 中等历史,High,100,规则AI分歧,数据质量高；长期ROE达到行业优秀线；ROE稳定性较好；近5年无亏损；经营现金流存在瑕疵；自由现金流数据缺失，评级保守；资产负债率符合行业语境；营收增长达到行业较好水平,AI认为质量突出，规则侧可能因单项风险保守处理
OGC,US,OceanaGold Corporation Common Shares,通用,可研究池,74.0,88.9,84.9,优质池,是,是,是,否,短历史封顶生效；排雷状态扣分,优质候选,100,优质候选,4,C 短历史,Medium,80,短历史封顶；排雷需关注,数据质量中等，质量评级需降置信度；长期ROE达到行业优秀线；ROE稳定性较好；近5年无亏损；近5年经营现金流持续为正；自由现金流整体为正；资产负债率符合行业语境；营收增长达到行业较好水平,规则与AI均认可质量，排雷侧因单项风险给出需关注状态，适合进入人工复核清单；但数据年数少于5年，长期ROE、波动和CAGR应按短历史估计降置信度
301678,CN,新恒汇,通用,优质池,84.9,84.9,84.9,优质池,否,否,否,否,综合分未达核心阈值,优质候选,98,可跟踪,7,B 中等历史,Medium,87,-,数据质量中等，质量评级需降置信度；长期ROE达到行业优秀线；ROE稳定性较好；近5年无亏损；近5年经营现金流持续为正；自由现金流数据缺失，评级保守；资产负债率符合行业语境；营收增长达到行业较好水平,规则和AI评级不完全一致，可作为人工复核优先项
688146,CN,中船特气,通用,优质池,84.9,84.9,84.9,优质池,否,否,否,否,综合分未达核心阈值,优质候选,98,可跟踪,7,B 中等历史,Medium,87,-,数据质量中等，质量评级需降置信度；长期ROE达到行业优秀线；ROE稳定性较好；近5年无亏损；近5年经营现金流持续为正；自由现金流数据缺失，评级保守；资产负债率符合行业语境；营收增长达到行业较好水平,规则和AI评级不完全一致，可作为人工复核优先项
KO,US,Coca-Cola Company (The) Common Stock,消费,可研究池,74.0,88.9,84.9,优质池,是,是,是,否,短历史封顶生效；排雷状态扣分,优质候选,95,优质候选,4,C 短历史,Medium,80,短历史封顶；排雷需关注,数据质量中等，质量评级需降置信度；长期ROE达到行业优秀线；ROE稳定性较好；近5年无亏损；近5年经营现金流持续为正；自由现金流整体为正；资产负债率略高但未构成硬伤；营收增长处于可接受区间,规则与AI均认可财务质量，排雷侧主要提示杠杆风险；可视为高质量消费公司需关注负债的典型情形；但数据年数少于5年，长期ROE、波动和CAGR应按短历史估计降置信度
OTTR,US,Otter Tail Corporation - Common Stock,通用,优质池,78.0,84.9,84.9,优质池,是,是,否,否,短历史封顶生效,优质候选,93,可跟踪,4,C 短历史,Medium,80,短历史封顶,数据质量中等，质量评级需降置信度；长期ROE达到行业优秀线；ROE稳定性较好；近5年无亏损；近5年经营现金流持续为正；自由现金流整体为正；资产负债率符合行业语境；营收增长偏弱,规则和AI评级不完全一致，可作为人工复核优先项
300488,CN,恒锋工具,通用,优质池,84.9,84.9,84.9,优质池,否,否,否,否,综合分未达核心阈值,优质候选,89,可跟踪,10,A 完整历史,High,100,-,数据质量高；长期ROE达到行业基本线；ROE稳定性较好；近5年无亏损；近5年经营现金流持续为正；自由现金流数据缺失，评级保守；资产负债率符合行业语境；营收增长达到行业较好水平,规则和AI评级不完全一致，可作为人工复核优先项
300580,CN,贝斯特,通用,优质池,84.9,84.9,84.9,优质池,否,否,否,否,综合分未达核心阈值,优质候选,89,可跟踪,10,A 完整历史,High,100,-,数据质量高；长期ROE达到行业基本线；ROE稳定性较好；近5年无亏损；近5年经营现金流持续为正；自由现金流数据缺失，评级保守；资产负债率符合行业语境；营收增长达到行业较好水平,规则和AI评级不完全一致，可作为人工复核优先项
603373,CN,安邦护卫,通用,优质池,84.9,84.9,84.9,优质池,否,否,否,否,综合分未达核心阈值,优质候选,89,可跟踪,8,B 中等历史,High,100,-,数据质量高；长期ROE达到行业基本线；ROE稳定性较好；近5年无亏损；近5年经营现金流持续为正；自由现金流数据缺失，评级保守；资产负债率符合行业语境；营收增长达到行业较好水平,规则和AI评级不完全一致，可作为人工复核优先项
920751,CN,惠同新材,通用,优质池,84.9,84.9,84.9,优质池,否,否,否,否,综合分未达核心阈值,优质候选,89,可跟踪,10,A 完整历史,High,100,-,数据质量高；长期ROE达到行业基本线；ROE稳定性较好；近5年无亏损；近5年经营现金流持续为正；自由现金流数据缺失，评级保守；资产负债率符合行业语境；营收增长达到行业较好水平,规则和AI评级不完全一致，可作为人工复核优先项
001285,CN,瑞立科密,通用,优质池,84.9,87.9,84.9,优质池,否,否,否,是,规则AI分歧扣分,可跟踪,83,优质候选,10,A 完整历史,High,100,规则AI分歧,数据质量高；长期ROE达到行业优秀线；ROE稳定性较好；近5年无亏损；经营现金流存在瑕疵；自由现金流数据缺失，评级保守；资产负债率符合行业语境；营收增长达到行业较好水平,AI认为质量突出，规则侧可能因单项风险保守处理
002615,CN,哈尔斯,通用,优质池,84.8,84.8,84.8,优质池,否,否,否,否,综合分未达核心阈值,优质候选,100,可跟踪,10,A 完整历史,High,100,-,数据质量高；长期ROE达到行业优秀线；ROE稳定性较好；近5年无亏损；近5年经营现金流持续为正；自由现金流数据缺失，评级保守；资产负债率符合行业语境；营收增长达到行业较好水平,规则和AI评级不完全一致，可作为人工复核优先项
603680,CN,今创集团,通用,优质池,84.8,84.8,84.8,优质池,否,否,否,否,综合分未达核心阈值,优质候选,100,可跟踪,10,A 完整历史,High,100,-,数据质量高；长期ROE达到行业优秀线；ROE稳定性较好；近5年无亏损；近5年经营现金流持续为正；自由现金流数据缺失，评级保守；资产负债率符合行业语境；营收增长达到行业较好水平,规则和AI评级不完全一致，可作为人工复核优先项
PWR,US,"Quanta Services, Inc. Common Stock",周期,可研究池,74.0,88.8,84.8,优质池,是,是,是,否,短历史封顶生效；排雷状态扣分,优质候选,100,优质候选,4,C 短历史,Medium,80,短历史封顶；排雷需关注,数据质量中等，质量评级需降置信度；长期ROE达到行业优秀线；ROE稳定性较好；近5年无亏损；近5年经营现金流持续为正；自由现金流整体为正；资产负债率符合行业语境；营收增长达到行业较好水平,规则与AI均认可质量，排雷侧因单项风险给出需关注状态，适合进入人工复核清单；但数据年数少于5年，长期ROE、波动和CAGR应按短历史估计降置信度
301173,CN,毓恬冠佳,通用,优质池,84.8,84.8,84.8,优质池,否,否,否,否,综合分未达核心阈值,优质候选,98,可跟踪,6,B 中等历史,Medium,75,-,数据质量中等，质量评级需降置信度；长期ROE达到行业优秀线；ROE稳定性较好；近5年无亏损；近5年经营现金流持续为正；自由现金流数据缺失，评级保守；资产负债率符合行业语境；营收增长达到行业较好水平,规则和AI评级不完全一致，可作为人工复核优先项
300401,CN,花园生物,通用,优质池,84.8,84.8,84.8,优质池,否,否,否,否,综合分未达核心阈值,优质候选,97,可跟踪,10,A 完整历史,High,100,-,数据质量高；长期ROE达到行业优秀线；ROE稳定性较好；近5年无亏损；近5年经营现金流持续为正；自由现金流数据缺失，评级保守；资产负债率符合行业语境；营收增长处于可接受区间,规则和AI评级不完全一致，可作为人工复核优先项
300943,CN,春晖智控,通用,优质池,84.8,84.8,84.8,优质池,否,否,否,否,综合分未达核心阈值,优质候选,97,可跟踪,10,A 完整历史,High,100,-,数据质量高；长期ROE达到行业优秀线；ROE稳定性较好；近5年无亏损；近5年经营现金流持续为正；自由现金流数据缺失，评级保守；资产负债率符合行业语境；营收增长处于可接受区间,规则和AI评级不完全一致，可作为人工复核优先项
600801,CN,华新建材,通用,优质池,84.8,84.8,84.8,优质池,否,否,否,否,综合分未达核心阈值,优质候选,97,可跟踪,10,A 完整历史,High,100,-,数据质量高；长期ROE达到行业优秀线；ROE稳定性较好；近5年无亏损；近5年经营现金流持续为正；自由现金流数据缺失，评级保守；资产负债率符合行业语境；营收增长处于可接受区间,规则和AI评级不完全一致，可作为人工复核优先项
920122,CN,中纺标,通用,优质池,84.8,84.8,84.8,优质池,否,否,否,否,综合分未达核心阈值,优质候选,97,可跟踪,10,A 完整历史,High,100,-,数据质量高；长期ROE达到行业优秀线；ROE稳定性较好；近5年无亏损；近5年经营现金流持续为正；自由现金流数据缺失，评级保守；资产负债率符合行业语境；营收增长处于可接受区间,规则和AI评级不完全一致，可作为人工复核优先项
RAY,US,Raytech Holding Limited - Ordinary Shares,消费,可研究池,74.0,88.8,84.8,优质池,是,是,是,否,短历史封顶生效；排雷状态扣分,优质候选,95,优质候选,4,C 短历史,Medium,80,短历史封顶；排雷需关注,数据质量中等，质量评级需降置信度；长期ROE达到行业优秀线；ROE波动偏大；近5年无亏损；近5年经营现金流持续为正；自由现金流整体为正；资产负债率符合行业语境；营收增长达到行业较好水平,规则与AI均认可质量，排雷侧因单项风险给出需关注状态，适合进入人工复核清单；但数据年数少于5年，长期ROE、波动和CAGR应按短历史估计降置信度
300320,CN,海达股份,通用,优质池,84.8,84.8,84.8,优质池,否,否,否,否,综合分未达核心阈值,优质候选,89,可跟踪,10,A 完整历史,High,100,-,数据质量高；长期ROE达到行业基本线；ROE稳定性较好；近5年无亏损；近5年经营现金流持续为正；自由现金流数据缺失，评级保守；资产负债率符合行业语境；营收增长达到行业较好水平,规则和AI评级不完全一致，可作为人工复核优先项
601965,CN,中国汽研,通用,优质池,84.8,84.8,84.8,优质池,否,否,否,否,综合分未达核心阈值,优质候选,89,可跟踪,10,A 完整历史,High,100,-,数据质量高；长期ROE达到行业基本线；ROE稳定性较好；近5年无亏损；近5年经营现金流持续为正；自由现金流数据缺失，评级保守；资产负债率符合行业语境；营收增长达到行业较好水平,规则和AI评级不完全一致，可作为人工复核优先项
603663,CN,三祥新材,通用,优质池,84.8,84.8,84.8,优质池,否,否,否,否,综合分未达核心阈值,优质候选,89,可跟踪,10,A 完整历史,High,100,-,数据质量高；长期ROE达到行业基本线；ROE稳定性较好；近5年无亏损；近5年经营现金流持续为正；自由现金流数据缺失，评级保守；资产负债率符合行业语境；营收增长达到行业较好水平,规则和AI评级不完全一致，可作为人工复核优先项
PDEX,US,"Pro-Dex, Inc. - Common Stock",通用,优质池,78.0,84.8,84.8,优质池,是,是,否,否,短历史封顶生效,优质候选,89,可跟踪,4,C 短历史,Medium,80,短历史封顶,数据质量中等，质量评级需降置信度；长期ROE达到行业优秀线；ROE稳定性较好；近5年无亏损；经营现金流存在瑕疵；自由现金流整体为正；资产负债率符合行业语境；营收增长达到行业较好水平,规则和AI评级不完全一致，可作为人工复核优先项
DY,US,"Dycom Industries, Inc. Common Stock",周期,可研究池,74.0,88.7,84.7,优质池,是,是,是,否,短历史封顶生效；排雷状态扣分,优质候选,100,优质候选,4,C 短历史,Medium,80,短历史封顶；排雷需关注,数据质量中等，质量评级需降置信度；长期ROE达到行业优秀线；ROE稳定性较好；近5年无亏损；近5年经营现金流持续为正；自由现金流整体为正；资产负债率符合行业语境；营收增长达到行业较好水平,规则与AI均认可质量，排雷侧因单项风险给出需关注状态，适合进入人工复核清单；但数据年数少于5年，长期ROE、波动和CAGR应按短历史估计降置信度
RDVT,US,"Red Violet, Inc. - Common Stock",科技,优质池,78.0,84.7,84.7,优质池,是,是,否,否,短历史封顶生效,优质候选,95,优质候选,4,C 短历史,Medium,80,短历史封顶,数据质量中等，质量评级需降置信度；长期ROE达到行业基本线；ROE稳定性较好；近5年无亏损；近5年经营现金流持续为正；自由现金流整体为正；资产负债率符合行业语境；营收增长达到行业较好水平,规则质量评级与AI评级一致；但数据年数少于5年，长期ROE、波动和CAGR应按短历史估计降置信度
LNTH,US,"Lantheus Holdings, Inc. - Common Stock",通用,可研究池,74.0,88.7,84.7,优质池,是,是,是,否,短历史封顶生效；排雷状态扣分,优质候选,95,优质候选,4,C 短历史,Medium,80,短历史封顶；排雷需关注,数据质量中等，质量评级需降置信度；长期ROE达到行业优秀线；ROE波动偏大；近5年无亏损；近5年经营现金流持续为正；自由现金流整体为正；资产负债率符合行业语境；营收增长达到行业较好水平,规则与AI均认可质量，排雷侧因单项风险给出需关注状态，适合进入人工复核清单；但数据年数少于5年，长期ROE、波动和CAGR应按短历史估计降置信度
ASO,US,"Academy Sports and Outdoors, Inc. - Common Stock",消费,优质池,78.0,84.7,84.7,优质池,是,是,否,否,短历史封顶生效,优质候选,93,可跟踪,4,C 短历史,Medium,80,短历史封顶,数据质量中等，质量评级需降置信度；长期ROE达到行业优秀线；ROE稳定性较好；近5年无亏损；近5年经营现金流持续为正；自由现金流整体为正；资产负债率符合行业语境；营收增长偏弱,规则和AI评级不完全一致，可作为人工复核优先项
PRG,US,"PROG Holdings, Inc. Common Stock",通用,优质池,78.0,84.7,84.7,优质池,是,是,否,否,短历史封顶生效,优质候选,93,可跟踪,4,C 短历史,Medium,80,短历史封顶,数据质量中等，质量评级需降置信度；长期ROE达到行业优秀线；ROE稳定性较好；近5年无亏损；近5年经营现金流持续为正；自由现金流整体为正；资产负债率符合行业语境；营收增长偏弱,规则和AI评级不完全一致，可作为人工复核优先项
301298,CN,东利机械,通用,优质池,84.7,84.7,84.7,优质池,否,否,否,否,综合分未达核心阈值,优质候选,89,可跟踪,10,A 完整历史,High,100,-,数据质量高；长期ROE达到行业基本线；ROE稳定性较好；近5年无亏损；近5年经营现金流持续为正；自由现金流数据缺失，评级保守；资产负债率符合行业语境；营收增长达到行业较好水平,规则和AI评级不完全一致，可作为人工复核优先项
301499,CN,维科精密,通用,优质池,84.7,84.7,84.7,优质池,否,否,否,否,综合分未达核心阈值,优质候选,89,可跟踪,8,B 中等历史,High,100,-,数据质量高；长期ROE达到行业基本线；ROE稳定性较好；近5年无亏损；近5年经营现金流持续为正；自由现金流数据缺失，评级保守；资产负债率符合行业语境；营收增长达到行业较好水平,规则和AI评级不完全一致，可作为人工复核优先项
000651,CN,格力电器,通用,优质池,84.7,87.7,84.7,优质池,否,否,否,是,规则AI分歧扣分,可跟踪,87,优质候选,10,A 完整历史,High,100,规则AI分歧,数据质量高；长期ROE达到行业优秀线；ROE稳定性较好；近5年无亏损；近5年经营现金流持续为正；自由现金流数据缺失，评级保守；资产负债率符合行业语境；营收增长偏弱,AI认为质量突出，规则侧可能因单项风险保守处理
301397,CN,溯联股份,通用,优质池,84.7,87.7,84.7,优质池,否,否,否,是,规则AI分歧扣分,可跟踪,83,优质候选,8,B 中等历史,High,100,规则AI分歧,数据质量高；长期ROE达到行业优秀线；ROE稳定性较好；近5年无亏损；经营现金流存在瑕疵；自由现金流数据缺失，评级保守；资产负债率符合行业语境；营收增长达到行业较好水平,AI认为质量突出，规则侧可能因单项风险保守处理
688257,CN,新锐股份,通用,优质池,84.7,87.7,84.7,优质池,否,否,否,是,规则AI分歧扣分,可跟踪,83,优质候选,10,A 完整历史,High,100,规则AI分歧,数据质量高；长期ROE达到行业优秀线；ROE稳定性较好；近5年无亏损；经营现金流存在瑕疵；自由现金流数据缺失，评级保守；资产负债率符合行业语境；营收增长达到行业较好水平,AI认为质量突出，规则侧可能因单项风险保守处理
003018,CN,金富科技,科技,优质池,84.6,84.6,84.6,优质池,否,否,否,否,综合分未达核心阈值,优质候选,97,可跟踪,10,A 完整历史,High,100,-,数据质量高；长期ROE达到行业优秀线；ROE稳定性较好；近5年无亏损；近5年经营现金流持续为正；自由现金流数据缺失，评级保守；资产负债率符合行业语境；营收增长处于可接受区间,规则和AI评级不完全一致，可作为人工复核优先项
TTC,US,Toro Company (The) Common Stock,通用,优质池,78.0,84.6,84.6,优质池,是,是,否,否,短历史封顶生效,优质候选,93,可跟踪,4,C 短历史,Medium,80,短历史封顶,数据质量中等，质量评级需降置信度；长期ROE达到行业优秀线；ROE稳定性较好；近5年无亏损；近5年经营现金流持续为正；自由现金流整体为正；资产负债率符合行业语境；营收增长偏弱,规则和AI评级不完全一致，可作为人工复核优先项
300962,CN,中金辐照,通用,优质池,84.6,84.6,84.6,优质池,否,否,否,否,综合分未达核心阈值,优质候选,89,可跟踪,10,A 完整历史,High,100,-,数据质量高；长期ROE达到行业基本线；ROE稳定性较好；近5年无亏损；近5年经营现金流持续为正；自由现金流数据缺失，评级保守；资产负债率符合行业语境；营收增长达到行业较好水平,规则和AI评级不完全一致，可作为人工复核优先项
INVA,US,"Innoviva, Inc. - Common Stock",科技,可研究池,74.0,88.6,84.6,优质池,是,是,是,否,短历史封顶生效；排雷状态扣分,优质候选,89,优质候选,4,C 短历史,Medium,80,短历史封顶；排雷需关注,数据质量中等，质量评级需降置信度；长期ROE达到行业优秀线；ROE波动偏大；近5年无亏损；近5年经营现金流持续为正；自由现金流整体为正；资产负债率符合行业语境；营收增长处于可接受区间,规则与AI均认可质量，排雷侧因单项风险给出需关注状态，适合进入人工复核清单；但数据年数少于5年，长期ROE、波动和CAGR应按短历史估计降置信度
603786,CN,科博达,通用,优质池,84.6,87.6,84.6,优质池,否,否,否,是,规则AI分歧扣分,可跟踪,83,优质候选,10,A 完整历史,High,100,规则AI分歧,数据质量高；长期ROE达到行业优秀线；ROE稳定性较好；近5年无亏损；经营现金流存在瑕疵；自由现金流数据缺失，评级保守；资产负债率符合行业语境；营收增长达到行业较好水平,AI认为质量突出，规则侧可能因单项风险保守处理
WT,US,"WisdomTree, Inc. Common Stock",通用,可研究池,74.0,88.5,84.5,优质池,是,是,是,否,短历史封顶生效；排雷状态扣分,优质候选,100,优质候选,4,C 短历史,Medium,80,短历史封顶；排雷需关注,数据质量中等，质量评级需降置信度；长期ROE达到行业优秀线；ROE稳定性较好；近5年无亏损；近5年经营现金流持续为正；自由现金流整体为正；资产负债率略高但未构成硬伤；营收增长达到行业较好水平,规则与AI均认可质量，排雷侧因单项风险给出需关注状态，适合进入人工复核清单；但数据年数少于5年，长期ROE、波动和CAGR应按短历史估计降置信度
002048,CN,宁波华翔,通用,优质池,84.5,84.5,84.5,优质池,否,否,否,否,综合分未达核心阈值,优质候选,89,可跟踪,10,A 完整历史,High,100,-,数据质量高；长期ROE达到行业基本线；ROE稳定性较好；近5年无亏损；近5年经营现金流持续为正；自由现金流数据缺失，评级保守；资产负债率符合行业语境；营收增长达到行业较好水平,规则和AI评级不完全一致，可作为人工复核优先项
002206,CN,海 利 得,通用,优质池,84.5,84.5,84.5,优质池,否,否,否,否,综合分未达核心阈值,优质候选,89,可跟踪,10,A 完整历史,High,100,-,数据质量高；长期ROE达到行业基本线；ROE稳定性较好；近5年无亏损；近5年经营现金流持续为正；自由现金流数据缺失，评级保守；资产负债率符合行业语境；营收增长达到行业较好水平,规则和AI评级不完全一致，可作为人工复核优先项
300628,CN,亿联网络,通用,优质池,84.5,88.5,84.5,优质池,否,否,是,否,排雷状态扣分,优质候选,89,优质候选,10,A 完整历史,High,100,排雷需关注,数据质量高；长期ROE达到行业优秀线；ROE波动偏大；近5年无亏损；近5年经营现金流持续为正；自由现金流数据缺失，评级保守；资产负债率符合行业语境；营收增长达到行业较好水平,规则与AI均认可质量，排雷侧因单项风险给出需关注状态，适合进入人工复核清单
301220,CN,亚香股份,通用,优质池,84.5,84.5,84.5,优质池,否,否,否,否,综合分未达核心阈值,优质候选,89,可跟踪,10,A 完整历史,High,100,-,数据质量高；长期ROE达到行业基本线；ROE稳定性较好；近5年无亏损；近5年经营现金流持续为正；自由现金流数据缺失，评级保守；资产负债率符合行业语境；营收增长达到行业较好水平,规则和AI评级不完全一致，可作为人工复核优先项
600483,CN,福能股份,通用,优质池,84.5,84.5,84.5,优质池,否,否,否,否,综合分未达核心阈值,优质候选,89,可跟踪,10,A 完整历史,High,100,-,数据质量高；长期ROE达到行业基本线；ROE稳定性较好；近5年无亏损；近5年经营现金流持续为正；自由现金流数据缺失，评级保守；资产负债率符合行业语境；营收增长达到行业较好水平,规则和AI评级不完全一致，可作为人工复核优先项
603037,CN,凯众股份,通用,优质池,84.5,84.5,84.5,优质池,否,否,否,否,综合分未达核心阈值,优质候选,89,可跟踪,10,A 完整历史,High,100,-,数据质量高；长期ROE达到行业基本线；ROE稳定性较好；近5年无亏损；近5年经营现金流持续为正；自由现金流数据缺失，评级保守；资产负债率符合行业语境；营收增长达到行业较好水平,规则和AI评级不完全一致，可作为人工复核优先项
603829,CN,洛凯股份,通用,优质池,84.5,84.5,84.5,优质池,否,否,否,否,综合分未达核心阈值,优质候选,89,可跟踪,10,A 完整历史,High,100,-,数据质量高；长期ROE达到行业基本线；ROE稳定性较好；近5年无亏损；近5年经营现金流持续为正；自由现金流数据缺失，评级保守；资产负债率符合行业语境；营收增长达到行业较好水平,规则和AI评级不完全一致，可作为人工复核优先项
688016,CN,心脉医疗,通用,优质池,84.5,88.5,84.5,优质池,否,否,是,否,排雷状态扣分,优质候选,89,优质候选,10,A 完整历史,High,100,排雷需关注,数据质量高；长期ROE达到行业优秀线；ROE波动偏大；近5年无亏损；近5年经营现金流持续为正；自由现金流数据缺失，评级保守；资产负债率符合行业语境；营收增长达到行业较好水平,规则与AI均认可质量，排雷侧因单项风险给出需关注状态，适合进入人工复核清单
920694,CN,中裕科技,科技,优质池,84.5,88.5,84.5,优质池,否,否,是,否,排雷状态扣分,优质候选,89,优质候选,10,A 完整历史,High,100,排雷需关注,数据质量高；长期ROE达到行业优秀线；ROE波动偏大；近5年无亏损；近5年经营现金流持续为正；自由现金流数据缺失，评级保守；资产负债率符合行业语境；营收增长达到行业较好水平,规则与AI均认可质量，排雷侧因单项风险给出需关注状态，适合进入人工复核清单
300811,CN,铂科新材,通用,优质池,84.5,87.5,84.5,优质池,否,否,否,是,规则AI分歧扣分,可跟踪,83,优质候选,10,A 完整历史,High,100,规则AI分歧,数据质量高；长期ROE达到行业优秀线；ROE稳定性较好；近5年无亏损；经营现金流存在瑕疵；自由现金流数据缺失，评级保守；资产负债率符合行业语境；营收增长达到行业较好水平,AI认为质量突出，规则侧可能因单项风险保守处理
301665,CN,泰禾股份,通用,优质池,84.5,87.5,84.5,优质池,否,否,否,是,规则AI分歧扣分,可跟踪,83,优质候选,10,A 完整历史,High,100,规则AI分歧,数据质量高；长期ROE达到行业优秀线；ROE稳定性较好；近5年无亏损；经营现金流存在瑕疵；自由现金流数据缺失，评级保守；资产负债率符合行业语境；营收增长达到行业较好水平,AI认为质量突出，规则侧可能因单项风险保守处理
002568,CN,百润股份,通用,优质池,84.4,84.4,84.4,优质池,否,否,否,否,综合分未达核心阈值,优质候选,100,可跟踪,10,A 完整历史,High,100,-,数据质量高；长期ROE达到行业优秀线；ROE稳定性较好；近5年无亏损；近5年经营现金流持续为正；自由现金流数据缺失，评级保守；资产负债率符合行业语境；营收增长达到行业较好水平,规则和AI评级不完全一致，可作为人工复核优先项
AOS,US,A.O. Smith Corporation Common Stock,通用,可研究池,74.0,88.4,84.4,优质池,是,是,是,否,短历史封顶生效；排雷状态扣分,优质候选,100,可跟踪,4,C 短历史,Medium,80,短历史封顶；排雷需关注,数据质量中等，质量评级需降置信度；长期ROE达到行业优秀线；ROE稳定性较好；近5年无亏损；近5年经营现金流持续为正；自由现金流整体为正；资产负债率符合行业语境；营收增长处于可接受区间,规则和AI评级不完全一致，可作为人工复核优先项
FERG,US,Ferguson Enterprises Inc. Common Stock,通用,优质池,78.0,84.4,84.4,优质池,是,是,否,否,短历史封顶生效,优质候选,99,可跟踪,3,C 短历史,Medium,60,短历史封顶,数据质量中等，质量评级需降置信度；长期ROE达到行业优秀线；ROE稳定性较好；近5年无亏损；近5年经营现金流持续为正；自由现金流整体为正；营收增长处于可接受区间,规则和AI评级不完全一致，可作为人工复核优先项
XOM,US,Exxon Mobil Corporation Common Stock,周期,可研究池,74.0,88.4,84.4,优质池,是,是,是,否,短历史封顶生效；排雷状态扣分,优质候选,99,优质候选,4,C 短历史,Medium,80,短历史封顶；排雷需关注,数据质量中等，质量评级需降置信度；长期ROE达到行业优秀线；ROE稳定性较好；近5年无亏损；近5年经营现金流持续为正；自由现金流整体为正；资产负债率符合行业语境；周期行业营收下滑，需结合行业周期位置,规则与AI均认可质量，排雷侧因单项风险给出需关注状态，适合进入人工复核清单；但数据年数少于5年，长期ROE、波动和CAGR应按短历史估计降置信度
300136,CN,信维通信,科技,优质池,84.4,84.4,84.4,优质池,否,否,否,否,综合分未达核心阈值,优质候选,97,可跟踪,10,A 完整历史,High,100,-,数据质量高；长期ROE达到行业优秀线；ROE稳定性较好；近5年无亏损；近5年经营现金流持续为正；自由现金流数据缺失，评级保守；资产负债率符合行业语境；营收增长处于可接受区间,规则和AI评级不完全一致，可作为人工复核优先项
PODD,US,Insulet Corporation - Common Stock,通用,可研究池,74.0,88.4,84.4,优质池,是,是,是,否,短历史封顶生效；排雷状态扣分,优质候选,95,优质候选,4,C 短历史,Medium,80,短历史封顶；排雷需关注,数据质量中等，质量评级需降置信度；长期ROE达到行业优秀线；ROE波动偏大；近5年无亏损；近5年经营现金流持续为正；自由现金流整体为正；资产负债率符合行业语境；营收增长达到行业较好水平,规则与AI均认可质量，排雷侧因单项风险给出需关注状态，适合进入人工复核清单；但数据年数少于5年，长期ROE、波动和CAGR应按短历史估计降置信度
CIX,US,CompX International Inc. Common Stock,通用,优质池,78.0,84.4,84.4,优质池,是,是,否,否,短历史封顶生效,优质候选,93,可跟踪,4,C 短历史,Medium,80,短历史封顶,数据质量中等，质量评级需降置信度；长期ROE达到行业优秀线；ROE稳定性较好；近5年无亏损；近5年经营现金流持续为正；自由现金流整体为正；资产负债率符合行业语境；营收增长偏弱,规则和AI评级不完全一致，可作为人工复核优先项
PAYC,US,"Paycom Software, Inc. Common Stock",科技,可研究池,74.0,88.4,84.4,优质池,是,是,是,否,短历史封顶生效；排雷状态扣分,优质候选,93,优质候选,4,C 短历史,Medium,80,短历史封顶；排雷需关注,数据质量中等，质量评级需降置信度；长期ROE达到行业优秀线；ROE稳定性较好；近5年无亏损；近5年经营现金流持续为正；自由现金流整体为正；资产负债率高于行业舒适区；营收增长达到行业较好水平,规则与AI均认可质量，排雷侧因单项风险给出需关注状态，适合进入人工复核清单；但数据年数少于5年，长期ROE、波动和CAGR应按短历史估计降置信度
TEL,US,TE Connectivity plc Ordinary Shares,科技,可研究池,74.0,88.4,84.4,优质池,是,是,是,否,短历史封顶生效；排雷状态扣分,优质候选,93,优质候选,4,C 短历史,Medium,80,短历史封顶；排雷需关注,数据质量中等，质量评级需降置信度；长期ROE达到行业优秀线；ROE稳定性较好；近5年无亏损；近5年经营现金流持续为正；自由现金流整体为正；资产负债率符合行业语境；营收增长偏弱,规则与AI均认可质量，排雷侧因单项风险给出需关注状态，适合进入人工复核清单；但数据年数少于5年，长期ROE、波动和CAGR应按短历史估计降置信度
300918,CN,南山智尚,通用,优质池,84.4,84.4,84.4,优质池,否,否,否,否,综合分未达核心阈值,优质候选,89,可跟踪,10,A 完整历史,High,100,-,数据质量高；长期ROE达到行业基本线；ROE稳定性较好；近5年无亏损；近5年经营现金流持续为正；自由现金流数据缺失，评级保守；资产负债率符合行业语境；营收增长达到行业较好水平,规则和AI评级不完全一致，可作为人工复核优先项
301408,CN,华人健康,通用,优质池,84.4,84.4,84.4,优质池,否,否,否,否,综合分未达核心阈值,优质候选,89,可跟踪,8,B 中等历史,High,100,-,数据质量高；长期ROE达到行业基本线；ROE稳定性较好；近5年无亏损；近5年经营现金流持续为正；自由现金流数据缺失，评级保守；资产负债率符合行业语境；营收增长达到行业较好水平,规则和AI评级不完全一致，可作为人工复核优先项
601872,CN,招商轮船,通用,优质池,84.4,84.4,84.4,优质池,否,否,否,否,综合分未达核心阈值,优质候选,89,可跟踪,10,A 完整历史,High,100,-,数据质量高；长期ROE达到行业基本线；ROE稳定性较好；近5年无亏损；近5年经营现金流持续为正；自由现金流数据缺失，评级保守；资产负债率符合行业语境；营收增长达到行业较好水平,规则和AI评级不完全一致，可作为人工复核优先项
603966,CN,法兰泰克,通用,优质池,84.4,84.4,84.4,优质池,否,否,否,否,综合分未达核心阈值,优质候选,89,可跟踪,10,A 完整历史,High,100,-,数据质量高；长期ROE达到行业基本线；ROE稳定性较好；近5年无亏损；近5年经营现金流持续为正；自由现金流数据缺失，评级保守；资产负债率符合行业语境；营收增长达到行业较好水平,规则和AI评级不完全一致，可作为人工复核优先项
688089,CN,嘉必优,通用,优质池,84.4,84.4,84.4,优质池,否,否,否,否,综合分未达核心阈值,优质候选,89,可跟踪,10,A 完整历史,High,100,-,数据质量高；长期ROE达到行业基本线；ROE稳定性较好；近5年无亏损；近5年经营现金流持续为正；自由现金流数据缺失，评级保守；资产负债率符合行业语境；营收增长达到行业较好水平,规则和AI评级不完全一致，可作为人工复核优先项
EA,US,Electronic Arts Inc. - Common Stock,科技,优质池,78.0,84.4,84.4,优质池,是,是,否,否,短历史封顶生效,优质候选,89,优质候选,4,C 短历史,Medium,80,短历史封顶,数据质量中等，质量评级需降置信度；长期ROE达到行业优秀线；ROE稳定性较好；近5年无亏损；近5年经营现金流持续为正；自由现金流整体为正；营收增长偏弱,规则质量评级与AI评级一致；但数据年数少于5年，长期ROE、波动和CAGR应按短历史估计降置信度
GASS,US,"StealthGas, Inc. - common stock",周期,优质池,78.0,84.4,84.4,优质池,是,是,否,否,短历史封顶生效,优质候选,89,优质候选,4,C 短历史,Medium,80,短历史封顶,数据质量中等，质量评级需降置信度；长期ROE达到行业基本线；ROE稳定性较好；近5年无亏损；近5年经营现金流持续为正；自由现金流整体为正；资产负债率符合行业语境；营收增长处于可接受区间,规则质量评级与AI评级一致；但数据年数少于5年，长期ROE、波动和CAGR应按短历史估计降置信度
CDRE,US,"Cadre Holdings, Inc. Common Stock",通用,可研究池,74.0,88.3,84.3,优质池,是,是,是,否,短历史封顶生效；排雷状态扣分,优质候选,100,优质候选,4,C 短历史,Medium,80,短历史封顶；排雷需关注,数据质量中等，质量评级需降置信度；长期ROE达到行业优秀线；ROE稳定性较好；近5年无亏损；近5年经营现金流持续为正；自由现金流整体为正；资产负债率符合行业语境；营收增长达到行业较好水平,规则与AI均认可质量，排雷侧因单项风险给出需关注状态，适合进入人工复核清单；但数据年数少于5年，长期ROE、波动和CAGR应按短历史估计降置信度
603355,CN,莱克电气,通用,优质池,84.3,84.3,84.3,优质池,否,否,否,否,综合分未达核心阈值,优质候选,95,可跟踪,10,A 完整历史,High,100,-,数据质量高；长期ROE达到行业优秀线；ROE稳定性较好；近5年无亏损；近5年经营现金流持续为正；自由现金流数据缺失，评级保守；资产负债率略高但未构成硬伤；营收增长达到行业较好水平,规则和AI评级不完全一致，可作为人工复核优先项
BKE,US,"Buckle, Inc. (The) Common Stock",消费,优质池,78.0,84.3,84.3,优质池,是,是,否,否,短历史封顶生效,优质候选,93,可跟踪,4,C 短历史,Medium,80,短历史封顶,数据质量中等，质量评级需降置信度；长期ROE达到行业优秀线；ROE稳定性较好；近5年无亏损；近5年经营现金流持续为正；自由现金流整体为正；资产负债率符合行业语境；营收增长偏弱,规则和AI评级不完全一致，可作为人工复核优先项
EEFT,US,"Euronet Worldwide, Inc. - Common Stock",科技,可研究池,74.0,88.3,84.3,优质池,是,是,是,否,短历史封顶生效；排雷状态扣分,优质候选,93,优质候选,4,C 短历史,Medium,80,短历史封顶；排雷需关注,数据质量中等，质量评级需降置信度；长期ROE达到行业优秀线；ROE稳定性较好；近5年无亏损；近5年经营现金流持续为正；自由现金流整体为正；资产负债率高于行业舒适区；营收增长达到行业较好水平,规则与AI均认可质量，排雷侧因单项风险给出需关注状态，适合进入人工复核清单；但数据年数少于5年，长期ROE、波动和CAGR应按短历史估计降置信度
001308,CN,康冠科技,科技,优质池,84.3,84.3,84.3,优质池,否,否,否,否,综合分未达核心阈值,优质候选,89,可跟踪,8,B 中等历史,High,100,-,数据质量高；长期ROE达到行业优秀线；ROE稳定性较好；近5年无亏损；近5年经营现金流持续为正；自由现金流数据缺失，评级保守；资产负债率略高但未构成硬伤；营收增长处于可接受区间,规则和AI评级不完全一致，可作为人工复核优先项
ABG,US,Asbury Automotive Group Inc Common Stock,通用,优质池,78.0,84.2,84.2,优质池,是,是,否,否,短历史封顶生效,优质候选,100,可跟踪,4,C 短历史,Medium,80,短历史封顶,数据质量中等，质量评级需降置信度；长期ROE达到行业优秀线；ROE稳定性较好；近5年无亏损；近5年经营现金流持续为正；自由现金流整体为正；资产负债率略高但未构成硬伤；营收增长达到行业较好水平,规则和AI评级不完全一致，可作为人工复核优先项
GEHC,US,GE HealthCare Technologies Inc. - Common Stock,通用,可研究池,74.0,88.2,84.2,优质池,是,是,是,否,短历史封顶生效；排雷状态扣分,优质候选,100,优质候选,4,C 短历史,Medium,80,短历史封顶；排雷需关注,数据质量中等，质量评级需降置信度；长期ROE达到行业优秀线；ROE稳定性较好；近5年无亏损；近5年经营现金流持续为正；自由现金流整体为正；资产负债率略高但未构成硬伤；营收增长达到行业较好水平,规则与AI均认可质量，排雷侧因单项风险给出需关注状态，适合进入人工复核清单；但数据年数少于5年，长期ROE、波动和CAGR应按短历史估计降置信度
RMBS,US,"Rambus, Inc. - Common Stock",科技,可研究池,74.0,88.2,84.2,优质池,是,是,是,否,短历史封顶生效；排雷状态扣分,优质候选,99,优质候选,4,C 短历史,Medium,80,短历史封顶；排雷需关注,数据质量中等，质量评级需降置信度；长期ROE达到行业优秀线；ROE稳定性较好；科技/成长公司有亏损记录，需看亏损是否收窄；近5年经营现金流持续为正；自由现金流整体为正；资产负债率符合行业语境；营收增长达到行业较好水平,规则与AI均认可质量，排雷侧因单项风险给出需关注状态，适合进入人工复核清单；但数据年数少于5年，长期ROE、波动和CAGR应按短历史估计降置信度
ABNB,US,"Airbnb, Inc. - Class A Common Stock",通用,可研究池,74.0,88.2,84.2,优质池,是,是,是,否,短历史封顶生效；排雷状态扣分,优质候选,95,优质候选,4,C 短历史,Medium,80,短历史封顶；排雷需关注,数据质量中等，质量评级需降置信度；长期ROE达到行业优秀线；ROE波动偏大；近5年无亏损；近5年经营现金流持续为正；自由现金流整体为正；资产负债率符合行业语境；营收增长达到行业较好水平,规则与AI均认可质量，排雷侧因单项风险给出需关注状态，适合进入人工复核清单；但数据年数少于5年，长期ROE、波动和CAGR应按短历史估计降置信度
002981,CN,朝阳科技,科技,优质池,84.2,84.2,84.2,优质池,否,否,否,否,综合分未达核心阈值,优质候选,93,可跟踪,10,A 完整历史,High,100,-,数据质量高；长期ROE达到行业优秀线；ROE稳定性较好；科技/成长公司有亏损记录，需看亏损是否收窄；近5年经营现金流持续为正；自由现金流数据缺失，评级保守；资产负债率符合行业语境；营收增长达到行业较好水平,规则和AI评级不完全一致，可作为人工复核优先项
000598,CN,兴蓉环境,通用,优质池,84.2,84.2,84.2,优质池,否,否,否,否,综合分未达核心阈值,优质候选,89,可跟踪,10,A 完整历史,High,100,-,数据质量高；长期ROE达到行业基本线；ROE稳定性较好；近5年无亏损；近5年经营现金流持续为正；自由现金流数据缺失，评级保守；资产负债率符合行业语境；营收增长达到行业较好水平,规则和AI评级不完全一致，可作为人工复核优先项
920003,CN,中诚咨询,通用,优质池,84.2,88.2,84.2,优质池,否,否,是,否,排雷状态扣分,优质候选,89,优质候选,10,A 完整历史,High,100,排雷需关注,数据质量高；长期ROE达到行业优秀线；ROE波动偏大；近5年无亏损；近5年经营现金流持续为正；自由现金流数据缺失，评级保守；资产负债率符合行业语境；营收增长达到行业较好水平,规则与AI均认可质量，排雷侧因单项风险给出需关注状态，适合进入人工复核清单
NOC,US,Northrop Grumman Corporation Common Stock,通用,可研究池,74.0,88.1,84.1,优质池,是,是,是,否,短历史封顶生效；排雷状态扣分,优质候选,100,优质候选,4,C 短历史,Medium,80,短历史封顶；排雷需关注,数据质量中等，质量评级需降置信度；长期ROE达到行业优秀线；ROE稳定性较好；近5年无亏损；近5年经营现金流持续为正；自由现金流整体为正；资产负债率略高但未构成硬伤；营收增长达到行业较好水平,规则与AI均认可质量，排雷侧因单项风险给出需关注状态，适合进入人工复核清单；但数据年数少于5年，长期ROE、波动和CAGR应按短历史估计降置信度
CCEP,US,Coca-Cola Europacific Partners plc - Ordinary Shares,消费,可研究池,74.0,88.1,84.1,优质池,是,是,是,否,短历史封顶生效；排雷状态扣分,优质候选,93,优质候选,4,C 短历史,Medium,80,短历史封顶；排雷需关注,数据质量中等，质量评级需降置信度；长期ROE达到行业优秀线；ROE稳定性较好；近5年无亏损；近5年经营现金流持续为正；自由现金流整体为正；资产负债率高于行业舒适区；营收增长达到行业较好水平,规则与AI均认可财务质量，排雷侧主要提示杠杆风险；可视为高质量消费公司需关注负债的典型情形；但数据年数少于5年，长期ROE、波动和CAGR应按短历史估计降置信度
002351,CN,漫步者,通用,优质池,84.1,84.1,84.1,优质池,否,否,否,否,综合分未达核心阈值,优质候选,89,可跟踪,10,A 完整历史,High,100,-,数据质量高；长期ROE达到行业基本线；ROE稳定性较好；近5年无亏损；近5年经营现金流持续为正；自由现金流数据缺失，评级保守；资产负债率符合行业语境；营收增长达到行业较好水平,规则和AI评级不完全一致，可作为人工复核优先项
603153,CN,上海建科,通用,优质池,84.1,84.1,84.1,优质池,否,否,否,否,综合分未达核心阈值,优质候选,89,可跟踪,8,B 中等历史,High,100,-,数据质量高；长期ROE达到行业基本线；ROE稳定性较好；近5年无亏损；近5年经营现金流持续为正；自由现金流数据缺失，评级保守；资产负债率符合行业语境；营收增长达到行业较好水平,规则和AI评级不完全一致，可作为人工复核优先项
603158,CN,腾龙股份,通用,优质池,84.1,84.1,84.1,优质池,否,否,否,否,综合分未达核心阈值,优质候选,89,可跟踪,10,A 完整历史,High,100,-,数据质量高；长期ROE达到行业基本线；ROE稳定性较好；近5年无亏损；近5年经营现金流持续为正；自由现金流数据缺失，评级保守；资产负债率符合行业语境；营收增长达到行业较好水平,规则和AI评级不完全一致，可作为人工复核优先项
603238,CN,诺邦股份,通用,优质池,84.1,84.1,84.1,优质池,否,否,否,否,综合分未达核心阈值,优质候选,89,可跟踪,10,A 完整历史,High,100,-,数据质量高；长期ROE达到行业基本线；ROE稳定性较好；近5年无亏损；近5年经营现金流持续为正；自由现金流数据缺失，评级保守；资产负债率符合行业语境；营收增长达到行业较好水平,规则和AI评级不完全一致，可作为人工复核优先项
688102,CN,斯瑞新材,通用,优质池,84.1,84.1,84.1,优质池,否,否,否,否,综合分未达核心阈值,优质候选,89,可跟踪,9,B 中等历史,High,100,-,数据质量高；长期ROE达到行业基本线；ROE稳定性较好；近5年无亏损；近5年经营现金流持续为正；自由现金流数据缺失，评级保守；资产负债率符合行业语境；营收增长达到行业较好水平,规则和AI评级不完全一致，可作为人工复核优先项
920837,CN,华原股份,通用,优质池,84.1,84.1,84.1,优质池,否,否,否,否,综合分未达核心阈值,优质候选,89,可跟踪,10,A 完整历史,High,100,-,数据质量高；长期ROE达到行业基本线；ROE稳定性较好；近5年无亏损；近5年经营现金流持续为正；自由现金流数据缺失，评级保守；资产负债率符合行业语境；营收增长达到行业较好水平,规则和AI评级不完全一致，可作为人工复核优先项
601088,CN,中国神华,通用,优质池,84.1,87.1,84.1,优质池,否,否,否,是,规则AI分歧扣分,可跟踪,87,优质候选,10,A 完整历史,High,100,规则AI分歧,数据质量高；长期ROE达到行业优秀线；ROE稳定性较好；近5年无亏损；近5年经营现金流持续为正；自由现金流数据缺失，评级保守；资产负债率符合行业语境；营收增长偏弱,AI认为质量突出，规则侧可能因单项风险保守处理
002008,CN,大族激光,通用,优质池,84.0,84.0,84.0,优质池,否,否,否,否,综合分未达核心阈值,优质候选,100,可跟踪,10,A 完整历史,High,100,-,数据质量高；长期ROE达到行业优秀线；ROE稳定性较好；近5年无亏损；近5年经营现金流持续为正；自由现金流数据缺失，评级保守；资产负债率符合行业语境；营收增长达到行业较好水平,规则和AI评级不完全一致，可作为人工复核优先项
688535,CN,华海诚科,通用,优质池,84.0,84.0,84.0,优质池,否,否,否,否,综合分未达核心阈值,优质候选,100,可跟踪,10,A 完整历史,High,100,-,数据质量高；长期ROE达到行业优秀线；ROE稳定性较好；近5年无亏损；近5年经营现金流持续为正；自由现金流数据缺失，评级保守；资产负债率符合行业语境；营收增长达到行业较好水平,规则和AI评级不完全一致，可作为人工复核优先项
003041,CN,真爱美家,通用,优质池,84.0,84.0,84.0,优质池,否,否,否,否,综合分未达核心阈值,优质候选,97,可跟踪,10,A 完整历史,High,100,-,数据质量高；长期ROE达到行业优秀线；ROE稳定性较好；近5年无亏损；近5年经营现金流持续为正；自由现金流数据缺失，评级保守；资产负债率符合行业语境；营收增长处于可接受区间,规则和AI评级不完全一致，可作为人工复核优先项
002758,CN,浙农股份,通用,优质池,84.0,84.0,84.0,优质池,否,否,否,否,综合分未达核心阈值,优质候选,89,可跟踪,10,A 完整历史,High,100,-,数据质量高；长期ROE达到行业基本线；ROE稳定性较好；近5年无亏损；近5年经营现金流持续为正；自由现金流数据缺失，评级保守；资产负债率符合行业语境；营收增长达到行业较好水平,规则和AI评级不完全一致，可作为人工复核优先项
301059,CN,金三江,通用,优质池,84.0,88.0,84.0,优质池,否,否,是,否,排雷状态扣分,优质候选,89,优质候选,9,B 中等历史,High,100,排雷需关注,数据质量高；长期ROE达到行业优秀线；ROE波动偏大；近5年无亏损；近5年经营现金流持续为正；自由现金流数据缺失，评级保守；资产负债率符合行业语境；营收增长达到行业较好水平,规则与AI均认可质量，排雷侧因单项风险给出需关注状态，适合进入人工复核清单；数据历史未满10年，长期质量结论仍需补充更长周期验证
601139,CN,深圳燃气,通用,优质池,84.0,84.0,84.0,优质池,否,否,否,否,综合分未达核心阈值,优质候选,89,可跟踪,10,A 完整历史,High,100,-,数据质量高；长期ROE达到行业基本线；ROE稳定性较好；近5年无亏损；近5年经营现金流持续为正；自由现金流数据缺失，评级保守；资产负债率符合行业语境；营收增长达到行业较好水平,规则和AI评级不完全一致，可作为人工复核优先项
601858,CN,中国科传,通用,优质池,84.0,84.0,84.0,优质池,否,否,否,否,综合分未达核心阈值,优质候选,89,可跟踪,10,A 完整历史,High,100,-,数据质量高；长期ROE达到行业基本线；ROE稳定性较好；近5年无亏损；近5年经营现金流持续为正；自由现金流数据缺失，评级保守；资产负债率符合行业语境；营收增长达到行业较好水平,规则和AI评级不完全一致，可作为人工复核优先项
688267,CN,中触媒,通用,优质池,84.0,84.0,84.0,优质池,否,否,否,否,综合分未达核心阈值,优质候选,89,可跟踪,10,A 完整历史,High,100,-,数据质量高；长期ROE达到行业基本线；ROE稳定性较好；近5年无亏损；近5年经营现金流持续为正；自由现金流数据缺失，评级保守；资产负债率符合行业语境；营收增长达到行业较好水平,规则和AI评级不完全一致，可作为人工复核优先项
688597,CN,煜邦电力,通用,优质池,84.0,84.0,84.0,优质池,否,否,否,否,综合分未达核心阈值,优质候选,89,可跟踪,10,A 完整历史,High,100,-,数据质量高；长期ROE达到行业基本线；ROE稳定性较好；近5年无亏损；近5年经营现金流持续为正；自由现金流数据缺失，评级保守；资产负债率符合行业语境；营收增长达到行业较好水平,规则和AI评级不完全一致，可作为人工复核优先项
SON,US,Sonoco Products Company Common Stock,通用,可研究池,74.0,87.9,83.9,优质池,是,是,是,否,短历史封顶生效；排雷状态扣分,优质候选,100,优质候选,4,C 短历史,Medium,80,短历史封顶；排雷需关注,数据质量中等，质量评级需降置信度；长期ROE达到行业优秀线；ROE稳定性较好；近5年无亏损；近5年经营现金流持续为正；自由现金流整体为正；资产负债率略高但未构成硬伤；营收增长达到行业较好水平,规则与AI均认可质量，排雷侧因单项风险给出需关注状态，适合进入人工复核清单；但数据年数少于5年，长期ROE、波动和CAGR应按短历史估计降置信度
002080,CN,中材科技,科技,优质池,83.9,83.9,83.9,优质池,否,否,否,否,综合分未达核心阈值,优质候选,95,可跟踪,10,A 完整历史,High,100,-,数据质量高；长期ROE达到行业优秀线；ROE稳定性较好；近5年无亏损；近5年经营现金流持续为正；自由现金流数据缺失，评级保守；资产负债率略高但未构成硬伤；营收增长达到行业较好水平,规则和AI评级不完全一致，可作为人工复核优先项
603611,CN,诺力股份,通用,优质池,83.9,83.9,83.9,优质池,否,否,否,否,综合分未达核心阈值,优质候选,95,可跟踪,10,A 完整历史,High,100,-,数据质量高；长期ROE达到行业优秀线；ROE稳定性较好；近5年无亏损；近5年经营现金流持续为正；自由现金流数据缺失，评级保守；资产负债率略高但未构成硬伤；营收增长达到行业较好水平,规则和AI评级不完全一致，可作为人工复核优先项
002396,CN,星网锐捷,通用,优质池,83.9,83.9,83.9,优质池,否,否,否,否,综合分未达核心阈值,优质候选,89,可跟踪,10,A 完整历史,High,100,-,数据质量高；长期ROE达到行业基本线；ROE稳定性较好；近5年无亏损；近5年经营现金流持续为正；自由现金流数据缺失，评级保守；资产负债率符合行业语境；营收增长达到行业较好水平,规则和AI评级不完全一致，可作为人工复核优先项
300558,CN,贝达药业,通用,优质池,83.9,83.9,83.9,优质池,否,否,否,否,综合分未达核心阈值,优质候选,89,可跟踪,10,A 完整历史,High,100,-,数据质量高；长期ROE达到行业基本线；ROE稳定性较好；近5年无亏损；近5年经营现金流持续为正；自由现金流数据缺失，评级保守；资产负债率符合行业语境；营收增长达到行业较好水平,规则和AI评级不完全一致，可作为人工复核优先项
603328,CN,依顿电子,科技,优质池,83.9,83.9,83.9,优质池,否,否,否,否,综合分未达核心阈值,优质候选,89,可跟踪,10,A 完整历史,High,100,-,数据质量高；长期ROE达到行业基本线；ROE稳定性较好；近5年无亏损；近5年经营现金流持续为正；自由现金流数据缺失，评级保守；资产负债率符合行业语境；营收增长达到行业较好水平,规则和AI评级不完全一致，可作为人工复核优先项
603500,CN,祥和实业,通用,优质池,83.9,83.9,83.9,优质池,否,否,否,否,综合分未达核心阈值,优质候选,89,可跟踪,10,A 完整历史,High,100,-,数据质量高；长期ROE达到行业基本线；ROE稳定性较好；近5年无亏损；近5年经营现金流持续为正；自由现金流数据缺失，评级保守；资产负债率符合行业语境；营收增长达到行业较好水平,规则和AI评级不完全一致，可作为人工复核优先项
603681,CN,永冠新材,通用,优质池,83.9,83.9,83.9,优质池,否,否,否,否,综合分未达核心阈值,优质候选,89,可跟踪,10,A 完整历史,High,100,-,数据质量高；长期ROE达到行业基本线；ROE稳定性较好；近5年无亏损；近5年经营现金流持续为正；自由现金流数据缺失，评级保守；资产负债率符合行业语境；营收增长达到行业较好水平,规则和AI评级不完全一致，可作为人工复核优先项
688689,CN,银河微电,通用,优质池,83.9,83.9,83.9,优质池,否,否,否,否,综合分未达核心阈值,优质候选,89,可跟踪,10,A 完整历史,High,100,-,数据质量高；长期ROE达到行业基本线；ROE稳定性较好；近5年无亏损；近5年经营现金流持续为正；自由现金流数据缺失，评级保守；资产负债率符合行业语境；营收增长达到行业较好水平,规则和AI评级不完全一致，可作为人工复核优先项
603530,CN,神马电力,通用,优质池,83.9,86.9,83.9,优质池,否,否,否,是,规则AI分歧扣分,可跟踪,83,优质候选,10,A 完整历史,High,100,规则AI分歧,数据质量高；长期ROE达到行业优秀线；ROE稳定性较好；近5年无亏损；经营现金流存在瑕疵；自由现金流数据缺失，评级保守；资产负债率符合行业语境；营收增长达到行业较好水平,AI认为质量突出，规则侧可能因单项风险保守处理
AROC,US,"Archrock, Inc. Common Stock",周期,优质池,78.0,83.8,83.8,优质池,是,是,否,否,短历史封顶生效,优质候选,100,可跟踪,4,C 短历史,Medium,80,短历史封顶,数据质量中等，质量评级需降置信度；长期ROE达到行业优秀线；ROE稳定性较好；近5年无亏损；近5年经营现金流持续为正；自由现金流整体为正；资产负债率符合行业语境；营收增长达到行业较好水平,规则和AI评级不完全一致，可作为人工复核优先项
GNE,US,Genie Energy Ltd. Class B Common Stock Stock,周期,可研究池,74.0,87.8,83.8,优质池,是,是,是,否,短历史封顶生效；排雷状态扣分,优质候选,100,优质候选,4,C 短历史,Medium,80,短历史封顶；排雷需关注,数据质量中等，质量评级需降置信度；长期ROE达到行业优秀线；ROE稳定性较好；近5年无亏损；近5年经营现金流持续为正；自由现金流整体为正；资产负债率符合行业语境；营收增长达到行业较好水平,规则与AI均认可质量，排雷侧因单项风险给出需关注状态，适合进入人工复核清单；但数据年数少于5年，长期ROE、波动和CAGR应按短历史估计降置信度
UNH,US,UnitedHealth Group Incorporated Common Stock (DE),通用,可研究池,74.0,87.8,83.8,优质池,是,是,是,否,短历史封顶生效；排雷状态扣分,优质候选,100,优质候选,4,C 短历史,Medium,80,短历史封顶；排雷需关注,数据质量中等，质量评级需降置信度；长期ROE达到行业优秀线；ROE稳定性较好；近5年无亏损；近5年经营现金流持续为正；自由现金流整体为正；资产负债率略高但未构成硬伤；营收增长达到行业较好水平,规则与AI均认可质量，排雷侧因单项风险给出需关注状态，适合进入人工复核清单；但数据年数少于5年，长期ROE、波动和CAGR应按短历史估计降置信度
CMI,US,Cummins Inc. Common Stock,通用,可研究池,74.0,87.8,83.8,优质池,是,是,是,否,短历史封顶生效；排雷状态扣分,优质候选,95,优质候选,4,C 短历史,Medium,80,短历史封顶；排雷需关注,数据质量中等，质量评级需降置信度；长期ROE达到行业优秀线；ROE波动偏大；近5年无亏损；近5年经营现金流持续为正；自由现金流整体为正；资产负债率符合行业语境；营收增长达到行业较好水平,规则与AI均认可质量，排雷侧因单项风险给出需关注状态，适合进入人工复核清单；但数据年数少于5年，长期ROE、波动和CAGR应按短历史估计降置信度
DRS,US,"Leonardo DRS, Inc. - Common Stock",通用,可研究池,74.0,87.8,83.8,优质池,是,是,是,否,短历史封顶生效；排雷状态扣分,优质候选,95,优质候选,4,C 短历史,Medium,80,短历史封顶；排雷需关注,数据质量中等，质量评级需降置信度；长期ROE达到行业基本线；ROE稳定性较好；近5年无亏损；近5年经营现金流持续为正；自由现金流整体为正；资产负债率符合行业语境；营收增长达到行业较好水平,规则与AI均认可质量，排雷侧因单项风险给出需关注状态，适合进入人工复核清单；但数据年数少于5年，长期ROE、波动和CAGR应按短历史估计降置信度
TLK,US,"PT Telekomunikasi Indonesia, Tbk",通用,优质池,78.0,83.8,83.8,优质池,是,是,否,否,短历史封顶生效,优质候选,92,可跟踪,4,C 短历史,Medium,80,短历史封顶,数据质量中等，质量评级需降置信度；长期ROE达到行业优秀线；ROE稳定性较好；近5年无亏损；近5年经营现金流持续为正；自由现金流数据缺失，评级保守；资产负债率符合行业语境；营收增长处于可接受区间,规则和AI评级不完全一致，可作为人工复核优先项
301196,CN,唯科科技,科技,优质池,83.8,83.8,83.8,优质池,否,否,否,否,综合分未达核心阈值,优质候选,89,可跟踪,9,B 中等历史,High,100,-,数据质量高；长期ROE达到行业基本线；ROE稳定性较好；近5年无亏损；近5年经营现金流持续为正；自由现金流数据缺失，评级保守；资产负债率符合行业语境；营收增长达到行业较好水平,规则和AI评级不完全一致，可作为人工复核优先项
600521,CN,华海药业,通用,优质池,83.8,83.8,83.8,优质池,否,否,否,否,综合分未达核心阈值,优质候选,89,可跟踪,10,A 完整历史,High,100,-,数据质量高；长期ROE达到行业基本线；ROE稳定性较好；近5年无亏损；近5年经营现金流持续为正；自由现金流数据缺失，评级保守；资产负债率符合行业语境；营收增长达到行业较好水平,规则和AI评级不完全一致，可作为人工复核优先项
920357,CN,雅葆轩,通用,优质池,83.8,87.8,83.8,优质池,否,否,是,否,排雷状态扣分,优质候选,89,优质候选,10,A 完整历史,High,100,排雷需关注,数据质量高；长期ROE达到行业优秀线；ROE波动偏大；近5年无亏损；近5年经营现金流持续为正；自由现金流数据缺失，评级保守；资产负债率符合行业语境；营收增长达到行业较好水平,规则与AI均认可质量，排雷侧因单项风险给出需关注状态，适合进入人工复核清单
TK,US,Teekay Corporation Ltd. Common Stock,周期,可研究池,74.0,87.7,83.7,优质池,是,是,是,否,短历史封顶生效；排雷状态扣分,优质候选,99,可跟踪,4,C 短历史,Medium,80,短历史封顶；排雷需关注,数据质量中等，质量评级需降置信度；长期ROE达到行业优秀线；ROE稳定性较好；近5年无亏损；近5年经营现金流持续为正；自由现金流整体为正；资产负债率符合行业语境；周期行业营收下滑，需结合行业周期位置,规则和AI评级不完全一致，可作为人工复核优先项
WCN,US,"Waste Connections, Inc. Common Shares",通用,可研究池,74.0,87.7,83.7,优质池,是,是,是,否,短历史封顶生效；排雷状态扣分,优质候选,95,优质候选,4,C 短历史,Medium,80,短历史封顶；排雷需关注,数据质量中等，质量评级需降置信度；长期ROE达到行业基本线；ROE稳定性较好；近5年无亏损；近5年经营现金流持续为正；自由现金流整体为正；资产负债率符合行业语境；营收增长达到行业较好水平,规则与AI均认可质量，排雷侧因单项风险给出需关注状态，适合进入人工复核清单；但数据年数少于5年，长期ROE、波动和CAGR应按短历史估计降置信度
ZJK,US,"ZJK Industrial Co., Ltd. - Class A Ordinary Shares",通用,可研究池,74.0,87.7,83.7,优质池,是,是,是,否,短历史封顶生效；排雷状态扣分,优质候选,95,优质候选,4,C 短历史,Medium,80,短历史封顶；排雷需关注,数据质量中等，质量评级需降置信度；长期ROE达到行业优秀线；ROE波动偏大；近5年无亏损；近5年经营现金流持续为正；自由现金流整体为正；资产负债率符合行业语境；营收增长达到行业较好水平,规则与AI均认可质量，排雷侧因单项风险给出需关注状态，适合进入人工复核清单；但数据年数少于5年，长期ROE、波动和CAGR应按短历史估计降置信度
000811,CN,冰轮环境,通用,优质池,83.7,83.7,83.7,优质池,否,否,否,否,综合分未达核心阈值,优质候选,89,可跟踪,10,A 完整历史,High,100,-,数据质量高；长期ROE达到行业基本线；ROE稳定性较好；近5年无亏损；近5年经营现金流持续为正；自由现金流数据缺失，评级保守；资产负债率符合行业语境；营收增长达到行业较好水平,规则和AI评级不完全一致，可作为人工复核优先项
688157,CN,松井股份,通用,优质池,83.7,83.7,83.7,优质池,否,否,否,否,综合分未达核心阈值,优质候选,89,可跟踪,10,A 完整历史,High,100,-,数据质量高；长期ROE达到行业基本线；ROE稳定性较好；近5年无亏损；近5年经营现金流持续为正；自由现金流数据缺失，评级保守；资产负债率符合行业语境；营收增长达到行业较好水平,规则和AI评级不完全一致，可作为人工复核优先项
PPG,US,"PPG Industries, Inc. Common Stock",周期,可研究池,74.0,87.6,83.6,优质池,是,是,是,否,短历史封顶生效；排雷状态扣分,优质候选,100,可跟踪,4,C 短历史,Medium,80,短历史封顶；排雷需关注,数据质量中等，质量评级需降置信度；长期ROE达到行业优秀线；ROE稳定性较好；近5年无亏损；近5年经营现金流持续为正；自由现金流整体为正；资产负债率符合行业语境；营收增长处于可接受区间,规则和AI评级不完全一致，可作为人工复核优先项
ENVA,US,"Enova International, Inc. Common Stock",通用,可研究池,74.0,87.6,83.6,优质池,是,是,是,否,短历史封顶生效；排雷状态扣分,优质候选,93,优质候选,4,C 短历史,Medium,80,短历史封顶；排雷需关注,数据质量中等，质量评级需降置信度；长期ROE达到行业优秀线；ROE稳定性较好；近5年无亏损；近5年经营现金流持续为正；自由现金流整体为正；资产负债率高于行业舒适区；营收增长达到行业较好水平,规则与AI均认可质量，排雷侧因单项风险给出需关注状态，适合进入人工复核清单；但数据年数少于5年，长期ROE、波动和CAGR应按短历史估计降置信度
002126,CN,银轮股份,通用,优质池,83.6,83.6,83.6,优质池,否,否,否,否,综合分未达核心阈值,优质候选,89,可跟踪,10,A 完整历史,High,100,-,数据质量高；长期ROE达到行业基本线；ROE稳定性较好；近5年无亏损；近5年经营现金流持续为正；自由现金流数据缺失，评级保守；资产负债率符合行业语境；营收增长达到行业较好水平,规则和AI评级不完全一致，可作为人工复核优先项
300979,CN,华利集团,通用,优质池,83.6,87.6,83.6,优质池,否,否,是,否,排雷状态扣分,优质候选,89,优质候选,9,B 中等历史,High,100,排雷需关注,数据质量高；长期ROE达到行业优秀线；ROE波动偏大；近5年无亏损；近5年经营现金流持续为正；自由现金流数据缺失，评级保守；资产负债率符合行业语境；营收增长达到行业较好水平,规则与AI均认可质量，排雷侧因单项风险给出需关注状态，适合进入人工复核清单；数据历史未满10年，长期质量结论仍需补充更长周期验证
301106,CN,骏成科技,科技,优质池,83.6,87.6,83.6,优质池,否,否,是,否,排雷状态扣分,优质候选,89,优质候选,10,A 完整历史,High,100,排雷需关注,数据质量高；长期ROE达到行业优秀线；ROE波动偏大；近5年无亏损；近5年经营现金流持续为正；自由现金流数据缺失，评级保守；资产负债率符合行业语境；营收增长达到行业较好水平,规则与AI均认可质量，排雷侧因单项风险给出需关注状态，适合进入人工复核清单
301277,CN,新天地,通用,优质池,83.6,87.6,83.6,优质池,否,否,是,否,排雷状态扣分,优质候选,89,优质候选,8,B 中等历史,High,100,排雷需关注,数据质量高；长期ROE达到行业优秀线；ROE波动偏大；近5年无亏损；近5年经营现金流持续为正；自由现金流数据缺失，评级保守；资产负债率符合行业语境；营收增长达到行业较好水平,规则与AI均认可质量，排雷侧因单项风险给出需关注状态，适合进入人工复核清单；数据历史未满10年，长期质量结论仍需补充更长周期验证
603136,CN,天目湖,通用,优质池,83.6,83.6,83.6,优质池,否,否,否,否,综合分未达核心阈值,优质候选,89,可跟踪,10,A 完整历史,High,100,-,数据质量高；长期ROE达到行业基本线；ROE稳定性较好；近5年无亏损；近5年经营现金流持续为正；自由现金流数据缺失，评级保守；资产负债率符合行业语境；营收增长达到行业较好水平,规则和AI评级不完全一致，可作为人工复核优先项
PPC,US,Pilgrim's Pride Corporation - Common Stock,消费,可研究池,75.0,86.6,83.6,优质池,是,是,否,是,短历史封顶生效；规则AI分歧扣分,可跟踪,85,优质候选,4,C 短历史,Medium,80,短历史封顶；规则AI分歧,数据质量中等，质量评级需降置信度；长期ROE达到行业优秀线；ROE稳定性较好；近5年无亏损；近5年经营现金流持续为正；自由现金流整体为正；资产负债率略高但未构成硬伤；营收增长偏弱,AI认为质量突出，规则侧可能因单项风险保守处理
301529,CN,福赛科技,科技,优质池,83.6,86.6,83.6,优质池,否,否,否,是,规则AI分歧扣分,可跟踪,83,优质候选,8,B 中等历史,High,100,规则AI分歧,数据质量高；长期ROE达到行业优秀线；ROE稳定性较好；近5年无亏损；经营现金流存在瑕疵；自由现金流数据缺失，评级保守；资产负债率符合行业语境；营收增长达到行业较好水平,AI认为质量突出，规则侧可能因单项风险保守处理
ESEA,US,Euroseas Ltd. - Common Stock,周期,可研究池,74.0,87.5,83.5,优质池,是,是,是,否,短历史封顶生效；排雷状态扣分,优质候选,100,优质候选,4,C 短历史,Medium,80,短历史封顶；排雷需关注,数据质量中等，质量评级需降置信度；长期ROE达到行业优秀线；ROE稳定性较好；近5年无亏损；近5年经营现金流持续为正；自由现金流整体为正；资产负债率符合行业语境；营收增长达到行业较好水平,规则与AI均认可质量，排雷侧因单项风险给出需关注状态，适合进入人工复核清单；但数据年数少于5年，长期ROE、波动和CAGR应按短历史估计降置信度
301535,CN,浙江华远,通用,优质池,83.5,83.5,83.5,优质池,否,否,否,否,综合分未达核心阈值,优质候选,98,可跟踪,7,B 中等历史,Medium,87,-,数据质量中等，质量评级需降置信度；长期ROE达到行业优秀线；ROE稳定性较好；近5年无亏损；近5年经营现金流持续为正；自由现金流数据缺失，评级保守；资产负债率符合行业语境；营收增长达到行业较好水平,规则和AI评级不完全一致，可作为人工复核优先项
300835,CN,龙磁科技,科技,优质池,83.5,83.5,83.5,优质池,否,否,否,否,综合分未达核心阈值,优质候选,95,可跟踪,10,A 完整历史,High,100,-,数据质量高；长期ROE达到行业优秀线；ROE稳定性较好；近5年无亏损；近5年经营现金流持续为正；自由现金流数据缺失，评级保守；资产负债率略高但未构成硬伤；营收增长达到行业较好水平,规则和AI评级不完全一致，可作为人工复核优先项
RBA,US,"RB Global, Inc. Common Stock",通用,可研究池,74.0,87.5,83.5,优质池,是,是,是,否,短历史封顶生效；排雷状态扣分,优质候选,95,优质候选,4,C 短历史,Medium,80,短历史封顶；排雷需关注,数据质量中等，质量评级需降置信度；长期ROE达到行业基本线；ROE稳定性较好；近5年无亏损；近5年经营现金流持续为正；自由现金流整体为正；资产负债率符合行业语境；营收增长达到行业较好水平,规则与AI均认可质量，排雷侧因单项风险给出需关注状态，适合进入人工复核清单；但数据年数少于5年，长期ROE、波动和CAGR应按短历史估计降置信度
LZB,US,La-Z-Boy Incorporated Common Stock,通用,优质池,78.0,83.5,83.5,优质池,是,是,否,否,短历史封顶生效,优质候选,93,可跟踪,4,C 短历史,Medium,80,短历史封顶,数据质量中等，质量评级需降置信度；长期ROE达到行业优秀线；ROE稳定性较好；近5年无亏损；近5年经营现金流持续为正；自由现金流整体为正；资产负债率符合行业语境；营收增长偏弱,规则和AI评级不完全一致，可作为人工复核优先项
603231,CN,索宝蛋白,通用,优质池,83.5,83.5,83.5,优质池,否,否,否,否,综合分未达核心阈值,优质候选,92,可跟踪,7,B 中等历史,Medium,87,-,数据质量中等，质量评级需降置信度；长期ROE达到行业优秀线；ROE稳定性较好；近5年无亏损；近5年经营现金流持续为正；自由现金流数据缺失，评级保守；资产负债率符合行业语境；营收增长处于可接受区间,规则和AI评级不完全一致，可作为人工复核优先项
002920,CN,德赛西威,通用,优质池,83.5,87.5,83.5,优质池,否,否,是,否,排雷状态扣分,优质候选,89,优质候选,10,A 完整历史,High,100,排雷需关注,数据质量高；长期ROE达到行业优秀线；ROE波动偏大；近5年无亏损；近5年经营现金流持续为正；自由现金流数据缺失，评级保守；资产负债率符合行业语境；营收增长达到行业较好水平,规则与AI均认可质量，排雷侧因单项风险给出需关注状态，适合进入人工复核清单
600886,CN,国投电力,通用,优质池,83.5,83.5,83.5,优质池,否,否,否,否,综合分未达核心阈值,优质候选,89,可跟踪,10,A 完整历史,High,100,-,数据质量高；长期ROE达到行业基本线；ROE稳定性较好；近5年无亏损；近5年经营现金流持续为正；自由现金流数据缺失，评级保守；资产负债率符合行业语境；营收增长达到行业较好水平,规则和AI评级不完全一致，可作为人工复核优先项
603048,CN,浙江黎明,通用,优质池,83.5,83.5,83.5,优质池,否,否,否,否,综合分未达核心阈值,优质候选,89,可跟踪,9,B 中等历史,High,100,-,数据质量高；长期ROE达到行业基本线；ROE稳定性较好；近5年无亏损；近5年经营现金流持续为正；自由现金流数据缺失，评级保守；资产负债率符合行业语境；营收增长达到行业较好水平,规则和AI评级不完全一致，可作为人工复核优先项
688665,CN,四方光电,通用,优质池,83.5,87.5,83.5,优质池,否,否,是,否,排雷状态扣分,优质候选,89,优质候选,9,B 中等历史,High,100,排雷需关注,数据质量高；长期ROE达到行业优秀线；ROE波动偏大；近5年无亏损；近5年经营现金流持续为正；自由现金流数据缺失，评级保守；资产负债率符合行业语境；营收增长达到行业较好水平,规则与AI均认可质量，排雷侧因单项风险给出需关注状态，适合进入人工复核清单；数据历史未满10年，长期质量结论仍需补充更长周期验证
920943,CN,优机股份,通用,优质池,83.5,83.5,83.5,优质池,否,否,否,否,综合分未达核心阈值,优质候选,89,可跟踪,10,A 完整历史,High,100,-,数据质量高；长期ROE达到行业基本线；ROE稳定性较好；近5年无亏损；近5年经营现金流持续为正；自由现金流数据缺失，评级保守；资产负债率符合行业语境；营收增长达到行业较好水平,规则和AI评级不完全一致，可作为人工复核优先项
OSIS,US,"OSI Systems, Inc. - Common Stock",科技,可研究池,75.0,86.5,83.5,优质池,是,是,否,是,短历史封顶生效；规则AI分歧扣分,可跟踪,81,优质候选,4,C 短历史,Medium,80,短历史封顶；规则AI分歧,数据质量中等，质量评级需降置信度；长期ROE达到行业优秀线；ROE稳定性较好；近5年无亏损；经营现金流存在瑕疵；自由现金流整体为正；资产负债率略高但未构成硬伤；营收增长达到行业较好水平,AI认为质量突出，规则侧可能因单项风险保守处理
HAE,US,Haemonetics Corporation Common Stock,通用,可研究池,74.0,87.4,83.4,优质池,是,是,是,否,短历史封顶生效；排雷状态扣分,优质候选,100,优质候选,4,C 短历史,Medium,80,短历史封顶；排雷需关注,数据质量中等，质量评级需降置信度；长期ROE达到行业优秀线；ROE稳定性较好；近5年无亏损；近5年经营现金流持续为正；自由现金流整体为正；资产负债率略高但未构成硬伤；营收增长达到行业较好水平,规则与AI均认可质量，排雷侧因单项风险给出需关注状态，适合进入人工复核清单；但数据年数少于5年，长期ROE、波动和CAGR应按短历史估计降置信度
ELF,US,"e.l.f. Beauty, Inc. Common Stock",消费,可研究池,74.0,87.4,83.4,优质池,是,是,是,否,短历史封顶生效；排雷状态扣分,优质候选,95,优质候选,4,C 短历史,Medium,80,短历史封顶；排雷需关注,数据质量中等，质量评级需降置信度；长期ROE达到行业基本线；ROE稳定性较好；近5年无亏损；近5年经营现金流持续为正；自由现金流整体为正；资产负债率符合行业语境；营收增长达到行业较好水平,规则与AI均认可质量，排雷侧因单项风险给出需关注状态，适合进入人工复核清单；但数据年数少于5年，长期ROE、波动和CAGR应按短历史估计降置信度
INCY,US,Incyte Corporation - Common Stock,科技,可研究池,74.0,87.4,83.4,优质池,是,是,是,否,短历史封顶生效；排雷状态扣分,优质候选,95,优质候选,4,C 短历史,Medium,80,短历史封顶；排雷需关注,数据质量中等，质量评级需降置信度；长期ROE达到行业基本线；ROE稳定性较好；近5年无亏损；近5年经营现金流持续为正；自由现金流整体为正；资产负债率符合行业语境；营收增长达到行业较好水平,规则与AI均认可质量，排雷侧因单项风险给出需关注状态，适合进入人工复核清单；但数据年数少于5年，长期ROE、波动和CAGR应按短历史估计降置信度
RAVE,US,"Rave Restaurant Group, Inc. - Common Stock",通用,可研究池,74.0,87.4,83.4,优质池,是,是,是,否,短历史封顶生效；排雷状态扣分,优质候选,95,优质候选,4,C 短历史,Medium,80,短历史封顶；排雷需关注,数据质量中等，质量评级需降置信度；长期ROE达到行业优秀线；ROE波动偏大；近5年无亏损；近5年经营现金流持续为正；自由现金流整体为正；资产负债率符合行业语境；营收增长达到行业较好水平,规则与AI均认可质量，排雷侧因单项风险给出需关注状态，适合进入人工复核清单；但数据年数少于5年，长期ROE、波动和CAGR应按短历史估计降置信度
CLMB,US,"Climb Global Solutions, Inc. - Common Stock",科技,可研究池,74.0,87.4,83.4,优质池,是,是,是,否,短历史封顶生效；排雷状态扣分,优质候选,93,优质候选,4,C 短历史,Medium,80,短历史封顶；排雷需关注,数据质量中等，质量评级需降置信度；长期ROE达到行业优秀线；ROE稳定性较好；近5年无亏损；近5年经营现金流持续为正；自由现金流整体为正；资产负债率高于行业舒适区；营收增长达到行业较好水平,规则与AI均认可质量，排雷侧因单项风险给出需关注状态，适合进入人工复核清单；但数据年数少于5年，长期ROE、波动和CAGR应按短历史估计降置信度
TJX,US,"TJX Companies, Inc. (The) Common Stock",消费,可研究池,74.0,87.4,83.4,优质池,是,是,是,否,短历史封顶生效；排雷状态扣分,优质候选,93,优质候选,4,C 短历史,Medium,80,短历史封顶；排雷需关注,数据质量中等，质量评级需降置信度；长期ROE达到行业优秀线；ROE稳定性较好；近5年无亏损；近5年经营现金流持续为正；自由现金流整体为正；资产负债率高于行业舒适区；营收增长达到行业较好水平,规则与AI均认可财务质量，排雷侧主要提示杠杆风险；可视为高质量消费公司需关注负债的典型情形；但数据年数少于5年，长期ROE、波动和CAGR应按短历史估计降置信度
920779,CN,武汉蓝电,通用,优质池,83.4,87.4,83.4,优质池,否,否,是,否,排雷状态扣分,优质候选,89,优质候选,10,A 完整历史,High,100,排雷需关注,数据质量高；长期ROE达到行业优秀线；ROE波动偏大；近5年无亏损；近5年经营现金流持续为正；自由现金流数据缺失，评级保守；资产负债率符合行业语境；营收增长达到行业较好水平,规则与AI均认可质量，排雷侧因单项风险给出需关注状态，适合进入人工复核清单
605188,CN,国光连锁,通用,优质池,83.3,83.3,83.3,优质池,否,否,否,否,综合分未达核心阈值,优质候选,100,可跟踪,10,A 完整历史,High,100,-,数据质量高；长期ROE达到行业优秀线；ROE稳定性较好；近5年无亏损；近5年经营现金流持续为正；自由现金流数据缺失，评级保守；资产负债率符合行业语境；营收增长达到行业较好水平,规则和AI评级不完全一致，可作为人工复核优先项
CALM,US,"Cal-Maine Foods, Inc. - Common Stock",消费,可研究池,74.0,87.3,83.3,优质池,是,是,是,否,短历史封顶生效；排雷状态扣分,优质候选,95,优质候选,4,C 短历史,Medium,80,短历史封顶；排雷需关注,数据质量中等，质量评级需降置信度；长期ROE达到行业优秀线；ROE波动偏大；近5年无亏损；近5年经营现金流持续为正；自由现金流整体为正；资产负债率符合行业语境；营收增长达到行业较好水平,规则与AI均认可质量，排雷侧因单项风险给出需关注状态，适合进入人工复核清单；但数据年数少于5年，长期ROE、波动和CAGR应按短历史估计降置信度
000423,CN,东阿阿胶,通用,优质池,83.3,87.3,83.3,优质池,否,否,是,否,排雷状态扣分,优质候选,89,优质候选,10,A 完整历史,High,100,排雷需关注,数据质量高；长期ROE达到行业优秀线；ROE波动偏大；近5年无亏损；近5年经营现金流持续为正；自由现金流数据缺失，评级保守；资产负债率符合行业语境；营收增长达到行业较好水平,规则与AI均认可质量，排雷侧因单项风险给出需关注状态，适合进入人工复核清单
301333,CN,诺思格,通用,优质池,83.3,87.3,83.3,优质池,否,否,是,否,排雷状态扣分,优质候选,89,优质候选,10,A 完整历史,High,100,排雷需关注,数据质量高；长期ROE达到行业优秀线；ROE波动偏大；近5年无亏损；近5年经营现金流持续为正；自由现金流数据缺失，评级保守；资产负债率符合行业语境；营收增长达到行业较好水平,规则与AI均认可质量，排雷侧因单项风险给出需关注状态，适合进入人工复核清单
600662,CN,外服控股,通用,优质池,83.3,83.3,83.3,优质池,否,否,否,否,综合分未达核心阈值,优质候选,89,可跟踪,10,A 完整历史,High,100,-,数据质量高；长期ROE达到行业基本线；ROE稳定性较好；近5年无亏损；近5年经营现金流持续为正；自由现金流数据缺失，评级保守；资产负债率符合行业语境；营收增长达到行业较好水平,规则和AI评级不完全一致，可作为人工复核优先项
688200,CN,华峰测控,通用,优质池,83.3,87.3,83.3,优质池,否,否,是,否,排雷状态扣分,优质候选,89,优质候选,10,A 完整历史,High,100,排雷需关注,数据质量高；长期ROE达到行业优秀线；ROE波动偏大；近5年无亏损；近5年经营现金流持续为正；自由现金流数据缺失，评级保守；资产负债率符合行业语境；营收增长达到行业较好水平,规则与AI均认可质量，排雷侧因单项风险给出需关注状态，适合进入人工复核清单
CHT,US,"Chunghwa Telecom Co., Ltd.",通用,优质池,78.0,83.3,83.3,优质池,是,是,否,否,短历史封顶生效,优质候选,89,优质候选,4,C 短历史,Medium,80,短历史封顶,数据质量中等，质量评级需降置信度；长期ROE达到行业基本线；ROE稳定性较好；近5年无亏损；近5年经营现金流持续为正；自由现金流整体为正；资产负债率符合行业语境；营收增长处于可接受区间,规则质量评级与AI评级一致；但数据年数少于5年，长期ROE、波动和CAGR应按短历史估计降置信度
AEIS,US,"Advanced Energy Industries, Inc. - Common Stock",周期,优质池,78.0,83.2,83.2,优质池,是,是,否,否,短历史封顶生效,优质候选,100,可跟踪,4,C 短历史,Medium,80,短历史封顶,数据质量中等，质量评级需降置信度；长期ROE达到行业优秀线；ROE稳定性较好；近5年无亏损；近5年经营现金流持续为正；自由现金流整体为正；资产负债率符合行业语境；营收增长处于可接受区间,规则和AI评级不完全一致，可作为人工复核优先项
RES,US,"RPC, Inc. Common Stock",周期,优质池,78.0,83.2,83.2,优质池,是,是,否,否,短历史封顶生效,优质候选,100,可跟踪,4,C 短历史,Medium,80,短历史封顶,数据质量中等，质量评级需降置信度；长期ROE达到行业优秀线；ROE稳定性较好；近5年无亏损；近5年经营现金流持续为正；自由现金流整体为正；资产负债率符合行业语境；营收增长处于可接受区间,规则和AI评级不完全一致，可作为人工复核优先项
AMZN,US,"Amazon.com, Inc. - Common Stock",科技,可研究池,74.0,87.2,83.2,优质池,是,是,是,否,短历史封顶生效；排雷状态扣分,优质候选,99,优质候选,4,C 短历史,Medium,80,短历史封顶；排雷需关注,数据质量中等，质量评级需降置信度；长期ROE达到行业优秀线；ROE稳定性较好；科技/成长公司有亏损记录，需看亏损是否收窄；近5年经营现金流持续为正；自由现金流整体为正；资产负债率符合行业语境；营收增长达到行业较好水平,规则与AI均认可质量，排雷侧因单项风险给出需关注状态，适合进入人工复核清单；但数据年数少于5年，长期ROE、波动和CAGR应按短历史估计降置信度
MELI,US,"MercadoLibre, Inc. - Common Stock",科技,可研究池,74.0,87.2,83.2,优质池,是,是,是,否,短历史封顶生效；排雷状态扣分,优质候选,99,优质候选,4,C 短历史,Medium,80,短历史封顶；排雷需关注,数据质量中等，质量评级需降置信度；长期ROE达到行业优秀线；ROE稳定性较好；近5年无亏损；近5年经营现金流持续为正；自由现金流整体为正；资产负债率高于行业舒适区；营收增长达到行业较好水平；成熟科技现金流龙头：高ROE、强FCF、无亏损且OCF持续为正,规则与AI均认可质量，排雷侧因单项风险给出需关注状态，适合进入人工复核清单；但数据年数少于5年，长期ROE、波动和CAGR应按短历史估计降置信度
920082,CN,方正阀门,通用,优质池,83.2,83.2,83.2,优质池,否,否,否,否,综合分未达核心阈值,优质候选,98,可跟踪,6,B 中等历史,Medium,75,-,数据质量中等，质量评级需降置信度；长期ROE达到行业优秀线；ROE稳定性较好；近5年无亏损；近5年经营现金流持续为正；自由现金流数据缺失，评级保守；资产负债率符合行业语境；营收增长达到行业较好水平,规则和AI评级不完全一致，可作为人工复核优先项
MPWR,US,"Monolithic Power Systems, Inc. - Common Stock",科技,可研究池,74.0,87.2,83.2,优质池,是,是,是,否,短历史封顶生效；排雷状态扣分,优质候选,95,优质候选,4,C 短历史,Medium,80,短历史封顶；排雷需关注,数据质量中等，质量评级需降置信度；长期ROE达到行业优秀线；ROE波动偏大；近5年无亏损；近5年经营现金流持续为正；自由现金流整体为正；资产负债率符合行业语境；营收增长达到行业较好水平,规则与AI均认可质量，排雷侧因单项风险给出需关注状态，适合进入人工复核清单；但数据年数少于5年，长期ROE、波动和CAGR应按短历史估计降置信度
PCTY,US,Paylocity Holding Corporation - Common Stock,科技,可研究池,74.0,87.2,83.2,优质池,是,是,是,否,短历史封顶生效；排雷状态扣分,优质候选,93,优质候选,4,C 短历史,Medium,80,短历史封顶；排雷需关注,数据质量中等，质量评级需降置信度；长期ROE达到行业优秀线；ROE稳定性较好；近5年无亏损；近5年经营现金流持续为正；自由现金流整体为正；资产负债率高于行业舒适区；营收增长达到行业较好水平,规则与AI均认可质量，排雷侧因单项风险给出需关注状态，适合进入人工复核清单；但数据年数少于5年，长期ROE、波动和CAGR应按短历史估计降置信度
AB,US,AllianceBernstein Holding L.P.  Units,通用,优质池,78.0,83.2,83.2,优质池,是,是,否,否,短历史封顶生效,优质候选,92,可跟踪,4,C 短历史,Medium,80,短历史封顶,数据质量中等，质量评级需降置信度；长期ROE达到行业优秀线；ROE稳定性较好；近5年无亏损；近5年经营现金流持续为正；自由现金流数据缺失，评级保守；资产负债率符合行业语境；营收增长处于可接受区间,规则和AI评级不完全一致，可作为人工复核优先项
301018,CN,申菱环境,通用,优质池,83.2,83.2,83.2,优质池,否,否,否,否,综合分未达核心阈值,优质候选,89,可跟踪,10,A 完整历史,High,100,-,数据质量高；长期ROE达到行业基本线；ROE稳定性较好；近5年无亏损；近5年经营现金流持续为正；自由现金流数据缺失，评级保守；资产负债率符合行业语境；营收增长达到行业较好水平,规则和AI评级不完全一致，可作为人工复核优先项
605018,CN,长华集团,通用,优质池,83.2,83.2,83.2,优质池,否,否,否,否,综合分未达核心阈值,优质候选,89,可跟踪,10,A 完整历史,High,100,-,数据质量高；长期ROE达到行业基本线；ROE稳定性较好；近5年无亏损；近5年经营现金流持续为正；自由现金流数据缺失，评级保守；资产负债率符合行业语境；营收增长达到行业较好水平,规则和AI评级不完全一致，可作为人工复核优先项
PPIH,US,"Perma-Pipe International Holdings, Inc. - Common Stock",通用,优质池,78.0,83.2,83.2,优质池,是,是,否,否,短历史封顶生效,优质候选,89,可跟踪,4,C 短历史,Medium,80,短历史封顶,数据质量中等，质量评级需降置信度；长期ROE达到行业优秀线；ROE稳定性较好；近5年无亏损；经营现金流存在瑕疵；自由现金流整体为正；资产负债率符合行业语境；营收增长达到行业较好水平,规则和AI评级不完全一致，可作为人工复核优先项
600600,CN,青岛啤酒,通用,优质池,83.2,86.2,83.2,优质池,否,否,否,是,规则AI分歧扣分,可跟踪,83,优质候选,10,A 完整历史,High,100,规则AI分歧,数据质量高；长期ROE达到行业基本线；ROE稳定性较好；近5年无亏损；近5年经营现金流持续为正；自由现金流数据缺失，评级保守；资产负债率符合行业语境；营收增长处于可接受区间,AI认为质量突出，规则侧可能因单项风险保守处理
002836,CN,新宏泽,通用,优质池,83.1,83.1,83.1,优质池,否,否,否,否,综合分未达核心阈值,优质候选,89,可跟踪,10,A 完整历史,High,100,-,数据质量高；长期ROE达到行业基本线；ROE稳定性较好；近5年无亏损；近5年经营现金流持续为正；自由现金流数据缺失，评级保守；资产负债率符合行业语境；营收增长达到行业较好水平,规则和AI评级不完全一致，可作为人工复核优先项
300633,CN,开立医疗,通用,优质池,83.1,86.1,83.1,优质池,否,否,否,是,规则AI分歧扣分,可跟踪,83,优质候选,10,A 完整历史,High,100,规则AI分歧,数据质量高；长期ROE达到行业优秀线；ROE稳定性较好；近5年无亏损；经营现金流存在瑕疵；自由现金流数据缺失，评级保守；资产负债率符合行业语境；营收增长达到行业较好水平,AI认为质量突出，规则侧可能因单项风险保守处理
NHC,US,National HealthCare Corporation Common Stock,通用,可研究池,74.0,87.0,83.0,优质池,是,是,是,否,短历史封顶生效；排雷状态扣分,优质候选,95,优质候选,4,C 短历史,Medium,80,短历史封顶；排雷需关注,数据质量中等，质量评级需降置信度；长期ROE达到行业基本线；ROE稳定性较好；近5年无亏损；近5年经营现金流持续为正；自由现金流整体为正；资产负债率符合行业语境；营收增长达到行业较好水平,规则与AI均认可质量，排雷侧因单项风险给出需关注状态，适合进入人工复核清单；但数据年数少于5年，长期ROE、波动和CAGR应按短历史估计降置信度
300809,CN,华辰装备,通用,优质池,83.0,83.0,83.0,优质池,否,否,否,否,综合分未达核心阈值,优质候选,89,可跟踪,10,A 完整历史,High,100,-,数据质量高；长期ROE达到行业基本线；ROE稳定性较好；近5年无亏损；近5年经营现金流持续为正；自由现金流数据缺失，评级保守；资产负债率符合行业语境；营收增长达到行业较好水平,规则和AI评级不完全一致，可作为人工复核优先项
301008,CN,宏昌科技,科技,优质池,83.0,83.0,83.0,优质池,否,否,否,否,综合分未达核心阈值,优质候选,89,可跟踪,9,B 中等历史,High,100,-,数据质量高；长期ROE达到行业基本线；ROE稳定性较好；近5年无亏损；近5年经营现金流持续为正；自由现金流数据缺失，评级保守；资产负债率符合行业语境；营收增长达到行业较好水平,规则和AI评级不完全一致，可作为人工复核优先项
NWPX,US,"NWPX Infrastructure, Inc. - Common Stock",周期,优质池,78.0,83.0,83.0,优质池,是,是,否,否,短历史封顶生效,优质候选,89,优质候选,4,C 短历史,Medium,80,短历史封顶,数据质量中等，质量评级需降置信度；长期ROE达到行业基本线；ROE稳定性较好；近5年无亏损；近5年经营现金流持续为正；自由现金流整体为正；资产负债率符合行业语境；营收增长处于可接受区间,规则质量评级与AI评级一致；但数据年数少于5年，长期ROE、波动和CAGR应按短历史估计降置信度
PLPC,US,Preformed Line Products Company - Common Stock,通用,优质池,78.0,83.0,83.0,优质池,是,是,否,否,短历史封顶生效,优质候选,89,可跟踪,4,C 短历史,Medium,80,短历史封顶,数据质量中等，质量评级需降置信度；长期ROE达到行业基本线；ROE稳定性较好；近5年无亏损；近5年经营现金流持续为正；自由现金流整体为正；资产负债率符合行业语境；营收增长处于可接受区间,规则和AI评级不完全一致，可作为人工复核优先项
EPAC,US,Enerpac Tool Group Corp. Common Stock,通用,可研究池,74.0,86.9,82.9,优质池,是,是,是,否,短历史封顶生效；排雷状态扣分,优质候选,100,可跟踪,4,C 短历史,Medium,80,短历史封顶；排雷需关注,数据质量中等，质量评级需降置信度；长期ROE达到行业优秀线；ROE稳定性较好；近5年无亏损；近5年经营现金流持续为正；自由现金流整体为正；资产负债率符合行业语境；营收增长处于可接受区间,规则和AI评级不完全一致，可作为人工复核优先项
GVA,US,Granite Construction Incorporated Common Stock,周期,可研究池,74.0,86.9,82.9,优质池,是,是,是,否,短历史封顶生效；排雷状态扣分,优质候选,100,优质候选,4,C 短历史,Medium,80,短历史封顶；排雷需关注,数据质量中等，质量评级需降置信度；长期ROE达到行业优秀线；ROE稳定性较好；近5年无亏损；近5年经营现金流持续为正；自由现金流整体为正；资产负债率符合行业语境；营收增长达到行业较好水平,规则与AI均认可质量，排雷侧因单项风险给出需关注状态，适合进入人工复核清单；但数据年数少于5年，长期ROE、波动和CAGR应按短历史估计降置信度
ESE,US,ESCO Technologies Inc. Common Stock,通用,可研究池,74.0,86.9,82.9,优质池,是,是,是,否,短历史封顶生效；排雷状态扣分,优质候选,95,优质候选,4,C 短历史,Medium,80,短历史封顶；排雷需关注,数据质量中等，质量评级需降置信度；长期ROE达到行业基本线；ROE稳定性较好；近5年无亏损；近5年经营现金流持续为正；自由现金流整体为正；资产负债率符合行业语境；营收增长达到行业较好水平,规则与AI均认可质量，排雷侧因单项风险给出需关注状态，适合进入人工复核清单；但数据年数少于5年，长期ROE、波动和CAGR应按短历史估计降置信度
DRI,US,"Darden Restaurants, Inc. Common Stock",通用,可研究池,74.0,86.9,82.9,优质池,是,是,是,否,短历史封顶生效；排雷状态扣分,优质候选,93,优质候选,4,C 短历史,Medium,80,短历史封顶；排雷需关注,数据质量中等，质量评级需降置信度；长期ROE达到行业优秀线；ROE稳定性较好；近5年无亏损；近5年经营现金流持续为正；自由现金流整体为正；资产负债率高于行业舒适区；营收增长达到行业较好水平,规则与AI均认可质量，排雷侧因单项风险给出需关注状态，适合进入人工复核清单；但数据年数少于5年，长期ROE、波动和CAGR应按短历史估计降置信度
UG,US,"United-Guardian, Inc. - Common Stock",消费,可研究池,74.0,86.9,82.9,优质池,是,是,是,否,短历史封顶生效；排雷状态扣分,优质候选,93,可跟踪,4,C 短历史,Medium,80,短历史封顶；排雷需关注,数据质量中等，质量评级需降置信度；长期ROE达到行业优秀线；ROE稳定性较好；近5年无亏损；近5年经营现金流持续为正；自由现金流整体为正；资产负债率符合行业语境；营收增长偏弱,规则和AI评级不完全一致，可作为人工复核优先项
301000,CN,肇民科技,科技,优质池,82.9,86.9,82.9,优质池,否,否,是,否,排雷状态扣分,优质候选,89,优质候选,9,B 中等历史,High,100,排雷需关注,数据质量高；长期ROE达到行业优秀线；ROE波动偏大；近5年无亏损；近5年经营现金流持续为正；自由现金流数据缺失，评级保守；资产负债率符合行业语境；营收增长达到行业较好水平,规则与AI均认可质量，排雷侧因单项风险给出需关注状态，适合进入人工复核清单；数据历史未满10年，长期质量结论仍需补充更长周期验证
301528,CN,多浦乐,通用,优质池,82.9,86.9,82.9,优质池,否,否,是,否,排雷状态扣分,优质候选,89,优质候选,8,B 中等历史,High,100,排雷需关注,数据质量高；长期ROE达到行业优秀线；ROE波动偏大；近5年无亏损；近5年经营现金流持续为正；自由现金流数据缺失，评级保守；资产负债率符合行业语境；营收增长达到行业较好水平,规则与AI均认可质量，排雷侧因单项风险给出需关注状态，适合进入人工复核清单；数据历史未满10年，长期质量结论仍需补充更长周期验证
RVLV,US,"Revolve Group, Inc. Class A Common Stock",科技,优质池,78.0,82.9,82.9,优质池,是,是,否,否,短历史封顶生效,优质候选,89,可跟踪,4,C 短历史,Medium,80,短历史封顶,数据质量中等，质量评级需降置信度；长期ROE达到行业基本线；ROE稳定性较好；近5年无亏损；近5年经营现金流持续为正；自由现金流整体为正；资产负债率符合行业语境；营收增长处于可接受区间,规则和AI评级不完全一致，可作为人工复核优先项
NEE,US,"NextEra Energy, Inc. Common Stock",周期,可研究池,74.0,86.8,82.8,优质池,是,是,是,否,短历史封顶生效；排雷状态扣分,优质候选,100,优质候选,4,C 短历史,Medium,80,短历史封顶；排雷需关注,数据质量中等，质量评级需降置信度；长期ROE达到行业优秀线；ROE稳定性较好；近5年无亏损；近5年经营现金流持续为正；自由现金流整体为正；资产负债率符合行业语境；营收增长达到行业较好水平,规则与AI均认可质量，排雷侧因单项风险给出需关注状态，适合进入人工复核清单；但数据年数少于5年，长期ROE、波动和CAGR应按短历史估计降置信度
COP,US,ConocoPhillips Common Stock,周期,可研究池,74.0,86.8,82.8,优质池,是,是,是,否,短历史封顶生效；排雷状态扣分,优质候选,99,优质候选,4,C 短历史,Medium,80,短历史封顶；排雷需关注,数据质量中等，质量评级需降置信度；长期ROE达到行业优秀线；ROE稳定性较好；近5年无亏损；近5年经营现金流持续为正；自由现金流整体为正；资产负债率符合行业语境；周期行业营收下滑，需结合行业周期位置,规则与AI均认可质量，排雷侧因单项风险给出需关注状态，适合进入人工复核清单；但数据年数少于5年，长期ROE、波动和CAGR应按短历史估计降置信度
EZPW,US,"EZCORP, Inc. - Class A Non-Voting Common Stock",通用,优质池,78.0,82.8,82.8,优质池,是,是,否,否,短历史封顶生效,优质候选,95,可跟踪,4,C 短历史,Medium,80,短历史封顶,数据质量中等，质量评级需降置信度；长期ROE达到行业基本线；ROE稳定性较好；近5年无亏损；近5年经营现金流持续为正；自由现金流整体为正；资产负债率符合行业语境；营收增长达到行业较好水平,规则和AI评级不完全一致，可作为人工复核优先项
JCAP,US,"Jefferson Capital, Inc. - Common Stock",通用,可研究池,74.0,86.8,82.8,优质池,是,是,是,否,短历史封顶生效；排雷状态扣分,优质候选,93,优质候选,3,C 短历史,Medium,60,短历史封顶；排雷需关注,数据质量中等，质量评级需降置信度；长期ROE达到行业优秀线；ROE稳定性较好；近5年无亏损；近5年经营现金流持续为正；自由现金流整体为正；资产负债率高于行业舒适区；营收增长达到行业较好水平,规则与AI均认可质量，排雷侧因单项风险给出需关注状态，适合进入人工复核清单；但数据年数少于5年，长期ROE、波动和CAGR应按短历史估计降置信度
002919,CN,名臣健康,通用,优质池,82.8,82.8,82.8,优质池,否,否,否,否,综合分未达核心阈值,优质候选,89,可跟踪,10,A 完整历史,High,100,-,数据质量高；长期ROE达到行业基本线；ROE稳定性较好；近5年无亏损；近5年经营现金流持续为正；自由现金流数据缺失，评级保守；资产负债率符合行业语境；营收增长达到行业较好水平,规则和AI评级不完全一致，可作为人工复核优先项
688577,CN,浙海德曼,通用,优质池,82.8,82.8,82.8,优质池,否,否,否,否,综合分未达核心阈值,优质候选,89,可跟踪,10,A 完整历史,High,100,-,数据质量高；长期ROE达到行业基本线；ROE稳定性较好；近5年无亏损；近5年经营现金流持续为正；自由现金流数据缺失，评级保守；资产负债率符合行业语境；营收增长达到行业较好水平,规则和AI评级不完全一致，可作为人工复核优先项
688683,CN,莱尔科技,科技,优质池,82.8,82.8,82.8,优质池,否,否,否,否,综合分未达核心阈值,优质候选,89,可跟踪,9,B 中等历史,High,100,-,数据质量高；长期ROE达到行业基本线；ROE稳定性较好；近5年无亏损；近5年经营现金流持续为正；自由现金流数据缺失，评级保守；资产负债率符合行业语境；营收增长达到行业较好水平,规则和AI评级不完全一致，可作为人工复核优先项
603191,CN,望变电气,通用,优质池,82.7,82.7,82.7,优质池,否,否,否,否,综合分未达核心阈值,优质候选,95,可跟踪,10,A 完整历史,High,100,-,数据质量高；长期ROE达到行业优秀线；ROE稳定性较好；近5年无亏损；近5年经营现金流持续为正；自由现金流数据缺失，评级保守；资产负债率略高但未构成硬伤；营收增长达到行业较好水平,规则和AI评级不完全一致，可作为人工复核优先项
VMD,US,"Viemed Healthcare, Inc. - Common Shares",通用,可研究池,74.0,86.7,82.7,优质池,是,是,是,否,短历史封顶生效；排雷状态扣分,优质候选,95,优质候选,4,C 短历史,Medium,80,短历史封顶；排雷需关注,数据质量中等，质量评级需降置信度；长期ROE达到行业基本线；ROE稳定性较好；近5年无亏损；近5年经营现金流持续为正；自由现金流整体为正；资产负债率符合行业语境；营收增长达到行业较好水平,规则与AI均认可质量，排雷侧因单项风险给出需关注状态，适合进入人工复核清单；但数据年数少于5年，长期ROE、波动和CAGR应按短历史估计降置信度
605228,CN,神通科技,科技,优质池,82.7,82.7,82.7,优质池,否,否,否,否,综合分未达核心阈值,优质候选,93,可跟踪,10,A 完整历史,High,100,-,数据质量高；长期ROE达到行业优秀线；ROE稳定性较好；科技/成长公司有亏损记录，需看亏损是否收窄；近5年经营现金流持续为正；自由现金流数据缺失，评级保守；资产负债率符合行业语境；营收增长达到行业较好水平,规则和AI评级不完全一致，可作为人工复核优先项
002245,CN,蔚蓝锂芯,通用,优质池,82.7,82.7,82.7,优质池,否,否,否,否,综合分未达核心阈值,优质候选,89,可跟踪,10,A 完整历史,High,100,-,数据质量高；长期ROE达到行业基本线；ROE稳定性较好；近5年无亏损；近5年经营现金流持续为正；自由现金流数据缺失，评级保守；资产负债率符合行业语境；营收增长达到行业较好水平,规则和AI评级不完全一致，可作为人工复核优先项
300620,CN,光库科技,科技,优质池,82.7,82.7,82.7,优质池,否,否,否,否,综合分未达核心阈值,优质候选,89,可跟踪,10,A 完整历史,High,100,-,数据质量高；长期ROE达到行业基本线；ROE稳定性较好；近5年无亏损；近5年经营现金流持续为正；自由现金流数据缺失，评级保守；资产负债率符合行业语境；营收增长达到行业较好水平,规则和AI评级不完全一致，可作为人工复核优先项
301286,CN,侨源股份,通用,优质池,82.7,86.7,82.7,优质池,否,否,是,否,排雷状态扣分,优质候选,89,优质候选,10,A 完整历史,High,100,排雷需关注,数据质量高；长期ROE达到行业优秀线；ROE波动偏大；近5年无亏损；近5年经营现金流持续为正；自由现金流数据缺失，评级保守；资产负债率符合行业语境；营收增长达到行业较好水平,规则与AI均认可质量，排雷侧因单项风险给出需关注状态，适合进入人工复核清单
603306,CN,华懋科技,科技,优质池,82.7,82.7,82.7,优质池,否,否,否,否,综合分未达核心阈值,优质候选,89,可跟踪,10,A 完整历史,High,100,-,数据质量高；长期ROE达到行业基本线；ROE稳定性较好；近5年无亏损；近5年经营现金流持续为正；自由现金流数据缺失，评级保守；资产负债率符合行业语境；营收增长达到行业较好水平,规则和AI评级不完全一致，可作为人工复核优先项
603926,CN,铁流股份,通用,优质池,82.7,82.7,82.7,优质池,否,否,否,否,综合分未达核心阈值,优质候选,89,可跟踪,10,A 完整历史,High,100,-,数据质量高；长期ROE达到行业基本线；ROE稳定性较好；近5年无亏损；近5年经营现金流持续为正；自由现金流数据缺失，评级保守；资产负债率符合行业语境；营收增长达到行业较好水平,规则和AI评级不完全一致，可作为人工复核优先项
688621,CN,阳光诺和,通用,优质池,82.7,86.7,82.7,优质池,否,否,是,否,排雷状态扣分,优质候选,89,优质候选,9,B 中等历史,High,100,排雷需关注,数据质量高；长期ROE达到行业优秀线；ROE波动偏大；近5年无亏损；近5年经营现金流持续为正；自由现金流数据缺失，评级保守；资产负债率符合行业语境；营收增长达到行业较好水平,规则与AI均认可质量，排雷侧因单项风险给出需关注状态，适合进入人工复核清单；数据历史未满10年，长期质量结论仍需补充更长周期验证
SU,US,Suncor Energy  Inc. Common Stock,周期,可研究池,74.0,86.6,82.6,优质池,是,是,是,否,短历史封顶生效；排雷状态扣分,优质候选,99,可跟踪,4,C 短历史,Medium,80,短历史封顶；排雷需关注,数据质量中等，质量评级需降置信度；长期ROE达到行业优秀线；ROE稳定性较好；近5年无亏损；近5年经营现金流持续为正；自由现金流整体为正；资产负债率符合行业语境；周期行业营收下滑，需结合行业周期位置,规则和AI评级不完全一致，可作为人工复核优先项
688523,CN,航天环宇,通用,优质池,82.6,82.6,82.6,优质池,否,否,否,否,综合分未达核心阈值,优质候选,98,可跟踪,7,B 中等历史,Medium,87,-,数据质量中等，质量评级需降置信度；长期ROE达到行业优秀线；ROE稳定性较好；近5年无亏损；近5年经营现金流持续为正；自由现金流数据缺失，评级保守；资产负债率符合行业语境；营收增长达到行业较好水平,规则和AI评级不完全一致，可作为人工复核优先项
VMI,US,"Valmont Industries, Inc. Common Stock",通用,优质池,78.0,82.6,82.6,优质池,是,是,否,否,短历史封顶生效,优质候选,93,可跟踪,4,C 短历史,Medium,80,短历史封顶,数据质量中等，质量评级需降置信度；长期ROE达到行业优秀线；ROE稳定性较好；近5年无亏损；近5年经营现金流持续为正；自由现金流整体为正；资产负债率符合行业语境；营收增长偏弱,规则和AI评级不完全一致，可作为人工复核优先项
BURL,US,"Burlington Stores, Inc. Common Stock",消费,可研究池,74.0,86.6,82.6,优质池,是,是,是,否,短历史封顶生效；排雷状态扣分,优质候选,93,优质候选,4,C 短历史,Medium,80,短历史封顶；排雷需关注,数据质量中等，质量评级需降置信度；长期ROE达到行业优秀线；ROE稳定性较好；近5年无亏损；近5年经营现金流持续为正；自由现金流整体为正；资产负债率高于行业舒适区；营收增长达到行业较好水平,规则与AI均认可财务质量，排雷侧主要提示杠杆风险；可视为高质量消费公司需关注负债的典型情形；但数据年数少于5年，长期ROE、波动和CAGR应按短历史估计降置信度
002384,CN,东山精密,通用,优质池,82.6,82.6,82.6,优质池,否,否,否,否,综合分未达核心阈值,优质候选,89,可跟踪,10,A 完整历史,High,100,-,数据质量高；长期ROE达到行业基本线；ROE稳定性较好；近5年无亏损；近5年经营现金流持续为正；自由现金流数据缺失，评级保守；资产负债率符合行业语境；营收增长达到行业较好水平,规则和AI评级不完全一致，可作为人工复核优先项
300389,CN,艾比森,通用,优质池,82.6,82.6,82.6,优质池,否,否,否,否,综合分未达核心阈值,优质候选,89,可跟踪,10,A 完整历史,High,100,-,数据质量高；长期ROE达到行业基本线；ROE稳定性较好；近5年无亏损；近5年经营现金流持续为正；自由现金流数据缺失，评级保守；资产负债率符合行业语境；营收增长达到行业较好水平,规则和AI评级不完全一致，可作为人工复核优先项
ALRM,US,"Alarm.com Holdings, Inc. - Common Stock",科技,可研究池,75.0,85.6,82.6,优质池,是,是,否,是,短历史封顶生效；规则AI分歧扣分,可跟踪,87,优质候选,4,C 短历史,Medium,80,短历史封顶；规则AI分歧,数据质量中等，质量评级需降置信度；长期ROE达到行业优秀线；ROE稳定性较好；近5年无亏损；近5年经营现金流持续为正；自由现金流整体为正；资产负债率高于行业舒适区；营收增长处于可接受区间,AI认为质量突出，规则侧可能因单项风险保守处理
300548,CN,长芯博创,通用,优质池,82.5,86.5,82.5,优质池,否,否,是,否,排雷状态扣分,优质候选,100,优质候选,10,A 完整历史,High,100,排雷需关注,数据质量高；长期ROE达到行业优秀线；ROE稳定性较好；近5年无亏损；近5年经营现金流持续为正；自由现金流数据缺失，评级保守；资产负债率符合行业语境；营收增长达到行业较好水平,规则与AI均认可质量，排雷侧因单项风险给出需关注状态，适合进入人工复核清单
HNNA,US,"Hennessy Advisors, Inc. - Common Stock",通用,优质池,78.0,82.5,82.5,优质池,是,是,否,否,短历史封顶生效,优质候选,95,可跟踪,4,C 短历史,Medium,80,短历史封顶,数据质量中等，质量评级需降置信度；长期ROE达到行业基本线；ROE稳定性较好；近5年无亏损；近5年经营现金流持续为正；自由现金流整体为正；资产负债率符合行业语境；营收增长达到行业较好水平,规则和AI评级不完全一致，可作为人工复核优先项
WFCF,US,"Where Food Comes From, Inc. - Common Stock",消费,可研究池,74.0,86.5,82.5,优质池,是,是,是,否,短历史封顶生效；排雷状态扣分,优质候选,93,可跟踪,4,C 短历史,Medium,80,短历史封顶；排雷需关注,数据质量中等，质量评级需降置信度；长期ROE达到行业优秀线；ROE稳定性较好；近5年无亏损；近5年经营现金流持续为正；自由现金流整体为正；资产负债率符合行业语境；营收增长偏弱,规则和AI评级不完全一致，可作为人工复核优先项
002588,CN,史丹利,通用,优质池,82.5,82.5,82.5,优质池,否,否,否,否,综合分未达核心阈值,优质候选,89,可跟踪,10,A 完整历史,High,100,-,数据质量高；长期ROE达到行业基本线；ROE稳定性较好；近5年无亏损；近5年经营现金流持续为正；自由现金流数据缺失，评级保守；资产负债率符合行业语境；营收增长达到行业较好水平,规则和AI评级不完全一致，可作为人工复核优先项
920476,CN,海能技术,通用,优质池,82.5,82.5,82.5,优质池,否,否,否,否,综合分未达核心阈值,优质候选,89,可跟踪,10,A 完整历史,High,100,-,数据质量高；长期ROE达到行业基本线；ROE稳定性较好；近5年无亏损；近5年经营现金流持续为正；自由现金流数据缺失，评级保守；资产负债率符合行业语境；营收增长达到行业较好水平,规则和AI评级不完全一致，可作为人工复核优先项
TPG,US,TPG Inc. - Class A Common Stock,通用,可研究池,74.0,86.4,82.4,优质池,是,是,是,否,短历史封顶生效；排雷状态扣分,优质候选,100,优质候选,4,C 短历史,Medium,80,短历史封顶；排雷需关注,数据质量中等，质量评级需降置信度；长期ROE达到行业优秀线；ROE稳定性较好；近5年无亏损；近5年经营现金流持续为正；自由现金流整体为正；资产负债率略高但未构成硬伤；营收增长达到行业较好水平,规则与AI均认可质量，排雷侧因单项风险给出需关注状态，适合进入人工复核清单；但数据年数少于5年，长期ROE、波动和CAGR应按短历史估计降置信度
ECO,US,Okeanis Eco Tankers Corp. Common Stock,周期,优质池,78.0,82.4,82.4,优质池,是,是,否,否,短历史封顶生效,优质候选,93,可跟踪,4,C 短历史,Medium,80,短历史封顶,数据质量中等，质量评级需降置信度；长期ROE达到行业优秀线；ROE稳定性较好；近5年无亏损；近5年经营现金流持续为正；自由现金流质量不足；资产负债率符合行业语境；营收增长达到行业较好水平,规则和AI评级不完全一致，可作为人工复核优先项
LOGI,US,Logitech International S.A. - Registered Shares,科技,可研究池,74.0,86.4,82.4,优质池,是,是,是,否,短历史封顶生效；排雷状态扣分,优质候选,93,优质候选,4,C 短历史,Medium,80,短历史封顶；排雷需关注,数据质量中等，质量评级需降置信度；长期ROE达到行业优秀线；ROE稳定性较好；近5年无亏损；近5年经营现金流持续为正；自由现金流整体为正；资产负债率符合行业语境；营收增长偏弱,规则与AI均认可质量，排雷侧因单项风险给出需关注状态，适合进入人工复核清单；但数据年数少于5年，长期ROE、波动和CAGR应按短历史估计降置信度
600580,CN,卧龙电驱,通用,优质池,82.4,82.4,82.4,优质池,否,否,否,否,综合分未达核心阈值,优质候选,89,可跟踪,10,A 完整历史,High,100,-,数据质量高；长期ROE达到行业基本线；ROE稳定性较好；近5年无亏损；近5年经营现金流持续为正；自由现金流数据缺失，评级保守；资产负债率符合行业语境；营收增长达到行业较好水平,规则和AI评级不完全一致，可作为人工复核优先项
BJ,US,"BJ's Wholesale Club Holdings, Inc. Common Stock",通用,可研究池,74.0,86.3,82.3,优质池,是,是,是,否,短历史封顶生效；排雷状态扣分,优质候选,100,优质候选,4,C 短历史,Medium,80,短历史封顶；排雷需关注,数据质量中等，质量评级需降置信度；长期ROE达到行业优秀线；ROE稳定性较好；近5年无亏损；近5年经营现金流持续为正；自由现金流整体为正；资产负债率略高但未构成硬伤；营收增长达到行业较好水平,规则与AI均认可质量，排雷侧因单项风险给出需关注状态，适合进入人工复核清单；但数据年数少于5年，长期ROE、波动和CAGR应按短历史估计降置信度
CHRD,US,Chord Energy Corporation - Common Stock,周期,可研究池,74.0,86.3,82.3,优质池,是,是,是,否,短历史封顶生效；排雷状态扣分,优质候选,100,优质候选,4,C 短历史,Medium,80,短历史封顶；排雷需关注,数据质量中等，质量评级需降置信度；长期ROE达到行业优秀线；ROE稳定性较好；近5年无亏损；近5年经营现金流持续为正；自由现金流整体为正；资产负债率符合行业语境；营收增长达到行业较好水平,规则与AI均认可质量，排雷侧因单项风险给出需关注状态，适合进入人工复核清单；但数据年数少于5年，长期ROE、波动和CAGR应按短历史估计降置信度
CMCSA,US,Comcast Corporation - Class A Common Stock,通用,可研究池,74.0,86.3,82.3,优质池,是,是,是,否,短历史封顶生效；排雷状态扣分,优质候选,100,可跟踪,4,C 短历史,Medium,80,短历史封顶；排雷需关注,数据质量中等，质量评级需降置信度；长期ROE达到行业优秀线；ROE稳定性较好；近5年无亏损；近5年经营现金流持续为正；自由现金流整体为正；资产负债率符合行业语境；营收增长处于可接受区间,规则和AI评级不完全一致，可作为人工复核优先项
PAG,US,"Penske Automotive Group, Inc. Common Stock",通用,可研究池,74.0,86.3,82.3,优质池,是,是,是,否,短历史封顶生效；排雷状态扣分,优质候选,100,可跟踪,4,C 短历史,Medium,80,短历史封顶；排雷需关注,数据质量中等，质量评级需降置信度；长期ROE达到行业优秀线；ROE稳定性较好；近5年无亏损；近5年经营现金流持续为正；自由现金流整体为正；资产负债率略高但未构成硬伤；营收增长达到行业较好水平,规则和AI评级不完全一致，可作为人工复核优先项
HNI,US,HNI Corporation Common Stock,通用,优质池,78.0,82.3,82.3,优质池,是,是,否,否,短历史封顶生效,优质候选,95,可跟踪,4,C 短历史,Medium,80,短历史封顶,数据质量中等，质量评级需降置信度；长期ROE达到行业基本线；ROE稳定性较好；近5年无亏损；近5年经营现金流持续为正；自由现金流整体为正；资产负债率符合行业语境；营收增长达到行业较好水平,规则和AI评级不完全一致，可作为人工复核优先项
JNJ,US,Johnson & Johnson Common Stock,通用,可研究池,74.0,86.3,82.3,优质池,是,是,是,否,短历史封顶生效；排雷状态扣分,优质候选,95,优质候选,4,C 短历史,Medium,80,短历史封顶；排雷需关注,数据质量中等，质量评级需降置信度；长期ROE达到行业优秀线；ROE波动偏大；近5年无亏损；近5年经营现金流持续为正；自由现金流整体为正；资产负债率符合行业语境；营收增长达到行业较好水平,规则与AI均认可质量，排雷侧因单项风险给出需关注状态，适合进入人工复核清单；但数据年数少于5年，长期ROE、波动和CAGR应按短历史估计降置信度
002448,CN,中原内配,通用,优质池,82.3,82.3,82.3,优质池,否,否,否,否,综合分未达核心阈值,优质候选,89,可跟踪,10,A 完整历史,High,100,-,数据质量高；长期ROE达到行业基本线；ROE稳定性较好；近5年无亏损；近5年经营现金流持续为正；自由现金流数据缺失，评级保守；资产负债率符合行业语境；营收增长达到行业较好水平,规则和AI评级不完全一致，可作为人工复核优先项
600309,CN,万华化学,通用,优质池,82.3,86.3,82.3,优质池,否,否,是,否,排雷状态扣分,优质候选,89,优质候选,10,A 完整历史,High,100,排雷需关注,数据质量高；长期ROE达到行业优秀线；ROE波动偏大；近5年无亏损；近5年经营现金流持续为正；自由现金流数据缺失，评级保守；资产负债率符合行业语境；营收增长达到行业较好水平,规则与AI均认可质量，排雷侧因单项风险给出需关注状态，适合进入人工复核清单
688398,CN,赛特新材,通用,优质池,82.3,82.3,82.3,优质池,否,否,否,否,综合分未达核心阈值,优质候选,89,可跟踪,10,A 完整历史,High,100,-,数据质量高；长期ROE达到行业基本线；ROE稳定性较好；近5年无亏损；近5年经营现金流持续为正；自由现金流数据缺失，评级保守；资产负债率符合行业语境；营收增长达到行业较好水平,规则和AI评级不完全一致，可作为人工复核优先项
920242,CN,建邦科技,科技,优质池,82.3,86.3,82.3,优质池,否,否,是,否,排雷状态扣分,优质候选,89,优质候选,10,A 完整历史,High,100,排雷需关注,数据质量高；长期ROE达到行业优秀线；ROE波动偏大；近5年无亏损；近5年经营现金流持续为正；自由现金流数据缺失，评级保守；资产负债率符合行业语境；营收增长达到行业较好水平,规则与AI均认可质量，排雷侧因单项风险给出需关注状态，适合进入人工复核清单
920523,CN,德瑞锂电,通用,优质池,82.3,86.3,82.3,优质池,否,否,是,否,排雷状态扣分,优质候选,89,优质候选,10,A 完整历史,High,100,排雷需关注,数据质量高；长期ROE达到行业优秀线；ROE波动偏大；近5年无亏损；近5年经营现金流持续为正；自由现金流数据缺失，评级保守；资产负债率符合行业语境；营收增长达到行业较好水平,规则与AI均认可质量，排雷侧因单项风险给出需关注状态，适合进入人工复核清单
AEO,US,"American Eagle Outfitters, Inc. Common Stock",消费,优质池,78.0,82.3,82.3,优质池,是,是,否,否,短历史封顶生效,优质候选,89,可跟踪,4,C 短历史,Medium,80,短历史封顶,数据质量中等，质量评级需降置信度；长期ROE达到行业基本线；ROE稳定性较好；近5年无亏损；近5年经营现金流持续为正；自由现金流整体为正；资产负债率符合行业语境；营收增长处于可接受区间,规则和AI评级不完全一致，可作为人工复核优先项
WSM,US,"Williams-Sonoma, Inc. Common Stock (DE)",消费,可研究池,75.0,85.3,82.3,优质池,是,是,否,是,短历史封顶生效；规则AI分歧扣分,可跟踪,85,优质候选,4,C 短历史,Medium,80,短历史封顶；规则AI分歧,数据质量中等，质量评级需降置信度；长期ROE达到行业优秀线；ROE稳定性较好；近5年无亏损；近5年经营现金流持续为正；自由现金流整体为正；资产负债率略高但未构成硬伤；营收增长偏弱,AI认为质量突出，规则侧可能因单项风险保守处理
AMRZ,US,Amrize Ltd Ordinary Shares,周期,可研究池,74.0,86.2,82.2,优质池,是,是,是,否,短历史封顶生效；排雷状态扣分,优质候选,100,可跟踪,4,C 短历史,Medium,80,短历史封顶；排雷需关注,数据质量中等，质量评级需降置信度；长期ROE达到行业优秀线；ROE稳定性较好；近5年无亏损；近5年经营现金流持续为正；自由现金流整体为正；资产负债率符合行业语境；营收增长处于可接受区间,规则和AI评级不完全一致，可作为人工复核优先项
SOLV,US,Solventum Corporation Common Stock,通用,可研究池,74.0,86.2,82.2,优质池,是,是,是,否,短历史封顶生效；排雷状态扣分,优质候选,100,可跟踪,4,C 短历史,Medium,80,短历史封顶；排雷需关注,数据质量中等，质量评级需降置信度；长期ROE达到行业优秀线；ROE稳定性较好；近5年无亏损；近5年经营现金流持续为正；自由现金流整体为正；资产负债率符合行业语境；营收增长处于可接受区间,规则和AI评级不完全一致，可作为人工复核优先项
ASC,US,Ardmore Shipping Corporation Common Stock,周期,可研究池,74.0,86.2,82.2,优质池,是,是,是,否,短历史封顶生效；排雷状态扣分,优质候选,99,可跟踪,4,C 短历史,Medium,80,短历史封顶；排雷需关注,数据质量中等，质量评级需降置信度；长期ROE达到行业优秀线；ROE稳定性较好；近5年无亏损；近5年经营现金流持续为正；自由现金流整体为正；资产负债率符合行业语境；周期行业营收下滑，需结合行业周期位置,规则和AI评级不完全一致，可作为人工复核优先项
MASK,US,3 E Network Technology Group Ltd - Class A Ordinary Shares,科技,可研究池,74.0,86.2,82.2,优质池,是,是,是,否,短历史封顶生效；排雷状态扣分,优质候选,95,优质候选,4,C 短历史,Medium,80,短历史封顶；排雷需关注,数据质量中等，质量评级需降置信度；长期ROE达到行业优秀线；ROE波动偏大；近5年无亏损；近5年经营现金流持续为正；自由现金流整体为正；资产负债率符合行业语境；营收增长达到行业较好水平,规则与AI均认可质量，排雷侧因单项风险给出需关注状态，适合进入人工复核清单；但数据年数少于5年，长期ROE、波动和CAGR应按短历史估计降置信度
301195,CN,北路智控,通用,优质池,82.2,86.2,82.2,优质池,否,否,是,否,排雷状态扣分,优质候选,89,优质候选,8,B 中等历史,High,100,排雷需关注,数据质量高；长期ROE达到行业优秀线；ROE波动偏大；近5年无亏损；近5年经营现金流持续为正；自由现金流数据缺失，评级保守；资产负债率符合行业语境；营收增长达到行业较好水平,规则与AI均认可质量，排雷侧因单项风险给出需关注状态，适合进入人工复核清单；数据历史未满10年，长期质量结论仍需补充更长周期验证
301332,CN,德尔玛,通用,优质池,82.2,82.2,82.2,优质池,否,否,否,否,综合分未达核心阈值,优质候选,89,可跟踪,8,B 中等历史,High,100,-,数据质量高；长期ROE达到行业基本线；ROE稳定性较好；近5年无亏损；近5年经营现金流持续为正；自由现金流数据缺失，评级保守；资产负债率符合行业语境；营收增长达到行业较好水平,规则和AI评级不完全一致，可作为人工复核优先项
920491,CN,奥迪威,通用,优质池,82.2,82.2,82.2,优质池,否,否,否,否,综合分未达核心阈值,优质候选,89,可跟踪,10,A 完整历史,High,100,-,数据质量高；长期ROE达到行业基本线；ROE稳定性较好；近5年无亏损；近5年经营现金流持续为正；自由现金流数据缺失，评级保守；资产负债率符合行业语境；营收增长达到行业较好水平,规则和AI评级不完全一致，可作为人工复核优先项
CHKP,US,Check Point Software Technologies Ltd. - Ordinary Shares,科技,可研究池,71.0,89.2,82.2,优质池,是,是,是,是,短历史封顶生效；排雷状态扣分；规则AI分歧扣分,可跟踪,87,优质候选,4,C 短历史,Medium,80,短历史封顶；排雷需关注；规则AI分歧,数据质量中等，质量评级需降置信度；长期ROE达到行业优秀线；ROE稳定性较好；近5年无亏损；近5年经营现金流持续为正；自由现金流整体为正；资产负债率高于行业舒适区；营收增长处于可接受区间,AI认为质量突出，规则侧可能因单项风险保守处理
IMKTA,US,"Ingles Markets, Incorporated - Class A Common Stock",通用,优质池,78.0,82.1,82.1,优质池,是,是,否,否,短历史封顶生效,优质候选,93,可跟踪,4,C 短历史,Medium,80,短历史封顶,数据质量中等，质量评级需降置信度；长期ROE达到行业优秀线；ROE稳定性较好；近5年无亏损；近5年经营现金流持续为正；自由现金流整体为正；资产负债率符合行业语境；营收增长偏弱,规则和AI评级不完全一致，可作为人工复核优先项
CACC,US,Credit Acceptance Corporation - Common Stock,通用,可研究池,74.0,86.1,82.1,优质池,是,是,是,否,短历史封顶生效；排雷状态扣分,优质候选,93,优质候选,4,C 短历史,Medium,80,短历史封顶；排雷需关注,数据质量中等，质量评级需降置信度；长期ROE达到行业优秀线；ROE稳定性较好；近5年无亏损；近5年经营现金流持续为正；自由现金流整体为正；资产负债率高于行业舒适区；营收增长达到行业较好水平,规则与AI均认可质量，排雷侧因单项风险给出需关注状态，适合进入人工复核清单；但数据年数少于5年，长期ROE、波动和CAGR应按短历史估计降置信度
WM,US,"Waste Management, Inc. Common Stock",通用,可研究池,74.0,86.1,82.1,优质池,是,是,是,否,短历史封顶生效；排雷状态扣分,优质候选,93,优质候选,4,C 短历史,Medium,80,短历史封顶；排雷需关注,数据质量中等，质量评级需降置信度；长期ROE达到行业优秀线；ROE稳定性较好；近5年无亏损；近5年经营现金流持续为正；自由现金流整体为正；资产负债率高于行业舒适区；营收增长达到行业较好水平,规则与AI均认可质量，排雷侧因单项风险给出需关注状态，适合进入人工复核清单；但数据年数少于5年，长期ROE、波动和CAGR应按短历史估计降置信度
002430,CN,杭氧股份,通用,优质池,82.1,82.1,82.1,优质池,否,否,否,否,综合分未达核心阈值,优质候选,89,可跟踪,10,A 完整历史,High,100,-,数据质量高；长期ROE达到行业基本线；ROE稳定性较好；近5年无亏损；近5年经营现金流持续为正；自由现金流数据缺失，评级保守；资产负债率符合行业语境；营收增长达到行业较好水平,规则和AI评级不完全一致，可作为人工复核优先项
002727,CN,一心堂,通用,优质池,82.1,82.1,82.1,优质池,否,否,否,否,综合分未达核心阈值,优质候选,89,可跟踪,10,A 完整历史,High,100,-,数据质量高；长期ROE达到行业基本线；ROE稳定性较好；近5年无亏损；近5年经营现金流持续为正；自由现金流数据缺失，评级保守；资产负债率符合行业语境；营收增长达到行业较好水平,规则和AI评级不完全一致，可作为人工复核优先项
002973,CN,侨银股份,通用,优质池,82.1,82.1,82.1,优质池,否,否,否,否,综合分未达核心阈值,优质候选,89,可跟踪,10,A 完整历史,High,100,-,数据质量高；长期ROE达到行业优秀线；ROE稳定性较好；近5年无亏损；近5年经营现金流持续为正；自由现金流数据缺失，评级保守；资产负债率略高但未构成硬伤；营收增长处于可接受区间,规则和AI评级不完全一致，可作为人工复核优先项
600182,CN,S佳通,通用,优质池,82.1,82.1,82.1,优质池,否,否,否,否,综合分未达核心阈值,优质候选,89,可跟踪,10,A 完整历史,High,100,-,数据质量高；长期ROE达到行业基本线；ROE稳定性较好；近5年无亏损；近5年经营现金流持续为正；自由现金流数据缺失，评级保守；资产负债率符合行业语境；营收增长达到行业较好水平,规则和AI评级不完全一致，可作为人工复核优先项
688106,CN,金宏气体,通用,优质池,82.1,82.1,82.1,优质池,否,否,否,否,综合分未达核心阈值,优质候选,89,可跟踪,10,A 完整历史,High,100,-,数据质量高；长期ROE达到行业基本线；ROE稳定性较好；近5年无亏损；近5年经营现金流持续为正；自由现金流数据缺失，评级保守；资产负债率符合行业语境；营收增长达到行业较好水平,规则和AI评级不完全一致，可作为人工复核优先项
688166,CN,博瑞医药,通用,优质池,82.1,82.1,82.1,优质池,否,否,否,否,综合分未达核心阈值,优质候选,89,可跟踪,10,A 完整历史,High,100,-,数据质量高；长期ROE达到行业基本线；ROE稳定性较好；近5年无亏损；近5年经营现金流持续为正；自由现金流数据缺失，评级保守；资产负债率符合行业语境；营收增长达到行业较好水平,规则和AI评级不完全一致，可作为人工复核优先项
688315,CN,诺禾致源,通用,优质池,82.1,82.1,82.1,优质池,否,否,否,否,综合分未达核心阈值,优质候选,89,可跟踪,10,A 完整历史,High,100,-,数据质量高；长期ROE达到行业基本线；ROE稳定性较好；近5年无亏损；近5年经营现金流持续为正；自由现金流数据缺失，评级保守；资产负债率符合行业语境；营收增长达到行业较好水平,规则和AI评级不完全一致，可作为人工复核优先项
FND,US,"Floor & Decor Holdings, Inc. Common Stock",消费,优质池,78.0,82.1,82.1,优质池,是,是,否,否,短历史封顶生效,优质候选,89,可跟踪,4,C 短历史,Medium,80,短历史封顶,数据质量中等，质量评级需降置信度；长期ROE达到行业基本线；ROE稳定性较好；近5年无亏损；近5年经营现金流持续为正；自由现金流整体为正；资产负债率符合行业语境；营收增长处于可接受区间,规则和AI评级不完全一致，可作为人工复核优先项
688179,CN,阿拉丁,通用,优质池,82.1,85.1,82.1,优质池,否,否,否,是,规则AI分歧扣分,可跟踪,83,优质候选,10,A 完整历史,High,100,规则AI分歧,数据质量高；长期ROE达到行业优秀线；ROE稳定性较好；近5年无亏损；经营现金流存在瑕疵；自由现金流数据缺失，评级保守；资产负债率符合行业语境；营收增长达到行业较好水平,AI认为质量突出，规则侧可能因单项风险保守处理
DLO,US,DLocal Limited - Class A Common Shares,科技,可研究池,75.0,85.1,82.1,优质池,是,是,否,是,短历史封顶生效；规则AI分歧扣分,可跟踪,73,优质候选,4,C 短历史,Medium,80,短历史封顶；规则AI分歧,数据质量中等，质量评级需降置信度；长期ROE达到行业优秀线；ROE稳定性较好；近5年无亏损；经营现金流存在瑕疵；自由现金流整体为正；资产负债率高于行业舒适区；营收增长达到行业较好水平,AI认为质量突出，规则侧可能因单项风险保守处理
TTE,US,TotalEnergies SE Ordinary Shares,周期,可研究池,74.0,86.0,82.0,优质池,是,是,是,否,短历史封顶生效；排雷状态扣分,优质候选,99,可跟踪,4,C 短历史,Medium,80,短历史封顶；排雷需关注,数据质量中等，质量评级需降置信度；长期ROE达到行业优秀线；ROE稳定性较好；近5年无亏损；近5年经营现金流持续为正；自由现金流整体为正；资产负债率符合行业语境；周期行业营收下滑，需结合行业周期位置,规则和AI评级不完全一致，可作为人工复核优先项
CP,US,Canadian Pacific Kansas City Limited Common Shares,通用,可研究池,74.0,86.0,82.0,优质池,是,是,是,否,短历史封顶生效；排雷状态扣分,优质候选,95,优质候选,4,C 短历史,Medium,80,短历史封顶；排雷需关注,数据质量中等，质量评级需降置信度；长期ROE达到行业基本线；ROE稳定性较好；近5年无亏损；近5年经营现金流持续为正；自由现金流整体为正；资产负债率符合行业语境；营收增长达到行业较好水平,规则与AI均认可质量，排雷侧因单项风险给出需关注状态，适合进入人工复核清单；但数据年数少于5年，长期ROE、波动和CAGR应按短历史估计降置信度
THR,US,"Thermon Group Holdings, Inc. Common Stock",通用,可研究池,74.0,86.0,82.0,优质池,是,是,是,否,短历史封顶生效；排雷状态扣分,优质候选,95,优质候选,4,C 短历史,Medium,80,短历史封顶；排雷需关注,数据质量中等，质量评级需降置信度；长期ROE达到行业基本线；ROE稳定性较好；近5年无亏损；近5年经营现金流持续为正；自由现金流整体为正；资产负债率符合行业语境；营收增长达到行业较好水平,规则与AI均认可质量，排雷侧因单项风险给出需关注状态，适合进入人工复核清单；但数据年数少于5年，长期ROE、波动和CAGR应按短历史估计降置信度
300976,CN,达瑞电子,科技,优质池,82.0,86.0,82.0,优质池,否,否,是,否,排雷状态扣分,优质候选,89,优质候选,10,A 完整历史,High,100,排雷需关注,数据质量高；长期ROE达到行业优秀线；ROE波动偏大；近5年无亏损；近5年经营现金流持续为正；自由现金流数据缺失，评级保守；资产负债率符合行业语境；营收增长达到行业较好水平,规则与AI均认可质量，排雷侧因单项风险给出需关注状态，适合进入人工复核清单
301158,CN,德石股份,通用,优质池,82.0,82.0,82.0,优质池,否,否,否,否,综合分未达核心阈值,优质候选,89,可跟踪,10,A 完整历史,High,100,-,数据质量高；长期ROE达到行业基本线；ROE稳定性较好；近5年无亏损；近5年经营现金流持续为正；自由现金流数据缺失，评级保守；资产负债率符合行业语境；营收增长达到行业较好水平,规则和AI评级不完全一致，可作为人工复核优先项
603444,CN,吉比特,通用,优质池,82.0,86.0,82.0,优质池,否,否,是,否,排雷状态扣分,优质候选,89,优质候选,10,A 完整历史,High,100,排雷需关注,数据质量高；长期ROE达到行业优秀线；ROE波动偏大；近5年无亏损；近5年经营现金流持续为正；自由现金流数据缺失，评级保守；资产负债率符合行业语境；营收增长达到行业较好水平,规则与AI均认可质量，排雷侧因单项风险给出需关注状态，适合进入人工复核清单
603979,CN,金诚信,通用,优质池,82.0,86.0,82.0,优质池,否,否,是,否,排雷状态扣分,优质候选,89,优质候选,10,A 完整历史,High,100,排雷需关注,数据质量高；长期ROE达到行业基本线；ROE稳定性较好；近5年无亏损；近5年经营现金流持续为正；自由现金流数据缺失，评级保守；资产负债率符合行业语境；营收增长达到行业较好水平,规则与AI均认可质量，排雷侧因单项风险给出需关注状态，适合进入人工复核清单
688169,CN,石头科技,科技,优质池,82.0,86.0,82.0,优质池,否,否,是,否,排雷状态扣分,优质候选,89,优质候选,10,A 完整历史,High,100,排雷需关注,数据质量高；长期ROE达到行业优秀线；ROE波动偏大；近5年无亏损；近5年经营现金流持续为正；自由现金流数据缺失，评级保守；资产负债率符合行业语境；营收增长达到行业较好水平,规则与AI均认可质量，排雷侧因单项风险给出需关注状态，适合进入人工复核清单
920690,CN,捷众科技,科技,优质池,82.0,86.0,82.0,优质池,否,否,是,否,排雷状态扣分,优质候选,89,优质候选,10,A 完整历史,High,100,排雷需关注,数据质量高；长期ROE达到行业优秀线；ROE波动偏大；近5年无亏损；近5年经营现金流持续为正；自由现金流数据缺失，评级保守；资产负债率符合行业语境；营收增长达到行业较好水平,规则与AI均认可质量，排雷侧因单项风险给出需关注状态，适合进入人工复核清单
920879,CN,基康技术,通用,优质池,82.0,82.0,82.0,优质池,否,否,否,否,综合分未达核心阈值,优质候选,89,可跟踪,10,A 完整历史,High,100,-,数据质量高；长期ROE达到行业基本线；ROE稳定性较好；近5年无亏损；近5年经营现金流持续为正；自由现金流数据缺失，评级保守；资产负债率符合行业语境；营收增长达到行业较好水平,规则和AI评级不完全一致，可作为人工复核优先项
688618,CN,三旺通信,科技,优质池,81.9,85.9,81.9,优质池,否,否,是,否,排雷状态扣分,优质候选,100,可跟踪,9,B 中等历史,High,100,排雷需关注,数据质量高；长期ROE达到行业优秀线；ROE稳定性较好；近5年无亏损；近5年经营现金流持续为正；自由现金流数据缺失，评级保守；资产负债率符合行业语境；营收增长达到行业较好水平,规则和AI评级不完全一致，可作为人工复核优先项
TKR,US,Timken Company (The) Common Stock,通用,可研究池,74.0,85.9,81.9,优质池,是,是,是,否,短历史封顶生效；排雷状态扣分,优质候选,100,可跟踪,4,C 短历史,Medium,80,短历史封顶；排雷需关注,数据质量中等，质量评级需降置信度；长期ROE达到行业优秀线；ROE稳定性较好；近5年无亏损；近5年经营现金流持续为正；自由现金流整体为正；资产负债率符合行业语境；营收增长处于可接受区间,规则和AI评级不完全一致，可作为人工复核优先项
603344,CN,星德胜,通用,优质池,81.9,81.9,81.9,优质池,否,否,否,否,综合分未达核心阈值,优质候选,92,可跟踪,7,B 中等历史,Medium,87,-,数据质量中等，质量评级需降置信度；长期ROE达到行业优秀线；ROE稳定性较好；近5年无亏损；近5年经营现金流持续为正；自由现金流数据缺失，评级保守；资产负债率符合行业语境；营收增长处于可接受区间,规则和AI评级不完全一致，可作为人工复核优先项
600060,CN,海信视像,通用,优质池,81.9,81.9,81.9,优质池,否,否,否,否,综合分未达核心阈值,优质候选,89,可跟踪,10,A 完整历史,High,100,-,数据质量高；长期ROE达到行业基本线；ROE稳定性较好；近5年无亏损；近5年经营现金流持续为正；自由现金流数据缺失，评级保守；资产负债率符合行业语境；营收增长达到行业较好水平,规则和AI评级不完全一致，可作为人工复核优先项
920394,CN,民士达,通用,优质池,81.9,85.9,81.9,优质池,否,否,是,否,排雷状态扣分,优质候选,89,优质候选,10,A 完整历史,High,100,排雷需关注,数据质量高；长期ROE达到行业基本线；ROE稳定性较好；近5年无亏损；近5年经营现金流持续为正；自由现金流数据缺失，评级保守；资产负债率符合行业语境；营收增长达到行业较好水平,规则与AI均认可质量，排雷侧因单项风险给出需关注状态，适合进入人工复核清单
301020,CN,密封科技,科技,优质池,81.8,85.8,81.8,优质池,否,否,是,否,排雷状态扣分,优质候选,97,可跟踪,10,A 完整历史,High,100,排雷需关注,数据质量高；长期ROE达到行业优秀线；ROE稳定性较好；近5年无亏损；近5年经营现金流持续为正；自由现金流数据缺失，评级保守；资产负债率符合行业语境；营收增长处于可接受区间,规则和AI评级不完全一致，可作为人工复核优先项
002539,CN,云图控股,通用,优质池,81.8,81.8,81.8,优质池,否,否,否,否,综合分未达核心阈值,优质候选,95,可跟踪,10,A 完整历史,High,100,-,数据质量高；长期ROE达到行业优秀线；ROE稳定性较好；近5年无亏损；近5年经营现金流持续为正；自由现金流数据缺失，评级保守；资产负债率略高但未构成硬伤；营收增长达到行业较好水平,规则和AI评级不完全一致，可作为人工复核优先项
001316,CN,润贝航科,通用,优质池,81.8,85.8,81.8,优质池,否,否,是,否,排雷状态扣分,优质候选,89,优质候选,8,B 中等历史,High,100,排雷需关注,数据质量高；长期ROE达到行业优秀线；ROE波动偏大；近5年无亏损；近5年经营现金流持续为正；自由现金流数据缺失，评级保守；资产负债率符合行业语境；营收增长达到行业较好水平,规则与AI均认可质量，排雷侧因单项风险给出需关注状态，适合进入人工复核清单；数据历史未满10年，长期质量结论仍需补充更长周期验证
002152,CN,广电运通,通用,优质池,81.8,81.8,81.8,优质池,否,否,否,否,综合分未达核心阈值,优质候选,89,可跟踪,10,A 完整历史,High,100,-,数据质量高；长期ROE达到行业基本线；ROE稳定性较好；近5年无亏损；近5年经营现金流持续为正；自由现金流数据缺失，评级保守；资产负债率符合行业语境；营收增长达到行业较好水平,规则和AI评级不完全一致，可作为人工复核优先项
002241,CN,歌尔股份,通用,优质池,81.8,81.8,81.8,优质池,否,否,否,否,综合分未达核心阈值,优质候选,89,可跟踪,10,A 完整历史,High,100,-,数据质量高；长期ROE达到行业基本线；ROE稳定性较好；近5年无亏损；近5年经营现金流持续为正；自由现金流数据缺失，评级保守；资产负债率符合行业语境；营收增长达到行业较好水平,规则和AI评级不完全一致，可作为人工复核优先项
300433,CN,蓝思科技,科技,优质池,81.8,81.8,81.8,优质池,否,否,否,否,综合分未达核心阈值,优质候选,89,可跟踪,10,A 完整历史,High,100,-,数据质量高；长期ROE达到行业基本线；ROE稳定性较好；近5年无亏损；近5年经营现金流持续为正；自由现金流数据缺失，评级保守；资产负债率符合行业语境；营收增长达到行业较好水平,规则和AI评级不完全一致，可作为人工复核优先项
600833,CN,第一医药,通用,优质池,81.8,81.8,81.8,优质池,否,否,否,否,综合分未达核心阈值,优质候选,89,可跟踪,10,A 完整历史,High,100,-,数据质量高；长期ROE达到行业基本线；ROE稳定性较好；近5年无亏损；近5年经营现金流持续为正；自由现金流数据缺失，评级保守；资产负债率符合行业语境；营收增长达到行业较好水平,规则和AI评级不完全一致，可作为人工复核优先项
603041,CN,美思德,通用,优质池,81.8,81.8,81.8,优质池,否,否,否,否,综合分未达核心阈值,优质候选,89,可跟踪,10,A 完整历史,High,100,-,数据质量高；长期ROE达到行业基本线；ROE稳定性较好；近5年无亏损；近5年经营现金流持续为正；自由现金流数据缺失，评级保守；资产负债率符合行业语境；营收增长达到行业较好水平,规则和AI评级不完全一致，可作为人工复核优先项
603379,CN,三美股份,通用,优质池,81.8,85.8,81.8,优质池,否,否,是,否,排雷状态扣分,优质候选,89,优质候选,10,A 完整历史,High,100,排雷需关注,数据质量高；长期ROE达到行业优秀线；ROE波动偏大；近5年无亏损；近5年经营现金流持续为正；自由现金流数据缺失，评级保守；资产负债率符合行业语境；营收增长达到行业较好水平,规则与AI均认可质量，排雷侧因单项风险给出需关注状态，适合进入人工复核清单
605009,CN,豪悦护理,通用,优质池,81.8,85.8,81.8,优质池,否,否,是,否,排雷状态扣分,优质候选,89,优质候选,10,A 完整历史,High,100,排雷需关注,数据质量高；长期ROE达到行业优秀线；ROE波动偏大；近5年无亏损；近5年经营现金流持续为正；自由现金流数据缺失，评级保守；资产负债率符合行业语境；营收增长达到行业较好水平,规则与AI均认可质量，排雷侧因单项风险给出需关注状态，适合进入人工复核清单
605058,CN,澳弘电子,科技,优质池,81.8,81.8,81.8,优质池,否,否,否,否,综合分未达核心阈值,优质候选,89,可跟踪,10,A 完整历史,High,100,-,数据质量高；长期ROE达到行业优秀线；ROE稳定性较好；近5年无亏损；近5年经营现金流持续为正；自由现金流数据缺失，评级保守；资产负债率略高但未构成硬伤；营收增长处于可接受区间,规则和AI评级不完全一致，可作为人工复核优先项
920553,CN,凯腾精工,通用,优质池,81.8,81.8,81.8,优质池,否,否,否,否,综合分未达核心阈值,优质候选,89,可跟踪,10,A 完整历史,High,100,-,数据质量高；长期ROE达到行业基本线；ROE稳定性较好；近5年无亏损；近5年经营现金流持续为正；自由现金流数据缺失，评级保守；资产负债率符合行业语境；营收增长达到行业较好水平,规则和AI评级不完全一致，可作为人工复核优先项
ZM,US,"Zoom Communications, Inc. - Class A Common Stock",科技,可研究池,74.0,85.8,81.8,优质池,是,是,是,否,短历史封顶生效；排雷状态扣分,优质候选,89,优质候选,4,C 短历史,Medium,80,短历史封顶；排雷需关注,数据质量中等，质量评级需降置信度；长期ROE达到行业基本线；ROE稳定性较好；近5年无亏损；近5年经营现金流持续为正；自由现金流整体为正；资产负债率符合行业语境；营收增长处于可接受区间,规则与AI均认可质量，排雷侧因单项风险给出需关注状态，适合进入人工复核清单；但数据年数少于5年，长期ROE、波动和CAGR应按短历史估计降置信度
300735,CN,光弘科技,科技,优质池,81.8,84.8,81.8,优质池,否,否,否,是,规则AI分歧扣分,可跟踪,83,优质候选,10,A 完整历史,High,100,规则AI分歧,数据质量高；长期ROE达到行业优秀线；ROE稳定性较好；近5年无亏损；经营现金流存在瑕疵；自由现金流数据缺失，评级保守；资产负债率符合行业语境；营收增长达到行业较好水平,AI认为质量突出，规则侧可能因单项风险保守处理
GOLF,US,Acushnet Holdings Corp. Common Stock,通用,可研究池,75.0,84.8,81.8,优质池,是,是,否,是,短历史封顶生效；规则AI分歧扣分,可跟踪,81,优质候选,4,C 短历史,Medium,80,短历史封顶；规则AI分歧,数据质量中等，质量评级需降置信度；长期ROE达到行业优秀线；ROE稳定性较好；近5年无亏损；经营现金流存在瑕疵；自由现金流整体为正；资产负债率略高但未构成硬伤；营收增长达到行业较好水平,AI认为质量突出，规则侧可能因单项风险保守处理
BYD,US,Boyd Gaming Corporation Common Stock,通用,可研究池,74.0,85.7,81.7,优质池,是,是,是,否,短历史封顶生效；排雷状态扣分,优质候选,95,优质候选,4,C 短历史,Medium,80,短历史封顶；排雷需关注,数据质量中等，质量评级需降置信度；长期ROE达到行业优秀线；ROE波动偏大；近5年无亏损；近5年经营现金流持续为正；自由现金流整体为正；资产负债率符合行业语境；营收增长达到行业较好水平,规则与AI均认可质量，排雷侧因单项风险给出需关注状态，适合进入人工复核清单；但数据年数少于5年，长期ROE、波动和CAGR应按短历史估计降置信度
PYPL,US,"PayPal Holdings, Inc. - Common Stock",通用,可研究池,74.0,85.7,81.7,优质池,是,是,是,否,短历史封顶生效；排雷状态扣分,优质候选,93,优质候选,4,C 短历史,Medium,80,短历史封顶；排雷需关注,数据质量中等，质量评级需降置信度；长期ROE达到行业优秀线；ROE稳定性较好；近5年无亏损；近5年经营现金流持续为正；自由现金流整体为正；资产负债率高于行业舒适区；营收增长达到行业较好水平,规则与AI均认可质量，排雷侧因单项风险给出需关注状态，适合进入人工复核清单；但数据年数少于5年，长期ROE、波动和CAGR应按短历史估计降置信度
002895,CN,川恒股份,通用,优质池,81.7,85.7,81.7,优质池,否,否,是,否,排雷状态扣分,优质候选,89,优质候选,10,A 完整历史,High,100,排雷需关注,数据质量高；长期ROE达到行业基本线；ROE稳定性较好；近5年无亏损；近5年经营现金流持续为正；自由现金流数据缺失，评级保守；资产负债率符合行业语境；营收增长达到行业较好水平,规则与AI均认可质量，排雷侧因单项风险给出需关注状态，适合进入人工复核清单
300398,CN,飞凯材料,周期,优质池,81.7,81.7,81.7,优质池,否,否,否,否,综合分未达核心阈值,优质候选,89,可跟踪,10,A 完整历史,High,100,-,数据质量高；长期ROE达到行业基本线；ROE稳定性较好；近5年无亏损；近5年经营现金流持续为正；自由现金流数据缺失，评级保守；资产负债率符合行业语境；营收增长达到行业较好水平,规则和AI评级不完全一致，可作为人工复核优先项
301110,CN,青木科技,科技,优质池,81.7,85.7,81.7,优质池,否,否,是,否,排雷状态扣分,优质候选,89,优质候选,9,B 中等历史,High,100,排雷需关注,数据质量高；长期ROE达到行业优秀线；ROE波动偏大；近5年无亏损；近5年经营现金流持续为正；自由现金流数据缺失，评级保守；资产负债率符合行业语境；营收增长达到行业较好水平,规则与AI均认可质量，排雷侧因单项风险给出需关注状态，适合进入人工复核清单；数据历史未满10年，长期质量结论仍需补充更长周期验证
301192,CN,泰祥股份,通用,优质池,81.7,85.7,81.7,优质池,否,否,是,否,排雷状态扣分,优质候选,89,优质候选,10,A 完整历史,High,100,排雷需关注,数据质量高；长期ROE达到行业优秀线；ROE波动偏大；近5年无亏损；近5年经营现金流持续为正；自由现金流数据缺失，评级保守；资产负债率符合行业语境；营收增长达到行业较好水平,规则与AI均认可质量，排雷侧因单项风险给出需关注状态，适合进入人工复核清单
301345,CN,涛涛车业,通用,优质池,81.7,85.7,81.7,优质池,否,否,是,否,排雷状态扣分,优质候选,89,优质候选,9,B 中等历史,High,100,排雷需关注,数据质量高；长期ROE达到行业优秀线；ROE波动偏大；近5年无亏损；近5年经营现金流持续为正；自由现金流数据缺失，评级保守；资产负债率符合行业语境；营收增长达到行业较好水平,规则与AI均认可质量，排雷侧因单项风险给出需关注状态，适合进入人工复核清单；数据历史未满10年，长期质量结论仍需补充更长周期验证
301393,CN,昊帆生物,通用,优质池,81.7,85.7,81.7,优质池,否,否,是,否,排雷状态扣分,优质候选,89,优质候选,10,A 完整历史,High,100,排雷需关注,数据质量高；长期ROE达到行业优秀线；ROE波动偏大；近5年无亏损；近5年经营现金流持续为正；自由现金流数据缺失，评级保守；资产负债率符合行业语境；营收增长达到行业较好水平,规则与AI均认可质量，排雷侧因单项风险给出需关注状态，适合进入人工复核清单
600968,CN,海油发展,通用,优质池,81.7,81.7,81.7,优质池,否,否,否,否,综合分未达核心阈值,优质候选,89,可跟踪,10,A 完整历史,High,100,-,数据质量高；长期ROE达到行业基本线；ROE稳定性较好；近5年无亏损；近5年经营现金流持续为正；自由现金流数据缺失，评级保守；资产负债率符合行业语境；营收增长达到行业较好水平,规则和AI评级不完全一致，可作为人工复核优先项
601199,CN,江南水务,通用,优质池,81.7,81.7,81.7,优质池,否,否,否,否,综合分未达核心阈值,优质候选,89,可跟踪,10,A 完整历史,High,100,-,数据质量高；长期ROE达到行业基本线；ROE稳定性较好；近5年无亏损；近5年经营现金流持续为正；自由现金流数据缺失，评级保守；资产负债率符合行业语境；营收增长达到行业较好水平,规则和AI评级不完全一致，可作为人工复核优先项
601311,CN,骆驼股份,通用,优质池,81.7,81.7,81.7,优质池,否,否,否,否,综合分未达核心阈值,优质候选,89,可跟踪,10,A 完整历史,High,100,-,数据质量高；长期ROE达到行业基本线；ROE稳定性较好；近5年无亏损；近5年经营现金流持续为正；自由现金流数据缺失，评级保守；资产负债率符合行业语境；营收增长达到行业较好水平,规则和AI评级不完全一致，可作为人工复核优先项
601966,CN,玲珑轮胎,通用,优质池,81.7,81.7,81.7,优质池,否,否,否,否,综合分未达核心阈值,优质候选,89,可跟踪,10,A 完整历史,High,100,-,数据质量高；长期ROE达到行业基本线；ROE稳定性较好；近5年无亏损；近5年经营现金流持续为正；自由现金流数据缺失，评级保守；资产负债率符合行业语境；营收增长达到行业较好水平,规则和AI评级不完全一致，可作为人工复核优先项
603486,CN,科沃斯,通用,优质池,81.7,85.7,81.7,优质池,否,否,是,否,排雷状态扣分,优质候选,89,优质候选,10,A 完整历史,High,100,排雷需关注,数据质量高；长期ROE达到行业优秀线；ROE波动偏大；近5年无亏损；近5年经营现金流持续为正；自由现金流数据缺失，评级保守；资产负债率符合行业语境；营收增长达到行业较好水平,规则与AI均认可质量，排雷侧因单项风险给出需关注状态，适合进入人工复核清单
GILD,US,"Gilead Sciences, Inc. - Common Stock",通用,可研究池,74.0,85.7,81.7,优质池,是,是,是,否,短历史封顶生效；排雷状态扣分,优质候选,89,优质候选,4,C 短历史,Medium,80,短历史封顶；排雷需关注,数据质量中等，质量评级需降置信度；长期ROE达到行业优秀线；ROE波动偏大；近5年无亏损；近5年经营现金流持续为正；自由现金流整体为正；资产负债率符合行业语境；营收增长处于可接受区间,规则与AI均认可质量，排雷侧因单项风险给出需关注状态，适合进入人工复核清单；但数据年数少于5年，长期ROE、波动和CAGR应按短历史估计降置信度
WMS,US,"Advanced Drainage Systems, Inc. Common Stock",通用,可研究池,74.0,85.7,81.7,优质池,是,是,是,否,短历史封顶生效；排雷状态扣分,优质候选,89,优质候选,4,C 短历史,Medium,80,短历史封顶；排雷需关注,数据质量中等，质量评级需降置信度；长期ROE达到行业优秀线；ROE波动偏大；近5年无亏损；近5年经营现金流持续为正；自由现金流整体为正；资产负债率符合行业语境；营收增长处于可接受区间,规则与AI均认可质量，排雷侧因单项风险给出需关注状态，适合进入人工复核清单；但数据年数少于5年，长期ROE、波动和CAGR应按短历史估计降置信度
301508,CN,中机认检,通用,优质池,81.7,84.7,81.7,优质池,否,否,否,是,规则AI分歧扣分,可跟踪,84,优质候选,7,B 中等历史,Medium,87,规则AI分歧,数据质量中等，质量评级需降置信度；长期ROE达到行业基本线；ROE稳定性较好；近5年无亏损；近5年经营现金流持续为正；自由现金流数据缺失，评级保守；资产负债率符合行业语境；营收增长达到行业较好水平,AI认为质量突出，规则侧可能因单项风险保守处理
001380,CN,华纬科技,科技,优质池,81.7,84.7,81.7,优质池,否,否,否,是,规则AI分歧扣分,可跟踪,78,优质候选,7,B 中等历史,Medium,87,规则AI分歧,数据质量中等，质量评级需降置信度；长期ROE达到行业优秀线；ROE稳定性较好；近5年无亏损；经营现金流存在瑕疵；自由现金流数据缺失，评级保守；资产负债率符合行业语境；营收增长达到行业较好水平,AI认为质量突出，规则侧可能因单项风险保守处理
301617,CN,博苑股份,通用,优质池,81.7,84.7,81.7,优质池,否,否,否,是,规则AI分歧扣分,可跟踪,78,优质候选,7,B 中等历史,Medium,87,规则AI分歧,数据质量中等，质量评级需降置信度；长期ROE达到行业优秀线；ROE稳定性较好；近5年无亏损；经营现金流存在瑕疵；自由现金流数据缺失，评级保守；资产负债率符合行业语境；营收增长达到行业较好水平,AI认为质量突出，规则侧可能因单项风险保守处理
NVDA,US,NVIDIA Corporation - Common Stock,科技,可研究池,74.0,85.6,81.6,优质池,是,是,是,否,短历史封顶生效；排雷状态扣分,优质候选,100,优质候选,4,C 短历史,Medium,80,短历史封顶；排雷需关注,数据质量中等，质量评级需降置信度；长期ROE达到行业优秀线；成熟科技现金流龙头ROE波动降权观察；近5年无亏损；近5年经营现金流持续为正；自由现金流整体为正；资产负债率符合行业语境；营收增长达到行业较好水平；成熟科技现金流龙头：高ROE、强FCF、无亏损且OCF持续为正,规则与AI均认可质量，排雷侧因单项风险给出需关注状态，适合进入人工复核清单；但数据年数少于5年，长期ROE、波动和CAGR应按短历史估计降置信度
920701,CN,豪声电子,科技,优质池,81.6,85.6,81.6,优质池,否,否,是,否,排雷状态扣分,优质候选,97,可跟踪,10,A 完整历史,High,100,排雷需关注,数据质量高；长期ROE达到行业优秀线；ROE稳定性较好；近5年无亏损；近5年经营现金流持续为正；自由现金流数据缺失，评级保守；资产负债率符合行业语境；营收增长处于可接受区间,规则和AI评级不完全一致，可作为人工复核优先项
ROK,US,"Rockwell Automation, Inc. Common Stock",通用,可研究池,74.0,85.6,81.6,优质池,是,是,是,否,短历史封顶生效；排雷状态扣分,优质候选,95,优质候选,4,C 短历史,Medium,80,短历史封顶；排雷需关注,数据质量中等，质量评级需降置信度；长期ROE达到行业优秀线；ROE稳定性较好；近5年无亏损；近5年经营现金流持续为正；自由现金流整体为正；资产负债率略高但未构成硬伤；营收增长处于可接受区间,规则与AI均认可质量，排雷侧因单项风险给出需关注状态，适合进入人工复核清单；但数据年数少于5年，长期ROE、波动和CAGR应按短历史估计降置信度
CPAY,US,"Corpay, Inc. Common Stock",科技,可研究池,74.0,85.6,81.6,优质池,是,是,是,否,短历史封顶生效；排雷状态扣分,优质候选,93,优质候选,4,C 短历史,Medium,80,短历史封顶；排雷需关注,数据质量中等，质量评级需降置信度；长期ROE达到行业优秀线；ROE稳定性较好；近5年无亏损；近5年经营现金流持续为正；自由现金流整体为正；资产负债率高于行业舒适区；营收增长达到行业较好水平,规则与AI均认可质量，排雷侧因单项风险给出需关注状态，适合进入人工复核清单；但数据年数少于5年，长期ROE、波动和CAGR应按短历史估计降置信度
INMD,US,InMode Ltd.  - Ordinary Shares,通用,可研究池,74.0,85.6,81.6,优质池,是,是,是,否,短历史封顶生效；排雷状态扣分,优质候选,93,可跟踪,4,C 短历史,Medium,80,短历史封顶；排雷需关注,数据质量中等，质量评级需降置信度；长期ROE达到行业优秀线；ROE稳定性较好；近5年无亏损；近5年经营现金流持续为正；自由现金流整体为正；资产负债率符合行业语境；营收增长偏弱,规则和AI评级不完全一致，可作为人工复核优先项
SIGA,US,SIGA Technologies Inc. - Common Stock,通用,可研究池,74.0,85.6,81.6,优质池,是,是,是,否,短历史封顶生效；排雷状态扣分,优质候选,93,可跟踪,4,C 短历史,Medium,80,短历史封顶；排雷需关注,数据质量中等，质量评级需降置信度；长期ROE达到行业优秀线；ROE稳定性较好；近5年无亏损；近5年经营现金流持续为正；自由现金流整体为正；资产负债率符合行业语境；营收增长偏弱,规则和AI评级不完全一致，可作为人工复核优先项
002879,CN,长缆科技,科技,优质池,81.6,81.6,81.6,优质池,否,否,否,否,综合分未达核心阈值,优质候选,89,可跟踪,10,A 完整历史,High,100,-,数据质量高；长期ROE达到行业基本线；ROE稳定性较好；近5年无亏损；近5年经营现金流持续为正；自由现金流数据缺失，评级保守；资产负债率符合行业语境；营收增长达到行业较好水平,规则和AI评级不完全一致，可作为人工复核优先项
301071,CN,力量钻石,通用,优质池,81.6,85.6,81.6,优质池,否,否,是,否,排雷状态扣分,优质候选,89,优质候选,10,A 完整历史,High,100,排雷需关注,数据质量高；长期ROE达到行业优秀线；ROE波动偏大；近5年无亏损；近5年经营现金流持续为正；自由现金流数据缺失，评级保守；资产负债率符合行业语境；营收增长达到行业较好水平,规则与AI均认可质量，排雷侧因单项风险给出需关注状态，适合进入人工复核清单
301128,CN,强瑞技术,通用,优质池,81.6,85.6,81.6,优质池,否,否,是,否,排雷状态扣分,优质候选,89,优质候选,9,B 中等历史,High,100,排雷需关注,数据质量高；长期ROE达到行业优秀线；ROE波动偏大；近5年无亏损；近5年经营现金流持续为正；自由现金流数据缺失，评级保守；资产负债率符合行业语境；营收增长达到行业较好水平,规则与AI均认可质量，排雷侧因单项风险给出需关注状态，适合进入人工复核清单；数据历史未满10年，长期质量结论仍需补充更长周期验证
603309,CN,维力医疗,通用,优质池,81.6,81.6,81.6,优质池,否,否,否,否,综合分未达核心阈值,优质候选,89,可跟踪,10,A 完整历史,High,100,-,数据质量高；长期ROE达到行业基本线；ROE稳定性较好；近5年无亏损；近5年经营现金流持续为正；自由现金流数据缺失，评级保守；资产负债率符合行业语境；营收增长达到行业较好水平,规则和AI评级不完全一致，可作为人工复核优先项
CMRE,US,Costamare Inc. Common Stock $0.0001 par value,周期,可研究池,74.0,85.5,81.5,优质池,是,是,是,否,短历史封顶生效；排雷状态扣分,优质候选,99,可跟踪,4,C 短历史,Medium,80,短历史封顶；排雷需关注,数据质量中等，质量评级需降置信度；长期ROE达到行业优秀线；ROE稳定性较好；近5年无亏损；近5年经营现金流持续为正；自由现金流整体为正；资产负债率符合行业语境；周期行业营收下滑，需结合行业周期位置,规则和AI评级不完全一致，可作为人工复核优先项
BELFA,US,Bel Fuse Inc. - Class A Common Stock,科技,可研究池,74.0,85.5,81.5,优质池,是,是,是,否,短历史封顶生效；排雷状态扣分,优质候选,93,可跟踪,4,C 短历史,Medium,80,短历史封顶；排雷需关注,数据质量中等，质量评级需降置信度；长期ROE达到行业优秀线；ROE稳定性较好；近5年无亏损；近5年经营现金流持续为正；自由现金流整体为正；资产负债率符合行业语境；营收增长偏弱,规则和AI评级不完全一致，可作为人工复核优先项
BELFB,US,Bel Fuse Inc. - Class B Common Stock,科技,可研究池,74.0,85.5,81.5,优质池,是,是,是,否,短历史封顶生效；排雷状态扣分,优质候选,93,可跟踪,4,C 短历史,Medium,80,短历史封顶；排雷需关注,数据质量中等，质量评级需降置信度；长期ROE达到行业优秀线；ROE稳定性较好；近5年无亏损；近5年经营现金流持续为正；自由现金流整体为正；资产负债率符合行业语境；营收增长偏弱,规则和AI评级不完全一致，可作为人工复核优先项
003008,CN,开普检测,通用,优质池,81.5,85.5,81.5,优质池,否,否,是,否,排雷状态扣分,优质候选,89,优质候选,10,A 完整历史,High,100,排雷需关注,数据质量高；长期ROE达到行业优秀线；ROE波动偏大；近5年无亏损；近5年经营现金流持续为正；自由现金流数据缺失，评级保守；资产负债率符合行业语境；营收增长达到行业较好水平,规则与AI均认可质量，排雷侧因单项风险给出需关注状态，适合进入人工复核清单
301366,CN,一博科技,科技,优质池,81.5,85.5,81.5,优质池,否,否,是,否,排雷状态扣分,优质候选,89,优质候选,9,B 中等历史,High,100,排雷需关注,数据质量高；长期ROE达到行业优秀线；ROE波动偏大；近5年无亏损；近5年经营现金流持续为正；自由现金流数据缺失，评级保守；资产负债率符合行业语境；营收增长达到行业较好水平,规则与AI均认可质量，排雷侧因单项风险给出需关注状态，适合进入人工复核清单；数据历史未满10年，长期质量结论仍需补充更长周期验证
301449,CN,天溯计量,通用,优质池,81.5,85.5,81.5,优质池,否,否,是,否,排雷状态扣分,优质候选,89,优质候选,10,A 完整历史,High,100,排雷需关注,数据质量高；长期ROE达到行业优秀线；ROE波动偏大；近5年无亏损；近5年经营现金流持续为正；自由现金流数据缺失，评级保守；资产负债率符合行业语境；营收增长达到行业较好水平,规则与AI均认可质量，排雷侧因单项风险给出需关注状态，适合进入人工复核清单
301498,CN,乖宝宠物,通用,优质池,81.5,85.5,81.5,优质池,否,否,是,否,排雷状态扣分,优质候选,89,优质候选,8,B 中等历史,High,100,排雷需关注,数据质量高；长期ROE达到行业优秀线；ROE波动偏大；近5年无亏损；近5年经营现金流持续为正；自由现金流数据缺失，评级保守；资产负债率符合行业语境；营收增长达到行业较好水平,规则与AI均认可质量，排雷侧因单项风险给出需关注状态，适合进入人工复核清单；数据历史未满10年，长期质量结论仍需补充更长周期验证
600035,CN,楚天高速,通用,优质池,81.5,81.5,81.5,优质池,否,否,否,否,综合分未达核心阈值,优质候选,89,可跟踪,10,A 完整历史,High,100,-,数据质量高；长期ROE达到行业基本线；ROE稳定性较好；近5年无亏损；近5年经营现金流持续为正；自由现金流数据缺失，评级保守；资产负债率符合行业语境；营收增长达到行业较好水平,规则和AI评级不完全一致，可作为人工复核优先项
600897,CN,厦门空港,通用,优质池,81.5,85.5,81.5,优质池,否,否,是,否,排雷状态扣分,优质候选,89,优质候选,10,A 完整历史,High,100,排雷需关注,数据质量高；长期ROE达到行业优秀线；ROE波动偏大；近5年无亏损；近5年经营现金流持续为正；自由现金流数据缺失，评级保守；资产负债率符合行业语境；营收增长达到行业较好水平,规则与AI均认可质量，排雷侧因单项风险给出需关注状态，适合进入人工复核清单
002993,CN,奥海科技,科技,优质池,81.4,85.4,81.4,优质池,否,否,是,否,排雷状态扣分,优质候选,100,可跟踪,10,A 完整历史,High,100,排雷需关注,数据质量高；长期ROE达到行业优秀线；ROE稳定性较好；近5年无亏损；近5年经营现金流持续为正；自由现金流数据缺失，评级保守；资产负债率符合行业语境；营收增长达到行业较好水平,规则和AI评级不完全一致，可作为人工复核优先项
OMSE,US,OMS Energy Technologies Inc. - Ordinary Shares,周期,可研究池,74.0,85.4,81.4,优质池,是,是,是,否,短历史封顶生效；排雷状态扣分,优质候选,100,优质候选,4,C 短历史,Medium,80,短历史封顶；排雷需关注,数据质量中等，质量评级需降置信度；长期ROE达到行业优秀线；近5年无亏损；近5年经营现金流持续为正；自由现金流整体为正；资产负债率符合行业语境；营收增长达到行业较好水平,规则与AI均认可质量，排雷侧因单项风险给出需关注状态，适合进入人工复核清单；但数据年数少于5年，长期ROE、波动和CAGR应按短历史估计降置信度
HIT,US,"Health In Tech, Inc. - Class A Common Stock",科技,可研究池,74.0,85.4,81.4,优质池,是,是,是,否,短历史封顶生效；排雷状态扣分,优质候选,95,优质候选,4,C 短历史,Medium,80,短历史封顶；排雷需关注,数据质量中等，质量评级需降置信度；长期ROE达到行业优秀线；ROE波动偏大；近5年无亏损；近5年经营现金流持续为正；自由现金流整体为正；资产负债率符合行业语境；营收增长达到行业较好水平,规则与AI均认可质量，排雷侧因单项风险给出需关注状态，适合进入人工复核清单；但数据年数少于5年，长期ROE、波动和CAGR应按短历史估计降置信度
MMSI,US,"Merit Medical Systems, Inc. - Common Stock",通用,可研究池,74.0,85.4,81.4,优质池,是,是,是,否,短历史封顶生效；排雷状态扣分,优质候选,95,优质候选,4,C 短历史,Medium,80,短历史封顶；排雷需关注,数据质量中等，质量评级需降置信度；长期ROE达到行业基本线；ROE稳定性较好；近5年无亏损；近5年经营现金流持续为正；自由现金流整体为正；资产负债率符合行业语境；营收增长达到行业较好水平,规则与AI均认可质量，排雷侧因单项风险给出需关注状态，适合进入人工复核清单；但数据年数少于5年，长期ROE、波动和CAGR应按短历史估计降置信度
ACLS,US,"Axcelis Technologies, Inc. - Common Stock",科技,可研究池,74.0,85.4,81.4,优质池,是,是,是,否,短历史封顶生效；排雷状态扣分,优质候选,93,可跟踪,4,C 短历史,Medium,80,短历史封顶；排雷需关注,数据质量中等，质量评级需降置信度；长期ROE达到行业优秀线；ROE稳定性较好；近5年无亏损；近5年经营现金流持续为正；自由现金流整体为正；资产负债率符合行业语境；营收增长偏弱,规则和AI评级不完全一致，可作为人工复核优先项
000582,CN,北部湾港,通用,优质池,81.4,81.4,81.4,优质池,否,否,否,否,综合分未达核心阈值,优质候选,89,可跟踪,10,A 完整历史,High,100,-,数据质量高；长期ROE达到行业基本线；ROE稳定性较好；近5年无亏损；近5年经营现金流持续为正；自由现金流数据缺失，评级保守；资产负债率符合行业语境；营收增长达到行业较好水平,规则和AI评级不完全一致，可作为人工复核优先项
000756,CN,新华制药,通用,优质池,81.4,81.4,81.4,优质池,否,否,否,否,综合分未达核心阈值,优质候选,89,可跟踪,10,A 完整历史,High,100,-,数据质量高；长期ROE达到行业基本线；ROE稳定性较好；近5年无亏损；近5年经营现金流持续为正；自由现金流数据缺失，评级保守；资产负债率符合行业语境；营收增长达到行业较好水平,规则和AI评级不完全一致，可作为人工复核优先项
002381,CN,双箭股份,通用,优质池,81.4,81.4,81.4,优质池,否,否,否,否,综合分未达核心阈值,优质候选,89,可跟踪,10,A 完整历史,High,100,-,数据质量高；长期ROE达到行业基本线；ROE稳定性较好；近5年无亏损；近5年经营现金流持续为正；自由现金流数据缺失，评级保守；资产负债率符合行业语境；营收增长达到行业较好水平,规则和AI评级不完全一致，可作为人工复核优先项
300066,CN,三川智慧,通用,优质池,81.4,81.4,81.4,优质池,否,否,否,否,综合分未达核心阈值,优质候选,89,可跟踪,10,A 完整历史,High,100,-,数据质量高；长期ROE达到行业基本线；ROE稳定性较好；近5年无亏损；近5年经营现金流持续为正；自由现金流数据缺失，评级保守；资产负债率符合行业语境；营收增长达到行业较好水平,规则和AI评级不完全一致，可作为人工复核优先项
300314,CN,戴维医疗,通用,优质池,81.4,81.4,81.4,优质池,否,否,否,否,综合分未达核心阈值,优质候选,89,可跟踪,10,A 完整历史,High,100,-,数据质量高；长期ROE达到行业基本线；ROE稳定性较好；近5年无亏损；近5年经营现金流持续为正；自由现金流数据缺失，评级保守；资产负债率符合行业语境；营收增长达到行业较好水平,规则和AI评级不完全一致，可作为人工复核优先项
600917,CN,重庆燃气,通用,优质池,81.4,81.4,81.4,优质池,否,否,否,否,综合分未达核心阈值,优质候选,89,可跟踪,10,A 完整历史,High,100,-,数据质量高；长期ROE达到行业基本线；ROE稳定性较好；近5年无亏损；近5年经营现金流持续为正；自由现金流数据缺失，评级保守；资产负债率符合行业语境；营收增长达到行业较好水平,规则和AI评级不完全一致，可作为人工复核优先项
603860,CN,中公高科,通用,优质池,81.4,81.4,81.4,优质池,否,否,否,否,综合分未达核心阈值,优质候选,89,可跟踪,10,A 完整历史,High,100,-,数据质量高；长期ROE达到行业基本线；ROE稳定性较好；近5年无亏损；近5年经营现金流持续为正；自由现金流数据缺失，评级保守；资产负债率符合行业语境；营收增长达到行业较好水平,规则和AI评级不完全一致，可作为人工复核优先项
603888,CN,新华网,通用,优质池,81.4,81.4,81.4,优质池,否,否,否,否,综合分未达核心阈值,优质候选,89,可跟踪,10,A 完整历史,High,100,-,数据质量高；长期ROE达到行业基本线；ROE稳定性较好；近5年无亏损；近5年经营现金流持续为正；自由现金流数据缺失，评级保守；资产负债率符合行业语境；营收增长达到行业较好水平,规则和AI评级不完全一致，可作为人工复核优先项
HSIC,US,"Henry Schein, Inc. - Common Stock",通用,可研究池,74.0,85.3,81.3,优质池,是,是,是,否,短历史封顶生效；排雷状态扣分,优质候选,100,可跟踪,4,C 短历史,Medium,80,短历史封顶；排雷需关注,数据质量中等，质量评级需降置信度；长期ROE达到行业优秀线；ROE稳定性较好；近5年无亏损；近5年经营现金流持续为正；自由现金流整体为正；资产负债率符合行业语境；营收增长处于可接受区间,规则和AI评级不完全一致，可作为人工复核优先项
920050,CN,爱舍伦,通用,优质池,81.3,81.3,81.3,优质池,否,否,否,否,综合分未达核心阈值,优质候选,98,可跟踪,5,B 中等历史,Medium,62,-,数据质量中等，质量评级需降置信度；长期ROE达到行业优秀线；ROE稳定性较好；近5年无亏损；近5年经营现金流持续为正；自由现金流数据缺失，评级保守；资产负债率符合行业语境；营收增长达到行业较好水平,规则和AI评级不完全一致，可作为人工复核优先项
002532,CN,天山铝业,通用,优质池,81.3,85.3,81.3,优质池,否,否,是,否,排雷状态扣分,优质候选,97,可跟踪,10,A 完整历史,High,100,排雷需关注,数据质量高；长期ROE达到行业优秀线；ROE稳定性较好；近5年无亏损；近5年经营现金流持续为正；自由现金流数据缺失，评级保守；资产负债率符合行业语境；营收增长处于可接受区间,规则和AI评级不完全一致，可作为人工复核优先项
301550,CN,斯菱智驱,通用,优质池,81.3,85.3,81.3,优质池,否,否,是,否,排雷状态扣分,优质候选,97,可跟踪,10,A 完整历史,High,100,排雷需关注,数据质量高；长期ROE达到行业优秀线；ROE稳定性较好；近5年无亏损；近5年经营现金流持续为正；自由现金流数据缺失，评级保守；资产负债率符合行业语境；营收增长处于可接受区间,规则和AI评级不完全一致，可作为人工复核优先项
OFLX,US,"Omega Flex, Inc. - Common Stock",通用,可研究池,74.0,85.3,81.3,优质池,是,是,是,否,短历史封顶生效；排雷状态扣分,优质候选,93,可跟踪,4,C 短历史,Medium,80,短历史封顶；排雷需关注,数据质量中等，质量评级需降置信度；长期ROE达到行业优秀线；ROE稳定性较好；近5年无亏损；近5年经营现金流持续为正；自由现金流整体为正；资产负债率符合行业语境；营收增长偏弱,规则和AI评级不完全一致，可作为人工复核优先项
003021,CN,兆威机电,通用,优质池,81.3,85.3,81.3,优质池,否,否,是,否,排雷状态扣分,优质候选,89,优质候选,10,A 完整历史,High,100,排雷需关注,数据质量高；长期ROE达到行业优秀线；ROE波动偏大；近5年无亏损；近5年经营现金流持续为正；自由现金流数据缺失，评级保守；资产负债率符合行业语境；营收增长达到行业较好水平,规则与AI均认可质量，排雷侧因单项风险给出需关注状态，适合进入人工复核清单
600350,CN,山东高速,通用,优质池,81.3,81.3,81.3,优质池,否,否,否,否,综合分未达核心阈值,优质候选,89,可跟踪,10,A 完整历史,High,100,-,数据质量高；长期ROE达到行业基本线；ROE稳定性较好；近5年无亏损；近5年经营现金流持续为正；自由现金流数据缺失，评级保守；资产负债率符合行业语境；营收增长达到行业较好水平,规则和AI评级不完全一致，可作为人工复核优先项
688112,CN,鼎阳科技,科技,优质池,81.3,85.3,81.3,优质池,否,否,是,否,排雷状态扣分,优质候选,89,优质候选,9,B 中等历史,High,100,排雷需关注,数据质量高；长期ROE达到行业优秀线；ROE波动偏大；近5年无亏损；近5年经营现金流持续为正；自由现金流数据缺失，评级保守；资产负债率符合行业语境；营收增长达到行业较好水平,规则与AI均认可质量，排雷侧因单项风险给出需关注状态，适合进入人工复核清单；数据历史未满10年，长期质量结论仍需补充更长周期验证
688278,CN,特宝生物,通用,优质池,81.3,85.3,81.3,优质池,否,否,是,否,排雷状态扣分,优质候选,89,优质候选,10,A 完整历史,High,100,排雷需关注,数据质量高；长期ROE达到行业优秀线；ROE波动偏大；近5年无亏损；近5年经营现金流持续为正；自由现金流数据缺失，评级保守；资产负债率符合行业语境；营收增长达到行业较好水平,规则与AI均认可质量，排雷侧因单项风险给出需关注状态，适合进入人工复核清单
688279,CN,峰岹科技,科技,优质池,81.3,85.3,81.3,优质池,否,否,是,否,排雷状态扣分,优质候选,89,优质候选,8,B 中等历史,High,100,排雷需关注,数据质量高；长期ROE达到行业优秀线；ROE波动偏大；近5年无亏损；近5年经营现金流持续为正；自由现金流数据缺失，评级保守；资产负债率符合行业语境；营收增长达到行业较好水平,规则与AI均认可质量，排雷侧因单项风险给出需关注状态，适合进入人工复核清单；数据历史未满10年，长期质量结论仍需补充更长周期验证
688283,CN,坤恒顺维,通用,优质池,81.3,85.3,81.3,优质池,否,否,是,否,排雷状态扣分,优质候选,89,优质候选,10,A 完整历史,High,100,排雷需关注,数据质量高；长期ROE达到行业优秀线；ROE波动偏大；近5年无亏损；近5年经营现金流持续为正；自由现金流数据缺失，评级保守；资产负债率符合行业语境；营收增长达到行业较好水平,规则与AI均认可质量，排雷侧因单项风险给出需关注状态，适合进入人工复核清单
TNC,US,Tennant Company Common Stock,通用,优质池,78.0,81.3,81.3,优质池,是,是,否,否,短历史封顶生效,优质候选,89,可跟踪,4,C 短历史,Medium,80,短历史封顶,数据质量中等，质量评级需降置信度；长期ROE达到行业优秀线；ROE稳定性较好；近5年无亏损；经营现金流存在瑕疵；自由现金流整体为正；资产负债率符合行业语境；营收增长达到行业较好水平,规则和AI评级不完全一致，可作为人工复核优先项
300507,CN,苏奥传感,通用,优质池,81.2,81.2,81.2,优质池,否,否,否,否,综合分未达核心阈值,优质候选,89,可跟踪,10,A 完整历史,High,100,-,数据质量高；长期ROE达到行业基本线；ROE稳定性较好；近5年无亏损；近5年经营现金流持续为正；自由现金流数据缺失，评级保守；资产负债率符合行业语境；营收增长达到行业较好水平,规则和AI评级不完全一致，可作为人工复核优先项
300576,CN,容大感光,通用,优质池,81.2,81.2,81.2,优质池,否,否,否,否,综合分未达核心阈值,优质候选,89,可跟踪,10,A 完整历史,High,100,-,数据质量高；长期ROE达到行业基本线；ROE稳定性较好；近5年无亏损；近5年经营现金流持续为正；自由现金流数据缺失，评级保守；资产负债率符合行业语境；营收增长达到行业较好水平,规则和AI评级不完全一致，可作为人工复核优先项
603105,CN,芯能科技,科技,优质池,81.2,81.2,81.2,优质池,否,否,否,否,综合分未达核心阈值,优质候选,89,可跟踪,10,A 完整历史,High,100,-,数据质量高；长期ROE达到行业基本线；ROE稳定性较好；近5年无亏损；近5年经营现金流持续为正；自由现金流数据缺失，评级保守；资产负债率符合行业语境；营收增长达到行业较好水平,规则和AI评级不完全一致，可作为人工复核优先项
688401,CN,路维光电,通用,优质池,81.2,85.2,81.2,优质池,否,否,是,否,排雷状态扣分,优质候选,89,优质候选,10,A 完整历史,High,100,排雷需关注,数据质量高；长期ROE达到行业基本线；ROE稳定性较好；近5年无亏损；近5年经营现金流持续为正；自由现金流数据缺失，评级保守；资产负债率符合行业语境；营收增长达到行业较好水平,规则与AI均认可质量，排雷侧因单项风险给出需关注状态，适合进入人工复核清单
REX,US,REX American Resources Corporation,周期,可研究池,74.0,85.1,81.1,优质池,是,是,是,否,短历史封顶生效；排雷状态扣分,优质候选,99,可跟踪,4,C 短历史,Medium,80,短历史封顶；排雷需关注,数据质量中等，质量评级需降置信度；长期ROE达到行业优秀线；ROE稳定性较好；近5年无亏损；近5年经营现金流持续为正；自由现金流整体为正；资产负债率符合行业语境；周期行业营收下滑，需结合行业周期位置,规则和AI评级不完全一致，可作为人工复核优先项
B,US,Barrick Mining Corporation Common Shares,周期,可研究池,74.0,85.1,81.1,优质池,是,是,是,否,短历史封顶生效；排雷状态扣分,优质候选,95,优质候选,4,C 短历史,Medium,80,短历史封顶；排雷需关注,数据质量中等，质量评级需降置信度；长期ROE达到行业基本线；ROE稳定性较好；近5年无亏损；近5年经营现金流持续为正；自由现金流整体为正；资产负债率符合行业语境；营收增长达到行业较好水平,规则与AI均认可质量，排雷侧因单项风险给出需关注状态，适合进入人工复核清单；但数据年数少于5年，长期ROE、波动和CAGR应按短历史估计降置信度
BIRK,US,Birkenstock Holding plc Ordinary Shares,通用,可研究池,74.0,85.1,81.1,优质池,是,是,是,否,短历史封顶生效；排雷状态扣分,优质候选,95,优质候选,4,C 短历史,Medium,80,短历史封顶；排雷需关注,数据质量中等，质量评级需降置信度；长期ROE达到行业基本线；ROE稳定性较好；近5年无亏损；近5年经营现金流持续为正；自由现金流整体为正；资产负债率符合行业语境；营收增长达到行业较好水平,规则与AI均认可质量，排雷侧因单项风险给出需关注状态，适合进入人工复核清单；但数据年数少于5年，长期ROE、波动和CAGR应按短历史估计降置信度
MNDO,US,MIND C.T.I. Ltd. - Ordinary Shares,科技,可研究池,74.0,85.1,81.1,优质池,是,是,是,否,短历史封顶生效；排雷状态扣分,优质候选,93,可跟踪,4,C 短历史,Medium,80,短历史封顶；排雷需关注,数据质量中等，质量评级需降置信度；长期ROE达到行业优秀线；ROE稳定性较好；近5年无亏损；近5年经营现金流持续为正；自由现金流整体为正；资产负债率符合行业语境；营收增长偏弱,规则和AI评级不完全一致，可作为人工复核优先项
002533,CN,金杯电工,通用,优质池,81.1,81.1,81.1,优质池,否,否,否,否,综合分未达核心阈值,优质候选,89,可跟踪,10,A 完整历史,High,100,-,数据质量高；长期ROE达到行业基本线；ROE稳定性较好；近5年无亏损；近5年经营现金流持续为正；自由现金流数据缺失，评级保守；资产负债率符合行业语境；营收增长达到行业较好水平,规则和AI评级不完全一致，可作为人工复核优先项
300041,CN,回天新材,通用,优质池,81.1,81.1,81.1,优质池,否,否,否,否,综合分未达核心阈值,优质候选,89,可跟踪,10,A 完整历史,High,100,-,数据质量高；长期ROE达到行业基本线；ROE稳定性较好；近5年无亏损；近5年经营现金流持续为正；自由现金流数据缺失，评级保守；资产负债率符合行业语境；营收增长达到行业较好水平,规则和AI评级不完全一致，可作为人工复核优先项
300174,CN,元力股份,通用,优质池,81.1,81.1,81.1,优质池,否,否,否,否,综合分未达核心阈值,优质候选,89,可跟踪,10,A 完整历史,High,100,-,数据质量高；长期ROE达到行业基本线；ROE稳定性较好；近5年无亏损；近5年经营现金流持续为正；自由现金流数据缺失，评级保守；资产负债率符合行业语境；营收增长达到行业较好水平,规则和AI评级不完全一致，可作为人工复核优先项
300349,CN,金卡智能,通用,优质池,81.1,81.1,81.1,优质池,否,否,否,否,综合分未达核心阈值,优质候选,89,可跟踪,10,A 完整历史,High,100,-,数据质量高；长期ROE达到行业基本线；ROE稳定性较好；近5年无亏损；近5年经营现金流持续为正；自由现金流数据缺失，评级保守；资产负债率符合行业语境；营收增长达到行业较好水平,规则和AI评级不完全一致，可作为人工复核优先项
300866,CN,安克创新,通用,优质池,81.1,85.1,81.1,优质池,否,否,是,否,排雷状态扣分,优质候选,89,优质候选,10,A 完整历史,High,100,排雷需关注,数据质量高；长期ROE达到行业优秀线；ROE波动偏大；近5年无亏损；近5年经营现金流持续为正；自由现金流数据缺失，评级保守；资产负债率符合行业语境；营收增长达到行业较好水平,规则与AI均认可质量，排雷侧因单项风险给出需关注状态，适合进入人工复核清单
600066,CN,宇通客车,通用,优质池,81.1,85.1,81.1,优质池,否,否,是,否,排雷状态扣分,优质候选,89,优质候选,10,A 完整历史,High,100,排雷需关注,数据质量高；长期ROE达到行业优秀线；ROE波动偏大；近5年无亏损；近5年经营现金流持续为正；自由现金流数据缺失，评级保守；资产负债率符合行业语境；营收增长达到行业较好水平,规则与AI均认可质量，排雷侧因单项风险给出需关注状态，适合进入人工复核清单
688127,CN,蓝特光学,通用,优质池,81.1,85.1,81.1,优质池,否,否,是,否,排雷状态扣分,优质候选,89,优质候选,10,A 完整历史,High,100,排雷需关注,数据质量高；长期ROE达到行业优秀线；ROE波动偏大；近5年无亏损；近5年经营现金流持续为正；自由现金流数据缺失，评级保守；资产负债率符合行业语境；营收增长达到行业较好水平,规则与AI均认可质量，排雷侧因单项风险给出需关注状态，适合进入人工复核清单
MRK,US,"Merck & Company, Inc. Common Stock (new)",通用,可研究池,74.0,85.0,81.0,优质池,是,是,是,否,短历史封顶生效；排雷状态扣分,优质候选,95,优质候选,4,C 短历史,Medium,80,短历史封顶；排雷需关注,数据质量中等，质量评级需降置信度；长期ROE达到行业优秀线；ROE波动偏大；近5年无亏损；近5年经营现金流持续为正；自由现金流整体为正；资产负债率符合行业语境；营收增长达到行业较好水平,规则与AI均认可质量，排雷侧因单项风险给出需关注状态，适合进入人工复核清单；但数据年数少于5年，长期ROE、波动和CAGR应按短历史估计降置信度
WRLD,US,World Acceptance Corporation - Common Stock,通用,优质池,78.0,81.0,81.0,优质池,是,是,否,否,短历史封顶生效,优质候选,93,可跟踪,4,C 短历史,Medium,80,短历史封顶,数据质量中等，质量评级需降置信度；长期ROE达到行业优秀线；ROE稳定性较好；近5年无亏损；近5年经营现金流持续为正；自由现金流整体为正；资产负债率符合行业语境；营收增长偏弱,规则和AI评级不完全一致，可作为人工复核优先项
002498,CN,汉缆股份,通用,优质池,81.0,81.0,81.0,优质池,否,否,否,否,综合分未达核心阈值,优质候选,89,可跟踪,10,A 完整历史,High,100,-,数据质量高；长期ROE达到行业基本线；ROE稳定性较好；近5年无亏损；近5年经营现金流持续为正；自由现金流数据缺失，评级保守；资产负债率符合行业语境；营收增长达到行业较好水平,规则和AI评级不完全一致，可作为人工复核优先项
002632,CN,道明光学,通用,优质池,81.0,81.0,81.0,优质池,否,否,否,否,综合分未达核心阈值,优质候选,89,可跟踪,10,A 完整历史,High,100,-,数据质量高；长期ROE达到行业基本线；ROE稳定性较好；近5年无亏损；近5年经营现金流持续为正；自由现金流数据缺失，评级保守；资产负债率符合行业语境；营收增长达到行业较好水平,规则和AI评级不完全一致，可作为人工复核优先项
300847,CN,中船汉光,通用,优质池,81.0,81.0,81.0,优质池,否,否,否,否,综合分未达核心阈值,优质候选,89,可跟踪,10,A 完整历史,High,100,-,数据质量高；长期ROE达到行业基本线；ROE稳定性较好；近5年无亏损；近5年经营现金流持续为正；自由现金流数据缺失，评级保守；资产负债率符合行业语境；营收增长达到行业较好水平,规则和AI评级不完全一致，可作为人工复核优先项
301459,CN,丰茂股份,通用,优质池,81.0,85.0,81.0,优质池,否,否,是,否,排雷状态扣分,优质候选,89,优质候选,8,B 中等历史,High,100,排雷需关注,数据质量高；长期ROE达到行业优秀线；ROE波动偏大；近5年无亏损；近5年经营现金流持续为正；自由现金流数据缺失，评级保守；资产负债率符合行业语境；营收增长达到行业较好水平,规则与AI均认可质量，排雷侧因单项风险给出需关注状态，适合进入人工复核清单；数据历史未满10年，长期质量结论仍需补充更长周期验证
301568,CN,思泰克,通用,优质池,81.0,85.0,81.0,优质池,否,否,是,否,排雷状态扣分,优质候选,89,优质候选,10,A 完整历史,High,100,排雷需关注,数据质量高；长期ROE达到行业优秀线；ROE波动偏大；近5年无亏损；近5年经营现金流持续为正；自由现金流数据缺失，评级保守；资产负债率符合行业语境；营收增长达到行业较好水平,规则与AI均认可质量，排雷侧因单项风险给出需关注状态，适合进入人工复核清单
601607,CN,上海医药,通用,优质池,81.0,81.0,81.0,优质池,否,否,否,否,综合分未达核心阈值,优质候选,89,可跟踪,10,A 完整历史,High,100,-,数据质量高；长期ROE达到行业基本线；ROE稳定性较好；近5年无亏损；近5年经营现金流持续为正；自由现金流数据缺失，评级保守；资产负债率符合行业语境；营收增长达到行业较好水平,规则和AI评级不完全一致，可作为人工复核优先项
603311,CN,金海高科,通用,优质池,81.0,81.0,81.0,优质池,否,否,否,否,综合分未达核心阈值,优质候选,89,可跟踪,10,A 完整历史,High,100,-,数据质量高；长期ROE达到行业基本线；ROE稳定性较好；近5年无亏损；近5年经营现金流持续为正；自由现金流数据缺失，评级保守；资产负债率符合行业语境；营收增长达到行业较好水平,规则和AI评级不完全一致，可作为人工复核优先项
688018,CN,乐鑫科技,科技,优质池,81.0,85.0,81.0,优质池,否,否,是,否,排雷状态扣分,优质候选,89,优质候选,10,A 完整历史,High,100,排雷需关注,数据质量高；长期ROE达到行业优秀线；ROE波动偏大；近5年无亏损；近5年经营现金流持续为正；自由现金流数据缺失，评级保守；资产负债率符合行业语境；营收增长达到行业较好水平,规则与AI均认可质量，排雷侧因单项风险给出需关注状态，适合进入人工复核清单
688686,CN,奥普特,通用,优质池,81.0,85.0,81.0,优质池,否,否,是,否,排雷状态扣分,优质候选,89,优质候选,9,B 中等历史,High,100,排雷需关注,数据质量高；长期ROE达到行业优秀线；ROE波动偏大；近5年无亏损；近5年经营现金流持续为正；自由现金流数据缺失，评级保守；资产负债率符合行业语境；营收增长达到行业较好水平,规则与AI均认可质量，排雷侧因单项风险给出需关注状态，适合进入人工复核清单；数据历史未满10年，长期质量结论仍需补充更长周期验证
LEA,US,Lear Corporation Common Stock,通用,优质池,78.0,80.9,80.9,优质池,是,是,否,否,短历史封顶生效,优质候选,95,可跟踪,4,C 短历史,Medium,80,短历史封顶,数据质量中等，质量评级需降置信度；长期ROE达到行业基本线；ROE稳定性较好；近5年无亏损；近5年经营现金流持续为正；自由现金流整体为正；资产负债率符合行业语境；营收增长达到行业较好水平,规则和AI评级不完全一致，可作为人工复核优先项
000400,CN,许继电气,通用,优质池,80.9,80.9,80.9,优质池,否,否,否,否,综合分未达核心阈值,优质候选,89,可跟踪,10,A 完整历史,High,100,-,数据质量高；长期ROE达到行业基本线；ROE稳定性较好；近5年无亏损；近5年经营现金流持续为正；自由现金流数据缺失，评级保守；资产负债率符合行业语境；营收增长达到行业较好水平,规则和AI评级不完全一致，可作为人工复核优先项
300258,CN,精锻科技,科技,优质池,80.9,80.9,80.9,优质池,否,否,否,否,综合分未达核心阈值,优质候选,89,可跟踪,10,A 完整历史,High,100,-,数据质量高；长期ROE达到行业基本线；ROE稳定性较好；近5年无亏损；近5年经营现金流持续为正；自由现金流数据缺失，评级保守；资产负债率符合行业语境；营收增长达到行业较好水平,规则和AI评级不完全一致，可作为人工复核优先项
300303,CN,聚飞光电,通用,优质池,80.9,80.9,80.9,优质池,否,否,否,否,综合分未达核心阈值,优质候选,89,可跟踪,10,A 完整历史,High,100,-,数据质量高；长期ROE达到行业基本线；ROE稳定性较好；近5年无亏损；近5年经营现金流持续为正；自由现金流数据缺失，评级保守；资产负债率符合行业语境；营收增长达到行业较好水平,规则和AI评级不完全一致，可作为人工复核优先项
301023,CN,奕帆传动,通用,优质池,80.9,84.9,80.9,优质池,否,否,是,否,排雷状态扣分,优质候选,89,优质候选,9,B 中等历史,High,100,排雷需关注,数据质量高；长期ROE达到行业优秀线；ROE波动偏大；近5年无亏损；近5年经营现金流持续为正；自由现金流数据缺失，评级保守；资产负债率符合行业语境；营收增长达到行业较好水平,规则与AI均认可质量，排雷侧因单项风险给出需关注状态，适合进入人工复核清单；数据历史未满10年，长期质量结论仍需补充更长周期验证
688657,CN,DR浩辰软,通用,优质池,80.9,84.9,80.9,优质池,否,否,是,否,排雷状态扣分,优质候选,89,优质候选,10,A 完整历史,High,100,排雷需关注,数据质量高；长期ROE达到行业优秀线；ROE波动偏大；近5年无亏损；近5年经营现金流持续为正；自由现金流数据缺失，评级保守；资产负债率符合行业语境；营收增长达到行业较好水平,规则与AI均认可质量，排雷侧因单项风险给出需关注状态，适合进入人工复核清单
SOTK,US,Sono-Tek Corporation - Common Stock,通用,优质池,78.0,80.8,80.8,优质池,是,是,否,否,短历史封顶生效,优质候选,95,可跟踪,4,C 短历史,Medium,80,短历史封顶,数据质量中等，质量评级需降置信度；长期ROE达到行业基本线；ROE稳定性较好；近5年无亏损；近5年经营现金流持续为正；自由现金流整体为正；资产负债率符合行业语境；营收增长达到行业较好水平,规则和AI评级不完全一致，可作为人工复核优先项
AGI,US,Alamos Gold Inc. Class A Common Shares,通用,可研究池,74.0,84.8,80.8,优质池,是,是,是,否,短历史封顶生效；排雷状态扣分,优质候选,95,优质候选,4,C 短历史,Medium,80,短历史封顶；排雷需关注,数据质量中等，质量评级需降置信度；长期ROE达到行业基本线；ROE稳定性较好；近5年无亏损；近5年经营现金流持续为正；自由现金流整体为正；资产负债率符合行业语境；营收增长达到行业较好水平,规则与AI均认可质量，排雷侧因单项风险给出需关注状态，适合进入人工复核清单；但数据年数少于5年，长期ROE、波动和CAGR应按短历史估计降置信度
AGYS,US,"Agilysys, Inc. - Common Stock",科技,可研究池,74.0,84.8,80.8,优质池,是,是,是,否,短历史封顶生效；排雷状态扣分,优质候选,95,优质候选,4,C 短历史,Medium,80,短历史封顶；排雷需关注,数据质量中等，质量评级需降置信度；长期ROE达到行业优秀线；ROE波动偏大；近5年无亏损；近5年经营现金流持续为正；自由现金流整体为正；资产负债率符合行业语境；营收增长达到行业较好水平,规则与AI均认可质量，排雷侧因单项风险给出需关注状态，适合进入人工复核清单；但数据年数少于5年，长期ROE、波动和CAGR应按短历史估计降置信度
002893,CN,京能热力,通用,优质池,80.8,80.8,80.8,优质池,否,否,否,否,综合分未达核心阈值,优质候选,89,可跟踪,10,A 完整历史,High,100,-,数据质量高；长期ROE达到行业基本线；ROE稳定性较好；近5年无亏损；近5年经营现金流持续为正；自由现金流数据缺失，评级保守；资产负债率符合行业语境；营收增长达到行业较好水平,规则和AI评级不完全一致，可作为人工复核优先项
300804,CN,广康生化,通用,优质池,80.8,80.8,80.8,优质池,否,否,否,否,综合分未达核心阈值,优质候选,89,可跟踪,8,B 中等历史,High,100,-,数据质量高；长期ROE达到行业基本线；ROE稳定性较好；近5年无亏损；近5年经营现金流持续为正；自由现金流数据缺失，评级保守；资产负债率符合行业语境；营收增长达到行业较好水平,规则和AI评级不完全一致，可作为人工复核优先项
301080,CN,百普赛斯,通用,优质池,80.8,84.8,80.8,优质池,否,否,是,否,排雷状态扣分,优质候选,89,优质候选,9,B 中等历史,High,100,排雷需关注,数据质量高；长期ROE达到行业优秀线；ROE波动偏大；近5年无亏损；近5年经营现金流持续为正；自由现金流数据缺失，评级保守；资产负债率符合行业语境；营收增长达到行业较好水平,规则与AI均认可质量，排雷侧因单项风险给出需关注状态，适合进入人工复核清单；数据历史未满10年，长期质量结论仍需补充更长周期验证
601678,CN,滨化股份,通用,优质池,80.8,80.8,80.8,优质池,否,否,否,否,综合分未达核心阈值,优质候选,89,可跟踪,10,A 完整历史,High,100,-,数据质量高；长期ROE达到行业基本线；ROE稳定性较好；近5年无亏损；近5年经营现金流持续为正；自由现金流数据缺失，评级保守；资产负债率符合行业语境；营收增长达到行业较好水平,规则和AI评级不完全一致，可作为人工复核优先项
603066,CN,音飞储存,通用,优质池,80.8,80.8,80.8,优质池,否,否,否,否,综合分未达核心阈值,优质候选,89,可跟踪,10,A 完整历史,High,100,-,数据质量高；长期ROE达到行业基本线；ROE稳定性较好；近5年无亏损；近5年经营现金流持续为正；自由现金流数据缺失，评级保守；资产负债率符合行业语境；营收增长达到行业较好水平,规则和AI评级不完全一致，可作为人工复核优先项
688029,CN,南微医学,通用,优质池,80.8,84.8,80.8,优质池,否,否,是,否,排雷状态扣分,优质候选,89,优质候选,10,A 完整历史,High,100,排雷需关注,数据质量高；长期ROE达到行业优秀线；ROE波动偏大；近5年无亏损；近5年经营现金流持续为正；自由现金流数据缺失，评级保守；资产负债率符合行业语境；营收增长达到行业较好水平,规则与AI均认可质量，排雷侧因单项风险给出需关注状态，适合进入人工复核清单
688475,CN,萤石网络,通用,优质池,80.8,84.8,80.8,优质池,否,否,是,否,排雷状态扣分,优质候选,89,优质候选,8,B 中等历史,High,100,排雷需关注,数据质量高；长期ROE达到行业优秀线；ROE波动偏大；近5年无亏损；近5年经营现金流持续为正；自由现金流数据缺失，评级保守；资产负债率符合行业语境；营收增长达到行业较好水平,规则与AI均认可质量，排雷侧因单项风险给出需关注状态，适合进入人工复核清单；数据历史未满10年，长期质量结论仍需补充更长周期验证
920098,CN,科隆新材,通用,优质池,80.8,80.8,80.8,优质池,否,否,否,否,综合分未达核心阈值,优质候选,89,可跟踪,10,A 完整历史,High,100,-,数据质量高；长期ROE达到行业基本线；ROE稳定性较好；近5年无亏损；近5年经营现金流持续为正；自由现金流数据缺失，评级保守；资产负债率符合行业语境；营收增长达到行业较好水平,规则和AI评级不完全一致，可作为人工复核优先项
PHOE,US,Phoenix Asia Holdings Limited - Ordinary Shares,周期,可研究池,74.0,84.8,80.8,优质池,是,是,是,否,短历史封顶生效；排雷状态扣分,优质候选,89,优质候选,3,C 短历史,Medium,60,短历史封顶；排雷需关注,数据质量中等，质量评级需降置信度；长期ROE达到行业优秀线；ROE稳定性较好；近5年无亏损；经营现金流存在瑕疵；自由现金流整体为正；资产负债率符合行业语境；营收增长达到行业较好水平,规则与AI均认可质量，排雷侧因单项风险给出需关注状态，适合进入人工复核清单；但数据年数少于5年，长期ROE、波动和CAGR应按短历史估计降置信度
AXTA,US,Axalta Coating Systems Ltd. Common Shares,周期,可研究池,74.0,84.7,80.7,优质池,是,是,是,否,短历史封顶生效；排雷状态扣分,优质候选,100,可跟踪,4,C 短历史,Medium,80,短历史封顶；排雷需关注,数据质量中等，质量评级需降置信度；长期ROE达到行业优秀线；ROE稳定性较好；近5年无亏损；近5年经营现金流持续为正；自由现金流整体为正；资产负债率符合行业语境；营收增长处于可接受区间,规则和AI评级不完全一致，可作为人工复核优先项
TMUS,US,"T-Mobile US, Inc. - Common Stock",通用,可研究池,74.0,84.7,80.7,优质池,是,是,是,否,短历史封顶生效；排雷状态扣分,优质候选,100,优质候选,4,C 短历史,Medium,80,短历史封顶；排雷需关注,数据质量中等，质量评级需降置信度；长期ROE达到行业优秀线；ROE稳定性较好；近5年无亏损；近5年经营现金流持续为正；自由现金流整体为正；资产负债率略高但未构成硬伤；营收增长达到行业较好水平,规则与AI均认可质量，排雷侧因单项风险给出需关注状态，适合进入人工复核清单；但数据年数少于5年，长期ROE、波动和CAGR应按短历史估计降置信度
BVN,US,Buenaventura Mining Company Inc.,周期,优质池,78.0,80.7,80.7,优质池,是,是,否,否,短历史封顶生效,优质候选,93,可跟踪,4,C 短历史,Medium,80,短历史封顶,数据质量中等，质量评级需降置信度；长期ROE达到行业优秀线；ROE稳定性较好；近5年无亏损；近5年经营现金流持续为正；自由现金流质量不足；资产负债率符合行业语境；营收增长达到行业较好水平,规则和AI评级不完全一致，可作为人工复核优先项
PAYS,US,"Paysign, Inc. - Common Stock",科技,可研究池,74.0,84.7,80.7,优质池,是,是,是,否,短历史封顶生效；排雷状态扣分,优质候选,93,优质候选,4,C 短历史,Medium,80,短历史封顶；排雷需关注,数据质量中等，质量评级需降置信度；长期ROE达到行业优秀线；ROE稳定性较好；近5年无亏损；近5年经营现金流持续为正；自由现金流整体为正；资产负债率高于行业舒适区；营收增长达到行业较好水平,规则与AI均认可质量，排雷侧因单项风险给出需关注状态，适合进入人工复核清单；但数据年数少于5年，长期ROE、波动和CAGR应按短历史估计降置信度
002859,CN,洁美科技,科技,优质池,80.7,80.7,80.7,优质池,否,否,否,否,综合分未达核心阈值,优质候选,89,可跟踪,10,A 完整历史,High,100,-,数据质量高；长期ROE达到行业优秀线；ROE稳定性较好；近5年无亏损；近5年经营现金流持续为正；自由现金流数据缺失，评级保守；资产负债率略高但未构成硬伤；营收增长处于可接受区间,规则和AI评级不完全一致，可作为人工复核优先项
600419,CN,天润乳业,通用,优质池,80.7,80.7,80.7,优质池,否,否,否,否,综合分未达核心阈值,优质候选,89,可跟踪,10,A 完整历史,High,100,-,数据质量高；长期ROE达到行业基本线；ROE稳定性较好；近5年无亏损；近5年经营现金流持续为正；自由现金流数据缺失，评级保守；资产负债率符合行业语境；营收增长达到行业较好水平,规则和AI评级不完全一致，可作为人工复核优先项
LFVN,US,Lifevantage Corporation - Common Stock,消费,优质池,78.0,80.7,80.7,优质池,是,是,否,否,短历史封顶生效,优质候选,89,可跟踪,4,C 短历史,Medium,80,短历史封顶,数据质量中等，质量评级需降置信度；长期ROE达到行业基本线；ROE稳定性较好；近5年无亏损；近5年经营现金流持续为正；自由现金流整体为正；资产负债率符合行业语境；营收增长处于可接受区间,规则和AI评级不完全一致，可作为人工复核优先项
LRCX,US,Lam Research Corporation - Common Stock,科技,可研究池,75.0,83.7,80.7,优质池,是,是,否,是,短历史封顶生效；规则AI分歧扣分,可跟踪,85,优质候选,4,C 短历史,Medium,80,短历史封顶；规则AI分歧,数据质量中等，质量评级需降置信度；长期ROE达到行业优秀线；ROE稳定性较好；近5年无亏损；近5年经营现金流持续为正；自由现金流整体为正；资产负债率略高但未构成硬伤；营收增长偏弱,AI认为质量突出，规则侧可能因单项风险保守处理
603334,CN,丰倍生物,通用,优质池,80.7,83.7,80.7,优质池,否,否,否,是,规则AI分歧扣分,可跟踪,78,优质候选,6,B 中等历史,Medium,75,规则AI分歧,数据质量中等，质量评级需降置信度；长期ROE达到行业优秀线；ROE稳定性较好；近5年无亏损；经营现金流存在瑕疵；自由现金流数据缺失，评级保守；资产负债率符合行业语境；营收增长达到行业较好水平,AI认为质量突出，规则侧可能因单项风险保守处理
ELMD,US,"Electromed, Inc. Common Stock",通用,可研究池,75.0,83.7,80.7,优质池,是,是,否,是,短历史封顶生效；规则AI分歧扣分,可跟踪,75,优质候选,4,C 短历史,Medium,80,短历史封顶；规则AI分歧,数据质量中等，质量评级需降置信度；长期ROE达到行业基本线；ROE稳定性较好；近5年无亏损；经营现金流存在瑕疵；自由现金流整体为正；资产负债率符合行业语境；营收增长达到行业较好水平,AI认为质量突出，规则侧可能因单项风险保守处理
SAMG,US,Silvercrest Asset Management Group Inc. - Common Stock,通用,可研究池,74.0,84.6,80.6,优质池,是,是,是,否,短历史封顶生效；排雷状态扣分,优质候选,100,可跟踪,4,C 短历史,Medium,80,短历史封顶；排雷需关注,数据质量中等，质量评级需降置信度；长期ROE达到行业优秀线；ROE稳定性较好；近5年无亏损；近5年经营现金流持续为正；自由现金流整体为正；资产负债率符合行业语境；营收增长处于可接受区间,规则和AI评级不完全一致，可作为人工复核优先项
CMT,US,Core Molding Technologies Inc Common Stock,周期,可研究池,74.0,84.6,80.6,优质池,是,是,是,否,短历史封顶生效；排雷状态扣分,优质候选,99,可跟踪,4,C 短历史,Medium,80,短历史封顶；排雷需关注,数据质量中等，质量评级需降置信度；长期ROE达到行业优秀线；ROE稳定性较好；近5年无亏损；近5年经营现金流持续为正；自由现金流整体为正；资产负债率符合行业语境；周期行业营收下滑，需结合行业周期位置,规则和AI评级不完全一致，可作为人工复核优先项
WS,US,"Worthington Steel, Inc. Common Shares",周期,可研究池,74.0,84.6,80.6,优质池,是,是,是,否,短历史封顶生效；排雷状态扣分,优质候选,99,可跟踪,4,C 短历史,Medium,80,短历史封顶；排雷需关注,数据质量中等，质量评级需降置信度；长期ROE达到行业优秀线；ROE稳定性较好；近5年无亏损；近5年经营现金流持续为正；自由现金流整体为正；资产负债率符合行业语境；周期行业营收下滑，需结合行业周期位置,规则和AI评级不完全一致，可作为人工复核优先项
CLS,US,"Celestica, Inc. Common Stock",科技,可研究池,74.0,84.6,80.6,优质池,是,是,是,否,短历史封顶生效；排雷状态扣分,优质候选,93,优质候选,4,C 短历史,Medium,80,短历史封顶；排雷需关注,数据质量中等，质量评级需降置信度；长期ROE达到行业优秀线；ROE稳定性较好；近5年无亏损；近5年经营现金流持续为正；自由现金流整体为正；资产负债率高于行业舒适区；营收增长达到行业较好水平,规则与AI均认可质量，排雷侧因单项风险给出需关注状态，适合进入人工复核清单；但数据年数少于5年，长期ROE、波动和CAGR应按短历史估计降置信度
002057,CN,中钢天源,通用,优质池,80.6,80.6,80.6,优质池,否,否,否,否,综合分未达核心阈值,优质候选,89,可跟踪,10,A 完整历史,High,100,-,数据质量高；长期ROE达到行业基本线；ROE稳定性较好；近5年无亏损；近5年经营现金流持续为正；自由现金流数据缺失，评级保守；资产负债率符合行业语境；营收增长达到行业较好水平,规则和AI评级不完全一致，可作为人工复核优先项
603173,CN,福斯达,通用,优质池,80.6,84.6,80.6,优质池,否,否,是,否,排雷状态扣分,优质候选,89,优质候选,8,B 中等历史,High,100,排雷需关注,数据质量高；长期ROE达到行业优秀线；ROE波动偏大；近5年无亏损；近5年经营现金流持续为正；自由现金流数据缺失，评级保守；资产负债率符合行业语境；营收增长达到行业较好水平,规则与AI均认可质量，排雷侧因单项风险给出需关注状态，适合进入人工复核清单；数据历史未满10年，长期质量结论仍需补充更长周期验证
AMG,US,"Affiliated Managers Group, Inc. Common Stock",通用,可研究池,74.0,84.5,80.5,优质池,是,是,是,否,短历史封顶生效；排雷状态扣分,优质候选,93,可跟踪,4,C 短历史,Medium,80,短历史封顶；排雷需关注,数据质量中等，质量评级需降置信度；长期ROE达到行业优秀线；ROE稳定性较好；近5年无亏损；近5年经营现金流持续为正；自由现金流整体为正；资产负债率符合行业语境；营收增长偏弱,规则和AI评级不完全一致，可作为人工复核优先项
FBIN,US,"Fortune Brands Innovations, Inc. Common Stock",通用,可研究池,74.0,84.5,80.5,优质池,是,是,是,否,短历史封顶生效；排雷状态扣分,优质候选,93,可跟踪,4,C 短历史,Medium,80,短历史封顶；排雷需关注,数据质量中等，质量评级需降置信度；长期ROE达到行业优秀线；ROE稳定性较好；近5年无亏损；近5年经营现金流持续为正；自由现金流整体为正；资产负债率符合行业语境；营收增长偏弱,规则和AI评级不完全一致，可作为人工复核优先项
300987,CN,川网传媒,通用,优质池,80.5,80.5,80.5,优质池,否,否,否,否,综合分未达核心阈值,优质候选,89,可跟踪,10,A 完整历史,High,100,-,数据质量高；长期ROE达到行业基本线；ROE稳定性较好；近5年无亏损；近5年经营现金流持续为正；自由现金流数据缺失，评级保守；资产负债率符合行业语境；营收增长达到行业较好水平,规则和AI评级不完全一致，可作为人工复核优先项
920438,CN,戈碧迦,通用,优质池,80.5,80.5,80.5,优质池,否,否,否,否,综合分未达核心阈值,优质候选,89,可跟踪,10,A 完整历史,High,100,-,数据质量高；长期ROE达到行业基本线；ROE稳定性较好；近5年无亏损；近5年经营现金流持续为正；自由现金流数据缺失，评级保守；资产负债率符合行业语境；营收增长达到行业较好水平,规则和AI评级不完全一致，可作为人工复核优先项
DLB,US,Dolby Laboratories Common Stock,通用,优质池,78.0,80.5,80.5,优质池,是,是,否,否,短历史封顶生效,优质候选,89,可跟踪,4,C 短历史,Medium,80,短历史封顶,数据质量中等，质量评级需降置信度；长期ROE达到行业基本线；ROE稳定性较好；近5年无亏损；近5年经营现金流持续为正；自由现金流整体为正；资产负债率符合行业语境；营收增长处于可接受区间,规则和AI评级不完全一致，可作为人工复核优先项
920108,CN,宏海科技,科技,优质池,80.5,83.5,80.5,优质池,否,否,否,是,规则AI分歧扣分,可跟踪,81,优质候选,10,A 完整历史,High,100,规则AI分歧,数据质量高；长期ROE达到行业基本线；ROE稳定性较好；近5年无亏损；近5年经营现金流持续为正；自由现金流数据缺失，评级保守；资产负债率略高但未构成硬伤；营收增长达到行业较好水平,AI认为质量突出，规则侧可能因单项风险保守处理
300927,CN,江天化学,通用,优质池,80.4,84.4,80.4,优质池,否,否,是,否,排雷状态扣分,优质候选,100,可跟踪,10,A 完整历史,High,100,排雷需关注,数据质量高；长期ROE达到行业优秀线；ROE稳定性较好；近5年无亏损；近5年经营现金流持续为正；自由现金流数据缺失，评级保守；资产负债率符合行业语境；营收增长达到行业较好水平,规则和AI评级不完全一致，可作为人工复核优先项
WCC,US,"WESCO International, Inc. Common Stock",通用,可研究池,74.0,84.4,80.4,优质池,是,是,是,否,短历史封顶生效；排雷状态扣分,优质候选,100,可跟踪,4,C 短历史,Medium,80,短历史封顶；排雷需关注,数据质量中等，质量评级需降置信度；长期ROE达到行业优秀线；ROE稳定性较好；近5年无亏损；近5年经营现金流持续为正；自由现金流整体为正；资产负债率略高但未构成硬伤；营收增长达到行业较好水平,规则和AI评级不完全一致，可作为人工复核优先项
ACIW,US,"ACI Worldwide, Inc. - Common Stock",科技,可研究池,74.0,84.4,80.4,优质池,是,是,是,否,短历史封顶生效；排雷状态扣分,优质候选,95,可跟踪,4,C 短历史,Medium,80,短历史封顶；排雷需关注,数据质量中等，质量评级需降置信度；长期ROE达到行业优秀线；ROE稳定性较好；近5年无亏损；近5年经营现金流持续为正；自由现金流整体为正；资产负债率略高但未构成硬伤；营收增长处于可接受区间,规则和AI评级不完全一致，可作为人工复核优先项
EBF,US,"Ennis, Inc. Common Stock",通用,可研究池,74.0,84.4,80.4,优质池,是,是,是,否,短历史封顶生效；排雷状态扣分,优质候选,93,可跟踪,4,C 短历史,Medium,80,短历史封顶；排雷需关注,数据质量中等，质量评级需降置信度；长期ROE达到行业优秀线；ROE稳定性较好；近5年无亏损；近5年经营现金流持续为正；自由现金流整体为正；资产负债率符合行业语境；营收增长偏弱,规则和AI评级不完全一致，可作为人工复核优先项
300636,CN,同和药业,通用,优质池,80.4,80.4,80.4,优质池,否,否,否,否,综合分未达核心阈值,优质候选,89,可跟踪,10,A 完整历史,High,100,-,数据质量高；长期ROE达到行业基本线；ROE稳定性较好；近5年无亏损；近5年经营现金流持续为正；自由现金流数据缺失，评级保守；资产负债率符合行业语境；营收增长达到行业较好水平,规则和AI评级不完全一致，可作为人工复核优先项
600160,CN,巨化股份,通用,优质池,80.4,84.4,80.4,优质池,否,否,是,否,排雷状态扣分,优质候选,89,优质候选,10,A 完整历史,High,100,排雷需关注,数据质量高；长期ROE达到行业优秀线；ROE波动偏大；近5年无亏损；近5年经营现金流持续为正；自由现金流数据缺失，评级保守；资产负债率符合行业语境；营收增长达到行业较好水平,规则与AI均认可质量，排雷侧因单项风险给出需关注状态，适合进入人工复核清单
688065,CN,凯赛生物,通用,优质池,80.4,80.4,80.4,优质池,否,否,否,否,综合分未达核心阈值,优质候选,89,可跟踪,10,A 完整历史,High,100,-,数据质量高；长期ROE达到行业基本线；ROE稳定性较好；近5年无亏损；近5年经营现金流持续为正；自由现金流数据缺失，评级保守；资产负债率符合行业语境；营收增长达到行业较好水平,规则和AI评级不完全一致，可作为人工复核优先项
300206,CN,理邦仪器,通用,优质池,80.3,84.3,80.3,优质池,否,否,是,否,排雷状态扣分,优质候选,100,可跟踪,10,A 完整历史,High,100,排雷需关注,数据质量高；长期ROE达到行业优秀线；ROE稳定性较好；近5年无亏损；近5年经营现金流持续为正；自由现金流数据缺失，评级保守；资产负债率符合行业语境；营收增长达到行业较好水平,规则和AI评级不完全一致，可作为人工复核优先项
600089,CN,特变电工,通用,优质池,80.3,84.3,80.3,优质池,否,否,是,否,排雷状态扣分,优质候选,100,可跟踪,10,A 完整历史,High,100,排雷需关注,数据质量高；长期ROE达到行业优秀线；ROE稳定性较好；近5年无亏损；近5年经营现金流持续为正；自由现金流数据缺失，评级保守；资产负债率符合行业语境；营收增长达到行业较好水平,规则和AI评级不完全一致，可作为人工复核优先项
AAON,US,"AAON, Inc. - Common Stock",通用,可研究池,74.0,84.3,80.3,优质池,是,是,是,否,短历史封顶生效；排雷状态扣分,优质候选,93,优质候选,4,C 短历史,Medium,80,短历史封顶；排雷需关注,数据质量中等，质量评级需降置信度；长期ROE达到行业优秀线；ROE稳定性较好；近5年无亏损；近5年经营现金流持续为正；自由现金流质量不足；资产负债率符合行业语境；营收增长达到行业较好水平,规则与AI均认可质量，排雷侧因单项风险给出需关注状态，适合进入人工复核清单；但数据年数少于5年，长期ROE、波动和CAGR应按短历史估计降置信度
001696,CN,宗申动力,通用,优质池,80.3,80.3,80.3,优质池,否,否,否,否,综合分未达核心阈值,优质候选,89,可跟踪,10,A 完整历史,High,100,-,数据质量高；长期ROE达到行业基本线；ROE稳定性较好；近5年无亏损；近5年经营现金流持续为正；自由现金流数据缺失，评级保守；资产负债率符合行业语境；营收增长达到行业较好水平,规则和AI评级不完全一致，可作为人工复核优先项
002267,CN,陕天然气,通用,优质池,80.3,80.3,80.3,优质池,否,否,否,否,综合分未达核心阈值,优质候选,89,可跟踪,10,A 完整历史,High,100,-,数据质量高；长期ROE达到行业基本线；ROE稳定性较好；近5年无亏损；近5年经营现金流持续为正；自由现金流数据缺失，评级保守；资产负债率符合行业语境；营收增长达到行业较好水平,规则和AI评级不完全一致，可作为人工复核优先项
002683,CN,广东宏大,通用,优质池,80.3,80.3,80.3,优质池,否,否,否,否,综合分未达核心阈值,优质候选,89,可跟踪,10,A 完整历史,High,100,-,数据质量高；长期ROE达到行业基本线；ROE稳定性较好；近5年无亏损；近5年经营现金流持续为正；自由现金流数据缺失，评级保守；资产负债率符合行业语境；营收增长达到行业较好水平,规则和AI评级不完全一致，可作为人工复核优先项
300354,CN,东华测试,通用,优质池,80.3,84.3,80.3,优质池,否,否,是,否,排雷状态扣分,优质候选,89,优质候选,10,A 完整历史,High,100,排雷需关注,数据质量高；长期ROE达到行业优秀线；ROE波动偏大；近5年无亏损；近5年经营现金流持续为正；自由现金流数据缺失，评级保守；资产负债率符合行业语境；营收增长达到行业较好水平,规则与AI均认可质量，排雷侧因单项风险给出需关注状态，适合进入人工复核清单
300508,CN,维宏股份,通用,优质池,80.3,80.3,80.3,优质池,否,否,否,否,综合分未达核心阈值,优质候选,89,可跟踪,10,A 完整历史,High,100,-,数据质量高；长期ROE达到行业基本线；ROE稳定性较好；近5年无亏损；近5年经营现金流持续为正；自由现金流数据缺失，评级保守；资产负债率符合行业语境；营收增长达到行业较好水平,规则和AI评级不完全一致，可作为人工复核优先项
300711,CN,广哈通信,科技,优质池,80.3,80.3,80.3,优质池,否,否,否,否,综合分未达核心阈值,优质候选,89,可跟踪,10,A 完整历史,High,100,-,数据质量高；长期ROE达到行业基本线；ROE稳定性较好；近5年无亏损；近5年经营现金流持续为正；自由现金流数据缺失，评级保守；资产负债率符合行业语境；营收增长达到行业较好水平,规则和AI评级不完全一致，可作为人工复核优先项
301058,CN,中粮科工,通用,优质池,80.3,80.3,80.3,优质池,否,否,否,否,综合分未达核心阈值,优质候选,89,可跟踪,9,B 中等历史,High,100,-,数据质量高；长期ROE达到行业基本线；ROE稳定性较好；近5年无亏损；近5年经营现金流持续为正；自由现金流数据缺失，评级保守；资产负债率符合行业语境；营收增长达到行业较好水平,规则和AI评级不完全一致，可作为人工复核优先项
301175,CN,中科环保,通用,优质池,80.3,80.3,80.3,优质池,否,否,否,否,综合分未达核心阈值,优质候选,89,可跟踪,9,B 中等历史,High,100,-,数据质量高；长期ROE达到行业基本线；ROE稳定性较好；近5年无亏损；近5年经营现金流持续为正；自由现金流数据缺失，评级保守；资产负债率符合行业语境；营收增长达到行业较好水平,规则和AI评级不完全一致，可作为人工复核优先项
301367,CN,瑞迈特,通用,优质池,80.3,84.3,80.3,优质池,否,否,是,否,排雷状态扣分,优质候选,89,优质候选,9,B 中等历史,High,100,排雷需关注,数据质量高；长期ROE达到行业优秀线；ROE波动偏大；近5年无亏损；近5年经营现金流持续为正；自由现金流数据缺失，评级保守；资产负债率符合行业语境；营收增长达到行业较好水平,规则与AI均认可质量，排雷侧因单项风险给出需关注状态，适合进入人工复核清单；数据历史未满10年，长期质量结论仍需补充更长周期验证
601766,CN,中国中车,通用,优质池,80.3,80.3,80.3,优质池,否,否,否,否,综合分未达核心阈值,优质候选,89,可跟踪,10,A 完整历史,High,100,-,数据质量高；长期ROE达到行业基本线；ROE稳定性较好；近5年无亏损；近5年经营现金流持续为正；自由现金流数据缺失，评级保守；资产负债率符合行业语境；营收增长达到行业较好水平,规则和AI评级不完全一致，可作为人工复核优先项
603977,CN,国泰集团,通用,优质池,80.3,80.3,80.3,优质池,否,否,否,否,综合分未达核心阈值,优质候选,89,可跟踪,10,A 完整历史,High,100,-,数据质量高；长期ROE达到行业基本线；ROE稳定性较好；近5年无亏损；近5年经营现金流持续为正；自由现金流数据缺失，评级保守；资产负债率符合行业语境；营收增长达到行业较好水平,规则和AI评级不完全一致，可作为人工复核优先项
688219,CN,会通股份,通用,优质池,80.3,80.3,80.3,优质池,否,否,否,否,综合分未达核心阈值,优质候选,89,可跟踪,9,B 中等历史,High,100,-,数据质量高；长期ROE达到行业基本线；ROE稳定性较好；近5年无亏损；近5年经营现金流持续为正；自由现金流数据缺失，评级保守；资产负债率符合行业语境；营收增长达到行业较好水平,规则和AI评级不完全一致，可作为人工复核优先项
300724,CN,捷佳伟创,通用,优质池,80.3,87.3,80.3,优质池,否,否,是,是,排雷状态扣分；规则AI分歧扣分,可跟踪,83,优质候选,10,A 完整历史,High,100,排雷需关注；规则AI分歧,数据质量高；长期ROE达到行业优秀线；ROE稳定性较好；近5年无亏损；经营现金流存在瑕疵；自由现金流数据缺失，评级保守；资产负债率符合行业语境；营收增长达到行业较好水平,AI认为质量突出，规则侧可能因单项风险保守处理
601000,CN,唐山港,通用,优质池,80.3,83.3,80.3,优质池,否,否,否,是,规则AI分歧扣分,可跟踪,73,优质候选,10,A 完整历史,High,100,规则AI分歧,数据质量高；长期ROE达到行业基本线；ROE稳定性较好；近5年无亏损；近5年经营现金流持续为正；自由现金流数据缺失，评级保守；资产负债率符合行业语境；营收增长偏弱,AI认为质量突出，规则侧可能因单项风险保守处理
600113,CN,浙江东日,通用,优质池,80.2,84.2,80.2,优质池,否,否,是,否,排雷状态扣分,优质候选,100,可跟踪,10,A 完整历史,High,100,排雷需关注,数据质量高；长期ROE达到行业优秀线；ROE稳定性较好；近5年无亏损；近5年经营现金流持续为正；自由现金流数据缺失，评级保守；资产负债率符合行业语境；营收增长达到行业较好水平,规则和AI评级不完全一致，可作为人工复核优先项
LKQ,US,LKQ Corporation - Common Stock,通用,可研究池,74.0,84.2,80.2,优质池,是,是,是,否,短历史封顶生效；排雷状态扣分,优质候选,100,可跟踪,4,C 短历史,Medium,80,短历史封顶；排雷需关注,数据质量中等，质量评级需降置信度；长期ROE达到行业优秀线；ROE稳定性较好；近5年无亏损；近5年经营现金流持续为正；自由现金流整体为正；资产负债率符合行业语境；营收增长处于可接受区间,规则和AI评级不完全一致，可作为人工复核优先项
PANL,US,Pangaea Logistics Solutions Ltd. - Common Stock,周期,可研究池,74.0,84.2,80.2,优质池,是,是,是,否,短历史封顶生效；排雷状态扣分,优质候选,100,可跟踪,4,C 短历史,Medium,80,短历史封顶；排雷需关注,数据质量中等，质量评级需降置信度；长期ROE达到行业优秀线；ROE稳定性较好；近5年无亏损；近5年经营现金流持续为正；自由现金流整体为正；资产负债率符合行业语境；营收增长处于可接受区间,规则和AI评级不完全一致，可作为人工复核优先项
CVE,US,Cenovus Energy Inc Common Stock,周期,可研究池,74.0,84.2,80.2,优质池,是,是,是,否,短历史封顶生效；排雷状态扣分,优质候选,99,可跟踪,4,C 短历史,Medium,80,短历史封顶；排雷需关注,数据质量中等，质量评级需降置信度；长期ROE达到行业优秀线；ROE稳定性较好；近5年无亏损；近5年经营现金流持续为正；自由现金流整体为正；资产负债率符合行业语境；周期行业营收下滑，需结合行业周期位置,规则和AI评级不完全一致，可作为人工复核优先项
BWA,US,BorgWarner Inc. Common Stock,通用,优质池,78.0,80.2,80.2,优质池,是,是,否,否,短历史封顶生效,优质候选,95,可跟踪,4,C 短历史,Medium,80,短历史封顶,数据质量中等，质量评级需降置信度；长期ROE达到行业基本线；ROE稳定性较好；近5年无亏损；近5年经营现金流持续为正；自由现金流整体为正；资产负债率符合行业语境；营收增长达到行业较好水平,规则和AI评级不完全一致，可作为人工复核优先项
UFPI,US,"UFP Industries, Inc. - Common Stock",通用,可研究池,74.0,84.2,80.2,优质池,是,是,是,否,短历史封顶生效；排雷状态扣分,优质候选,93,可跟踪,4,C 短历史,Medium,80,短历史封顶；排雷需关注,数据质量中等，质量评级需降置信度；长期ROE达到行业优秀线；ROE稳定性较好；近5年无亏损；近5年经营现金流持续为正；自由现金流整体为正；资产负债率符合行业语境；营收增长偏弱,规则和AI评级不完全一致，可作为人工复核优先项
000534,CN,万泽股份,通用,优质池,80.2,80.2,80.2,优质池,否,否,否,否,综合分未达核心阈值,优质候选,89,可跟踪,10,A 完整历史,High,100,-,数据质量高；长期ROE达到行业基本线；ROE稳定性较好；近5年无亏损；近5年经营现金流持续为正；自由现金流数据缺失，评级保守；资产负债率符合行业语境；营收增长达到行业较好水平,规则和AI评级不完全一致，可作为人工复核优先项
301510,CN,固高科技,科技,优质池,80.2,80.2,80.2,优质池,否,否,否,否,综合分未达核心阈值,优质候选,89,可跟踪,8,B 中等历史,High,100,-,数据质量高；长期ROE达到行业基本线；ROE稳定性较好；近5年无亏损；近5年经营现金流持续为正；自由现金流数据缺失，评级保守；资产负债率符合行业语境；营收增长达到行业较好水平,规则和AI评级不完全一致，可作为人工复核优先项
605077,CN,华康股份,通用,优质池,80.2,84.2,80.2,优质池,否,否,是,否,排雷状态扣分,优质候选,89,优质候选,10,A 完整历史,High,100,排雷需关注,数据质量高；长期ROE达到行业优秀线；ROE波动偏大；近5年无亏损；近5年经营现金流持续为正；自由现金流数据缺失，评级保守；资产负债率符合行业语境；营收增长达到行业较好水平,规则与AI均认可质量，排雷侧因单项风险给出需关注状态，适合进入人工复核清单
688093,CN,世华科技,科技,优质池,80.2,84.2,80.2,优质池,否,否,是,否,排雷状态扣分,优质候选,89,优质候选,9,B 中等历史,High,100,排雷需关注,数据质量高；长期ROE达到行业优秀线；ROE波动偏大；近5年无亏损；近5年经营现金流持续为正；自由现金流数据缺失，评级保守；资产负债率符合行业语境；营收增长达到行业较好水平,规则与AI均认可质量，排雷侧因单项风险给出需关注状态，适合进入人工复核清单；数据历史未满10年，长期质量结论仍需补充更长周期验证
NTIC,US,Northern Technologies International Corporation - Common Stock,周期,优质池,78.0,80.2,80.2,优质池,是,是,否,否,短历史封顶生效,优质候选,89,可跟踪,4,C 短历史,Medium,80,短历史封顶,数据质量中等，质量评级需降置信度；长期ROE达到行业基本线；ROE稳定性较好；近5年无亏损；近5年经营现金流持续为正；自由现金流整体为正；资产负债率符合行业语境；营收增长处于可接受区间,规则和AI评级不完全一致，可作为人工复核优先项
ALGN,US,"Align Technology, Inc. - Common Stock",科技,可研究池,75.0,83.2,80.2,优质池,是,是,否,是,短历史封顶生效；规则AI分歧扣分,可跟踪,79,优质候选,4,C 短历史,Medium,80,短历史封顶；规则AI分歧,数据质量中等，质量评级需降置信度；长期ROE达到行业基本线；ROE稳定性较好；近5年无亏损；近5年经营现金流持续为正；自由现金流整体为正；资产负债率符合行业语境；营收增长偏弱,AI认为质量突出，规则侧可能因单项风险保守处理
ACM,US,AECOM Common Stock,周期,可研究池,74.0,84.1,80.1,优质池,是,是,是,否,短历史封顶生效；排雷状态扣分,优质候选,100,优质候选,4,C 短历史,Medium,80,短历史封顶；排雷需关注,数据质量中等，质量评级需降置信度；长期ROE达到行业优秀线；ROE稳定性较好；近5年无亏损；近5年经营现金流持续为正；自由现金流整体为正；资产负债率略高但未构成硬伤；营收增长达到行业较好水平,规则与AI均认可质量，排雷侧因单项风险给出需关注状态，适合进入人工复核清单；但数据年数少于5年，长期ROE、波动和CAGR应按短历史估计降置信度
CI,US,The Cigna Group Common Stock,通用,可研究池,74.0,84.1,80.1,优质池,是,是,是,否,短历史封顶生效；排雷状态扣分,优质候选,93,优质候选,4,C 短历史,Medium,80,短历史封顶；排雷需关注,数据质量中等，质量评级需降置信度；长期ROE达到行业优秀线；ROE稳定性较好；近5年无亏损；近5年经营现金流持续为正；自由现金流整体为正；资产负债率高于行业舒适区；营收增长达到行业较好水平,规则与AI均认可质量，排雷侧因单项风险给出需关注状态，适合进入人工复核清单；但数据年数少于5年，长期ROE、波动和CAGR应按短历史估计降置信度
001286,CN,陕西能源,通用,优质池,80.1,80.1,80.1,优质池,否,否,否,否,综合分未达核心阈值,优质候选,89,可跟踪,8,B 中等历史,High,100,-,数据质量高；长期ROE达到行业基本线；ROE稳定性较好；近5年无亏损；近5年经营现金流持续为正；自由现金流数据缺失，评级保守；资产负债率符合行业语境；营收增长达到行业较好水平,规则和AI评级不完全一致，可作为人工复核优先项
002335,CN,科华数据,通用,优质池,80.1,80.1,80.1,优质池,否,否,否,否,综合分未达核心阈值,优质候选,89,可跟踪,10,A 完整历史,High,100,-,数据质量高；长期ROE达到行业基本线；ROE稳定性较好；近5年无亏损；近5年经营现金流持续为正；自由现金流数据缺失，评级保守；资产负债率符合行业语境；营收增长达到行业较好水平,规则和AI评级不完全一致，可作为人工复核优先项
300951,CN,博硕科技,科技,优质池,80.1,84.1,80.1,优质池,否,否,是,否,排雷状态扣分,优质候选,89,优质候选,9,B 中等历史,High,100,排雷需关注,数据质量高；长期ROE达到行业优秀线；ROE波动偏大；近5年无亏损；近5年经营现金流持续为正；自由现金流数据缺失，评级保守；资产负债率符合行业语境；营收增长达到行业较好水平,规则与AI均认可质量，排雷侧因单项风险给出需关注状态，适合进入人工复核清单；数据历史未满10年，长期质量结论仍需补充更长周期验证
300729,CN,乐歌股份,通用,优质池,80.0,84.0,80.0,优质池,否,否,是,否,排雷状态扣分,优质候选,100,可跟踪,10,A 完整历史,High,100,排雷需关注,数据质量高；长期ROE达到行业优秀线；ROE稳定性较好；近5年无亏损；近5年经营现金流持续为正；自由现金流数据缺失，评级保守；资产负债率符合行业语境；营收增长达到行业较好水平,规则和AI评级不完全一致，可作为人工复核优先项
605266,CN,健之佳,通用,优质池,80.0,84.0,80.0,优质池,否,否,是,否,排雷状态扣分,优质候选,95,可跟踪,10,A 完整历史,High,100,排雷需关注,数据质量高；长期ROE达到行业优秀线；ROE稳定性较好；近5年无亏损；近5年经营现金流持续为正；自由现金流数据缺失，评级保守；资产负债率略高但未构成硬伤；营收增长达到行业较好水平,规则和AI评级不完全一致，可作为人工复核优先项
TFII,US,TFI International Inc. Common Shares,通用,可研究池,74.0,84.0,80.0,优质池,是,是,是,否,短历史封顶生效；排雷状态扣分,优质候选,93,可跟踪,4,C 短历史,Medium,80,短历史封顶；排雷需关注,数据质量中等，质量评级需降置信度；长期ROE达到行业优秀线；ROE稳定性较好；近5年无亏损；近5年经营现金流持续为正；自由现金流整体为正；资产负债率符合行业语境；营收增长偏弱,规则和AI评级不完全一致，可作为人工复核优先项
002901,CN,大博医疗,通用,优质池,80.0,84.0,80.0,优质池,否,否,是,否,排雷状态扣分,优质候选,89,可跟踪,10,A 完整历史,High,100,排雷需关注,数据质量高；长期ROE达到行业优秀线；ROE波动偏大；近5年无亏损；近5年经营现金流持续为正；自由现金流数据缺失，评级保守；资产负债率符合行业语境；营收增长达到行业较好水平,规则和AI评级不完全一致，可作为人工复核优先项
603687,CN,大胜达,通用,优质池,80.0,80.0,80.0,优质池,否,否,否,否,综合分未达核心阈值,优质候选,89,可跟踪,10,A 完整历史,High,100,-,数据质量高；长期ROE达到行业基本线；ROE稳定性较好；近5年无亏损；近5年经营现金流持续为正；自由现金流数据缺失，评级保守；资产负债率符合行业语境；营收增长达到行业较好水平,规则和AI评级不完全一致，可作为人工复核优先项
920826,CN,盖世食品,消费,优质池,80.0,83.0,80.0,优质池,否,否,否,是,规则AI分歧扣分,可跟踪,69,优质候选,10,A 完整历史,High,100,规则AI分歧,数据质量高；长期ROE达到行业优秀线；ROE波动偏大；近5年无亏损；经营现金流存在瑕疵；自由现金流数据缺失，评级保守；资产负债率符合行业语境；营收增长达到行业较好水平,AI认为质量突出，规则侧可能因单项风险保守处理
WMB,US,"Williams Companies, Inc. (The) Common Stock",周期,可研究池,74.0,83.9,79.9,优质池,是,是,是,否,短历史封顶生效；排雷状态扣分,优质候选,95,可跟踪,4,C 短历史,Medium,80,短历史封顶；排雷需关注,数据质量中等，质量评级需降置信度；长期ROE达到行业优秀线；ROE稳定性较好；近5年无亏损；近5年经营现金流持续为正；自由现金流整体为正；资产负债率略高但未构成硬伤；营收增长处于可接受区间,规则和AI评级不完全一致，可作为人工复核优先项
603395,CN,红四方,通用,优质池,79.9,79.9,79.9,优质池,否,否,否,否,综合分未达核心阈值,优质候选,92,可跟踪,7,B 中等历史,Medium,87,-,数据质量中等，质量评级需降置信度；长期ROE达到行业优秀线；ROE稳定性较好；近5年无亏损；近5年经营现金流持续为正；自由现金流数据缺失，评级保守；资产负债率符合行业语境；营收增长处于可接受区间,规则和AI评级不完全一致，可作为人工复核优先项
600305,CN,恒顺醋业,通用,优质池,79.9,79.9,79.9,优质池,否,否,否,否,综合分未达核心阈值,优质候选,89,可跟踪,10,A 完整历史,High,100,-,数据质量高；长期ROE达到行业基本线；ROE稳定性较好；近5年无亏损；近5年经营现金流持续为正；自由现金流数据缺失，评级保守；资产负债率符合行业语境；营收增长达到行业较好水平,规则和AI评级不完全一致，可作为人工复核优先项
TASK,US,"TaskUs, Inc. - Class A Common Stock",科技,可研究池,74.0,83.9,79.9,优质池,是,是,是,否,短历史封顶生效；排雷状态扣分,优质候选,89,可跟踪,4,C 短历史,Medium,80,短历史封顶；排雷需关注,数据质量中等，质量评级需降置信度；长期ROE达到行业基本线；ROE稳定性较好；近5年无亏损；近5年经营现金流持续为正；自由现金流整体为正；资产负债率符合行业语境；营收增长处于可接受区间,规则和AI评级不完全一致，可作为人工复核优先项
603993,CN,洛阳钼业,通用,优质池,79.8,83.8,79.8,优质池,否,否,是,否,排雷状态扣分,优质候选,100,可跟踪,10,A 完整历史,High,100,排雷需关注,数据质量高；长期ROE达到行业优秀线；ROE稳定性较好；近5年无亏损；近5年经营现金流持续为正；自由现金流数据缺失，评级保守；资产负债率符合行业语境；营收增长达到行业较好水平,规则和AI评级不完全一致，可作为人工复核优先项
VLTO,US,Veralto Corp Common Stock,通用,可研究池,74.0,83.8,79.8,优质池,是,是,是,否,短历史封顶生效；排雷状态扣分,优质候选,95,优质候选,4,C 短历史,Medium,80,短历史封顶；排雷需关注,数据质量中等，质量评级需降置信度；长期ROE达到行业优秀线；ROE波动偏大；近5年无亏损；近5年经营现金流持续为正；自由现金流整体为正；资产负债率符合行业语境；营收增长达到行业较好水平,规则与AI均认可质量，排雷侧因单项风险给出需关注状态，适合进入人工复核清单；但数据年数少于5年，长期ROE、波动和CAGR应按短历史估计降置信度
002968,CN,新大正,通用,优质池,79.8,83.8,79.8,优质池,否,否,是,否,排雷状态扣分,优质候选,89,可跟踪,10,A 完整历史,High,100,排雷需关注,数据质量高；长期ROE达到行业优秀线；ROE波动偏大；近5年无亏损；近5年经营现金流持续为正；自由现金流数据缺失，评级保守；资产负债率符合行业语境；营收增长达到行业较好水平,规则和AI评级不完全一致，可作为人工复核优先项
300446,CN,航天智造,通用,优质池,79.8,83.8,79.8,优质池,否,否,是,否,排雷状态扣分,优质候选,89,优质候选,10,A 完整历史,High,100,排雷需关注,数据质量高；长期ROE达到行业优秀线；ROE波动偏大；近5年无亏损；近5年经营现金流持续为正；自由现金流数据缺失，评级保守；资产负债率符合行业语境；营收增长达到行业较好水平,规则与AI均认可质量，排雷侧因单项风险给出需关注状态，适合进入人工复核清单
301622,CN,英思特,通用,优质池,79.8,83.8,79.8,优质池,否,否,是,否,排雷状态扣分,优质候选,89,优质候选,10,A 完整历史,High,100,排雷需关注,数据质量高；长期ROE达到行业优秀线；ROE波动偏大；近5年无亏损；近5年经营现金流持续为正；自由现金流数据缺失，评级保守；资产负债率符合行业语境；营收增长达到行业较好水平,规则与AI均认可质量，排雷侧因单项风险给出需关注状态，适合进入人工复核清单
600114,CN,东睦股份,通用,优质池,79.8,79.8,79.8,优质池,否,否,否,否,综合分未达核心阈值,优质候选,89,可跟踪,10,A 完整历史,High,100,-,数据质量高；长期ROE达到行业基本线；ROE稳定性较好；近5年无亏损；近5年经营现金流持续为正；自由现金流数据缺失，评级保守；资产负债率符合行业语境；营收增长达到行业较好水平,规则和AI评级不完全一致，可作为人工复核优先项
603418,CN,友升股份,通用,优质池,79.8,86.8,79.8,优质池,否,否,是,是,排雷状态扣分；规则AI分歧扣分,可跟踪,83,优质候选,8,B 中等历史,High,100,排雷需关注；规则AI分歧,数据质量高；长期ROE达到行业优秀线；ROE稳定性较好；近5年无亏损；经营现金流存在瑕疵；自由现金流数据缺失，评级保守；资产负债率符合行业语境；营收增长达到行业较好水平,AI认为质量突出，规则侧可能因单项风险保守处理
IDXX,US,"IDEXX Laboratories, Inc. - Common Stock",通用,可研究池,74.0,83.7,79.7,优质池,是,是,是,否,短历史封顶生效；排雷状态扣分,优质候选,95,优质候选,4,C 短历史,Medium,80,短历史封顶；排雷需关注,数据质量中等，质量评级需降置信度；长期ROE达到行业优秀线；ROE波动偏大；近5年无亏损；近5年经营现金流持续为正；自由现金流整体为正；资产负债率符合行业语境；营收增长达到行业较好水平,规则与AI均认可质量，排雷侧因单项风险给出需关注状态，适合进入人工复核清单；但数据年数少于5年，长期ROE、波动和CAGR应按短历史估计降置信度
FANG,US,"Diamondback Energy, Inc. - Common Stock",周期,优质池,78.0,79.7,79.7,优质池,是,是,否,否,短历史封顶生效,优质候选,93,可跟踪,4,C 短历史,Medium,80,短历史封顶,数据质量中等，质量评级需降置信度；长期ROE达到行业优秀线；ROE稳定性较好；近5年无亏损；近5年经营现金流持续为正；自由现金流质量不足；资产负债率符合行业语境；营收增长达到行业较好水平,规则和AI评级不完全一致，可作为人工复核优先项
ETD,US,Ethan Allen Interiors Inc. Common Stock,通用,可研究池,74.0,83.7,79.7,优质池,是,是,是,否,短历史封顶生效；排雷状态扣分,优质候选,93,可跟踪,4,C 短历史,Medium,80,短历史封顶；排雷需关注,数据质量中等，质量评级需降置信度；长期ROE达到行业优秀线；ROE稳定性较好；近5年无亏损；近5年经营现金流持续为正；自由现金流整体为正；资产负债率符合行业语境；营收增长偏弱,规则和AI评级不完全一致，可作为人工复核优先项
688188,CN,柏楚电子,科技,优质池,79.7,83.7,79.7,优质池,否,否,是,否,排雷状态扣分,优质候选,89,优质候选,10,A 完整历史,High,100,排雷需关注,数据质量高；长期ROE达到行业优秀线；ROE波动偏大；近5年无亏损；近5年经营现金流持续为正；自由现金流数据缺失，评级保守；资产负债率符合行业语境；营收增长达到行业较好水平,规则与AI均认可质量，排雷侧因单项风险给出需关注状态，适合进入人工复核清单
RS,US,"Reliance, Inc. Common Stock",周期,可研究池,74.0,83.6,79.6,优质池,是,是,是,否,短历史封顶生效；排雷状态扣分,优质候选,99,可跟踪,4,C 短历史,Medium,80,短历史封顶；排雷需关注,数据质量中等，质量评级需降置信度；长期ROE达到行业优秀线；ROE稳定性较好；近5年无亏损；近5年经营现金流持续为正；自由现金流整体为正；资产负债率符合行业语境；周期行业营收下滑，需结合行业周期位置,规则和AI评级不完全一致，可作为人工复核优先项
002353,CN,杰瑞股份,通用,优质池,79.6,83.6,79.6,优质池,否,否,是,否,排雷状态扣分,优质候选,89,优质候选,10,A 完整历史,High,100,排雷需关注,数据质量高；长期ROE达到行业优秀线；ROE波动偏大；近5年无亏损；近5年经营现金流持续为正；自由现金流数据缺失，评级保守；资产负债率符合行业语境；营收增长达到行业较好水平,规则与AI均认可质量，排雷侧因单项风险给出需关注状态，适合进入人工复核清单
300092,CN,科新机电,通用,优质池,79.6,79.6,79.6,优质池,否,否,否,否,综合分未达核心阈值,优质候选,89,可跟踪,10,A 完整历史,High,100,-,数据质量高；长期ROE达到行业基本线；ROE稳定性较好；近5年无亏损；近5年经营现金流持续为正；自由现金流数据缺失，评级保守；资产负债率符合行业语境；营收增长达到行业较好水平,规则和AI评级不完全一致，可作为人工复核优先项
300791,CN,仙乐健康,通用,优质池,79.6,83.6,79.6,优质池,否,否,是,否,排雷状态扣分,优质候选,89,优质候选,10,A 完整历史,High,100,排雷需关注,数据质量高；长期ROE达到行业优秀线；ROE波动偏大；近5年无亏损；近5年经营现金流持续为正；自由现金流数据缺失，评级保守；资产负债率符合行业语境；营收增长达到行业较好水平,规则与AI均认可质量，排雷侧因单项风险给出需关注状态，适合进入人工复核清单
600025,CN,华能水电,通用,优质池,79.6,79.6,79.6,优质池,否,否,否,否,综合分未达核心阈值,优质候选,89,可跟踪,10,A 完整历史,High,100,-,数据质量高；长期ROE达到行业基本线；ROE稳定性较好；近5年无亏损；近5年经营现金流持续为正；自由现金流数据缺失，评级保守；资产负债率符合行业语境；营收增长达到行业较好水平,规则和AI评级不完全一致，可作为人工复核优先项
688017,CN,绿的谐波,通用,优质池,79.6,79.6,79.6,优质池,否,否,否,否,综合分未达核心阈值,优质候选,89,可跟踪,9,B 中等历史,High,100,-,数据质量高；长期ROE达到行业基本线；ROE稳定性较好；近5年无亏损；近5年经营现金流持续为正；自由现金流数据缺失，评级保守；资产负债率符合行业语境；营收增长达到行业较好水平,规则和AI评级不完全一致，可作为人工复核优先项
002947,CN,恒铭达,通用,优质池,79.6,86.6,79.6,优质池,否,否,是,是,排雷状态扣分；规则AI分歧扣分,可跟踪,83,优质候选,10,A 完整历史,High,100,排雷需关注；规则AI分歧,数据质量高；长期ROE达到行业优秀线；ROE稳定性较好；近5年无亏损；经营现金流存在瑕疵；自由现金流数据缺失，评级保守；资产负债率符合行业语境；营收增长达到行业较好水平,AI认为质量突出，规则侧可能因单项风险保守处理
SXI,US,Standex International Corporation Common Stock,通用,可研究池,74.0,83.5,79.5,优质池,是,是,是,否,短历史封顶生效；排雷状态扣分,优质候选,100,可跟踪,4,C 短历史,Medium,80,短历史封顶；排雷需关注,数据质量中等，质量评级需降置信度；长期ROE达到行业优秀线；ROE稳定性较好；近5年无亏损；近5年经营现金流持续为正；自由现金流整体为正；资产负债率符合行业语境；营收增长处于可接受区间,规则和AI评级不完全一致，可作为人工复核优先项
002594,CN,比亚迪,通用,优质池,79.5,83.5,79.5,优质池,否,否,是,否,排雷状态扣分,优质候选,95,优质候选,10,A 完整历史,High,100,排雷需关注,数据质量高；长期ROE达到行业优秀线；ROE稳定性较好；近5年无亏损；近5年经营现金流持续为正；自由现金流数据缺失，评级保守；资产负债率略高但未构成硬伤；营收增长达到行业较好水平,规则与AI均认可质量，排雷侧因单项风险给出需关注状态，适合进入人工复核清单
APOG,US,"Apogee Enterprises, Inc. - Common Stock",通用,可研究池,74.0,83.5,79.5,优质池,是,是,是,否,短历史封顶生效；排雷状态扣分,优质候选,93,可跟踪,4,C 短历史,Medium,80,短历史封顶；排雷需关注,数据质量中等，质量评级需降置信度；长期ROE达到行业优秀线；ROE稳定性较好；近5年无亏损；近5年经营现金流持续为正；自由现金流整体为正；资产负债率符合行业语境；营收增长偏弱,规则和AI评级不完全一致，可作为人工复核优先项
002559,CN,亚威股份,通用,优质池,79.5,79.5,79.5,优质池,否,否,否,否,综合分未达核心阈值,优质候选,89,可跟踪,10,A 完整历史,High,100,-,数据质量高；长期ROE达到行业基本线；ROE稳定性较好；近5年无亏损；近5年经营现金流持续为正；自由现金流数据缺失，评级保守；资产负债率符合行业语境；营收增长达到行业较好水平,规则和AI评级不完全一致，可作为人工复核优先项
605118,CN,力鼎光电,通用,优质池,79.5,83.5,79.5,优质池,否,否,是,否,排雷状态扣分,优质候选,89,优质候选,10,A 完整历史,High,100,排雷需关注,数据质量高；长期ROE达到行业优秀线；ROE波动偏大；近5年无亏损；近5年经营现金流持续为正；自由现金流数据缺失，评级保守；资产负债率符合行业语境；营收增长达到行业较好水平,规则与AI均认可质量，排雷侧因单项风险给出需关注状态，适合进入人工复核清单
301667,CN,纳百川,通用,优质池,79.5,82.5,79.5,优质池,否,否,否,是,规则AI分歧扣分,可跟踪,78,优质候选,6,B 中等历史,Medium,75,规则AI分歧,数据质量中等，质量评级需降置信度；长期ROE达到行业优秀线；ROE稳定性较好；近5年无亏损；经营现金流存在瑕疵；自由现金流数据缺失，评级保守；资产负债率符合行业语境；营收增长达到行业较好水平,AI认为质量突出，规则侧可能因单项风险保守处理
UAL,US,"United Airlines Holdings, Inc. - Common Stock",通用,可研究池,74.0,83.4,79.4,优质池,是,是,是,否,短历史封顶生效；排雷状态扣分,优质候选,93,可跟踪,4,C 短历史,Medium,80,短历史封顶；排雷需关注,数据质量中等，质量评级需降置信度；长期ROE达到行业优秀线；ROE稳定性较好；近5年无亏损；近5年经营现金流持续为正；自由现金流整体为正；资产负债率高于行业舒适区；营收增长达到行业较好水平,规则和AI评级不完全一致，可作为人工复核优先项
VLGEA,US,"Village Super Market, Inc. - Class A Common Stock",通用,优质池,78.0,79.4,79.4,优质池,是,是,否,否,短历史封顶生效,优质候选,91,可跟踪,4,C 短历史,Medium,80,短历史封顶,数据质量中等，质量评级需降置信度；长期ROE达到行业基本线；ROE稳定性较好；近5年无亏损；近5年经营现金流持续为正；自由现金流整体为正；营收增长达到行业较好水平,规则和AI评级不完全一致，可作为人工复核优先项
002409,CN,雅克科技,科技,优质池,79.4,83.4,79.4,优质池,否,否,是,否,排雷状态扣分,优质候选,89,优质候选,10,A 完整历史,High,100,排雷需关注,数据质量高；长期ROE达到行业基本线；ROE稳定性较好；近5年无亏损；近5年经营现金流持续为正；自由现金流数据缺失，评级保守；资产负债率符合行业语境；营收增长达到行业较好水平,规则与AI均认可质量，排雷侧因单项风险给出需关注状态，适合进入人工复核清单
002906,CN,华阳集团,通用,优质池,79.4,83.4,79.4,优质池,否,否,是,否,排雷状态扣分,优质候选,89,优质候选,10,A 完整历史,High,100,排雷需关注,数据质量高；长期ROE达到行业优秀线；ROE波动偏大；近5年无亏损；近5年经营现金流持续为正；自由现金流数据缺失，评级保守；资产负债率符合行业语境；营收增长达到行业较好水平,规则与AI均认可质量，排雷侧因单项风险给出需关注状态，适合进入人工复核清单
301309,CN,万得凯,通用,优质池,79.4,83.4,79.4,优质池,否,否,是,否,排雷状态扣分,优质候选,89,可跟踪,8,B 中等历史,High,100,排雷需关注,数据质量高；长期ROE达到行业优秀线；ROE波动偏大；近5年无亏损；近5年经营现金流持续为正；自由现金流数据缺失，评级保守；资产负债率符合行业语境；营收增长达到行业较好水平,规则和AI评级不完全一致，可作为人工复核优先项
603305,CN,旭升集团,通用,优质池,79.4,83.4,79.4,优质池,否,否,是,否,排雷状态扣分,优质候选,89,可跟踪,10,A 完整历史,High,100,排雷需关注,数据质量高；长期ROE达到行业优秀线；ROE波动偏大；近5年无亏损；近5年经营现金流持续为正；自由现金流数据缺失，评级保守；资产负债率符合行业语境；营收增长达到行业较好水平,规则和AI评级不完全一致，可作为人工复核优先项
603986,CN,兆易创新,通用,优质池,79.3,83.3,79.3,优质池,否,否,是,否,排雷状态扣分,优质候选,97,可跟踪,10,A 完整历史,High,100,排雷需关注,数据质量高；长期ROE达到行业优秀线；ROE稳定性较好；近5年无亏损；近5年经营现金流持续为正；自由现金流数据缺失，评级保守；资产负债率符合行业语境；营收增长处于可接受区间,规则和AI评级不完全一致，可作为人工复核优先项
920245,CN,威博液压,通用,优质池,79.3,82.3,79.3,优质池,否,否,否,是,规则AI分歧扣分,优质候选,97,谨慎观察,10,A 完整历史,High,100,规则AI分歧,数据质量高；长期ROE达到行业优秀线；ROE稳定性较好；近5年无亏损；近5年经营现金流持续为正；自由现金流数据缺失，评级保守；资产负债率符合行业语境；营收增长处于可接受区间,规则质量分较高，但AI更关注风险，需要人工复核
DAL,US,"Delta Air Lines, Inc. Common Stock",通用,可研究池,74.0,83.3,79.3,优质池,是,是,是,否,短历史封顶生效；排雷状态扣分,优质候选,93,可跟踪,4,C 短历史,Medium,80,短历史封顶；排雷需关注,数据质量中等，质量评级需降置信度；长期ROE达到行业优秀线；ROE稳定性较好；近5年无亏损；近5年经营现金流持续为正；自由现金流整体为正；资产负债率高于行业舒适区；营收增长达到行业较好水平,规则和AI评级不完全一致，可作为人工复核优先项
JBI,US,"Janus International Group, Inc. Common Stock",通用,可研究池,74.0,83.3,79.3,优质池,是,是,是,否,短历史封顶生效；排雷状态扣分,优质候选,93,可跟踪,4,C 短历史,Medium,80,短历史封顶；排雷需关注,数据质量中等，质量评级需降置信度；长期ROE达到行业优秀线；ROE稳定性较好；近5年无亏损；近5年经营现金流持续为正；自由现金流整体为正；资产负债率符合行业语境；营收增长偏弱,规则和AI评级不完全一致，可作为人工复核优先项
KEYS,US,Keysight Technologies Inc. Common Stock,通用,可研究池,74.0,83.3,79.3,优质池,是,是,是,否,短历史封顶生效；排雷状态扣分,优质候选,93,可跟踪,4,C 短历史,Medium,80,短历史封顶；排雷需关注,数据质量中等，质量评级需降置信度；长期ROE达到行业优秀线；ROE稳定性较好；近5年无亏损；近5年经营现金流持续为正；自由现金流整体为正；资产负债率符合行业语境；营收增长偏弱,规则和AI评级不完全一致，可作为人工复核优先项
300861,CN,美畅股份,通用,优质池,79.3,83.3,79.3,优质池,否,否,是,否,排雷状态扣分,优质候选,89,优质候选,10,A 完整历史,High,100,排雷需关注,数据质量高；长期ROE达到行业优秀线；ROE波动偏大；近5年无亏损；近5年经营现金流持续为正；自由现金流数据缺失，评级保守；资产负债率符合行业语境；营收增长达到行业较好水平,规则与AI均认可质量，排雷侧因单项风险给出需关注状态，适合进入人工复核清单
300932,CN,三友联众,通用,优质池,79.3,79.3,79.3,优质池,否,否,否,否,综合分未达核心阈值,优质候选,89,可跟踪,10,A 完整历史,High,100,-,数据质量高；长期ROE达到行业基本线；ROE稳定性较好；近5年无亏损；近5年经营现金流持续为正；自由现金流数据缺失，评级保守；资产负债率符合行业语境；营收增长达到行业较好水平,规则和AI评级不完全一致，可作为人工复核优先项
300957,CN,贝泰妮,通用,优质池,79.3,83.3,79.3,优质池,否,否,是,否,排雷状态扣分,优质候选,89,优质候选,9,B 中等历史,High,100,排雷需关注,数据质量高；长期ROE达到行业优秀线；ROE波动偏大；近5年无亏损；近5年经营现金流持续为正；自由现金流数据缺失，评级保守；资产负债率符合行业语境；营收增长达到行业较好水平,规则与AI均认可质量，排雷侧因单项风险给出需关注状态，适合进入人工复核清单；数据历史未满10年，长期质量结论仍需补充更长周期验证
301179,CN,泽宇智能,通用,优质池,79.3,83.3,79.3,优质池,否,否,是,否,排雷状态扣分,优质候选,89,可跟踪,9,B 中等历史,High,100,排雷需关注,数据质量高；长期ROE达到行业优秀线；ROE波动偏大；近5年无亏损；近5年经营现金流持续为正；自由现金流数据缺失，评级保守；资产负债率符合行业语境；营收增长达到行业较好水平,规则和AI评级不完全一致，可作为人工复核优先项
301371,CN,敷尔佳,通用,优质池,79.3,83.3,79.3,优质池,否,否,是,否,排雷状态扣分,优质候选,89,优质候选,8,B 中等历史,High,100,排雷需关注,数据质量高；长期ROE达到行业优秀线；ROE波动偏大；近5年无亏损；近5年经营现金流持续为正；自由现金流数据缺失，评级保守；资产负债率符合行业语境；营收增长达到行业较好水平,规则与AI均认可质量，排雷侧因单项风险给出需关注状态，适合进入人工复核清单；数据历史未满10年，长期质量结论仍需补充更长周期验证
605098,CN,行动教育,通用,优质池,79.3,83.3,79.3,优质池,否,否,是,否,排雷状态扣分,优质候选,89,优质候选,10,A 完整历史,High,100,排雷需关注,数据质量高；长期ROE达到行业优秀线；ROE波动偏大；近5年无亏损；近5年经营现金流持续为正；自由现金流数据缺失，评级保守；资产负债率符合行业语境；营收增长达到行业较好水平,规则与AI均认可质量，排雷侧因单项风险给出需关注状态，适合进入人工复核清单
920299,CN,灿能电力,通用,优质池,79.3,83.3,79.3,优质池,否,否,是,否,排雷状态扣分,优质候选,89,可跟踪,10,A 完整历史,High,100,排雷需关注,数据质量高；长期ROE达到行业优秀线；ROE波动偏大；近5年无亏损；近5年经营现金流持续为正；自由现金流数据缺失，评级保守；资产负债率符合行业语境；营收增长达到行业较好水平,规则和AI评级不完全一致，可作为人工复核优先项
000858,CN,五 粮 液,通用,优质池,79.3,86.3,79.3,优质池,否,否,是,是,排雷状态扣分；规则AI分歧扣分,可跟踪,87,优质候选,10,A 完整历史,High,100,排雷需关注；规则AI分歧,数据质量高；长期ROE达到行业优秀线；ROE稳定性较好；近5年无亏损；近5年经营现金流持续为正；自由现金流数据缺失，评级保守；资产负债率符合行业语境；营收增长偏弱,AI认为质量突出，规则侧可能因单项风险保守处理
603938,CN,三孚股份,通用,优质池,79.2,83.2,79.2,优质池,否,否,是,否,排雷状态扣分,优质候选,100,可跟踪,10,A 完整历史,High,100,排雷需关注,数据质量高；长期ROE达到行业优秀线；ROE稳定性较好；近5年无亏损；近5年经营现金流持续为正；自由现金流数据缺失，评级保守；资产负债率符合行业语境；营收增长达到行业较好水平,规则和AI评级不完全一致，可作为人工复核优先项
PBA,US,Pembina Pipeline Corp. Ordinary Shares (Canada),周期,可研究池,74.0,83.2,79.2,优质池,是,是,是,否,短历史封顶生效；排雷状态扣分,优质候选,99,可跟踪,4,C 短历史,Medium,80,短历史封顶；排雷需关注,数据质量中等，质量评级需降置信度；长期ROE达到行业优秀线；ROE稳定性较好；近5年无亏损；近5年经营现金流持续为正；自由现金流整体为正；资产负债率符合行业语境；周期行业营收下滑，需结合行业周期位置,规则和AI评级不完全一致，可作为人工复核优先项
STLD,US,"Steel Dynamics, Inc. - Common Stock",周期,可研究池,74.0,83.2,79.2,优质池,是,是,是,否,短历史封顶生效；排雷状态扣分,优质候选,99,优质候选,4,C 短历史,Medium,80,短历史封顶；排雷需关注,数据质量中等，质量评级需降置信度；长期ROE达到行业优秀线；ROE稳定性较好；近5年无亏损；近5年经营现金流持续为正；自由现金流整体为正；资产负债率符合行业语境；周期行业营收下滑，需结合行业周期位置,规则与AI均认可质量，排雷侧因单项风险给出需关注状态，适合进入人工复核清单；但数据年数少于5年，长期ROE、波动和CAGR应按短历史估计降置信度
600930,CN,华电新能,通用,优质池,79.2,83.2,79.2,优质池,否,否,是,否,排雷状态扣分,优质候选,95,可跟踪,8,B 中等历史,High,100,排雷需关注,数据质量高；长期ROE达到行业优秀线；ROE稳定性较好；近5年无亏损；近5年经营现金流持续为正；自由现金流数据缺失，评级保守；资产负债率略高但未构成硬伤；营收增长达到行业较好水平,规则和AI评级不完全一致，可作为人工复核优先项
PNTG,US,"The Pennant Group, Inc. - Common Stock",通用,可研究池,74.0,83.2,79.2,优质池,是,是,是,否,短历史封顶生效；排雷状态扣分,优质候选,95,优质候选,4,C 短历史,Medium,80,短历史封顶；排雷需关注,数据质量中等，质量评级需降置信度；长期ROE达到行业基本线；ROE稳定性较好；近5年无亏损；近5年经营现金流持续为正；自由现金流整体为正；资产负债率符合行业语境；营收增长达到行业较好水平,规则与AI均认可质量，排雷侧因单项风险给出需关注状态，适合进入人工复核清单；但数据年数少于5年，长期ROE、波动和CAGR应按短历史估计降置信度
QCOM,US,QUALCOMM Incorporated - Common Stock,科技,可研究池,74.0,83.2,79.2,优质池,是,是,是,否,短历史封顶生效；排雷状态扣分,优质候选,93,优质候选,4,C 短历史,Medium,80,短历史封顶；排雷需关注,数据质量中等，质量评级需降置信度；长期ROE达到行业优秀线；成熟科技现金流龙头ROE波动降权观察；近5年无亏损；近5年经营现金流持续为正；自由现金流整体为正；资产负债率略高但未构成硬伤；成熟科技现金流龙头营收低速增长但仍为正；成熟科技现金流龙头：高ROE、强FCF、无亏损且OCF持续为正,规则与AI均认可质量，排雷侧因单项风险给出需关注状态，适合进入人工复核清单；但数据年数少于5年，长期ROE、波动和CAGR应按短历史估计降置信度
WOR,US,"Worthington Enterprises, Inc. Common Shares",通用,可研究池,74.0,83.2,79.2,优质池,是,是,是,否,短历史封顶生效；排雷状态扣分,优质候选,93,可跟踪,4,C 短历史,Medium,80,短历史封顶；排雷需关注,数据质量中等，质量评级需降置信度；长期ROE达到行业优秀线；ROE稳定性较好；近5年无亏损；近5年经营现金流持续为正；自由现金流整体为正；资产负债率符合行业语境；营收增长偏弱,规则和AI评级不完全一致，可作为人工复核优先项
OSW,US,OneSpaWorld Holdings Limited - Common Shares,通用,可研究池,75.0,82.2,79.2,优质池,是,是,否,是,短历史封顶生效；规则AI分歧扣分,可跟踪,74,优质候选,4,C 短历史,Medium,80,短历史封顶；规则AI分歧,数据质量中等，质量评级需降置信度；长期ROE达到行业基本线；ROE稳定性较好；近5年出现亏损；近5年经营现金流持续为正；自由现金流整体为正；资产负债率符合行业语境；营收增长达到行业较好水平,AI认为质量突出，规则侧可能因单项风险保守处理
EXPD,US,"Expeditors International of Washington, Inc. Common Stock",通用,可研究池,74.0,83.1,79.1,优质池,是,是,是,否,短历史封顶生效；排雷状态扣分,优质候选,93,可跟踪,4,C 短历史,Medium,80,短历史封顶；排雷需关注,数据质量中等，质量评级需降置信度；长期ROE达到行业优秀线；ROE稳定性较好；近5年无亏损；近5年经营现金流持续为正；自由现金流整体为正；资产负债率符合行业语境；营收增长偏弱,规则和AI评级不完全一致，可作为人工复核优先项
301181,CN,标榜股份,通用,优质池,79.1,83.1,79.1,优质池,否,否,是,否,排雷状态扣分,优质候选,89,可跟踪,9,B 中等历史,High,100,排雷需关注,数据质量高；长期ROE达到行业优秀线；ROE波动偏大；近5年无亏损；近5年经营现金流持续为正；自由现金流数据缺失，评级保守；资产负债率符合行业语境；营收增长达到行业较好水平,规则和AI评级不完全一致，可作为人工复核优先项
688013,CN,天臣医疗,通用,优质池,79.1,83.1,79.1,优质池,否,否,是,否,排雷状态扣分,优质候选,89,可跟踪,9,B 中等历史,High,100,排雷需关注,数据质量高；长期ROE达到行业优秀线；ROE波动偏大；近5年无亏损；近5年经营现金流持续为正；自由现金流数据缺失，评级保守；资产负债率符合行业语境；营收增长达到行业较好水平,规则和AI评级不完全一致，可作为人工复核优先项
TDW,US,Tidewater Inc. Common Stock,周期,可研究池,74.0,83.1,79.1,优质池,是,是,是,否,短历史封顶生效；排雷状态扣分,优质候选,88,优质候选,4,C 短历史,Medium,80,短历史封顶；排雷需关注,数据质量中等，质量评级需降置信度；长期ROE达到行业优秀线；ROE稳定性较好；近5年出现亏损；近5年经营现金流持续为正；自由现金流整体为正；资产负债率符合行业语境；营收增长达到行业较好水平,规则与AI均认可质量，排雷侧因单项风险给出需关注状态，适合进入人工复核清单；但数据年数少于5年，长期ROE、波动和CAGR应按短历史估计降置信度
688548,CN,广钢气体,通用,优质池,79.1,82.1,79.1,优质池,否,否,否,是,规则AI分歧扣分,可跟踪,84,优质候选,7,B 中等历史,Medium,87,规则AI分歧,数据质量中等，质量评级需降置信度；长期ROE达到行业基本线；ROE稳定性较好；近5年无亏损；近5年经营现金流持续为正；自由现金流数据缺失，评级保守；资产负债率符合行业语境；营收增长达到行业较好水平,AI认为质量突出，规则侧可能因单项风险保守处理
301491,CN,汉桑科技,科技,优质池,79.1,82.1,79.1,优质池,否,否,否,是,规则AI分歧扣分,可跟踪,78,优质候选,6,B 中等历史,Medium,75,规则AI分歧,数据质量中等，质量评级需降置信度；长期ROE达到行业优秀线；ROE稳定性较好；近5年无亏损；经营现金流存在瑕疵；自由现金流数据缺失，评级保守；资产负债率符合行业语境；营收增长达到行业较好水平,AI认为质量突出，规则侧可能因单项风险保守处理
603035,CN,常熟汽饰,通用,优质池,79.1,82.1,79.1,优质池,否,否,否,是,规则AI分歧扣分,可跟踪,69,优质候选,10,A 完整历史,High,100,规则AI分歧,数据质量高；长期ROE达到行业基本线；ROE稳定性较好；近5年无亏损；经营现金流存在瑕疵；自由现金流数据缺失，评级保守；资产负债率符合行业语境；营收增长达到行业较好水平,AI认为质量突出，规则侧可能因单项风险保守处理
RTX,US,RTX Corporation Common Stock,通用,可研究池,74.0,83.0,79.0,优质池,是,是,是,否,短历史封顶生效；排雷状态扣分,优质候选,95,优质候选,4,C 短历史,Medium,80,短历史封顶；排雷需关注,数据质量中等，质量评级需降置信度；长期ROE达到行业基本线；ROE稳定性较好；近5年无亏损；近5年经营现金流持续为正；自由现金流整体为正；资产负债率符合行业语境；营收增长达到行业较好水平,规则与AI均认可质量，排雷侧因单项风险给出需关注状态，适合进入人工复核清单；但数据年数少于5年，长期ROE、波动和CAGR应按短历史估计降置信度
MPX,US,Marine Products Corporation Common Stock,通用,可研究池,74.0,83.0,79.0,优质池,是,是,是,否,短历史封顶生效；排雷状态扣分,优质候选,93,可跟踪,4,C 短历史,Medium,80,短历史封顶；排雷需关注,数据质量中等，质量评级需降置信度；长期ROE达到行业优秀线；ROE稳定性较好；近5年无亏损；近5年经营现金流持续为正；自由现金流整体为正；资产负债率符合行业语境；营收增长偏弱,规则和AI评级不完全一致，可作为人工复核优先项
300181,CN,佐力药业,通用,优质池,79.0,83.0,79.0,优质池,否,否,是,否,排雷状态扣分,优质候选,89,优质候选,10,A 完整历史,High,100,排雷需关注,数据质量高；长期ROE达到行业基本线；ROE稳定性较好；近5年无亏损；近5年经营现金流持续为正；自由现金流数据缺失，评级保守；资产负债率符合行业语境；营收增长达到行业较好水平,规则与AI均认可质量，排雷侧因单项风险给出需关注状态，适合进入人工复核清单
601958,CN,金钼股份,通用,优质池,79.0,83.0,79.0,优质池,否,否,是,否,排雷状态扣分,优质候选,89,优质候选,10,A 完整历史,High,100,排雷需关注,数据质量高；长期ROE达到行业优秀线；ROE波动偏大；近5年无亏损；近5年经营现金流持续为正；自由现金流数据缺失，评级保守；资产负债率符合行业语境；营收增长达到行业较好水平,规则与AI均认可质量，排雷侧因单项风险给出需关注状态，适合进入人工复核清单
603739,CN,蔚蓝生物,通用,优质池,79.0,79.0,79.0,优质池,否,否,否,否,综合分未达核心阈值,优质候选,89,可跟踪,10,A 完整历史,High,100,-,数据质量高；长期ROE达到行业基本线；ROE稳定性较好；近5年无亏损；近5年经营现金流持续为正；自由现金流数据缺失，评级保守；资产负债率符合行业语境；营收增长达到行业较好水平,规则和AI评级不完全一致，可作为人工复核优先项
688252,CN,天德钰,通用,优质池,79.0,83.0,79.0,优质池,否,否,是,否,排雷状态扣分,优质候选,89,优质候选,8,B 中等历史,High,100,排雷需关注,数据质量高；长期ROE达到行业优秀线；ROE波动偏大；近5年无亏损；近5年经营现金流持续为正；自由现金流数据缺失，评级保守；资产负债率符合行业语境；营收增长达到行业较好水平,规则与AI均认可质量，排雷侧因单项风险给出需关注状态，适合进入人工复核清单；数据历史未满10年，长期质量结论仍需补充更长周期验证
300750,CN,宁德时代,通用,优质池,78.9,82.9,78.9,优质池,否,否,是,否,排雷状态扣分,优质候选,89,优质候选,10,A 完整历史,High,100,排雷需关注,数据质量高；长期ROE达到行业优秀线；ROE波动偏大；近5年无亏损；近5年经营现金流持续为正；自由现金流数据缺失，评级保守；资产负债率符合行业语境；营收增长达到行业较好水平,规则与AI均认可质量，排雷侧因单项风险给出需关注状态，适合进入人工复核清单
301219,CN,腾远钴业,通用,优质池,78.9,82.9,78.9,优质池,否,否,是,否,排雷状态扣分,优质候选,89,可跟踪,10,A 完整历史,High,100,排雷需关注,数据质量高；长期ROE达到行业优秀线；ROE波动偏大；近5年无亏损；近5年经营现金流持续为正；自由现金流数据缺失，评级保守；资产负债率符合行业语境；营收增长达到行业较好水平,规则和AI评级不完全一致，可作为人工复核优先项
603162,CN,海通发展,通用,优质池,78.9,82.9,78.9,优质池,否,否,是,否,排雷状态扣分,优质候选,89,优质候选,10,A 完整历史,High,100,排雷需关注,数据质量高；长期ROE达到行业优秀线；ROE波动偏大；近5年无亏损；近5年经营现金流持续为正；自由现金流数据缺失，评级保守；资产负债率符合行业语境；营收增长达到行业较好水平,规则与AI均认可质量，排雷侧因单项风险给出需关注状态，适合进入人工复核清单
WFRD,US,Weatherford International plc - Ordinary shares,周期,可研究池,74.0,82.8,78.8,优质池,是,是,是,否,短历史封顶生效；排雷状态扣分,优质候选,100,优质候选,4,C 短历史,Medium,80,短历史封顶；排雷需关注,数据质量中等，质量评级需降置信度；长期ROE达到行业优秀线；ROE稳定性较好；近5年无亏损；近5年经营现金流持续为正；自由现金流整体为正；资产负债率符合行业语境；营收增长处于可接受区间,规则与AI均认可质量，排雷侧因单项风险给出需关注状态，适合进入人工复核清单；但数据年数少于5年，长期ROE、波动和CAGR应按短历史估计降置信度
002940,CN,昂利康,通用,优质池,78.8,81.8,78.8,优质池,否,否,否,是,规则AI分歧扣分,优质候选,97,谨慎观察,10,A 完整历史,High,100,规则AI分歧,数据质量高；长期ROE达到行业优秀线；ROE稳定性较好；近5年无亏损；近5年经营现金流持续为正；自由现金流数据缺失，评级保守；资产负债率符合行业语境；营收增长处于可接受区间,规则质量分较高，但AI更关注风险，需要人工复核
002120,CN,韵达股份,通用,优质池,78.8,82.8,78.8,优质池,否,否,是,否,排雷状态扣分,优质候选,89,可跟踪,10,A 完整历史,High,100,排雷需关注,数据质量高；长期ROE达到行业优秀线；ROE波动偏大；近5年无亏损；近5年经营现金流持续为正；自由现金流数据缺失，评级保守；资产负债率符合行业语境；营收增长达到行业较好水平,规则和AI评级不完全一致，可作为人工复核优先项
688334,CN,西高院,通用,优质池,78.8,81.8,78.8,优质池,否,否,否,是,规则AI分歧扣分,可跟踪,84,优质候选,7,B 中等历史,Medium,87,规则AI分歧,数据质量中等，质量评级需降置信度；长期ROE达到行业基本线；ROE稳定性较好；近5年无亏损；近5年经营现金流持续为正；自由现金流数据缺失，评级保守；资产负债率符合行业语境；营收增长达到行业较好水平,AI认为质量突出，规则侧可能因单项风险保守处理
920978,CN,开特股份,通用,优质池,78.8,85.8,78.8,优质池,否,否,是,是,排雷状态扣分；规则AI分歧扣分,可跟踪,83,优质候选,10,A 完整历史,High,100,排雷需关注；规则AI分歧,数据质量高；长期ROE达到行业优秀线；ROE稳定性较好；近5年无亏损；经营现金流存在瑕疵；自由现金流数据缺失，评级保守；资产负债率符合行业语境；营收增长达到行业较好水平,AI认为质量突出，规则侧可能因单项风险保守处理
APTV,US,Aptiv PLC Ordinary Shares,通用,可研究池,74.0,82.7,78.7,优质池,是,是,是,否,短历史封顶生效；排雷状态扣分,优质候选,100,可跟踪,4,C 短历史,Medium,80,短历史封顶；排雷需关注,数据质量中等，质量评级需降置信度；长期ROE达到行业优秀线；ROE稳定性较好；近5年无亏损；近5年经营现金流持续为正；自由现金流整体为正；资产负债率符合行业语境；营收增长达到行业较好水平,规则和AI评级不完全一致，可作为人工复核优先项
CVX,US,Chevron Corporation Common Stock,周期,可研究池,74.0,82.7,78.7,优质池,是,是,是,否,短历史封顶生效；排雷状态扣分,优质候选,99,可跟踪,4,C 短历史,Medium,80,短历史封顶；排雷需关注,数据质量中等，质量评级需降置信度；长期ROE达到行业优秀线；ROE稳定性较好；近5年无亏损；近5年经营现金流持续为正；自由现金流整体为正；资产负债率符合行业语境；周期行业营收下滑，需结合行业周期位置,规则和AI评级不完全一致，可作为人工复核优先项
002709,CN,天赐材料,周期,优质池,78.7,82.7,78.7,优质池,否,否,是,否,排雷状态扣分,优质候选,95,优质候选,10,A 完整历史,High,100,排雷需关注,数据质量高；长期ROE达到行业优秀线；近5年无亏损；近5年经营现金流持续为正；自由现金流数据缺失，评级保守；资产负债率符合行业语境；营收增长达到行业较好水平,规则与AI均认可质量，排雷侧因单项风险给出需关注状态，适合进入人工复核清单
DT,US,"Dynatrace, Inc. Common Stock",科技,可研究池,74.0,82.7,78.7,优质池,是,是,是,否,短历史封顶生效；排雷状态扣分,优质候选,95,优质候选,4,C 短历史,Medium,80,短历史封顶；排雷需关注,数据质量中等，质量评级需降置信度；长期ROE达到行业基本线；ROE稳定性较好；近5年无亏损；近5年经营现金流持续为正；自由现金流整体为正；资产负债率符合行业语境；营收增长达到行业较好水平,规则与AI均认可质量，排雷侧因单项风险给出需关注状态，适合进入人工复核清单；但数据年数少于5年，长期ROE、波动和CAGR应按短历史估计降置信度
HOG,US,"Harley-Davidson, Inc. Common Stock",通用,可研究池,74.0,82.7,78.7,优质池,是,是,是,否,短历史封顶生效；排雷状态扣分,优质候选,93,可跟踪,4,C 短历史,Medium,80,短历史封顶；排雷需关注,数据质量中等，质量评级需降置信度；长期ROE达到行业优秀线；ROE稳定性较好；近5年无亏损；近5年经营现金流持续为正；自由现金流整体为正；资产负债率符合行业语境；营收增长偏弱,规则和AI评级不完全一致，可作为人工复核优先项
301162,CN,国能日新,通用,优质池,78.7,82.7,78.7,优质池,否,否,是,否,排雷状态扣分,优质候选,89,优质候选,9,B 中等历史,High,100,排雷需关注,数据质量高；长期ROE达到行业优秀线；ROE波动偏大；近5年无亏损；近5年经营现金流持续为正；自由现金流数据缺失，评级保守；资产负债率符合行业语境；营收增长达到行业较好水平,规则与AI均认可质量，排雷侧因单项风险给出需关注状态，适合进入人工复核清单；数据历史未满10年，长期质量结论仍需补充更长周期验证
ASML,US,ASML Holding N.V. - New York Registry Shares,科技,可研究池,75.0,81.7,78.7,优质池,是,是,否,是,短历史封顶生效；规则AI分歧扣分,可跟踪,82,优质候选,4,C 短历史,Medium,80,短历史封顶；规则AI分歧,数据质量中等，质量评级需降置信度；长期ROE达到行业优秀线；ROE稳定性较好；近5年无亏损；近5年经营现金流持续为正；自由现金流数据缺失，评级保守；资产负债率高于行业舒适区；营收增长达到行业较好水平,AI认为质量突出，规则侧可能因单项风险保守处理
DXPE,US,"DXP Enterprises, Inc. - Common Stock",通用,可研究池,74.0,82.6,78.6,优质池,是,是,是,否,短历史封顶生效；排雷状态扣分,优质候选,100,可跟踪,4,C 短历史,Medium,80,短历史封顶；排雷需关注,数据质量中等，质量评级需降置信度；长期ROE达到行业优秀线；ROE稳定性较好；近5年无亏损；近5年经营现金流持续为正；自由现金流整体为正；资产负债率略高但未构成硬伤；营收增长达到行业较好水平,规则和AI评级不完全一致，可作为人工复核优先项
600323,CN,瀚蓝环境,通用,优质池,78.6,82.6,78.6,优质池,否,否,是,否,排雷状态扣分,优质候选,95,可跟踪,10,A 完整历史,High,100,排雷需关注,数据质量高；长期ROE达到行业优秀线；ROE稳定性较好；近5年无亏损；近5年经营现金流持续为正；自由现金流数据缺失，评级保守；资产负债率略高但未构成硬伤；营收增长达到行业较好水平,规则和AI评级不完全一致，可作为人工复核优先项
CODA,US,"Coda Octopus Group, Inc. - Common stock",通用,可研究池,74.0,82.6,78.6,优质池,是,是,是,否,短历史封顶生效；排雷状态扣分,优质候选,95,可跟踪,4,C 短历史,Medium,80,短历史封顶；排雷需关注,数据质量中等，质量评级需降置信度；长期ROE达到行业基本线；ROE稳定性较好；近5年无亏损；近5年经营现金流持续为正；自由现金流整体为正；资产负债率符合行业语境；营收增长达到行业较好水平,规则和AI评级不完全一致，可作为人工复核优先项
301229,CN,纽泰格,通用,优质池,78.6,82.6,78.6,优质池,否,否,是,否,排雷状态扣分,优质候选,89,可跟踪,10,A 完整历史,High,100,排雷需关注,数据质量高；长期ROE达到行业优秀线；ROE波动偏大；近5年无亏损；近5年经营现金流持续为正；自由现金流数据缺失，评级保守；资产负债率符合行业语境；营收增长达到行业较好水平,规则和AI评级不完全一致，可作为人工复核优先项
301419,CN,阿莱德,通用,优质池,78.6,82.6,78.6,优质池,否,否,是,否,排雷状态扣分,优质候选,89,可跟踪,10,A 完整历史,High,100,排雷需关注,数据质量高；长期ROE达到行业优秀线；ROE波动偏大；近5年无亏损；近5年经营现金流持续为正；自由现金流数据缺失，评级保守；资产负债率符合行业语境；营收增长达到行业较好水平,规则和AI评级不完全一致，可作为人工复核优先项
688291,CN,金橙子,通用,优质池,78.6,82.6,78.6,优质池,否,否,是,否,排雷状态扣分,优质候选,89,可跟踪,10,A 完整历史,High,100,排雷需关注,数据质量高；长期ROE达到行业优秀线；ROE波动偏大；近5年无亏损；近5年经营现金流持续为正；自由现金流数据缺失，评级保守；资产负债率符合行业语境；营收增长达到行业较好水平,规则和AI评级不完全一致，可作为人工复核优先项
920699,CN,海达尔,通用,优质池,78.6,82.6,78.6,优质池,否,否,是,否,排雷状态扣分,优质候选,89,可跟踪,10,A 完整历史,High,100,排雷需关注,数据质量高；长期ROE达到行业优秀线；ROE波动偏大；近5年无亏损；近5年经营现金流持续为正；自由现金流数据缺失，评级保守；资产负债率符合行业语境；营收增长达到行业较好水平,规则和AI评级不完全一致，可作为人工复核优先项
FLS,US,Flowserve Corporation Common Stock,通用,可研究池,74.0,82.6,78.6,优质池,是,是,是,否,短历史封顶生效；排雷状态扣分,优质候选,89,可跟踪,4,C 短历史,Medium,80,短历史封顶；排雷需关注,数据质量中等，质量评级需降置信度；长期ROE达到行业优秀线；ROE稳定性较好；近5年无亏损；经营现金流存在瑕疵；自由现金流整体为正；资产负债率符合行业语境；营收增长达到行业较好水平,规则和AI评级不完全一致，可作为人工复核优先项
300476,CN,胜宏科技,科技,优质池,78.6,85.6,78.6,优质池,否,否,是,是,排雷状态扣分；规则AI分歧扣分,可跟踪,87,优质候选,10,A 完整历史,High,100,排雷需关注；规则AI分歧,数据质量高；长期ROE达到行业优秀线；ROE稳定性较好；净利润波动偏大；近5年无亏损；近5年经营现金流持续为正；自由现金流数据缺失，评级保守；资产负债率略高但未构成硬伤；营收增长达到行业较好水平,AI认为质量突出，规则侧可能因单项风险保守处理
ONON,US,On Holding AG Class A Ordinary Shares,通用,可研究池,75.0,81.6,78.6,优质池,是,是,否,是,短历史封顶生效；规则AI分歧扣分,可跟踪,75,优质候选,4,C 短历史,Medium,80,短历史封顶；规则AI分歧,数据质量中等，质量评级需降置信度；长期ROE达到行业基本线；ROE稳定性较好；近5年无亏损；经营现金流存在瑕疵；自由现金流整体为正；资产负债率符合行业语境；营收增长达到行业较好水平,AI认为质量突出，规则侧可能因单项风险保守处理
605166,CN,聚合顺,通用,优质池,78.5,81.5,78.5,优质池,否,否,否,是,规则AI分歧扣分,优质候选,97,谨慎观察,10,A 完整历史,High,100,规则AI分歧,数据质量高；长期ROE达到行业优秀线；ROE稳定性较好；近5年无亏损；近5年经营现金流持续为正；自由现金流数据缺失，评级保守；资产负债率符合行业语境；营收增长处于可接受区间,规则质量分较高，但AI更关注风险，需要人工复核
920526,CN,凯华材料,周期,优质池,78.5,81.5,78.5,优质池,否,否,否,是,规则AI分歧扣分,优质候选,97,谨慎观察,10,A 完整历史,High,100,规则AI分歧,数据质量高；长期ROE达到行业优秀线；ROE稳定性较好；近5年无亏损；近5年经营现金流持续为正；自由现金流数据缺失，评级保守；资产负债率符合行业语境；营收增长处于可接受区间,规则质量分较高，但AI更关注风险，需要人工复核
ARCO,US,Arcos Dorados Holdings Inc. Class A Shares,通用,可研究池,74.0,82.5,78.5,优质池,是,是,是,否,短历史封顶生效；排雷状态扣分,优质候选,93,可跟踪,4,C 短历史,Medium,80,短历史封顶；排雷需关注,数据质量中等，质量评级需降置信度；长期ROE达到行业优秀线；ROE稳定性较好；近5年无亏损；近5年经营现金流持续为正；自由现金流整体为正；资产负债率高于行业舒适区；营收增长达到行业较好水平,规则和AI评级不完全一致，可作为人工复核优先项
300888,CN,稳健医疗,通用,优质池,78.5,82.5,78.5,优质池,否,否,是,否,排雷状态扣分,优质候选,89,优质候选,10,A 完整历史,High,100,排雷需关注,数据质量高；长期ROE达到行业优秀线；ROE波动偏大；近5年无亏损；近5年经营现金流持续为正；自由现金流数据缺失，评级保守；资产负债率符合行业语境；营收增长达到行业较好水平,规则与AI均认可质量，排雷侧因单项风险给出需关注状态，适合进入人工复核清单
300980,CN,祥源新材,通用,优质池,78.5,82.5,78.5,优质池,否,否,是,否,排雷状态扣分,优质候选,89,可跟踪,10,A 完整历史,High,100,排雷需关注,数据质量高；长期ROE达到行业优秀线；ROE波动偏大；近5年无亏损；近5年经营现金流持续为正；自由现金流数据缺失，评级保守；资产负债率符合行业语境；营收增长达到行业较好水平,规则和AI评级不完全一致，可作为人工复核优先项
688103,CN,国力电子,科技,优质池,78.5,81.5,78.5,优质池,否,否,否,是,规则AI分歧扣分,可跟踪,81,优质候选,10,A 完整历史,High,100,规则AI分歧,数据质量高；长期ROE达到行业基本线；ROE稳定性较好；近5年无亏损；近5年经营现金流持续为正；自由现金流数据缺失，评级保守；资产负债率略高但未构成硬伤；营收增长达到行业较好水平,AI认为质量突出，规则侧可能因单项风险保守处理
601233,CN,桐昆股份,通用,优质池,78.4,82.4,78.4,优质池,否,否,是,否,排雷状态扣分,优质候选,95,可跟踪,10,A 完整历史,High,100,排雷需关注,数据质量高；长期ROE达到行业优秀线；ROE稳定性较好；近5年无亏损；近5年经营现金流持续为正；自由现金流数据缺失，评级保守；资产负债率略高但未构成硬伤；营收增长达到行业较好水平,规则和AI评级不完全一致，可作为人工复核优先项
TSCO,US,Tractor Supply Company - Common Stock,消费,可研究池,71.0,85.4,78.4,优质池,是,是,是,是,短历史封顶生效；排雷状态扣分；规则AI分歧扣分,可跟踪,87,优质候选,4,C 短历史,Medium,80,短历史封顶；排雷需关注；规则AI分歧,数据质量中等，质量评级需降置信度；长期ROE达到行业优秀线；ROE稳定性较好；近5年无亏损；近5年经营现金流持续为正；自由现金流整体为正；资产负债率高于行业舒适区；营收增长处于可接受区间,AI认为质量突出，规则侧可能因单项风险保守处理
001280,CN,中国铀业,通用,优质池,78.4,81.4,78.4,优质池,否,否,否,是,规则AI分歧扣分,可跟踪,78,优质候选,5,B 中等历史,Medium,62,规则AI分歧,数据质量中等，质量评级需降置信度；长期ROE达到行业优秀线；ROE稳定性较好；近5年无亏损；经营现金流存在瑕疵；自由现金流数据缺失，评级保守；资产负债率符合行业语境；营收增长达到行业较好水平,AI认为质量突出，规则侧可能因单项风险保守处理
300568,CN,星源材质,通用,优质池,78.3,82.3,78.3,优质池,否,否,是,否,排雷状态扣分,优质候选,100,可跟踪,10,A 完整历史,High,100,排雷需关注,数据质量高；长期ROE达到行业优秀线；ROE稳定性较好；近5年无亏损；近5年经营现金流持续为正；自由现金流数据缺失，评级保守；资产负债率符合行业语境；营收增长达到行业较好水平,规则和AI评级不完全一致，可作为人工复核优先项
PSX,US,Phillips 66 Common Stock,周期,可研究池,74.0,82.3,78.3,优质池,是,是,是,否,短历史封顶生效；排雷状态扣分,优质候选,99,可跟踪,4,C 短历史,Medium,80,短历史封顶；排雷需关注,数据质量中等，质量评级需降置信度；长期ROE达到行业优秀线；ROE稳定性较好；近5年无亏损；近5年经营现金流持续为正；自由现金流整体为正；资产负债率符合行业语境；周期行业营收下滑，需结合行业周期位置,规则和AI评级不完全一致，可作为人工复核优先项
603583,CN,捷昌驱动,通用,优质池,78.3,82.3,78.3,优质池,否,否,是,否,排雷状态扣分,优质候选,89,可跟踪,10,A 完整历史,High,100,排雷需关注,数据质量高；长期ROE达到行业优秀线；ROE波动偏大；近5年无亏损；近5年经营现金流持续为正；自由现金流数据缺失，评级保守；资产负债率符合行业语境；营收增长达到行业较好水平,规则和AI评级不完全一致，可作为人工复核优先项
CSX,US,CSX Corporation - Common Stock,通用,可研究池,71.0,85.3,78.3,优质池,是,是,是,是,短历史封顶生效；排雷状态扣分；规则AI分歧扣分,可跟踪,85,优质候选,4,C 短历史,Medium,80,短历史封顶；排雷需关注；规则AI分歧,数据质量中等，质量评级需降置信度；长期ROE达到行业优秀线；ROE稳定性较好；近5年无亏损；近5年经营现金流持续为正；自由现金流整体为正；资产负债率略高但未构成硬伤；营收增长偏弱,AI认为质量突出，规则侧可能因单项风险保守处理
SVM,US,Silvercorp Metals Inc. Common Shares,通用,可研究池,75.0,81.3,78.3,优质池,是,是,否,是,短历史封顶生效；规则AI分歧扣分,可跟踪,77,优质候选,4,C 短历史,Medium,80,短历史封顶；规则AI分歧,数据质量中等，质量评级需降置信度；长期ROE低于行业基本线；ROE稳定性较好；近5年无亏损；近5年经营现金流持续为正；自由现金流整体为正；资产负债率符合行业语境；营收增长达到行业较好水平,AI认为质量突出，规则侧可能因单项风险保守处理
KOP,US,Koppers Holdings Inc. Common Stock,周期,可研究池,74.0,82.2,78.2,优质池,是,是,是,否,短历史封顶生效；排雷状态扣分,优质候选,100,可跟踪,4,C 短历史,Medium,80,短历史封顶；排雷需关注,数据质量中等，质量评级需降置信度；长期ROE达到行业优秀线；ROE稳定性较好；近5年无亏损；近5年经营现金流持续为正；自由现金流整体为正；资产负债率符合行业语境；营收增长处于可接受区间,规则和AI评级不完全一致，可作为人工复核优先项
FRO,US,Frontline Plc Ordinary Shares,周期,可研究池,74.0,82.2,78.2,优质池,是,是,是,否,短历史封顶生效；排雷状态扣分,优质候选,93,可跟踪,4,C 短历史,Medium,80,短历史封顶；排雷需关注,数据质量中等，质量评级需降置信度；长期ROE达到行业优秀线；ROE稳定性较好；近5年无亏损；近5年经营现金流持续为正；自由现金流质量不足；资产负债率符合行业语境；营收增长达到行业较好水平,规则和AI评级不完全一致，可作为人工复核优先项
605598,CN,上海港湾,通用,优质池,78.2,81.2,78.2,优质池,否,否,否,是,规则AI分歧扣分,可跟踪,69,优质候选,9,B 中等历史,High,100,规则AI分歧,数据质量高；长期ROE达到行业基本线；ROE稳定性较好；近5年无亏损；经营现金流存在瑕疵；自由现金流数据缺失，评级保守；资产负债率符合行业语境；营收增长达到行业较好水平,AI认为质量突出，规则侧可能因单项风险保守处理
EMN,US,Eastman Chemical Company Common Stock,周期,可研究池,74.0,82.1,78.1,优质池,是,是,是,否,短历史封顶生效；排雷状态扣分,优质候选,99,可跟踪,4,C 短历史,Medium,80,短历史封顶；排雷需关注,数据质量中等，质量评级需降置信度；长期ROE达到行业优秀线；ROE稳定性较好；近5年无亏损；近5年经营现金流持续为正；自由现金流整体为正；资产负债率符合行业语境；周期行业营收下滑，需结合行业周期位置,规则和AI评级不完全一致，可作为人工复核优先项
KEX,US,Kirby Corporation Common Stock,周期,可研究池,74.0,82.1,78.1,优质池,是,是,是,否,短历史封顶生效；排雷状态扣分,优质候选,95,可跟踪,4,C 短历史,Medium,80,短历史封顶；排雷需关注,数据质量中等，质量评级需降置信度；长期ROE达到行业基本线；ROE稳定性较好；近5年无亏损；近5年经营现金流持续为正；自由现金流整体为正；资产负债率符合行业语境；营收增长达到行业较好水平,规则和AI评级不完全一致，可作为人工复核优先项
CPB,US,The Campbell's Company - Common Stock,消费,可研究池,74.0,82.1,78.1,优质池,是,是,是,否,短历史封顶生效；排雷状态扣分,优质候选,93,可跟踪,4,C 短历史,Medium,80,短历史封顶；排雷需关注,数据质量中等，质量评级需降置信度；长期ROE达到行业优秀线；ROE稳定性较好；近5年无亏损；近5年经营现金流持续为正；自由现金流整体为正；资产负债率高于行业舒适区；营收增长达到行业较好水平,规则和AI评级不完全一致，可作为人工复核优先项
HUBG,US,"Hub Group, Inc. - Class A Common Stock",通用,可研究池,74.0,82.1,78.1,优质池,是,是,是,否,短历史封顶生效；排雷状态扣分,优质候选,93,可跟踪,4,C 短历史,Medium,80,短历史封顶；排雷需关注,数据质量中等，质量评级需降置信度；长期ROE达到行业优秀线；ROE稳定性较好；近5年无亏损；近5年经营现金流持续为正；自由现金流整体为正；资产负债率符合行业语境；营收增长偏弱,规则和AI评级不完全一致，可作为人工复核优先项
300973,CN,立高食品,消费,优质池,78.1,82.1,78.1,优质池,否,否,是,否,排雷状态扣分,优质候选,89,可跟踪,9,B 中等历史,High,100,排雷需关注,数据质量高；长期ROE达到行业优秀线；ROE波动偏大；近5年无亏损；近5年经营现金流持续为正；自由现金流数据缺失，评级保守；资产负债率符合行业语境；营收增长达到行业较好水平,规则和AI评级不完全一致，可作为人工复核优先项
603755,CN,日辰股份,通用,优质池,78.1,82.1,78.1,优质池,否,否,是,否,排雷状态扣分,优质候选,89,可跟踪,10,A 完整历史,High,100,排雷需关注,数据质量高；长期ROE达到行业优秀线；ROE波动偏大；近5年无亏损；近5年经营现金流持续为正；自由现金流数据缺失，评级保守；资产负债率符合行业语境；营收增长达到行业较好水平,规则和AI评级不完全一致，可作为人工复核优先项
603881,CN,数据港,通用,优质池,78.1,78.1,78.1,优质池,否,否,否,否,综合分未达核心阈值,优质候选,89,可跟踪,10,A 完整历史,High,100,-,数据质量高；长期ROE达到行业基本线；ROE稳定性较好；近5年无亏损；近5年经营现金流持续为正；自由现金流数据缺失，评级保守；资产负债率符合行业语境；营收增长达到行业较好水平,规则和AI评级不完全一致，可作为人工复核优先项
688083,CN,中望软件,科技,优质池,78.1,82.1,78.1,优质池,否,否,是,否,排雷状态扣分,优质候选,89,优质候选,10,A 完整历史,High,100,排雷需关注,数据质量高；长期ROE达到行业优秀线；ROE波动偏大；近5年无亏损；近5年经营现金流持续为正；自由现金流数据缺失，评级保守；资产负债率符合行业语境；营收增长达到行业较好水平,规则与AI均认可质量，排雷侧因单项风险给出需关注状态，适合进入人工复核清单
688129,CN,东来技术,通用,优质池,78.1,82.1,78.1,优质池,否,否,是,否,排雷状态扣分,优质候选,89,可跟踪,9,B 中等历史,High,100,排雷需关注,数据质量高；长期ROE达到行业优秀线；ROE波动偏大；近5年无亏损；近5年经营现金流持续为正；自由现金流数据缺失，评级保守；资产负债率符合行业语境；营收增长达到行业较好水平,规则和AI评级不完全一致，可作为人工复核优先项
QSR,US,Restaurant Brands International Inc. Common Shares,通用,可研究池,74.0,81.9,77.9,可研究池,是,是,是,否,短历史封顶生效；排雷状态扣分,优质候选,93,可跟踪,4,C 短历史,Medium,80,短历史封顶；排雷需关注,数据质量中等，质量评级需降置信度；长期ROE达到行业优秀线；ROE稳定性较好；近5年无亏损；近5年经营现金流持续为正；自由现金流整体为正；资产负债率高于行业舒适区；营收增长达到行业较好水平,规则和AI评级不完全一致，可作为人工复核优先项
300964,CN,本川智能,通用,可研究池,77.9,81.9,77.9,可研究池,否,否,是,否,排雷状态扣分,优质候选,89,可跟踪,10,A 完整历史,High,100,排雷需关注,数据质量高；长期ROE达到行业优秀线；ROE波动偏大；近5年无亏损；近5年经营现金流持续为正；自由现金流数据缺失，评级保守；资产负债率符合行业语境；营收增长达到行业较好水平,规则和AI评级不完全一致，可作为人工复核优先项
688581,CN,安杰思,通用,可研究池,77.9,81.9,77.9,可研究池,否,否,是,否,排雷状态扣分,优质候选,89,优质候选,9,B 中等历史,High,100,排雷需关注,数据质量高；长期ROE达到行业优秀线；ROE波动偏大；近5年无亏损；近5年经营现金流持续为正；自由现金流数据缺失，评级保守；资产负债率符合行业语境；营收增长达到行业较好水平,规则与AI均认可质量，排雷侧因单项风险给出需关注状态，适合进入人工复核清单；数据历史未满10年，长期质量结论仍需补充更长周期验证
688656,CN,浩欧博,通用,可研究池,77.9,81.9,77.9,可研究池,否,否,是,否,排雷状态扣分,优质候选,89,可跟踪,10,A 完整历史,High,100,排雷需关注,数据质量高；长期ROE达到行业优秀线；ROE波动偏大；近5年无亏损；近5年经营现金流持续为正；自由现金流数据缺失，评级保守；资产负债率符合行业语境；营收增长达到行业较好水平,规则和AI评级不完全一致，可作为人工复核优先项
920665,CN,科强股份,通用,可研究池,77.9,81.9,77.9,可研究池,否,否,是,否,排雷状态扣分,优质候选,89,可跟踪,9,B 中等历史,High,100,排雷需关注,数据质量高；长期ROE达到行业优秀线；ROE波动偏大；近5年无亏损；近5年经营现金流持续为正；自由现金流数据缺失，评级保守；资产负债率符合行业语境；营收增长达到行业较好水平,规则和AI评级不完全一致，可作为人工复核优先项
002150,CN,正泰电源,通用,可研究池,77.9,80.9,77.9,可研究池,否,否,否,是,规则AI分歧扣分,可跟踪,69,优质候选,10,A 完整历史,High,100,规则AI分歧,数据质量高；长期ROE达到行业基本线；ROE稳定性较好；近5年无亏损；经营现金流存在瑕疵；自由现金流数据缺失，评级保守；资产负债率符合行业语境；营收增长达到行业较好水平,AI认为质量突出，规则侧可能因单项风险保守处理
ZWS,US,Zurn Elkay Water Solutions Corporation Common Stock,通用,可研究池,74.0,81.8,77.8,可研究池,是,是,是,否,短历史封顶生效；排雷状态扣分,优质候选,95,可跟踪,4,C 短历史,Medium,80,短历史封顶；排雷需关注,数据质量中等，质量评级需降置信度；长期ROE达到行业基本线；ROE稳定性较好；近5年无亏损；近5年经营现金流持续为正；自由现金流整体为正；资产负债率符合行业语境；营收增长达到行业较好水平,规则和AI评级不完全一致，可作为人工复核优先项
688253,CN,英诺特,通用,可研究池,77.8,81.8,77.8,可研究池,否,否,是,否,排雷状态扣分,优质候选,89,优质候选,8,B 中等历史,High,100,排雷需关注,数据质量高；长期ROE达到行业优秀线；ROE波动偏大；近5年无亏损；近5年经营现金流持续为正；自由现金流数据缺失，评级保守；资产负债率符合行业语境；营收增长达到行业较好水平,规则与AI均认可质量，排雷侧因单项风险给出需关注状态，适合进入人工复核清单；数据历史未满10年，长期质量结论仍需补充更长周期验证
FLNG,US,FLEX LNG Ltd. Ordinary Shares,周期,可研究池,74.0,81.7,77.7,可研究池,是,是,是,否,短历史封顶生效；排雷状态扣分,优质候选,95,可跟踪,4,C 短历史,Medium,80,短历史封顶；排雷需关注,数据质量中等，质量评级需降置信度；长期ROE达到行业优秀线；ROE稳定性较好；近5年无亏损；近5年经营现金流持续为正；自由现金流整体为正；资产负债率略高但未构成硬伤；营收增长处于可接受区间,规则和AI评级不完全一致，可作为人工复核优先项
301390,CN,经纬股份,通用,可研究池,77.7,81.7,77.7,可研究池,否,否,是,否,排雷状态扣分,优质候选,89,可跟踪,10,A 完整历史,High,100,排雷需关注,数据质量高；长期ROE达到行业优秀线；ROE波动偏大；近5年无亏损；近5年经营现金流持续为正；自由现金流数据缺失，评级保守；资产负债率符合行业语境；营收增长达到行业较好水平,规则和AI评级不完全一致，可作为人工复核优先项
JBHT,US,"J.B. Hunt Transport Services, Inc. - Common Stock",通用,可研究池,74.0,81.6,77.6,可研究池,是,是,是,否,短历史封顶生效；排雷状态扣分,优质候选,93,可跟踪,4,C 短历史,Medium,80,短历史封顶；排雷需关注,数据质量中等，质量评级需降置信度；长期ROE达到行业优秀线；ROE稳定性较好；近5年无亏损；近5年经营现金流持续为正；自由现金流整体为正；资产负债率符合行业语境；营收增长偏弱,规则和AI评级不完全一致，可作为人工复核优先项
001230,CN,劲旅环境,通用,可研究池,77.6,81.6,77.6,可研究池,否,否,是,否,排雷状态扣分,优质候选,89,可跟踪,8,B 中等历史,High,100,排雷需关注,数据质量高；长期ROE达到行业优秀线；ROE波动偏大；近5年无亏损；近5年经营现金流持续为正；自由现金流数据缺失，评级保守；资产负债率符合行业语境；营收增长达到行业较好水平,规则和AI评级不完全一致，可作为人工复核优先项
301202,CN,朗威股份,通用,可研究池,77.6,81.6,77.6,可研究池,否,否,是,否,排雷状态扣分,优质候选,89,可跟踪,10,A 完整历史,High,100,排雷需关注,数据质量高；长期ROE达到行业优秀线；ROE波动偏大；近5年无亏损；近5年经营现金流持续为正；自由现金流数据缺失，评级保守；资产负债率符合行业语境；营收增长达到行业较好水平,规则和AI评级不完全一致，可作为人工复核优先项
TECH,US,Bio-Techne Corp - Common Stock,科技,可研究池,74.0,81.6,77.6,可研究池,是,是,是,否,短历史封顶生效；排雷状态扣分,优质候选,89,可跟踪,4,C 短历史,Medium,80,短历史封顶；排雷需关注,数据质量中等，质量评级需降置信度；长期ROE达到行业基本线；ROE稳定性较好；近5年无亏损；近5年经营现金流持续为正；自由现金流整体为正；资产负债率符合行业语境；营收增长处于可接受区间,规则和AI评级不完全一致，可作为人工复核优先项
PAYX,US,"Paychex, Inc. - Common Stock",科技,可研究池,71.0,84.6,77.6,可研究池,是,是,是,是,短历史封顶生效；排雷状态扣分；规则AI分歧扣分,可跟踪,87,优质候选,4,C 短历史,Medium,80,短历史封顶；排雷需关注；规则AI分歧,数据质量中等，质量评级需降置信度；长期ROE达到行业优秀线；ROE稳定性较好；近5年无亏损；近5年经营现金流持续为正；自由现金流整体为正；资产负债率高于行业舒适区；营收增长处于可接受区间,AI认为质量突出，规则侧可能因单项风险保守处理
300827,CN,上能电气,通用,可研究池,77.6,84.6,77.6,可研究池,否,否,是,是,排雷状态扣分；规则AI分歧扣分,可跟踪,83,优质候选,10,A 完整历史,High,100,排雷需关注；规则AI分歧,数据质量高；长期ROE达到行业优秀线；ROE稳定性较好；近5年无亏损；经营现金流存在瑕疵；自由现金流数据缺失，评级保守；资产负债率符合行业语境；营收增长达到行业较好水平,AI认为质量突出，规则侧可能因单项风险保守处理
DVN,US,Devon Energy Corporation Common Stock,周期,可研究池,74.0,81.5,77.5,可研究池,是,是,是,否,短历史封顶生效；排雷状态扣分,优质候选,100,可跟踪,4,C 短历史,Medium,80,短历史封顶；排雷需关注,数据质量中等，质量评级需降置信度；长期ROE达到行业优秀线；ROE稳定性较好；近5年无亏损；近5年经营现金流持续为正；自由现金流整体为正；资产负债率符合行业语境；营收增长处于可接受区间,规则和AI评级不完全一致，可作为人工复核优先项
TRP,US,TC Energy Corporation Common Stock,周期,可研究池,74.0,81.5,77.5,可研究池,是,是,是,否,短历史封顶生效；排雷状态扣分,优质候选,100,可跟踪,4,C 短历史,Medium,80,短历史封顶；排雷需关注,数据质量中等，质量评级需降置信度；长期ROE达到行业优秀线；ROE稳定性较好；近5年无亏损；近5年经营现金流持续为正；自由现金流整体为正；资产负债率符合行业语境；营收增长达到行业较好水平,规则和AI评级不完全一致，可作为人工复核优先项
ASIX,US,AdvanSix Inc. Common Stock,周期,可研究池,74.0,81.5,77.5,可研究池,是,是,是,否,短历史封顶生效；排雷状态扣分,优质候选,99,可跟踪,4,C 短历史,Medium,80,短历史封顶；排雷需关注,数据质量中等，质量评级需降置信度；长期ROE达到行业优秀线；ROE稳定性较好；近5年无亏损；近5年经营现金流持续为正；自由现金流整体为正；资产负债率符合行业语境；周期行业营收下滑，需结合行业周期位置,规则和AI评级不完全一致，可作为人工复核优先项
920802,CN,保丽洁,通用,可研究池,77.5,80.5,77.5,可研究池,否,否,否,是,规则AI分歧扣分,优质候选,97,谨慎观察,10,A 完整历史,High,100,规则AI分歧,数据质量高；长期ROE达到行业优秀线；ROE稳定性较好；近5年无亏损；近5年经营现金流持续为正；自由现金流数据缺失，评级保守；资产负债率符合行业语境；营收增长处于可接受区间,规则质量分较高，但AI更关注风险，需要人工复核
UMC,US,United Microelectronics Corporation (NEW) Common Stock,科技,可研究池,74.0,81.5,77.5,可研究池,是,是,是,否,短历史封顶生效；排雷状态扣分,优质候选,93,可跟踪,4,C 短历史,Medium,80,短历史封顶；排雷需关注,数据质量中等，质量评级需降置信度；长期ROE达到行业优秀线；ROE稳定性较好；近5年无亏损；近5年经营现金流持续为正；自由现金流整体为正；资产负债率符合行业语境；营收增长偏弱,规则和AI评级不完全一致，可作为人工复核优先项
300387,CN,富邦科技,科技,可研究池,77.5,81.5,77.5,可研究池,否,否,是,否,排雷状态扣分,优质候选,89,可跟踪,10,A 完整历史,High,100,排雷需关注,数据质量高；长期ROE达到行业基本线；ROE稳定性较好；近5年无亏损；近5年经营现金流持续为正；自由现金流数据缺失，评级保守；资产负债率符合行业语境；营收增长达到行业较好水平,规则和AI评级不完全一致，可作为人工复核优先项
301387,CN,光大同创,通用,可研究池,77.5,81.5,77.5,可研究池,否,否,是,否,排雷状态扣分,优质候选,89,可跟踪,8,B 中等历史,High,100,排雷需关注,数据质量高；长期ROE达到行业优秀线；ROE波动偏大；近5年无亏损；近5年经营现金流持续为正；自由现金流数据缺失，评级保守；资产负债率符合行业语境；营收增长达到行业较好水平,规则和AI评级不完全一致，可作为人工复核优先项
300274,CN,阳光电源,通用,可研究池,77.5,84.5,77.5,可研究池,否,否,是,是,排雷状态扣分；规则AI分歧扣分,可跟踪,83,优质候选,10,A 完整历史,High,100,排雷需关注；规则AI分歧,数据质量高；长期ROE达到行业优秀线；ROE稳定性较好；近5年无亏损；经营现金流存在瑕疵；自由现金流数据缺失，评级保守；资产负债率符合行业语境；营收增长达到行业较好水平,AI认为质量突出，规则侧可能因单项风险保守处理
TSEM,US,Tower Semiconductor Ltd. - Ordinary Shares,科技,可研究池,74.0,81.4,77.4,可研究池,是,是,是,否,短历史封顶生效；排雷状态扣分,优质候选,93,可跟踪,4,C 短历史,Medium,80,短历史封顶；排雷需关注,数据质量中等，质量评级需降置信度；长期ROE达到行业优秀线；ROE稳定性较好；近5年无亏损；近5年经营现金流持续为正；自由现金流整体为正；资产负债率符合行业语境；营收增长偏弱,规则和AI评级不完全一致，可作为人工复核优先项
603171,CN,税友股份,通用,可研究池,77.4,81.4,77.4,可研究池,否,否,是,否,排雷状态扣分,优质候选,89,可跟踪,10,A 完整历史,High,100,排雷需关注,数据质量高；长期ROE达到行业优秀线；ROE波动偏大；近5年无亏损；近5年经营现金流持续为正；自由现金流数据缺失，评级保守；资产负债率符合行业语境；营收增长达到行业较好水平,规则和AI评级不完全一致，可作为人工复核优先项
PHIN,US,PHINIA Inc. Common Stock,通用,可研究池,77.4,77.4,77.4,可研究池,否,是,否,否,短历史受限,优质候选,89,可跟踪,4,C 短历史,Medium,80,短历史封顶,数据质量中等，质量评级需降置信度；长期ROE达到行业基本线；ROE稳定性较好；近5年无亏损；近5年经营现金流持续为正；自由现金流整体为正；资产负债率符合行业语境；营收增长处于可接受区间,规则和AI评级不完全一致，可作为人工复核优先项
GGB,US,Gerdau S.A. Common Stock,周期,可研究池,74.0,81.3,77.3,可研究池,是,是,是,否,短历史封顶生效；排雷状态扣分,优质候选,99,可跟踪,4,C 短历史,Medium,80,短历史封顶；排雷需关注,数据质量中等，质量评级需降置信度；长期ROE达到行业优秀线；ROE稳定性较好；近5年无亏损；近5年经营现金流持续为正；自由现金流整体为正；资产负债率符合行业语境；周期行业营收下滑，需结合行业周期位置,规则和AI评级不完全一致，可作为人工复核优先项
NOVT,US,Novanta Inc. - Common Shares,通用,可研究池,74.0,81.3,77.3,可研究池,是,是,是,否,短历史封顶生效；排雷状态扣分,优质候选,95,可跟踪,4,C 短历史,Medium,80,短历史封顶；排雷需关注,数据质量中等，质量评级需降置信度；长期ROE达到行业基本线；ROE稳定性较好；近5年无亏损；近5年经营现金流持续为正；自由现金流整体为正；资产负债率符合行业语境；营收增长达到行业较好水平,规则和AI评级不完全一致，可作为人工复核优先项
002487,CN,大金重工,通用,可研究池,77.3,81.3,77.3,可研究池,否,否,是,否,排雷状态扣分,优质候选,89,可跟踪,10,A 完整历史,High,100,排雷需关注,数据质量高；长期ROE达到行业基本线；ROE稳定性较好；近5年无亏损；近5年经营现金流持续为正；自由现金流数据缺失，评级保守；资产负债率符合行业语境；营收增长达到行业较好水平,规则和AI评级不完全一致，可作为人工复核优先项
LH,US,Labcorp Holdings Inc. Common Stock,通用,可研究池,74.0,81.2,77.2,可研究池,是,是,是,否,短历史封顶生效；排雷状态扣分,优质候选,95,可跟踪,4,C 短历史,Medium,80,短历史封顶；排雷需关注,数据质量中等，质量评级需降置信度；长期ROE达到行业基本线；ROE稳定性较好；近5年无亏损；近5年经营现金流持续为正；自由现金流整体为正；资产负债率符合行业语境；营收增长达到行业较好水平,规则和AI评级不完全一致，可作为人工复核优先项
301087,CN,可孚医疗,通用,可研究池,77.2,81.2,77.2,可研究池,否,否,是,否,排雷状态扣分,优质候选,89,可跟踪,9,B 中等历史,High,100,排雷需关注,数据质量高；长期ROE达到行业优秀线；ROE波动偏大；近5年无亏损；近5年经营现金流持续为正；自由现金流数据缺失，评级保守；资产负债率符合行业语境；营收增长达到行业较好水平,规则和AI评级不完全一致，可作为人工复核优先项
300909,CN,汇创达,通用,可研究池,77.1,81.1,77.1,可研究池,否,否,是,否,排雷状态扣分,优质候选,89,可跟踪,10,A 完整历史,High,100,排雷需关注,数据质量高；长期ROE达到行业优秀线；ROE波动偏大；近5年无亏损；近5年经营现金流持续为正；自由现金流数据缺失，评级保守；资产负债率符合行业语境；营收增长达到行业较好水平,规则和AI评级不完全一致，可作为人工复核优先项
301282,CN,金禄电子,科技,可研究池,77.1,81.1,77.1,可研究池,否,否,是,否,排雷状态扣分,优质候选,89,可跟踪,9,B 中等历史,High,100,排雷需关注,数据质量高；长期ROE达到行业优秀线；ROE波动偏大；近5年无亏损；近5年经营现金流持续为正；自由现金流数据缺失，评级保守；资产负债率符合行业语境；营收增长达到行业较好水平,规则和AI评级不完全一致，可作为人工复核优先项
301578,CN,辰奕智能,通用,可研究池,77.1,81.1,77.1,可研究池,否,否,是,否,排雷状态扣分,优质候选,89,可跟踪,10,A 完整历史,High,100,排雷需关注,数据质量高；长期ROE达到行业优秀线；ROE波动偏大；近5年无亏损；近5年经营现金流持续为正；自由现金流数据缺失，评级保守；资产负债率符合行业语境；营收增长达到行业较好水平,规则和AI评级不完全一致，可作为人工复核优先项
688626,CN,翔宇医疗,通用,可研究池,77.1,81.1,77.1,可研究池,否,否,是,否,排雷状态扣分,优质候选,89,可跟踪,9,B 中等历史,High,100,排雷需关注,数据质量高；长期ROE达到行业优秀线；ROE波动偏大；近5年无亏损；近5年经营现金流持续为正；自由现金流数据缺失，评级保守；资产负债率符合行业语境；营收增长达到行业较好水平,规则和AI评级不完全一致，可作为人工复核优先项
920593,CN,鼎智科技,科技,可研究池,77.1,81.1,77.1,可研究池,否,否,是,否,排雷状态扣分,优质候选,89,可跟踪,9,B 中等历史,High,100,排雷需关注,数据质量高；长期ROE达到行业优秀线；ROE波动偏大；近5年无亏损；近5年经营现金流持续为正；自由现金流数据缺失，评级保守；资产负债率符合行业语境；营收增长达到行业较好水平,规则和AI评级不完全一致，可作为人工复核优先项
IMXI,US,"International Money Express, Inc. - Common Stock",科技,可研究池,71.0,84.1,77.1,可研究池,是,是,是,是,短历史封顶生效；排雷状态扣分；规则AI分歧扣分,可跟踪,87,优质候选,4,C 短历史,Medium,80,短历史封顶；排雷需关注；规则AI分歧,数据质量中等，质量评级需降置信度；长期ROE达到行业优秀线；ROE稳定性较好；近5年无亏损；近5年经营现金流持续为正；自由现金流整体为正；资产负债率高于行业舒适区；营收增长处于可接受区间,AI认为质量突出，规则侧可能因单项风险保守处理
301479,CN,弘景光电,通用,可研究池,77.1,84.1,77.1,可研究池,否,否,是,是,排雷状态扣分；规则AI分歧扣分,可跟踪,75,优质候选,10,A 完整历史,High,100,排雷需关注；规则AI分歧,数据质量高；长期ROE达到行业优秀线；ROE稳定性较好；净利润波动偏大；近5年无亏损；经营现金流存在瑕疵；自由现金流数据缺失，评级保守；资产负债率符合行业语境；营收增长达到行业较好水平,AI认为质量突出，规则侧可能因单项风险保守处理
NOA,US,North American Construction Group Ltd. Common Shares (no par),周期,可研究池,74.0,81.0,77.0,可研究池,是,是,是,否,短历史封顶生效；排雷状态扣分,优质候选,100,可跟踪,4,C 短历史,Medium,80,短历史封顶；排雷需关注,数据质量中等，质量评级需降置信度；长期ROE达到行业优秀线；ROE稳定性较好；近5年无亏损；近5年经营现金流持续为正；自由现金流整体为正；资产负债率略高但未构成硬伤；营收增长达到行业较好水平,规则和AI评级不完全一致，可作为人工复核优先项
MUR,US,Murphy Oil Corporation Common Stock,周期,可研究池,74.0,81.0,77.0,可研究池,是,是,是,否,短历史封顶生效；排雷状态扣分,优质候选,99,可跟踪,4,C 短历史,Medium,80,短历史封顶；排雷需关注,数据质量中等，质量评级需降置信度；长期ROE达到行业优秀线；ROE稳定性较好；近5年无亏损；近5年经营现金流持续为正；自由现金流整体为正；资产负债率符合行业语境；周期行业营收下滑，需结合行业周期位置,规则和AI评级不完全一致，可作为人工复核优先项
NE,US,Noble Corporation plc A Ordinary Shares,周期,可研究池,74.0,81.0,77.0,可研究池,是,是,是,否,短历史封顶生效；排雷状态扣分,优质候选,95,可跟踪,4,C 短历史,Medium,80,短历史封顶；排雷需关注,数据质量中等，质量评级需降置信度；长期ROE达到行业基本线；ROE稳定性较好；近5年无亏损；近5年经营现金流持续为正；自由现金流整体为正；资产负债率符合行业语境；营收增长达到行业较好水平,规则和AI评级不完全一致，可作为人工复核优先项
NVGS,US,Navigator Holdings Ltd. Ordinary Shares (Marshall Islands),周期,可研究池,74.0,81.0,77.0,可研究池,是,是,是,否,短历史封顶生效；排雷状态扣分,优质候选,95,可跟踪,4,C 短历史,Medium,80,短历史封顶；排雷需关注,数据质量中等，质量评级需降置信度；长期ROE达到行业基本线；ROE稳定性较好；近5年无亏损；近5年经营现金流持续为正；自由现金流整体为正；资产负债率符合行业语境；营收增长达到行业较好水平,规则和AI评级不完全一致，可作为人工复核优先项
001914,CN,招商积余,通用,可研究池,77.0,81.0,77.0,可研究池,否,否,是,否,排雷状态扣分,优质候选,89,可跟踪,10,A 完整历史,High,100,排雷需关注,数据质量高；长期ROE达到行业基本线；ROE稳定性较好；近5年无亏损；近5年经营现金流持续为正；自由现金流数据缺失，评级保守；资产负债率符合行业语境；营收增长达到行业较好水平,规则和AI评级不完全一致，可作为人工复核优先项
688775,CN,影石创新,通用,可研究池,77.0,81.0,77.0,可研究池,否,否,是,否,排雷状态扣分,优质候选,89,优质候选,9,B 中等历史,High,100,排雷需关注,数据质量高；长期ROE达到行业优秀线；ROE波动偏大；近5年无亏损；近5年经营现金流持续为正；自由现金流数据缺失，评级保守；资产负债率符合行业语境；营收增长达到行业较好水平,规则与AI均认可质量，排雷侧因单项风险给出需关注状态，适合进入人工复核清单；数据历史未满10年，长期质量结论仍需补充更长周期验证
GRC,US,Gorman-Rupp Company (The) Common Stock,通用,可研究池,74.0,80.9,76.9,可研究池,是,是,是,否,短历史封顶生效；排雷状态扣分,优质候选,95,可跟踪,4,C 短历史,Medium,80,短历史封顶；排雷需关注,数据质量中等，质量评级需降置信度；长期ROE达到行业基本线；ROE稳定性较好；近5年无亏损；近5年经营现金流持续为正；自由现金流整体为正；资产负债率符合行业语境；营收增长达到行业较好水平,规则和AI评级不完全一致，可作为人工复核优先项
300864,CN,南大环境,通用,可研究池,76.9,80.9,76.9,可研究池,否,否,是,否,排雷状态扣分,优质候选,89,可跟踪,10,A 完整历史,High,100,排雷需关注,数据质量高；长期ROE达到行业优秀线；ROE波动偏大；近5年无亏损；近5年经营现金流持续为正；自由现金流数据缺失，评级保守；资产负债率符合行业语境；营收增长达到行业较好水平,规则和AI评级不完全一致，可作为人工复核优先项
601018,CN,宁波港,通用,可研究池,76.9,80.9,76.9,可研究池,否,否,是,否,排雷状态扣分,优质候选,89,可跟踪,10,A 完整历史,High,100,排雷需关注,数据质量高；长期ROE达到行业基本线；ROE稳定性较好；近5年无亏损；近5年经营现金流持续为正；自由现金流数据缺失，评级保守；资产负债率符合行业语境；营收增长达到行业较好水平,规则和AI评级不完全一致，可作为人工复核优先项
603167,CN,渤海轮渡,通用,可研究池,76.9,80.9,76.9,可研究池,否,否,是,否,排雷状态扣分,优质候选,89,可跟踪,10,A 完整历史,High,100,排雷需关注,数据质量高；长期ROE达到行业基本线；ROE稳定性较好；近5年无亏损；近5年经营现金流持续为正；自由现金流数据缺失，评级保守；资产负债率符合行业语境；营收增长达到行业较好水平,规则和AI评级不完全一致，可作为人工复核优先项
920720,CN,吉冈精密,通用,可研究池,76.9,80.9,76.9,可研究池,否,否,是,否,排雷状态扣分,优质候选,89,可跟踪,10,A 完整历史,High,100,排雷需关注,数据质量高；长期ROE达到行业优秀线；ROE波动偏大；近5年无亏损；近5年经营现金流持续为正；自由现金流数据缺失，评级保守；资产负债率符合行业语境；营收增长达到行业较好水平,规则和AI评级不完全一致，可作为人工复核优先项
001233,CN,海安集团,通用,可研究池,76.9,83.9,76.9,可研究池,否,否,是,是,排雷状态扣分；规则AI分歧扣分,可跟踪,84,优质候选,6,B 中等历史,Medium,75,排雷需关注；规则AI分歧,数据质量中等，质量评级需降置信度；长期ROE达到行业优秀线；ROE波动偏大；近5年无亏损；近5年经营现金流持续为正；自由现金流数据缺失，评级保守；资产负债率符合行业语境；营收增长达到行业较好水平,AI认为质量突出，规则侧可能因单项风险保守处理
920204,CN,沪江材料,周期,可研究池,76.8,79.8,76.8,可研究池,否,否,否,是,规则AI分歧扣分,优质候选,97,谨慎观察,10,A 完整历史,High,100,规则AI分歧,数据质量高；长期ROE达到行业优秀线；ROE稳定性较好；近5年无亏损；近5年经营现金流持续为正；自由现金流数据缺失，评级保守；资产负债率符合行业语境；营收增长处于可接受区间,规则质量分较高，但AI更关注风险，需要人工复核
SHLS,US,"Shoals Technologies Group, Inc. - Class A Common Stock",通用,可研究池,74.0,80.8,76.8,可研究池,是,是,是,否,短历史封顶生效；排雷状态扣分,优质候选,95,可跟踪,4,C 短历史,Medium,80,短历史封顶；排雷需关注,数据质量中等，质量评级需降置信度；长期ROE达到行业优秀线；ROE波动偏大；近5年无亏损；近5年经营现金流持续为正；自由现金流整体为正；资产负债率符合行业语境；营收增长达到行业较好水平,规则和AI评级不完全一致，可作为人工复核优先项
301318,CN,维海德,通用,可研究池,76.8,80.8,76.8,可研究池,否,否,是,否,排雷状态扣分,优质候选,89,可跟踪,10,A 完整历史,High,100,排雷需关注,数据质量高；长期ROE达到行业优秀线；ROE波动偏大；近5年无亏损；近5年经营现金流持续为正；自由现金流数据缺失，评级保守；资产负债率符合行业语境；营收增长达到行业较好水平,规则和AI评级不完全一致，可作为人工复核优先项
601668,CN,中国建筑,周期,可研究池,76.8,80.8,76.8,可研究池,否,否,是,否,排雷状态扣分,优质候选,89,可跟踪,10,A 完整历史,High,100,排雷需关注,数据质量高；长期ROE达到行业优秀线；ROE稳定性较好；近5年无亏损；近5年经营现金流持续为正；自由现金流数据缺失，评级保守；资产负债率略高但未构成硬伤；营收增长处于可接受区间,规则和AI评级不完全一致，可作为人工复核优先项
ITW,US,Illinois Tool Works Inc. Common Stock,通用,可研究池,71.0,83.8,76.8,可研究池,是,是,是,是,短历史封顶生效；排雷状态扣分；规则AI分歧扣分,可跟踪,87,优质候选,4,C 短历史,Medium,80,短历史封顶；排雷需关注；规则AI分歧,数据质量中等，质量评级需降置信度；长期ROE达到行业优秀线；ROE稳定性较好；近5年无亏损；近5年经营现金流持续为正；自由现金流整体为正；资产负债率高于行业舒适区；营收增长处于可接受区间,AI认为质量突出，规则侧可能因单项风险保守处理
CECO,US,CECO Environmental Corp. - Common Stock,通用,可研究池,74.0,80.7,76.7,可研究池,是,是,是,否,短历史封顶生效；排雷状态扣分,优质候选,95,可跟踪,4,C 短历史,Medium,80,短历史封顶；排雷需关注,数据质量中等，质量评级需降置信度；长期ROE达到行业基本线；ROE稳定性较好；近5年无亏损；近5年经营现金流持续为正；自由现金流整体为正；资产负债率符合行业语境；营收增长达到行业较好水平,规则和AI评级不完全一致，可作为人工复核优先项
688531,CN,日联科技,科技,可研究池,76.7,80.7,76.7,可研究池,否,否,是,否,排雷状态扣分,优质候选,89,优质候选,10,A 完整历史,High,100,排雷需关注,数据质量高；长期ROE达到行业优秀线；ROE波动偏大；近5年无亏损；近5年经营现金流持续为正；自由现金流数据缺失，评级保守；资产负债率符合行业语境；营收增长达到行业较好水平,规则与AI均认可质量，排雷侧因单项风险给出需关注状态，适合进入人工复核清单
001369,CN,双欣材料,周期,可研究池,76.7,80.7,76.7,可研究池,否,否,是,否,排雷状态扣分,优质候选,88,可跟踪,7,B 中等历史,Medium,87,排雷需关注,数据质量中等，质量评级需降置信度；长期ROE达到行业优秀线；ROE稳定性较好；近5年无亏损；近5年经营现金流持续为正；自由现金流数据缺失，评级保守；资产负债率符合行业语境；周期行业营收下滑，需结合行业周期位置,规则和AI评级不完全一致，可作为人工复核优先项
600618,CN,氯碱化工,周期,可研究池,76.6,80.6,76.6,可研究池,否,否,是,否,排雷状态扣分,优质候选,97,可跟踪,10,A 完整历史,High,100,排雷需关注,数据质量高；长期ROE达到行业优秀线；ROE稳定性较好；近5年无亏损；近5年经营现金流持续为正；自由现金流数据缺失，评级保守；资产负债率符合行业语境；营收增长处于可接受区间,规则和AI评级不完全一致，可作为人工复核优先项
APG,US,APi Group Corporation Common Stock,周期,可研究池,74.0,80.6,76.6,可研究池,是,是,是,否,短历史封顶生效；排雷状态扣分,优质候选,95,可跟踪,4,C 短历史,Medium,80,短历史封顶；排雷需关注,数据质量中等，质量评级需降置信度；长期ROE达到行业基本线；ROE稳定性较好；近5年无亏损；近5年经营现金流持续为正；自由现金流整体为正；资产负债率符合行业语境；营收增长达到行业较好水平,规则和AI评级不完全一致，可作为人工复核优先项
SKYW,US,"SkyWest, Inc. - Common Stock",通用,可研究池,74.0,80.6,76.6,可研究池,是,是,是,否,短历史封顶生效；排雷状态扣分,优质候选,95,可跟踪,4,C 短历史,Medium,80,短历史封顶；排雷需关注,数据质量中等，质量评级需降置信度；长期ROE达到行业基本线；ROE稳定性较好；近5年无亏损；近5年经营现金流持续为正；自由现金流整体为正；资产负债率符合行业语境；营收增长达到行业较好水平,规则和AI评级不完全一致，可作为人工复核优先项
ARCB,US,ArcBest Corporation - Common Stock,通用,可研究池,74.0,80.6,76.6,可研究池,是,是,是,否,短历史封顶生效；排雷状态扣分,优质候选,93,可跟踪,4,C 短历史,Medium,80,短历史封顶；排雷需关注,数据质量中等，质量评级需降置信度；长期ROE达到行业优秀线；ROE稳定性较好；近5年无亏损；近5年经营现金流持续为正；自由现金流整体为正；资产负债率符合行业语境；营收增长偏弱,规则和AI评级不完全一致，可作为人工复核优先项
002825,CN,纳尔股份,通用,可研究池,76.6,80.6,76.6,可研究池,否,否,是,否,排雷状态扣分,优质候选,89,可跟踪,10,A 完整历史,High,100,排雷需关注,数据质量高；长期ROE达到行业基本线；ROE稳定性较好；近5年无亏损；近5年经营现金流持续为正；自由现金流数据缺失，评级保守；资产负债率符合行业语境；营收增长达到行业较好水平,规则和AI评级不完全一致，可作为人工复核优先项
688366,CN,昊海生科,通用,可研究池,76.6,80.6,76.6,可研究池,否,否,是,否,排雷状态扣分,优质候选,89,可跟踪,10,A 完整历史,High,100,排雷需关注,数据质量高；长期ROE达到行业基本线；ROE稳定性较好；近5年无亏损；近5年经营现金流持续为正；自由现金流数据缺失，评级保守；资产负债率符合行业语境；营收增长达到行业较好水平,规则和AI评级不完全一致，可作为人工复核优先项
920344,CN,三元基因,通用,可研究池,76.6,80.6,76.6,可研究池,否,否,是,否,排雷状态扣分,优质候选,89,可跟踪,10,A 完整历史,High,100,排雷需关注,数据质量高；长期ROE达到行业优秀线；ROE波动偏大；近5年无亏损；近5年经营现金流持续为正；自由现金流数据缺失，评级保守；资产负债率符合行业语境；营收增长达到行业较好水平,规则和AI评级不完全一致，可作为人工复核优先项
HON,US,Honeywell International Inc. - Common Stock,通用,可研究池,71.0,83.6,76.6,可研究池,是,是,是,是,短历史封顶生效；排雷状态扣分；规则AI分歧扣分,可跟踪,87,优质候选,4,C 短历史,Medium,80,短历史封顶；排雷需关注；规则AI分歧,数据质量中等，质量评级需降置信度；长期ROE达到行业优秀线；ROE稳定性较好；近5年无亏损；近5年经营现金流持续为正；自由现金流整体为正；资产负债率高于行业舒适区；营收增长处于可接受区间,AI认为质量突出，规则侧可能因单项风险保守处理
STEW,US,"SRH Total Return Fund, Inc. Common Stock",通用,可研究池,71.0,83.6,76.6,可研究池,是,是,是,是,短历史封顶生效；排雷状态扣分；规则AI分歧扣分,可跟踪,84,优质候选,4,C 短历史,Medium,80,短历史封顶；排雷需关注；规则AI分歧,数据质量中等，质量评级需降置信度；长期ROE达到行业基本线；ROE稳定性较好；近5年无亏损；近5年经营现金流持续为正；自由现金流数据缺失，评级保守；资产负债率符合行业语境；营收增长达到行业较好水平,AI认为质量突出，规则侧可能因单项风险保守处理
000726,CN,鲁  泰Ａ,通用,可研究池,76.5,80.5,76.5,可研究池,否,否,是,否,排雷状态扣分,优质候选,89,可跟踪,10,A 完整历史,High,100,排雷需关注,数据质量高；长期ROE达到行业基本线；ROE稳定性较好；近5年无亏损；近5年经营现金流持续为正；自由现金流数据缺失，评级保守；资产负债率符合行业语境；营收增长达到行业较好水平,规则和AI评级不完全一致，可作为人工复核优先项
002130,CN,沃尔核材,通用,可研究池,76.5,80.5,76.5,可研究池,否,否,是,否,排雷状态扣分,优质候选,89,可跟踪,10,A 完整历史,High,100,排雷需关注,数据质量高；长期ROE达到行业优秀线；ROE波动偏大；近5年无亏损；近5年经营现金流持续为正；自由现金流数据缺失，评级保守；资产负债率符合行业语境；营收增长达到行业较好水平,规则和AI评级不完全一致，可作为人工复核优先项
002841,CN,视源股份,通用,可研究池,76.5,80.5,76.5,可研究池,否,否,是,否,排雷状态扣分,优质候选,89,可跟踪,10,A 完整历史,High,100,排雷需关注,数据质量高；长期ROE达到行业优秀线；ROE波动偏大；近5年无亏损；近5年经营现金流持续为正；自由现金流数据缺失，评级保守；资产负债率符合行业语境；营收增长达到行业较好水平,规则和AI评级不完全一致，可作为人工复核优先项
605389,CN,长龄液压,通用,可研究池,76.5,80.5,76.5,可研究池,否,否,是,否,排雷状态扣分,优质候选,89,可跟踪,10,A 完整历史,High,100,排雷需关注,数据质量高；长期ROE达到行业优秀线；ROE波动偏大；近5年无亏损；近5年经营现金流持续为正；自由现金流数据缺失，评级保守；资产负债率符合行业语境；营收增长达到行业较好水平,规则和AI评级不完全一致，可作为人工复核优先项
WAT,US,Waters Corporation Common Stock,通用,可研究池,74.0,80.5,76.5,可研究池,是,是,是,否,短历史封顶生效；排雷状态扣分,优质候选,89,优质候选,4,C 短历史,Medium,80,短历史封顶；排雷需关注,数据质量中等，质量评级需降置信度；长期ROE达到行业优秀线；ROE波动偏大；近5年无亏损；近5年经营现金流持续为正；自由现金流整体为正；资产负债率符合行业语境；营收增长处于可接受区间,规则与AI均认可质量，排雷侧因单项风险给出需关注状态，适合进入人工复核清单；但数据年数少于5年，长期ROE、波动和CAGR应按短历史估计降置信度
603091,CN,众鑫股份,通用,可研究池,76.5,83.5,76.5,可研究池,否,否,是,是,排雷状态扣分；规则AI分歧扣分,可跟踪,84,优质候选,7,B 中等历史,Medium,87,排雷需关注；规则AI分歧,数据质量中等，质量评级需降置信度；长期ROE达到行业优秀线；ROE波动偏大；近5年无亏损；近5年经营现金流持续为正；自由现金流数据缺失，评级保守；资产负债率符合行业语境；营收增长达到行业较好水平,AI认为质量突出，规则侧可能因单项风险保守处理
605299,CN,舒华体育,通用,可研究池,76.4,79.4,76.4,可研究池,否,否,否,是,规则AI分歧扣分,优质候选,97,谨慎观察,10,A 完整历史,High,100,规则AI分歧,数据质量高；长期ROE达到行业优秀线；ROE稳定性较好；近5年无亏损；近5年经营现金流持续为正；自由现金流数据缺失，评级保守；资产负债率符合行业语境；营收增长处于可接受区间,规则质量分较高，但AI更关注风险，需要人工复核
HXL,US,Hexcel Corporation Common Stock,通用,可研究池,74.0,80.4,76.4,可研究池,是,是,是,否,短历史封顶生效；排雷状态扣分,优质候选,95,可跟踪,4,C 短历史,Medium,80,短历史封顶；排雷需关注,数据质量中等，质量评级需降置信度；长期ROE达到行业基本线；ROE稳定性较好；近5年无亏损；近5年经营现金流持续为正；自由现金流整体为正；资产负债率符合行业语境；营收增长达到行业较好水平,规则和AI评级不完全一致，可作为人工复核优先项
MGA,US,"Magna International, Inc. Common Stock",通用,可研究池,74.0,80.4,76.4,可研究池,是,是,是,否,短历史封顶生效；排雷状态扣分,优质候选,95,可跟踪,4,C 短历史,Medium,80,短历史封顶；排雷需关注,数据质量中等，质量评级需降置信度；长期ROE达到行业基本线；ROE稳定性较好；近5年无亏损；近5年经营现金流持续为正；自由现金流整体为正；资产负债率符合行业语境；营收增长达到行业较好水平,规则和AI评级不完全一致，可作为人工复核优先项
PAHC,US,Phibro Animal Health Corporation - Class A Common Stock,通用,可研究池,74.0,80.4,76.4,可研究池,是,是,是,否,短历史封顶生效；排雷状态扣分,优质候选,93,可跟踪,4,C 短历史,Medium,80,短历史封顶；排雷需关注,数据质量中等，质量评级需降置信度；长期ROE达到行业优秀线；ROE稳定性较好；近5年无亏损；近5年经营现金流持续为正；自由现金流整体为正；资产负债率高于行业舒适区；营收增长达到行业较好水平,规则和AI评级不完全一致，可作为人工复核优先项
001210,CN,金房能源,通用,可研究池,76.4,80.4,76.4,可研究池,否,否,是,否,排雷状态扣分,优质候选,89,可跟踪,10,A 完整历史,High,100,排雷需关注,数据质量高；长期ROE达到行业优秀线；ROE波动偏大；近5年无亏损；近5年经营现金流持续为正；自由现金流数据缺失，评级保守；资产负债率符合行业语境；营收增长达到行业较好水平,规则和AI评级不完全一致，可作为人工复核优先项
002226,CN,江南化工,周期,可研究池,76.4,80.4,76.4,可研究池,否,否,是,否,排雷状态扣分,优质候选,89,可跟踪,10,A 完整历史,High,100,排雷需关注,数据质量高；长期ROE达到行业基本线；ROE稳定性较好；近5年无亏损；近5年经营现金流持续为正；自由现金流数据缺失，评级保守；资产负债率符合行业语境；营收增长达到行业较好水平,规则和AI评级不完全一致，可作为人工复核优先项
ACA,US,"Arcosa, Inc. Common Stock",周期,可研究池,74.0,80.3,76.3,可研究池,是,是,是,否,短历史封顶生效；排雷状态扣分,优质候选,95,可跟踪,4,C 短历史,Medium,80,短历史封顶；排雷需关注,数据质量中等，质量评级需降置信度；长期ROE达到行业基本线；ROE稳定性较好；近5年无亏损；近5年经营现金流持续为正；自由现金流整体为正；资产负债率符合行业语境；营收增长达到行业较好水平,规则和AI评级不完全一致，可作为人工复核优先项
SNN,US,"Smith & Nephew SNATS, Inc. Common Stock",通用,可研究池,74.0,80.3,76.3,可研究池,是,是,是,否,短历史封顶生效；排雷状态扣分,优质候选,95,可跟踪,4,C 短历史,Medium,80,短历史封顶；排雷需关注,数据质量中等，质量评级需降置信度；长期ROE达到行业基本线；ROE稳定性较好；近5年无亏损；近5年经营现金流持续为正；自由现金流整体为正；资产负债率符合行业语境；营收增长达到行业较好水平,规则和AI评级不完全一致，可作为人工复核优先项
AWR,US,American States Water Company Common Stock,通用,可研究池,74.0,80.3,76.3,可研究池,是,是,是,否,短历史封顶生效；排雷状态扣分,优质候选,93,可跟踪,4,C 短历史,Medium,80,短历史封顶；排雷需关注,数据质量中等，质量评级需降置信度；长期ROE达到行业优秀线；ROE稳定性较好；近5年无亏损；近5年经营现金流持续为正；自由现金流质量不足；资产负债率符合行业语境；营收增长达到行业较好水平,规则和AI评级不完全一致，可作为人工复核优先项
VAL,US,Valaris Limited Common Shares,周期,可研究池,74.0,80.3,76.3,可研究池,是,是,是,否,短历史封顶生效；排雷状态扣分,优质候选,93,可跟踪,4,C 短历史,Medium,80,短历史封顶；排雷需关注,数据质量中等，质量评级需降置信度；长期ROE达到行业优秀线；ROE稳定性较好；近5年无亏损；近5年经营现金流持续为正；自由现金流质量不足；资产负债率符合行业语境；营收增长达到行业较好水平,规则和AI评级不完全一致，可作为人工复核优先项
001338,CN,永顺泰,通用,可研究池,76.3,80.3,76.3,可研究池,否,否,是,否,排雷状态扣分,优质候选,89,可跟踪,8,B 中等历史,High,100,排雷需关注,数据质量高；长期ROE达到行业基本线；ROE稳定性较好；近5年无亏损；近5年经营现金流持续为正；自由现金流数据缺失，评级保守；资产负债率符合行业语境；营收增长达到行业较好水平,规则和AI评级不完全一致，可作为人工复核优先项
300819,CN,聚杰微纤,通用,可研究池,76.3,80.3,76.3,可研究池,否,否,是,否,排雷状态扣分,优质候选,89,可跟踪,10,A 完整历史,High,100,排雷需关注,数据质量高；长期ROE达到行业优秀线；ROE波动偏大；近5年无亏损；近5年经营现金流持续为正；自由现金流数据缺失，评级保守；资产负债率符合行业语境；营收增长达到行业较好水平,规则和AI评级不完全一致，可作为人工复核优先项
688203,CN,海正生材,通用,可研究池,76.3,80.3,76.3,可研究池,否,否,是,否,排雷状态扣分,优质候选,89,可跟踪,8,B 中等历史,High,100,排雷需关注,数据质量高；长期ROE达到行业优秀线；ROE波动偏大；近5年无亏损；近5年经营现金流持续为正；自由现金流数据缺失，评级保守；资产负债率符合行业语境；营收增长达到行业较好水平,规则和AI评级不完全一致，可作为人工复核优先项
VC,US,Visteon Corporation - Common Stock,通用,可研究池,74.0,80.3,76.3,可研究池,是,是,是,否,短历史封顶生效；排雷状态扣分,优质候选,89,可跟踪,4,C 短历史,Medium,80,短历史封顶；排雷需关注,数据质量中等，质量评级需降置信度；长期ROE达到行业优秀线；ROE波动偏大；近5年无亏损；近5年经营现金流持续为正；自由现金流整体为正；资产负债率符合行业语境；营收增长处于可接受区间,规则和AI评级不完全一致，可作为人工复核优先项
SOLS,US,Solstice Advanced Materials Inc. - Common Stock,周期,可研究池,74.0,80.2,76.2,可研究池,是,是,是,否,短历史封顶生效；排雷状态扣分,优质候选,95,可跟踪,3,C 短历史,Medium,60,短历史封顶；排雷需关注,数据质量中等，质量评级需降置信度；长期ROE达到行业优秀线；ROE稳定性较好；近5年无亏损；近5年经营现金流持续为正；自由现金流整体为正；资产负债率略高但未构成硬伤；营收增长处于可接受区间,规则和AI评级不完全一致，可作为人工复核优先项
CAT,US,"Caterpillar, Inc. Common Stock",周期,可研究池,71.0,83.2,76.2,可研究池,是,是,是,是,短历史封顶生效；排雷状态扣分；规则AI分歧扣分,可跟踪,87,优质候选,4,C 短历史,Medium,80,短历史封顶；排雷需关注；规则AI分歧,数据质量中等，质量评级需降置信度；长期ROE达到行业优秀线；ROE稳定性较好；近5年无亏损；近5年经营现金流持续为正；自由现金流整体为正；资产负债率高于行业舒适区；营收增长处于可接受区间,AI认为质量突出，规则侧可能因单项风险保守处理
PEP,US,"PepsiCo, Inc. - Common Stock",消费,可研究池,71.0,83.2,76.2,可研究池,是,是,是,是,短历史封顶生效；排雷状态扣分；规则AI分歧扣分,可跟踪,87,优质候选,4,C 短历史,Medium,80,短历史封顶；排雷需关注；规则AI分歧,数据质量中等，质量评级需降置信度；长期ROE达到行业优秀线；ROE稳定性较好；近5年无亏损；近5年经营现金流持续为正；自由现金流整体为正；资产负债率高于行业舒适区；营收增长处于可接受区间,AI认为质量突出，规则侧可能因单项风险保守处理
000661,CN,长春高新,通用,可研究池,76.2,83.2,76.2,可研究池,否,否,是,是,排雷状态扣分；规则AI分歧扣分,可跟踪,83,优质候选,10,A 完整历史,High,100,排雷需关注；规则AI分歧,数据质量高；长期ROE达到行业优秀线；ROE波动偏大；近5年无亏损；近5年经营现金流持续为正；自由现金流数据缺失，评级保守；资产负债率符合行业语境；营收增长处于可接受区间,AI认为质量突出，规则侧可能因单项风险保守处理
920227,CN,美登科技,科技,可研究池,76.2,83.2,76.2,可研究池,否,否,是,是,排雷状态扣分；规则AI分歧扣分,可跟踪,83,优质候选,10,A 完整历史,High,100,排雷需关注；规则AI分歧,数据质量高；长期ROE达到行业优秀线；ROE波动偏大；近5年无亏损；近5年经营现金流持续为正；自由现金流数据缺失，评级保守；资产负债率符合行业语境；营收增长处于可接受区间,AI认为质量突出，规则侧可能因单项风险保守处理
AKAM,US,"Akamai Technologies, Inc. - Common Stock",科技,可研究池,71.0,83.2,76.2,可研究池,是,是,是,是,短历史封顶生效；排雷状态扣分；规则AI分歧扣分,可跟踪,81,优质候选,4,C 短历史,Medium,80,短历史封顶；排雷需关注；规则AI分歧,数据质量中等，质量评级需降置信度；长期ROE达到行业基本线；ROE稳定性较好；近5年无亏损；近5年经营现金流持续为正；自由现金流整体为正；资产负债率略高但未构成硬伤；营收增长处于可接受区间,AI认为质量突出，规则侧可能因单项风险保守处理
AMCR,US,Amcor plc Ordinary Shares,通用,可研究池,74.0,80.1,76.1,可研究池,是,是,是,否,短历史封顶生效；排雷状态扣分,优质候选,95,可跟踪,4,C 短历史,Medium,80,短历史封顶；排雷需关注,数据质量中等，质量评级需降置信度；长期ROE达到行业优秀线；ROE稳定性较好；近5年无亏损；近5年经营现金流持续为正；自由现金流整体为正；资产负债率略高但未构成硬伤；营收增长处于可接受区间,规则和AI评级不完全一致，可作为人工复核优先项
CSV,US,"Carriage Services, Inc. Common Stock",通用,可研究池,74.0,80.1,76.1,可研究池,是,是,是,否,短历史封顶生效；排雷状态扣分,优质候选,93,可跟踪,4,C 短历史,Medium,80,短历史封顶；排雷需关注,数据质量中等，质量评级需降置信度；长期ROE达到行业优秀线；ROE稳定性较好；近5年无亏损；近5年经营现金流持续为正；自由现金流整体为正；资产负债率高于行业舒适区；营收增长达到行业较好水平,规则和AI评级不完全一致，可作为人工复核优先项
600798,CN,宁波海运,通用,可研究池,76.1,80.1,76.1,可研究池,否,否,是,否,排雷状态扣分,优质候选,89,可跟踪,10,A 完整历史,High,100,排雷需关注,数据质量高；长期ROE达到行业优秀线；ROE波动偏大；近5年无亏损；近5年经营现金流持续为正；自由现金流数据缺失，评级保守；资产负债率符合行业语境；营收增长达到行业较好水平,规则和AI评级不完全一致，可作为人工复核优先项
601121,CN,宝地矿业,通用,可研究池,76.1,80.1,76.1,可研究池,否,否,是,否,排雷状态扣分,优质候选,89,可跟踪,10,A 完整历史,High,100,排雷需关注,数据质量高；长期ROE达到行业基本线；ROE稳定性较好；近5年无亏损；近5年经营现金流持续为正；自由现金流数据缺失，评级保守；资产负债率符合行业语境；营收增长达到行业较好水平,规则和AI评级不完全一致，可作为人工复核优先项
300034,CN,钢研高纳,通用,可研究池,76.0,80.0,76.0,可研究池,否,否,是,否,排雷状态扣分,优质候选,89,可跟踪,10,A 完整历史,High,100,排雷需关注,数据质量高；长期ROE达到行业基本线；ROE稳定性较好；近5年无亏损；近5年经营现金流持续为正；自由现金流数据缺失，评级保守；资产负债率符合行业语境；营收增长达到行业较好水平,规则和AI评级不完全一致，可作为人工复核优先项
300272,CN,开能健康,通用,可研究池,76.0,80.0,76.0,可研究池,否,否,是,否,排雷状态扣分,优质候选,89,可跟踪,10,A 完整历史,High,100,排雷需关注,数据质量高；长期ROE达到行业基本线；ROE稳定性较好；近5年无亏损；近5年经营现金流持续为正；自由现金流数据缺失，评级保守；资产负债率符合行业语境；营收增长达到行业较好水平,规则和AI评级不完全一致，可作为人工复核优先项
301073,CN,君亭酒店,通用,可研究池,76.0,80.0,76.0,可研究池,否,否,是,否,排雷状态扣分,优质候选,89,可跟踪,10,A 完整历史,High,100,排雷需关注,数据质量高；长期ROE达到行业优秀线；ROE波动偏大；近5年无亏损；近5年经营现金流持续为正；自由现金流数据缺失，评级保守；资产负债率符合行业语境；营收增长达到行业较好水平,规则和AI评级不完全一致，可作为人工复核优先项
600980,CN,北矿科技,科技,可研究池,76.0,80.0,76.0,可研究池,否,否,是,否,排雷状态扣分,优质候选,89,可跟踪,10,A 完整历史,High,100,排雷需关注,数据质量高；长期ROE达到行业基本线；ROE稳定性较好；近5年无亏损；近5年经营现金流持续为正；自由现金流数据缺失，评级保守；资产负债率符合行业语境；营收增长达到行业较好水平,规则和AI评级不完全一致，可作为人工复核优先项
603817,CN,海峡环保,通用,可研究池,76.0,80.0,76.0,可研究池,否,否,是,否,排雷状态扣分,优质候选,89,可跟踪,10,A 完整历史,High,100,排雷需关注,数据质量高；长期ROE达到行业基本线；ROE稳定性较好；近5年无亏损；近5年经营现金流持续为正；自由现金流数据缺失，评级保守；资产负债率符合行业语境；营收增长达到行业较好水平,规则和AI评级不完全一致，可作为人工复核优先项
603207,CN,小方制药,通用,可研究池,76.0,83.0,76.0,可研究池,否,否,是,是,排雷状态扣分；规则AI分歧扣分,可跟踪,84,优质候选,7,B 中等历史,Medium,87,排雷需关注；规则AI分歧,数据质量中等，质量评级需降置信度；长期ROE达到行业优秀线；ROE波动偏大；近5年无亏损；近5年经营现金流持续为正；自由现金流数据缺失，评级保守；资产负债率符合行业语境；营收增长达到行业较好水平,AI认为质量突出，规则侧可能因单项风险保守处理
601156,CN,东航物流,通用,可研究池,76.0,83.0,76.0,可研究池,否,否,是,是,排雷状态扣分；规则AI分歧扣分,可跟踪,83,优质候选,10,A 完整历史,High,100,排雷需关注；规则AI分歧,数据质量高；长期ROE达到行业优秀线；ROE波动偏大；近5年无亏损；近5年经营现金流持续为正；自由现金流数据缺失，评级保守；资产负债率符合行业语境；营收增长处于可接受区间,AI认为质量突出，规则侧可能因单项风险保守处理
MATX,US,"Matson, Inc. Common Stock",周期,可研究池,74.0,79.9,75.9,可研究池,是,是,是,否,短历史封顶生效；排雷状态扣分,优质候选,99,可跟踪,4,C 短历史,Medium,80,短历史封顶；排雷需关注,数据质量中等，质量评级需降置信度；长期ROE达到行业优秀线；ROE稳定性较好；近5年无亏损；近5年经营现金流持续为正；自由现金流整体为正；资产负债率符合行业语境；周期行业营收下滑，需结合行业周期位置,规则和AI评级不完全一致，可作为人工复核优先项
CRCT,US,"Cricut, Inc. - Class A common stock",科技,可研究池,74.0,79.9,75.9,可研究池,是,是,是,否,短历史封顶生效；排雷状态扣分,优质候选,93,可跟踪,4,C 短历史,Medium,80,短历史封顶；排雷需关注,数据质量中等，质量评级需降置信度；长期ROE达到行业优秀线；ROE稳定性较好；近5年无亏损；近5年经营现金流持续为正；自由现金流整体为正；资产负债率符合行业语境；营收增长偏弱,规则和AI评级不完全一致，可作为人工复核优先项
600262,CN,北方股份,通用,可研究池,75.9,79.9,75.9,可研究池,否,否,是,否,排雷状态扣分,优质候选,89,可跟踪,10,A 完整历史,High,100,排雷需关注,数据质量高；长期ROE达到行业基本线；ROE稳定性较好；近5年无亏损；近5年经营现金流持续为正；自由现金流数据缺失，评级保守；资产负债率符合行业语境；营收增长达到行业较好水平,规则和AI评级不完全一致，可作为人工复核优先项
603193,CN,润本股份,通用,可研究池,75.9,82.9,75.9,可研究池,否,否,是,是,排雷状态扣分；规则AI分歧扣分,可跟踪,84,优质候选,7,B 中等历史,Medium,87,排雷需关注；规则AI分歧,数据质量中等，质量评级需降置信度；长期ROE达到行业优秀线；ROE波动偏大；近5年无亏损；近5年经营现金流持续为正；自由现金流数据缺失，评级保守；资产负债率符合行业语境；营收增长达到行业较好水平,AI认为质量突出，规则侧可能因单项风险保守处理
688563,CN,航材股份,通用,可研究池,75.9,82.9,75.9,可研究池,否,否,是,是,排雷状态扣分；规则AI分歧扣分,可跟踪,84,优质候选,7,B 中等历史,Medium,87,排雷需关注；规则AI分歧,数据质量中等，质量评级需降置信度；长期ROE达到行业优秀线；ROE波动偏大；近5年无亏损；近5年经营现金流持续为正；自由现金流数据缺失，评级保守；资产负债率符合行业语境；营收增长达到行业较好水平,AI认为质量突出，规则侧可能因单项风险保守处理
ASM,US,Avino Silver & Gold Mines Ltd. Common Shares (Canada),周期,可研究池,74.0,79.8,75.8,可研究池,是,是,是,否,短历史封顶生效；排雷状态扣分,优质候选,95,可跟踪,4,C 短历史,Medium,80,短历史封顶；排雷需关注,数据质量中等，质量评级需降置信度；长期ROE达到行业基本线；ROE稳定性较好；近5年无亏损；近5年经营现金流持续为正；自由现金流整体为正；资产负债率符合行业语境；营收增长达到行业较好水平,规则和AI评级不完全一致，可作为人工复核优先项
SW,US,Smurfit WestRock plc Ordinary Shares,通用,可研究池,74.0,79.8,75.8,可研究池,是,是,是,否,短历史封顶生效；排雷状态扣分,优质候选,95,可跟踪,4,C 短历史,Medium,80,短历史封顶；排雷需关注,数据质量中等，质量评级需降置信度；长期ROE达到行业基本线；ROE稳定性较好；近5年无亏损；近5年经营现金流持续为正；自由现金流整体为正；资产负债率符合行业语境；营收增长达到行业较好水平,规则和AI评级不完全一致，可作为人工复核优先项
001872,CN,招商港口,通用,可研究池,75.8,79.8,75.8,可研究池,否,否,是,否,排雷状态扣分,优质候选,89,可跟踪,10,A 完整历史,High,100,排雷需关注,数据质量高；长期ROE达到行业基本线；ROE稳定性较好；近5年无亏损；近5年经营现金流持续为正；自由现金流数据缺失，评级保守；资产负债率符合行业语境；营收增长达到行业较好水平,规则和AI评级不完全一致，可作为人工复核优先项
002155,CN,湖南黄金,通用,可研究池,75.8,79.8,75.8,可研究池,否,否,是,否,排雷状态扣分,优质候选,89,可跟踪,10,A 完整历史,High,100,排雷需关注,数据质量高；长期ROE达到行业基本线；ROE稳定性较好；近5年无亏损；近5年经营现金流持续为正；自由现金流数据缺失，评级保守；资产负债率符合行业语境；营收增长达到行业较好水平,规则和AI评级不完全一致，可作为人工复核优先项
002357,CN,富临运业,通用,可研究池,75.8,79.8,75.8,可研究池,否,否,是,否,排雷状态扣分,优质候选,89,可跟踪,10,A 完整历史,High,100,排雷需关注,数据质量高；长期ROE达到行业基本线；ROE稳定性较好；近5年无亏损；近5年经营现金流持续为正；自由现金流数据缺失，评级保守；资产负债率符合行业语境；营收增长达到行业较好水平,规则和AI评级不完全一致，可作为人工复核优先项
002479,CN,富春环保,通用,可研究池,75.8,79.8,75.8,可研究池,否,否,是,否,排雷状态扣分,优质候选,89,可跟踪,10,A 完整历史,High,100,排雷需关注,数据质量高；长期ROE达到行业基本线；ROE稳定性较好；近5年无亏损；近5年经营现金流持续为正；自由现金流数据缺失，评级保守；资产负债率符合行业语境；营收增长达到行业较好水平,规则和AI评级不完全一致，可作为人工复核优先项
002817,CN,黄山胶囊,通用,可研究池,75.8,79.8,75.8,可研究池,否,否,是,否,排雷状态扣分,优质候选,89,可跟踪,10,A 完整历史,High,100,排雷需关注,数据质量高；长期ROE达到行业基本线；ROE稳定性较好；近5年无亏损；近5年经营现金流持续为正；自由现金流数据缺失，评级保守；资产负债率符合行业语境；营收增长达到行业较好水平,规则和AI评级不完全一致，可作为人工复核优先项
002959,CN,小熊电器,通用,可研究池,75.8,79.8,75.8,可研究池,否,否,是,否,排雷状态扣分,优质候选,89,可跟踪,10,A 完整历史,High,100,排雷需关注,数据质量高；长期ROE达到行业优秀线；ROE波动偏大；近5年无亏损；近5年经营现金流持续为正；自由现金流数据缺失，评级保守；资产负债率符合行业语境；营收增长达到行业较好水平,规则和AI评级不完全一致，可作为人工复核优先项
301121,CN,紫建电子,科技,可研究池,75.8,79.8,75.8,可研究池,否,否,是,否,排雷状态扣分,优质候选,89,可跟踪,9,B 中等历史,High,100,排雷需关注,数据质量高；长期ROE达到行业优秀线；ROE波动偏大；近5年无亏损；近5年经营现金流持续为正；自由现金流数据缺失，评级保守；资产负债率符合行业语境；营收增长达到行业较好水平,规则和AI评级不完全一致，可作为人工复核优先项
IOSP,US,Innospec Inc. - Common Stock,周期,可研究池,74.0,79.8,75.8,可研究池,是,是,是,否,短历史封顶生效；排雷状态扣分,优质候选,89,可跟踪,4,C 短历史,Medium,80,短历史封顶；排雷需关注,数据质量中等，质量评级需降置信度；长期ROE达到行业基本线；ROE稳定性较好；近5年无亏损；近5年经营现金流持续为正；自由现金流整体为正；资产负债率符合行业语境；营收增长处于可接受区间,规则和AI评级不完全一致，可作为人工复核优先项
WMK,US,"Weis Markets, Inc. Common Stock",通用,可研究池,74.0,79.8,75.8,可研究池,是,是,是,否,短历史封顶生效；排雷状态扣分,优质候选,89,可跟踪,4,C 短历史,Medium,80,短历史封顶；排雷需关注,数据质量中等，质量评级需降置信度；长期ROE达到行业基本线；ROE稳定性较好；近5年无亏损；近5年经营现金流持续为正；自由现金流整体为正；资产负债率符合行业语境；营收增长处于可接受区间,规则和AI评级不完全一致，可作为人工复核优先项
OVV,US,Ovintiv Inc. (DE),周期,可研究池,74.0,79.7,75.7,可研究池,是,是,是,否,短历史封顶生效；排雷状态扣分,优质候选,99,可跟踪,4,C 短历史,Medium,80,短历史封顶；排雷需关注,数据质量中等，质量评级需降置信度；长期ROE达到行业优秀线；ROE稳定性较好；近5年无亏损；近5年经营现金流持续为正；自由现金流整体为正；资产负债率符合行业语境；周期行业营收下滑，需结合行业周期位置,规则和AI评级不完全一致，可作为人工复核优先项
SBLK,US,Star Bulk Carriers Corp. - Common Shares,周期,可研究池,74.0,79.7,75.7,可研究池,是,是,是,否,短历史封顶生效；排雷状态扣分,优质候选,99,可跟踪,4,C 短历史,Medium,80,短历史封顶；排雷需关注,数据质量中等，质量评级需降置信度；长期ROE达到行业优秀线；ROE稳定性较好；近5年无亏损；近5年经营现金流持续为正；自由现金流整体为正；资产负债率符合行业语境；周期行业营收下滑，需结合行业周期位置,规则和AI评级不完全一致，可作为人工复核优先项
601717,CN,中创智领,通用,可研究池,75.7,79.7,75.7,可研究池,否,否,是,否,排雷状态扣分,优质候选,89,可跟踪,10,A 完整历史,High,100,排雷需关注,数据质量高；长期ROE达到行业优秀线；ROE波动偏大；近5年无亏损；近5年经营现金流持续为正；自由现金流数据缺失，评级保守；资产负债率符合行业语境；营收增长达到行业较好水平,规则和AI评级不完全一致，可作为人工复核优先项
603655,CN,朗博科技,科技,可研究池,75.7,79.7,75.7,可研究池,否,否,是,否,排雷状态扣分,优质候选,89,可跟踪,10,A 完整历史,High,100,排雷需关注,数据质量高；长期ROE达到行业基本线；ROE稳定性较好；近5年无亏损；近5年经营现金流持续为正；自由现金流数据缺失，评级保守；资产负债率符合行业语境；营收增长达到行业较好水平,规则和AI评级不完全一致，可作为人工复核优先项
688273,CN,麦澜德,通用,可研究池,75.7,79.7,75.7,可研究池,否,否,是,否,排雷状态扣分,优质候选,89,可跟踪,8,B 中等历史,High,100,排雷需关注,数据质量高；长期ROE达到行业优秀线；ROE波动偏大；近5年无亏损；近5年经营现金流持续为正；自由现金流数据缺失，评级保守；资产负债率符合行业语境；营收增长达到行业较好水平,规则和AI评级不完全一致，可作为人工复核优先项
SHW,US,Sherwin-Williams Company (The) Common Stock,周期,可研究池,71.0,82.7,75.7,可研究池,是,是,是,是,短历史封顶生效；排雷状态扣分；规则AI分歧扣分,可跟踪,87,优质候选,4,C 短历史,Medium,80,短历史封顶；排雷需关注；规则AI分歧,数据质量中等，质量评级需降置信度；长期ROE达到行业优秀线；ROE稳定性较好；近5年无亏损；近5年经营现金流持续为正；自由现金流整体为正；资产负债率高于行业舒适区；营收增长处于可接受区间,AI认为质量突出，规则侧可能因单项风险保守处理
688692,CN,达梦数据,通用,可研究池,75.7,82.7,75.7,可研究池,否,否,是,是,排雷状态扣分；规则AI分歧扣分,可跟踪,84,优质候选,7,B 中等历史,Medium,87,排雷需关注；规则AI分歧,数据质量中等，质量评级需降置信度；长期ROE达到行业优秀线；ROE波动偏大；近5年无亏损；近5年经营现金流持续为正；自由现金流数据缺失，评级保守；资产负债率符合行业语境；营收增长达到行业较好水平,AI认为质量突出，规则侧可能因单项风险保守处理
NUE,US,Nucor Corporation Common Stock,周期,可研究池,74.0,79.6,75.6,可研究池,是,是,是,否,短历史封顶生效；排雷状态扣分,优质候选,99,可跟踪,4,C 短历史,Medium,80,短历史封顶；排雷需关注,数据质量中等，质量评级需降置信度；长期ROE达到行业优秀线；ROE稳定性较好；近5年无亏损；近5年经营现金流持续为正；自由现金流整体为正；资产负债率符合行业语境；周期行业营收下滑，需结合行业周期位置,规则和AI评级不完全一致，可作为人工复核优先项
FC,US,Franklin Covey Company Common Stock,通用,可研究池,74.0,79.6,75.6,可研究池,是,是,是,否,短历史封顶生效；排雷状态扣分,优质候选,95,可跟踪,4,C 短历史,Medium,80,短历史封顶；排雷需关注,数据质量中等，质量评级需降置信度；长期ROE达到行业优秀线；ROE稳定性较好；近5年无亏损；近5年经营现金流持续为正；自由现金流整体为正；资产负债率略高但未构成硬伤；营收增长处于可接受区间,规则和AI评级不完全一致，可作为人工复核优先项
LNT,US,Alliant Energy Corporation - Common Stock,周期,可研究池,74.0,79.6,75.6,可研究池,是,是,是,否,短历史封顶生效；排雷状态扣分,优质候选,95,可跟踪,4,C 短历史,Medium,80,短历史封顶；排雷需关注,数据质量中等，质量评级需降置信度；长期ROE达到行业优秀线；ROE稳定性较好；近5年无亏损；近5年经营现金流持续为正；自由现金流整体为正；资产负债率略高但未构成硬伤；营收增长处于可接受区间,规则和AI评级不完全一致，可作为人工复核优先项
GLE,US,Global Engine Group Holding Limited - Class A Ordinary Shares,科技,可研究池,74.0,79.6,75.6,可研究池,是,是,是,否,短历史封顶生效；排雷状态扣分,优质候选,91,可跟踪,4,C 短历史,Medium,80,短历史封顶；排雷需关注,数据质量中等，质量评级需降置信度；长期ROE达到行业优秀线；ROE波动偏大；近5年无亏损；近5年经营现金流持续为正；自由现金流整体为正；营收增长达到行业较好水平,规则和AI评级不完全一致，可作为人工复核优先项
EQNR,US,Equinor ASA,周期,可研究池,74.0,79.5,75.5,可研究池,是,是,是,否,短历史封顶生效；排雷状态扣分,优质候选,99,优质候选,4,C 短历史,Medium,80,短历史封顶；排雷需关注,数据质量中等，质量评级需降置信度；长期ROE达到行业优秀线；ROE稳定性较好；近5年无亏损；近5年经营现金流持续为正；自由现金流整体为正；资产负债率符合行业语境；周期行业营收下滑，需结合行业周期位置,规则与AI均认可质量，排雷侧因单项风险给出需关注状态，适合进入人工复核清单；但数据年数少于5年，长期ROE、波动和CAGR应按短历史估计降置信度
IIIN,US,"Insteel Industries, Inc. Common Stock",周期,可研究池,74.0,79.5,75.5,可研究池,是,是,是,否,短历史封顶生效；排雷状态扣分,优质候选,99,可跟踪,4,C 短历史,Medium,80,短历史封顶；排雷需关注,数据质量中等，质量评级需降置信度；长期ROE达到行业优秀线；ROE稳定性较好；近5年无亏损；近5年经营现金流持续为正；自由现金流整体为正；资产负债率符合行业语境；周期行业营收下滑，需结合行业周期位置,规则和AI评级不完全一致，可作为人工复核优先项
ELTK,US,Eltek Ltd. - Ordinary Shares,科技,可研究池,74.0,79.5,75.5,可研究池,是,是,是,否,短历史封顶生效；排雷状态扣分,优质候选,93,可跟踪,4,C 短历史,Medium,80,短历史封顶；排雷需关注,数据质量中等，质量评级需降置信度；长期ROE达到行业优秀线；ROE稳定性较好；近5年无亏损；近5年经营现金流持续为正；自由现金流质量不足；资产负债率符合行业语境；营收增长达到行业较好水平,规则和AI评级不完全一致，可作为人工复核优先项
000933,CN,神火股份,通用,可研究池,75.5,79.5,75.5,可研究池,否,否,是,否,排雷状态扣分,优质候选,89,可跟踪,10,A 完整历史,High,100,排雷需关注,数据质量高；长期ROE达到行业优秀线；ROE波动偏大；近5年无亏损；近5年经营现金流持续为正；自由现金流数据缺失，评级保守；资产负债率符合行业语境；营收增长达到行业较好水平,规则和AI评级不完全一致，可作为人工复核优先项
300703,CN,创源股份,通用,可研究池,75.5,79.5,75.5,可研究池,否,否,是,否,排雷状态扣分,优质候选,89,可跟踪,10,A 完整历史,High,100,排雷需关注,数据质量高；长期ROE达到行业优秀线；ROE波动偏大；近5年无亏损；近5年经营现金流持续为正；自由现金流数据缺失，评级保守；资产负债率符合行业语境；营收增长达到行业较好水平,规则和AI评级不完全一致，可作为人工复核优先项
301293,CN,三博脑科,通用,可研究池,75.5,79.5,75.5,可研究池,否,否,是,否,排雷状态扣分,优质候选,89,可跟踪,9,B 中等历史,High,100,排雷需关注,数据质量高；长期ROE达到行业基本线；ROE稳定性较好；近5年无亏损；近5年经营现金流持续为正；自由现金流数据缺失，评级保守；资产负债率符合行业语境；营收增长达到行业较好水平,规则和AI评级不完全一致，可作为人工复核优先项
RNGR,US,"Ranger Energy Services, Inc. Class A Common Stock",周期,可研究池,74.0,79.5,75.5,可研究池,是,是,是,否,短历史封顶生效；排雷状态扣分,优质候选,89,可跟踪,4,C 短历史,Medium,80,短历史封顶；排雷需关注,数据质量中等，质量评级需降置信度；长期ROE达到行业基本线；ROE稳定性较好；近5年无亏损；近5年经营现金流持续为正；自由现金流整体为正；资产负债率符合行业语境；营收增长处于可接受区间,规则和AI评级不完全一致，可作为人工复核优先项
688708,CN,佳驰科技,科技,可研究池,75.5,82.5,75.5,可研究池,否,否,是,是,排雷状态扣分；规则AI分歧扣分,可跟踪,84,优质候选,7,B 中等历史,Medium,87,排雷需关注；规则AI分歧,数据质量中等，质量评级需降置信度；长期ROE达到行业优秀线；ROE波动偏大；近5年无亏损；近5年经营现金流持续为正；自由现金流数据缺失，评级保守；资产负债率符合行业语境；营收增长达到行业较好水平,AI认为质量突出，规则侧可能因单项风险保守处理
603202,CN,天有为,通用,可研究池,75.5,82.5,75.5,可研究池,否,否,是,是,排雷状态扣分；规则AI分歧扣分,可跟踪,84,优质候选,6,B 中等历史,Medium,75,排雷需关注；规则AI分歧,数据质量中等，质量评级需降置信度；长期ROE达到行业优秀线；ROE波动偏大；近5年无亏损；近5年经营现金流持续为正；自由现金流数据缺失，评级保守；资产负债率符合行业语境；营收增长达到行业较好水平,AI认为质量突出，规则侧可能因单项风险保守处理
VRTX,US,Vertex Pharmaceuticals Incorporated - Common Stock,科技,可研究池,71.0,82.5,75.5,可研究池,是,是,是,是,短历史封顶生效；排雷状态扣分；规则AI分歧扣分,可跟踪,79,优质候选,4,C 短历史,Medium,80,短历史封顶；排雷需关注；规则AI分歧,数据质量中等，质量评级需降置信度；长期ROE达到行业优秀线；ROE稳定性较好；科技/成长公司有亏损记录，需看亏损是否收窄；经营现金流存在瑕疵；自由现金流整体为正；资产负债率符合行业语境；营收增长达到行业较好水平,AI认为质量突出，规则侧可能因单项风险保守处理
GHC,US,Graham Holdings Company Common Stock,通用,可研究池,74.0,79.3,75.3,可研究池,是,是,是,否,短历史封顶生效；排雷状态扣分,优质候选,95,可跟踪,4,C 短历史,Medium,80,短历史封顶；排雷需关注,数据质量中等，质量评级需降置信度；长期ROE达到行业基本线；ROE稳定性较好；近5年无亏损；近5年经营现金流持续为正；自由现金流整体为正；资产负债率符合行业语境；营收增长达到行业较好水平,规则和AI评级不完全一致，可作为人工复核优先项
PATK,US,"Patrick Industries, Inc. - Common Stock",通用,可研究池,74.0,79.3,75.3,可研究池,是,是,是,否,短历史封顶生效；排雷状态扣分,优质候选,93,可跟踪,4,C 短历史,Medium,80,短历史封顶；排雷需关注,数据质量中等，质量评级需降置信度；长期ROE达到行业优秀线；ROE稳定性较好；近5年无亏损；近5年经营现金流持续为正；自由现金流整体为正；资产负债率符合行业语境；营收增长偏弱,规则和AI评级不完全一致，可作为人工复核优先项
300454,CN,深信服,通用,可研究池,75.3,79.3,75.3,可研究池,否,否,是,否,排雷状态扣分,优质候选,89,可跟踪,10,A 完整历史,High,100,排雷需关注,数据质量高；长期ROE达到行业优秀线；ROE波动偏大；近5年无亏损；近5年经营现金流持续为正；自由现金流数据缺失，评级保守；资产负债率符合行业语境；营收增长达到行业较好水平,规则和AI评级不完全一致，可作为人工复核优先项
605555,CN,德昌股份,通用,可研究池,75.3,79.3,75.3,可研究池,否,否,是,否,排雷状态扣分,优质候选,89,可跟踪,9,B 中等历史,High,100,排雷需关注,数据质量高；长期ROE达到行业优秀线；ROE波动偏大；近5年无亏损；近5年经营现金流持续为正；自由现金流数据缺失，评级保守；资产负债率符合行业语境；营收增长达到行业较好水平,规则和AI评级不完全一致，可作为人工复核优先项
E,US,ENI S.p.A. Common Stock,周期,可研究池,74.0,79.2,75.2,可研究池,是,是,是,否,短历史封顶生效；排雷状态扣分,优质候选,99,可跟踪,4,C 短历史,Medium,80,短历史封顶；排雷需关注,数据质量中等，质量评级需降置信度；长期ROE达到行业优秀线；ROE稳定性较好；近5年无亏损；近5年经营现金流持续为正；自由现金流整体为正；资产负债率符合行业语境；周期行业营收下滑，需结合行业周期位置,规则和AI评级不完全一致，可作为人工复核优先项
000060,CN,中金岭南,通用,可研究池,75.2,79.2,75.2,可研究池,否,否,是,否,排雷状态扣分,优质候选,89,可跟踪,10,A 完整历史,High,100,排雷需关注,数据质量高；长期ROE达到行业基本线；ROE稳定性较好；近5年无亏损；近5年经营现金流持续为正；自由现金流数据缺失，评级保守；资产负债率符合行业语境；营收增长达到行业较好水平,规则和AI评级不完全一致，可作为人工复核优先项
CCEC,US,Capital Clean Energy Carriers Corp. - Common Share,周期,可研究池,74.0,79.1,75.1,可研究池,是,是,是,否,短历史封顶生效；排雷状态扣分,优质候选,93,可跟踪,4,C 短历史,Medium,80,短历史封顶；排雷需关注,数据质量中等，质量评级需降置信度；长期ROE达到行业优秀线；ROE稳定性较好；近5年无亏损；近5年经营现金流持续为正；自由现金流质量不足；资产负债率符合行业语境；营收增长达到行业较好水平,规则和AI评级不完全一致，可作为人工复核优先项
301125,CN,腾亚精工,通用,可研究池,75.1,79.1,75.1,可研究池,否,否,是,否,排雷状态扣分,优质候选,89,可跟踪,9,B 中等历史,High,100,排雷需关注,数据质量高；长期ROE达到行业优秀线；ROE波动偏大；近5年无亏损；近5年经营现金流持续为正；自由现金流数据缺失，评级保守；资产负债率符合行业语境；营收增长达到行业较好水平,规则和AI评级不完全一致，可作为人工复核优先项
920976,CN,视声智能,通用,可研究池,75.1,79.1,75.1,可研究池,否,否,是,否,排雷状态扣分,优质候选,89,可跟踪,10,A 完整历史,High,100,排雷需关注,数据质量高；长期ROE达到行业优秀线；ROE波动偏大；近5年无亏损；近5年经营现金流持续为正；自由现金流数据缺失，评级保守；资产负债率符合行业语境；营收增长达到行业较好水平,规则和AI评级不完全一致，可作为人工复核优先项
MTRN,US,Materion Corporation,周期,可研究池,74.0,79.1,75.1,可研究池,是,是,是,否,短历史封顶生效；排雷状态扣分,优质候选,89,可跟踪,4,C 短历史,Medium,80,短历史封顶；排雷需关注,数据质量中等，质量评级需降置信度；长期ROE达到行业基本线；ROE稳定性较好；近5年无亏损；近5年经营现金流持续为正；自由现金流整体为正；资产负债率符合行业语境；营收增长处于可接受区间,规则和AI评级不完全一致，可作为人工复核优先项
HSY,US,The Hershey Company Common Stock,通用,可研究池,71.0,82.1,75.1,可研究池,是,是,是,是,短历史封顶生效；排雷状态扣分；规则AI分歧扣分,可跟踪,87,优质候选,4,C 短历史,Medium,80,短历史封顶；排雷需关注；规则AI分歧,数据质量中等，质量评级需降置信度；长期ROE达到行业优秀线；ROE波动偏大；近5年无亏损；近5年经营现金流持续为正；自由现金流整体为正；资产负债率略高但未构成硬伤；营收增长达到行业较好水平,AI认为质量突出，规则侧可能因单项风险保守处理
LCII,US,LCI Industries,通用,可研究池,74.0,79.0,75.0,可研究池,是,是,是,否,短历史封顶生效；排雷状态扣分,优质候选,93,可跟踪,4,C 短历史,Medium,80,短历史封顶；排雷需关注,数据质量中等，质量评级需降置信度；长期ROE达到行业优秀线；ROE稳定性较好；近5年无亏损；近5年经营现金流持续为正；自由现金流整体为正；资产负债率符合行业语境；营收增长偏弱,规则和AI评级不完全一致，可作为人工复核优先项
002536,CN,飞龙股份,通用,可研究池,75.0,79.0,75.0,可研究池,否,否,是,否,排雷状态扣分,优质候选,89,可跟踪,10,A 完整历史,High,100,排雷需关注,数据质量高；长期ROE达到行业基本线；ROE稳定性较好；近5年无亏损；近5年经营现金流持续为正；自由现金流数据缺失，评级保守；资产负债率符合行业语境；营收增长达到行业较好水平,规则和AI评级不完全一致，可作为人工复核优先项
002600,CN,领益智造,通用,可研究池,75.0,79.0,75.0,可研究池,否,否,是,否,排雷状态扣分,优质候选,89,可跟踪,10,A 完整历史,High,100,排雷需关注,数据质量高；长期ROE达到行业优秀线；ROE波动偏大；近5年无亏损；近5年经营现金流持续为正；自由现金流数据缺失，评级保守；资产负债率符合行业语境；营收增长达到行业较好水平,规则和AI评级不完全一致，可作为人工复核优先项
920037,CN,广信科技,科技,可研究池,75.0,82.0,75.0,可研究池,否,否,是,是,排雷状态扣分；规则AI分歧扣分,可跟踪,75,优质候选,10,A 完整历史,High,100,排雷需关注；规则AI分歧,数据质量高；长期ROE达到行业优秀线；ROE稳定性较好；净利润波动偏大；近5年无亏损；经营现金流存在瑕疵；自由现金流数据缺失，评级保守；资产负债率符合行业语境；营收增长达到行业较好水平,AI认为质量突出，规则侧可能因单项风险保守处理
603262,CN,技源集团,通用,可研究池,74.9,81.9,74.9,可研究池,否,否,是,是,排雷状态扣分；规则AI分歧扣分,可跟踪,84,优质候选,7,B 中等历史,Medium,87,排雷需关注；规则AI分歧,数据质量中等，质量评级需降置信度；长期ROE达到行业优秀线；ROE波动偏大；近5年无亏损；近5年经营现金流持续为正；自由现金流数据缺失，评级保守；资产负债率符合行业语境；营收增长达到行业较好水平,AI认为质量突出，规则侧可能因单项风险保守处理
920982,CN,锦波生物,通用,可研究池,74.9,81.9,74.9,可研究池,否,否,是,是,排雷状态扣分；规则AI分歧扣分,可跟踪,81,优质候选,10,A 完整历史,High,100,排雷需关注；规则AI分歧,数据质量高；长期ROE达到行业优秀线；ROE波动偏大；净利润波动偏大；近5年无亏损；近5年经营现金流持续为正；自由现金流数据缺失，评级保守；资产负债率符合行业语境；营收增长达到行业较好水平,AI认为质量突出，规则侧可能因单项风险保守处理
002472,CN,双环传动,通用,可研究池,74.8,78.8,74.8,可研究池,否,否,是,否,排雷状态扣分,优质候选,89,可跟踪,10,A 完整历史,High,100,排雷需关注,数据质量高；长期ROE达到行业基本线；ROE稳定性较好；近5年无亏损；近5年经营现金流持续为正；自由现金流数据缺失，评级保守；资产负债率符合行业语境；营收增长达到行业较好水平,规则和AI评级不完全一致，可作为人工复核优先项
002962,CN,五方光电,通用,可研究池,74.8,78.8,74.8,可研究池,否,否,是,否,排雷状态扣分,优质候选,89,可跟踪,10,A 完整历史,High,100,排雷需关注,数据质量高；长期ROE达到行业优秀线；ROE波动偏大；近5年无亏损；近5年经营现金流持续为正；自由现金流数据缺失，评级保守；资产负债率符合行业语境；营收增长达到行业较好水平,规则和AI评级不完全一致，可作为人工复核优先项
300001,CN,特锐德,通用,可研究池,74.8,78.8,74.8,可研究池,否,否,是,否,排雷状态扣分,优质候选,89,可跟踪,10,A 完整历史,High,100,排雷需关注,数据质量高；长期ROE达到行业基本线；ROE稳定性较好；近5年无亏损；近5年经营现金流持续为正；自由现金流数据缺失，评级保守；资产负债率符合行业语境；营收增长达到行业较好水平,规则和AI评级不完全一致，可作为人工复核优先项
600489,CN,中金黄金,通用,可研究池,74.8,78.8,74.8,可研究池,否,否,是,否,排雷状态扣分,优质候选,89,可跟踪,10,A 完整历史,High,100,排雷需关注,数据质量高；长期ROE达到行业基本线；ROE稳定性较好；近5年无亏损；近5年经营现金流持续为正；自由现金流数据缺失，评级保守；资产负债率符合行业语境；营收增长达到行业较好水平,规则和AI评级不完全一致，可作为人工复核优先项
600583,CN,海油工程,通用,可研究池,74.8,78.8,74.8,可研究池,否,否,是,否,排雷状态扣分,优质候选,89,可跟踪,10,A 完整历史,High,100,排雷需关注,数据质量高；长期ROE达到行业基本线；ROE稳定性较好；近5年无亏损；近5年经营现金流持续为正；自由现金流数据缺失，评级保守；资产负债率符合行业语境；营收增长达到行业较好水平,规则和AI评级不完全一致，可作为人工复核优先项
688150,CN,莱特光电,通用,可研究池,74.8,78.8,74.8,可研究池,否,否,是,否,排雷状态扣分,优质候选,89,可跟踪,10,A 完整历史,High,100,排雷需关注,数据质量高；长期ROE达到行业优秀线；ROE波动偏大；近5年无亏损；近5年经营现金流持续为正；自由现金流数据缺失，评级保守；资产负债率符合行业语境；营收增长达到行业较好水平,规则和AI评级不完全一致，可作为人工复核优先项
RGLD,US,"Royal Gold, Inc. - Common Stock",通用,可研究池,74.8,77.8,74.8,可研究池,否,是,否,是,短历史受限；规则AI分歧扣分,可跟踪,79,优质候选,4,C 短历史,Medium,80,短历史封顶；规则AI分歧,数据质量中等，质量评级需降置信度；长期ROE达到行业基本线；ROE稳定性较好；近5年无亏损；近5年经营现金流持续为正；自由现金流质量不足；资产负债率符合行业语境；营收增长达到行业较好水平,AI认为质量突出，规则侧可能因单项风险保守处理
DINO,US,HF Sinclair Corporation Common Stock,周期,可研究池,74.0,78.7,74.7,可研究池,是,是,是,否,短历史封顶生效；排雷状态扣分,优质候选,99,可跟踪,4,C 短历史,Medium,80,短历史封顶；排雷需关注,数据质量中等，质量评级需降置信度；长期ROE达到行业优秀线；ROE稳定性较好；近5年无亏损；近5年经营现金流持续为正；自由现金流整体为正；资产负债率符合行业语境；周期行业营收下滑，需结合行业周期位置,规则和AI评级不完全一致，可作为人工复核优先项
SWKS,US,"Skyworks Solutions, Inc. - Common Stock",科技,可研究池,74.0,78.7,74.7,可研究池,是,是,是,否,短历史封顶生效；排雷状态扣分,优质候选,93,可跟踪,4,C 短历史,Medium,80,短历史封顶；排雷需关注,数据质量中等，质量评级需降置信度；长期ROE达到行业优秀线；ROE稳定性较好；近5年无亏损；近5年经营现金流持续为正；自由现金流整体为正；资产负债率符合行业语境；营收增长偏弱,规则和AI评级不完全一致，可作为人工复核优先项
301301,CN,川宁生物,通用,可研究池,74.7,78.7,74.7,可研究池,否,否,是,否,排雷状态扣分,优质候选,89,可跟踪,8,B 中等历史,High,100,排雷需关注,数据质量高；长期ROE达到行业基本线；ROE稳定性较好；近5年无亏损；近5年经营现金流持续为正；自由现金流数据缺失，评级保守；资产负债率符合行业语境；营收增长达到行业较好水平,规则和AI评级不完全一致，可作为人工复核优先项
920016,CN,中草香料,通用,可研究池,74.7,78.7,74.7,可研究池,否,否,是,否,排雷状态扣分,优质候选,89,可跟踪,10,A 完整历史,High,100,排雷需关注,数据质量高；长期ROE达到行业优秀线；ROE波动偏大；近5年无亏损；近5年经营现金流持续为正；自由现金流数据缺失，评级保守；资产负债率符合行业语境；营收增长达到行业较好水平,规则和AI评级不完全一致，可作为人工复核优先项
920068,CN,天工股份,通用,可研究池,74.7,78.7,74.7,可研究池,否,否,是,否,排雷状态扣分,优质候选,89,可跟踪,10,A 完整历史,High,100,排雷需关注,数据质量高；长期ROE达到行业基本线；ROE稳定性较好；近5年无亏损；近5年经营现金流持续为正；自由现金流数据缺失，评级保守；资产负债率符合行业语境；营收增长达到行业较好水平,规则和AI评级不完全一致，可作为人工复核优先项
300308,CN,中际旭创,通用,可研究池,74.7,81.7,74.7,可研究池,否,否,是,是,排雷状态扣分；规则AI分歧扣分,可跟踪,81,优质候选,10,A 完整历史,High,100,排雷需关注；规则AI分歧,数据质量高；长期ROE达到行业优秀线；ROE波动偏大；净利润波动偏大；近5年无亏损；近5年经营现金流持续为正；自由现金流数据缺失，评级保守；资产负债率符合行业语境；营收增长达到行业较好水平,AI认为质量突出，规则侧可能因单项风险保守处理
POWL,US,"Powell Industries, Inc. - Common Stock",通用,可研究池,71.0,81.7,74.7,可研究池,是,是,是,是,短历史封顶生效；排雷状态扣分；规则AI分歧扣分,可跟踪,75,优质候选,4,C 短历史,Medium,80,短历史封顶；排雷需关注；规则AI分歧,数据质量中等，质量评级需降置信度；长期ROE达到行业优秀线；ROE波动偏大；近5年无亏损；经营现金流存在瑕疵；自由现金流整体为正；资产负债率符合行业语境；营收增长达到行业较好水平,AI认为质量突出，规则侧可能因单项风险保守处理
DE,US,Deere & Company Common Stock,周期,可研究池,74.0,78.6,74.6,可研究池,是,是,是,否,短历史封顶生效；排雷状态扣分,优质候选,95,可跟踪,4,C 短历史,Medium,80,短历史封顶；排雷需关注,数据质量中等，质量评级需降置信度；长期ROE达到行业优秀线；ROE稳定性较好；近5年无亏损；近5年经营现金流持续为正；自由现金流整体为正；资产负债率略高但未构成硬伤；营收增长处于可接受区间,规则和AI评级不完全一致，可作为人工复核优先项
FOUR,US,"Shift4 Payments, Inc. Class A Common Stock",科技,可研究池,74.0,78.6,74.6,可研究池,是,是,是,否,短历史封顶生效；排雷状态扣分,优质候选,93,可跟踪,4,C 短历史,Medium,80,短历史封顶；排雷需关注,数据质量中等，质量评级需降置信度；长期ROE达到行业优秀线；ROE稳定性较好；近5年无亏损；近5年经营现金流持续为正；自由现金流整体为正；资产负债率高于行业舒适区；营收增长达到行业较好水平,规则和AI评级不完全一致，可作为人工复核优先项
002553,CN,南方精工,通用,可研究池,74.6,78.6,74.6,可研究池,否,否,是,否,排雷状态扣分,优质候选,89,可跟踪,10,A 完整历史,High,100,排雷需关注,数据质量高；长期ROE达到行业优秀线；ROE波动偏大；近5年无亏损；近5年经营现金流持续为正；自由现金流数据缺失，评级保守；资产负债率符合行业语境；营收增长达到行业较好水平,规则和AI评级不完全一致，可作为人工复核优先项
688088,CN,虹软科技,科技,可研究池,74.6,78.6,74.6,可研究池,否,否,是,否,排雷状态扣分,优质候选,89,可跟踪,10,A 完整历史,High,100,排雷需关注,数据质量高；长期ROE达到行业优秀线；ROE波动偏大；近5年无亏损；近5年经营现金流持续为正；自由现金流数据缺失，评级保守；资产负债率符合行业语境；营收增长达到行业较好水平,规则和AI评级不完全一致，可作为人工复核优先项
920374,CN,云里物里,通用,可研究池,74.6,78.6,74.6,可研究池,否,否,是,否,排雷状态扣分,优质候选,89,可跟踪,10,A 完整历史,High,100,排雷需关注,数据质量高；长期ROE达到行业优秀线；ROE波动偏大；近5年无亏损；近5年经营现金流持续为正；自由现金流数据缺失，评级保守；资产负债率符合行业语境；营收增长达到行业较好水平,规则和AI评级不完全一致，可作为人工复核优先项
300641,CN,正丹股份,通用,可研究池,74.6,81.6,74.6,可研究池,否,否,是,是,排雷状态扣分；规则AI分歧扣分,可跟踪,81,优质候选,10,A 完整历史,High,100,排雷需关注；规则AI分歧,数据质量高；长期ROE达到行业优秀线；ROE波动偏大；净利润波动偏大；近5年无亏损；近5年经营现金流持续为正；自由现金流数据缺失，评级保守；资产负债率符合行业语境；营收增长达到行业较好水平,AI认为质量突出，规则侧可能因单项风险保守处理
002101,CN,广东鸿图,通用,可研究池,74.5,78.5,74.5,可研究池,否,否,是,否,排雷状态扣分,优质候选,89,可跟踪,10,A 完整历史,High,100,排雷需关注,数据质量高；长期ROE达到行业优秀线；ROE波动偏大；近5年无亏损；近5年经营现金流持续为正；自由现金流数据缺失，评级保守；资产负债率符合行业语境；营收增长达到行业较好水平,规则和AI评级不完全一致，可作为人工复核优先项
FIZZ,US,National Beverage Corp. - Common Stock,消费,可研究池,71.0,81.5,74.5,可研究池,是,是,是,是,短历史封顶生效；排雷状态扣分；规则AI分歧扣分,可跟踪,79,优质候选,4,C 短历史,Medium,80,短历史封顶；排雷需关注；规则AI分歧,数据质量中等，质量评级需降置信度；长期ROE达到行业优秀线；ROE波动偏大；近5年无亏损；近5年经营现金流持续为正；自由现金流整体为正；资产负债率符合行业语境；营收增长偏弱,AI认为质量突出，规则侧可能因单项风险保守处理
SHIP,US,Seanergy Maritime Holdings Corp. - Common Stock,周期,可研究池,74.0,78.4,74.4,可研究池,是,是,是,否,短历史封顶生效；排雷状态扣分,优质候选,95,可跟踪,4,C 短历史,Medium,80,短历史封顶；排雷需关注,数据质量中等，质量评级需降置信度；长期ROE达到行业基本线；ROE稳定性较好；近5年无亏损；近5年经营现金流持续为正；自由现金流整体为正；资产负债率符合行业语境；营收增长达到行业较好水平,规则和AI评级不完全一致，可作为人工复核优先项
301086,CN,鸿富瀚,通用,可研究池,74.4,78.4,74.4,可研究池,否,否,是,否,排雷状态扣分,优质候选,89,可跟踪,9,B 中等历史,High,100,排雷需关注,数据质量高；长期ROE达到行业优秀线；ROE波动偏大；近5年无亏损；近5年经营现金流持续为正；自由现金流数据缺失，评级保守；资产负债率符合行业语境；营收增长达到行业较好水平,规则和AI评级不完全一致，可作为人工复核优先项
603683,CN,晶华新材,通用,可研究池,74.4,78.4,74.4,可研究池,否,否,是,否,排雷状态扣分,优质候选,89,可跟踪,10,A 完整历史,High,100,排雷需关注,数据质量高；长期ROE达到行业优秀线；ROE波动偏大；近5年无亏损；近5年经营现金流持续为正；自由现金流数据缺失，评级保守；资产负债率符合行业语境；营收增长达到行业较好水平,规则和AI评级不完全一致，可作为人工复核优先项
PSN,US,Parsons Corporation Common Stock,科技,可研究池,71.0,81.4,74.4,可研究池,是,是,是,是,短历史封顶生效；排雷状态扣分；规则AI分歧扣分,可跟踪,87,优质候选,4,C 短历史,Medium,80,短历史封顶；排雷需关注；规则AI分歧,数据质量中等，质量评级需降置信度；长期ROE达到行业基本线；ROE稳定性较好；近5年无亏损；近5年经营现金流持续为正；自由现金流整体为正；资产负债率略高但未构成硬伤；营收增长达到行业较好水平,AI认为质量突出，规则侧可能因单项风险保守处理
300763,CN,锦浪科技,科技,可研究池,74.4,81.4,74.4,可研究池,否,否,是,是,排雷状态扣分；规则AI分歧扣分,可跟踪,81,优质候选,10,A 完整历史,High,100,排雷需关注；规则AI分歧,数据质量高；长期ROE达到行业优秀线；ROE波动偏大；近5年无亏损；近5年经营现金流持续为正；自由现金流数据缺失，评级保守；资产负债率略高但未构成硬伤；营收增长达到行业较好水平,AI认为质量突出，规则侧可能因单项风险保守处理
ARES,US,Ares Management Corporation Class A Common Stock,通用,可研究池,71.0,81.4,74.4,可研究池,是,是,是,是,短历史封顶生效；排雷状态扣分；规则AI分歧扣分,可跟踪,81,优质候选,4,C 短历史,Medium,80,短历史封顶；排雷需关注；规则AI分歧,数据质量中等，质量评级需降置信度；长期ROE达到行业优秀线；ROE稳定性较好；近5年无亏损；经营现金流存在瑕疵；自由现金流整体为正；资产负债率略高但未构成硬伤；营收增长达到行业较好水平,AI认为质量突出，规则侧可能因单项风险保守处理
DKS,US,Dick's Sporting Goods Inc Common Stock,消费,可研究池,71.0,81.4,74.4,可研究池,是,是,是,是,短历史封顶生效；排雷状态扣分；规则AI分歧扣分,可跟踪,79,优质候选,4,C 短历史,Medium,80,短历史封顶；排雷需关注；规则AI分歧,数据质量中等，质量评级需降置信度；长期ROE达到行业优秀线；ROE波动偏大；近5年无亏损；近5年经营现金流持续为正；自由现金流整体为正；资产负债率高于行业舒适区；营收增长达到行业较好水平,AI认为质量突出，规则侧可能因单项风险保守处理
DG,US,Dollar General Corporation Common Stock,通用,可研究池,71.0,81.3,74.3,可研究池,是,是,是,是,短历史封顶生效；排雷状态扣分；规则AI分歧扣分,可跟踪,87,优质候选,4,C 短历史,Medium,80,短历史封顶；排雷需关注；规则AI分歧,数据质量中等，质量评级需降置信度；长期ROE达到行业优秀线；ROE波动偏大；近5年无亏损；近5年经营现金流持续为正；自由现金流整体为正；资产负债率略高但未构成硬伤；营收增长达到行业较好水平,AI认为质量突出，规则侧可能因单项风险保守处理
688583,CN,思看科技,科技,可研究池,74.3,81.3,74.3,可研究池,否,否,是,是,排雷状态扣分；规则AI分歧扣分,可跟踪,84,优质候选,6,B 中等历史,Medium,75,排雷需关注；规则AI分歧,数据质量中等，质量评级需降置信度；长期ROE达到行业优秀线；ROE波动偏大；近5年无亏损；近5年经营现金流持续为正；自由现金流数据缺失，评级保守；资产负债率符合行业语境；营收增长达到行业较好水平,AI认为质量突出，规则侧可能因单项风险保守处理
688721,CN,龙图光罩,通用,可研究池,74.3,81.3,74.3,可研究池,否,否,是,是,排雷状态扣分；规则AI分歧扣分,可跟踪,84,优质候选,6,B 中等历史,Medium,75,排雷需关注；规则AI分歧,数据质量中等，质量评级需降置信度；长期ROE达到行业优秀线；ROE波动偏大；近5年无亏损；近5年经营现金流持续为正；自由现金流数据缺失，评级保守；资产负债率符合行业语境；营收增长达到行业较好水平,AI认为质量突出，规则侧可能因单项风险保守处理
603983,CN,丸美生物,通用,可研究池,74.3,81.3,74.3,可研究池,否,否,是,是,排雷状态扣分；规则AI分歧扣分,可跟踪,69,优质候选,10,A 完整历史,High,100,排雷需关注；规则AI分歧,数据质量高；长期ROE达到行业优秀线；ROE波动偏大；近5年无亏损；经营现金流存在瑕疵；自由现金流数据缺失，评级保守；资产负债率符合行业语境；营收增长达到行业较好水平,AI认为质量突出，规则侧可能因单项风险保守处理
600517,CN,国网英大,通用,可研究池,74.2,78.2,74.2,可研究池,否,否,是,否,排雷状态扣分,优质候选,89,可跟踪,10,A 完整历史,High,100,排雷需关注,数据质量高；长期ROE达到行业优秀线；ROE波动偏大；近5年无亏损；近5年经营现金流持续为正；自由现金流数据缺失，评级保守；资产负债率符合行业语境；营收增长达到行业较好水平,规则和AI评级不完全一致，可作为人工复核优先项
WILC,US,"G. Willi-Food International,  Ltd. - Ordinary Shares",消费,可研究池,71.0,81.2,74.2,可研究池,是,是,是,是,短历史封顶生效；排雷状态扣分；规则AI分歧扣分,可跟踪,77,优质候选,4,C 短历史,Medium,80,短历史封顶；排雷需关注；规则AI分歧,数据质量中等，质量评级需降置信度；长期ROE低于行业基本线；ROE稳定性较好；近5年无亏损；近5年经营现金流持续为正；自由现金流整体为正；资产负债率符合行业语境；营收增长达到行业较好水平,AI认为质量突出，规则侧可能因单项风险保守处理
HOV,US,"Hovnanian Enterprises, Inc. Class A Common Stock",周期,可研究池,74.0,78.1,74.1,可研究池,是,是,是,否,短历史封顶生效；排雷状态扣分,优质候选,95,可跟踪,4,C 短历史,Medium,80,短历史封顶；排雷需关注,数据质量中等，质量评级需降置信度；长期ROE达到行业优秀线；近5年无亏损；近5年经营现金流持续为正；自由现金流整体为正；资产负债率符合行业语境；营收增长处于可接受区间,规则和AI评级不完全一致，可作为人工复核优先项
000061,CN,农 产 品,通用,可研究池,74.1,78.1,74.1,可研究池,否,否,是,否,排雷状态扣分,优质候选,89,可跟踪,10,A 完整历史,High,100,排雷需关注,数据质量高；长期ROE达到行业优秀线；ROE波动偏大；近5年无亏损；近5年经营现金流持续为正；自由现金流数据缺失，评级保守；资产负债率符合行业语境；营收增长达到行业较好水平,规则和AI评级不完全一致，可作为人工复核优先项
000791,CN,甘肃能源,通用,可研究池,74.1,78.1,74.1,可研究池,否,否,是,否,排雷状态扣分,优质候选,89,可跟踪,10,A 完整历史,High,100,排雷需关注,数据质量高；长期ROE达到行业基本线；ROE稳定性较好；近5年无亏损；近5年经营现金流持续为正；自由现金流数据缺失，评级保守；资产负债率符合行业语境；营收增长达到行业较好水平,规则和AI评级不完全一致，可作为人工复核优先项
301320,CN,豪江智能,通用,可研究池,74.1,78.1,74.1,可研究池,否,否,是,否,排雷状态扣分,优质候选,89,可跟踪,8,B 中等历史,High,100,排雷需关注,数据质量高；长期ROE达到行业优秀线；ROE波动偏大；近5年无亏损；近5年经营现金流持续为正；自由现金流数据缺失，评级保守；资产负债率符合行业语境；营收增长达到行业较好水平,规则和AI评级不完全一致，可作为人工复核优先项
301488,CN,豪恩汽电,通用,可研究池,74.1,78.1,74.1,可研究池,否,否,是,否,排雷状态扣分,优质候选,89,可跟踪,8,B 中等历史,High,100,排雷需关注,数据质量高；长期ROE达到行业优秀线；ROE波动偏大；近5年无亏损；近5年经营现金流持续为正；自由现金流数据缺失，评级保守；资产负债率符合行业语境；营收增长达到行业较好水平,规则和AI评级不完全一致，可作为人工复核优先项
600312,CN,平高电气,通用,可研究池,74.1,78.1,74.1,可研究池,否,否,是,否,排雷状态扣分,优质候选,89,可跟踪,10,A 完整历史,High,100,排雷需关注,数据质量高；长期ROE达到行业优秀线；ROE波动偏大；近5年无亏损；近5年经营现金流持续为正；自由现金流数据缺失，评级保守；资产负债率符合行业语境；营收增长达到行业较好水平,规则和AI评级不完全一致，可作为人工复核优先项
601020,CN,华钰矿业,通用,可研究池,74.1,78.1,74.1,可研究池,否,否,是,否,排雷状态扣分,优质候选,89,可跟踪,10,A 完整历史,High,100,排雷需关注,数据质量高；长期ROE达到行业基本线；ROE稳定性较好；近5年无亏损；近5年经营现金流持续为正；自由现金流数据缺失，评级保守；资产负债率符合行业语境；营收增长达到行业较好水平,规则和AI评级不完全一致，可作为人工复核优先项
LEU,US,Centrus Energy Corp. Class A Common Stock,周期,可研究池,74.0,78.0,74.0,可研究池,否,是,是,否,短历史受限；排雷状态扣分,优质候选,100,可跟踪,4,C 短历史,Medium,80,短历史封顶；排雷需关注,数据质量中等，质量评级需降置信度；长期ROE达到行业优秀线；近5年无亏损；近5年经营现金流持续为正；自由现金流整体为正；资产负债率符合行业语境；营收增长达到行业较好水平,规则和AI评级不完全一致，可作为人工复核优先项
002215,CN,诺 普 信,通用,可研究池,74.0,78.0,74.0,可研究池,否,否,是,否,排雷状态扣分,优质候选,89,可跟踪,10,A 完整历史,High,100,排雷需关注,数据质量高；长期ROE达到行业基本线；ROE稳定性较好；近5年无亏损；近5年经营现金流持续为正；自由现金流数据缺失，评级保守；资产负债率符合行业语境；营收增长达到行业较好水平,规则和AI评级不完全一致，可作为人工复核优先项
002612,CN,朗姿股份,通用,可研究池,74.0,78.0,74.0,可研究池,否,否,是,否,排雷状态扣分,优质候选,89,可跟踪,10,A 完整历史,High,100,排雷需关注,数据质量高；长期ROE达到行业优秀线；ROE波动偏大；近5年无亏损；近5年经营现金流持续为正；自由现金流数据缺失，评级保守；资产负债率符合行业语境；营收增长达到行业较好水平,规则和AI评级不完全一致，可作为人工复核优先项
301291,CN,明阳电气,通用,可研究池,74.0,78.0,74.0,可研究池,否,否,是,否,排雷状态扣分,优质候选,89,优质候选,8,B 中等历史,High,100,排雷需关注,数据质量高；长期ROE达到行业优秀线；ROE波动偏大；近5年无亏损；近5年经营现金流持续为正；自由现金流数据缺失，评级保守；资产负债率符合行业语境；营收增长达到行业较好水平,规则与AI均认可质量，排雷侧因单项风险给出需关注状态，适合进入人工复核清单；数据历史未满10年，长期质量结论仍需补充更长周期验证
KMI,US,"Kinder Morgan, Inc. Common Stock",周期,可研究池,74.0,78.0,74.0,可研究池,否,是,是,否,短历史受限；排雷状态扣分,优质候选,89,可跟踪,4,C 短历史,Medium,80,短历史封顶；排雷需关注,数据质量中等，质量评级需降置信度；长期ROE达到行业基本线；ROE稳定性较好；近5年无亏损；近5年经营现金流持续为正；自由现金流整体为正；资产负债率符合行业语境；营收增长处于可接受区间,规则和AI评级不完全一致，可作为人工复核优先项
002299,CN,圣农发展,通用,可研究池,73.9,77.9,73.9,可研究池,否,否,是,否,排雷状态扣分,优质候选,89,可跟踪,10,A 完整历史,High,100,排雷需关注,数据质量高；长期ROE达到行业优秀线；ROE波动偏大；近5年无亏损；近5年经营现金流持续为正；自由现金流数据缺失，评级保守；资产负债率符合行业语境；营收增长达到行业较好水平,规则和AI评级不完全一致，可作为人工复核优先项
002334,CN,英威腾,通用,可研究池,73.9,77.9,73.9,可研究池,否,否,是,否,排雷状态扣分,优质候选,89,可跟踪,10,A 完整历史,High,100,排雷需关注,数据质量高；长期ROE达到行业基本线；ROE稳定性较好；近5年无亏损；近5年经营现金流持续为正；自由现金流数据缺失，评级保守；资产负债率符合行业语境；营收增长达到行业较好水平,规则和AI评级不完全一致，可作为人工复核优先项
600111,CN,北方稀土,通用,可研究池,73.9,77.9,73.9,可研究池,否,否,是,否,排雷状态扣分,优质候选,89,可跟踪,10,A 完整历史,High,100,排雷需关注,数据质量高；长期ROE达到行业优秀线；ROE波动偏大；近5年无亏损；近5年经营现金流持续为正；自由现金流数据缺失，评级保守；资产负债率符合行业语境；营收增长达到行业较好水平,规则和AI评级不完全一致，可作为人工复核优先项
ANF,US,Abercrombie & Fitch Company Common Stock,消费,可研究池,71.0,80.9,73.9,可研究池,是,是,是,是,短历史封顶生效；排雷状态扣分；规则AI分歧扣分,可跟踪,75,优质候选,4,C 短历史,Medium,80,短历史封顶；排雷需关注；规则AI分歧,数据质量中等，质量评级需降置信度；长期ROE达到行业优秀线；ROE波动偏大；近5年无亏损；经营现金流存在瑕疵；自由现金流整体为正；资产负债率符合行业语境；营收增长达到行业较好水平,AI认为质量突出，规则侧可能因单项风险保守处理
SGHC,US,Super Group (SGHC) Limited Ordinary Shares,通用,可研究池,71.0,80.9,73.9,可研究池,是,是,是,是,短历史封顶生效；排雷状态扣分；规则AI分歧扣分,可跟踪,74,优质候选,4,C 短历史,Medium,80,短历史封顶；排雷需关注；规则AI分歧,数据质量中等，质量评级需降置信度；长期ROE达到行业优秀线；ROE波动偏大；近5年出现亏损；近5年经营现金流持续为正；自由现金流整体为正；资产负债率符合行业语境；营收增长达到行业较好水平,AI认为质量突出，规则侧可能因单项风险保守处理
PBR,US,Petroleo Brasileiro S.A. Petrobras ADS,周期,可研究池,73.8,77.8,73.8,可研究池,否,是,是,否,短历史受限；排雷状态扣分,优质候选,99,可跟踪,4,C 短历史,Medium,80,短历史封顶；排雷需关注,数据质量中等，质量评级需降置信度；长期ROE达到行业优秀线；ROE稳定性较好；近5年无亏损；近5年经营现金流持续为正；自由现金流整体为正；资产负债率符合行业语境；周期行业营收下滑，需结合行业周期位置,规则和AI评级不完全一致，可作为人工复核优先项
002899,CN,英派斯,通用,可研究池,73.8,77.8,73.8,可研究池,否,否,是,否,排雷状态扣分,优质候选,89,可跟踪,10,A 完整历史,High,100,排雷需关注,数据质量高；长期ROE达到行业基本线；ROE稳定性较好；近5年无亏损；近5年经营现金流持续为正；自由现金流数据缺失，评级保守；资产负债率符合行业语境；营收增长达到行业较好水平,规则和AI评级不完全一致，可作为人工复核优先项
VRT,US,"Vertiv Holdings, LLC Class A Common Stock",通用,可研究池,71.0,80.8,73.8,可研究池,是,是,是,是,短历史封顶生效；排雷状态扣分；规则AI分歧扣分,可跟踪,81,优质候选,4,C 短历史,Medium,80,短历史封顶；排雷需关注；规则AI分歧,数据质量中等，质量评级需降置信度；长期ROE达到行业优秀线；ROE稳定性较好；近5年无亏损；经营现金流存在瑕疵；自由现金流整体为正；资产负债率略高但未构成硬伤；营收增长达到行业较好水平,AI认为质量突出，规则侧可能因单项风险保守处理
000625,CN,长安汽车,通用,可研究池,73.7,77.7,73.7,可研究池,否,否,是,否,排雷状态扣分,优质候选,89,可跟踪,10,A 完整历史,High,100,排雷需关注,数据质量高；长期ROE达到行业基本线；ROE稳定性较好；近5年无亏损；近5年经营现金流持续为正；自由现金流数据缺失，评级保守；资产负债率符合行业语境；营收增长达到行业较好水平,规则和AI评级不完全一致，可作为人工复核优先项
VICR,US,Vicor Corporation - Common Stock,科技,可研究池,73.7,77.7,73.7,可研究池,否,是,是,否,短历史受限；排雷状态扣分,优质候选,89,可跟踪,4,C 短历史,Medium,80,短历史封顶；排雷需关注,数据质量中等，质量评级需降置信度；长期ROE达到行业基本线；ROE稳定性较好；近5年无亏损；近5年经营现金流持续为正；自由现金流整体为正；资产负债率符合行业语境；营收增长处于可接受区间,规则和AI评级不完全一致，可作为人工复核优先项
300502,CN,新易盛,通用,可研究池,73.7,80.7,73.7,可研究池,否,否,是,是,排雷状态扣分；规则AI分歧扣分,可跟踪,81,优质候选,10,A 完整历史,High,100,排雷需关注；规则AI分歧,数据质量高；长期ROE达到行业优秀线；ROE波动偏大；净利润波动偏大；近5年无亏损；近5年经营现金流持续为正；自由现金流数据缺失，评级保守；资产负债率符合行业语境；营收增长达到行业较好水平,AI认为质量突出，规则侧可能因单项风险保守处理
HCC,US,"Warrior Met Coal, Inc. Common Stock",周期,可研究池,73.6,77.6,73.6,可研究池,否,是,是,否,短历史受限；排雷状态扣分,优质候选,91,可跟踪,4,C 短历史,Medium,80,短历史封顶；排雷需关注,数据质量中等，质量评级需降置信度；长期ROE达到行业优秀线；近5年无亏损；近5年经营现金流持续为正；自由现金流整体为正；资产负债率符合行业语境；周期行业营收下滑，需结合行业周期位置,规则和AI评级不完全一致，可作为人工复核优先项
MSB,US,Mesabi Trust Common Stock,周期,可研究池,73.6,77.6,73.6,可研究池,否,是,是,否,短历史受限；排雷状态扣分,优质候选,90,优质候选,4,C 短历史,Medium,80,短历史封顶；排雷需关注,数据质量中等，质量评级需降置信度；长期ROE达到行业优秀线；近5年无亏损；近5年经营现金流持续为正；自由现金流数据缺失，评级保守；资产负债率符合行业语境；营收增长达到行业较好水平,规则与AI均认可质量，排雷侧因单项风险给出需关注状态，适合进入人工复核清单；但数据年数少于5年，长期ROE、波动和CAGR应按短历史估计降置信度
600097,CN,开创国际,通用,可研究池,73.6,77.6,73.6,可研究池,否,否,是,否,排雷状态扣分,优质候选,89,可跟踪,10,A 完整历史,High,100,排雷需关注,数据质量高；长期ROE达到行业优秀线；ROE波动偏大；近5年无亏损；近5年经营现金流持续为正；自由现金流数据缺失，评级保守；资产负债率符合行业语境；营收增长达到行业较好水平,规则和AI评级不完全一致，可作为人工复核优先项
MOH,US,Molina Healthcare Inc Common Stock,通用,可研究池,71.0,80.6,73.6,可研究池,是,是,是,是,短历史封顶生效；排雷状态扣分；规则AI分歧扣分,可跟踪,73,优质候选,4,C 短历史,Medium,80,短历史封顶；排雷需关注；规则AI分歧,数据质量中等，质量评级需降置信度；长期ROE达到行业优秀线；ROE稳定性较好；近5年无亏损；经营现金流存在瑕疵；自由现金流整体为正；资产负债率高于行业舒适区；营收增长达到行业较好水平,AI认为质量突出，规则侧可能因单项风险保守处理
INR,US,"Infinity Natural Resources, Inc. Class A Common Stock",周期,可研究池,73.5,77.5,73.5,可研究池,否,是,是,否,短历史受限；排雷状态扣分,优质候选,93,可跟踪,4,C 短历史,Medium,80,短历史封顶；排雷需关注,数据质量中等，质量评级需降置信度；长期ROE达到行业优秀线；ROE稳定性较好；近5年无亏损；近5年经营现金流持续为正；自由现金流质量不足；资产负债率符合行业语境；营收增长达到行业较好水平,规则和AI评级不完全一致，可作为人工复核优先项
002823,CN,凯中精密,通用,可研究池,73.5,77.5,73.5,可研究池,否,否,是,否,排雷状态扣分,优质候选,89,可跟踪,10,A 完整历史,High,100,排雷需关注,数据质量高；长期ROE达到行业优秀线；ROE波动偏大；近5年无亏损；近5年经营现金流持续为正；自由现金流数据缺失，评级保守；资产负债率符合行业语境；营收增长达到行业较好水平,规则和AI评级不完全一致，可作为人工复核优先项
600754,CN,锦江酒店,通用,可研究池,73.5,77.5,73.5,可研究池,否,否,是,否,排雷状态扣分,优质候选,89,可跟踪,10,A 完整历史,High,100,排雷需关注,数据质量高；长期ROE达到行业优秀线；ROE波动偏大；近5年无亏损；近5年经营现金流持续为正；自由现金流数据缺失，评级保守；资产负债率符合行业语境；营收增长达到行业较好水平,规则和AI评级不完全一致，可作为人工复核优先项
300346,CN,南大光电,通用,可研究池,73.4,77.4,73.4,可研究池,否,否,是,否,排雷状态扣分,优质候选,89,可跟踪,10,A 完整历史,High,100,排雷需关注,数据质量高；长期ROE达到行业优秀线；ROE波动偏大；近5年无亏损；近5年经营现金流持续为正；自由现金流数据缺失，评级保守；资产负债率符合行业语境；营收增长达到行业较好水平,规则和AI评级不完全一致，可作为人工复核优先项
603929,CN,亚翔集成,通用,可研究池,73.4,77.4,73.4,可研究池,否,否,是,否,排雷状态扣分,优质候选,89,可跟踪,10,A 完整历史,High,100,排雷需关注,数据质量高；长期ROE达到行业优秀线；ROE波动偏大；近5年无亏损；近5年经营现金流持续为正；自由现金流数据缺失，评级保守；资产负债率符合行业语境；营收增长达到行业较好水平,规则和AI评级不完全一致，可作为人工复核优先项
300915,CN,海融科技,科技,可研究池,73.4,80.4,73.4,可研究池,否,否,是,是,排雷状态扣分；规则AI分歧扣分,可跟踪,73,优质候选,10,A 完整历史,High,100,排雷需关注；规则AI分歧,数据质量高；长期ROE达到行业优秀线；ROE波动偏大；科技/成长公司有亏损记录，需看亏损是否收窄；近5年经营现金流持续为正；自由现金流数据缺失，评级保守；资产负债率符合行业语境；营收增长处于可接受区间,AI认为质量突出，规则侧可能因单项风险保守处理
600256,CN,广汇能源,通用,可研究池,73.3,77.3,73.3,可研究池,否,否,是,否,排雷状态扣分,优质候选,89,可跟踪,10,A 完整历史,High,100,排雷需关注,数据质量高；长期ROE达到行业优秀线；ROE波动偏大；近5年无亏损；近5年经营现金流持续为正；自由现金流数据缺失，评级保守；资产负债率符合行业语境；营收增长达到行业较好水平,规则和AI评级不完全一致，可作为人工复核优先项
601968,CN,宝钢包装,通用,可研究池,73.3,77.3,73.3,可研究池,否,否,是,否,排雷状态扣分,优质候选,89,可跟踪,10,A 完整历史,High,100,排雷需关注,数据质量高；长期ROE达到行业优秀线；ROE波动偏大；近5年无亏损；近5年经营现金流持续为正；自由现金流数据缺失，评级保守；资产负债率符合行业语境；营收增长达到行业较好水平,规则和AI评级不完全一致，可作为人工复核优先项
WTTR,US,"Select Water Solutions, Inc. Class A common stock",周期,可研究池,73.3,77.3,73.3,可研究池,否,是,是,否,短历史受限；排雷状态扣分,优质候选,89,可跟踪,4,C 短历史,Medium,80,短历史封顶；排雷需关注,数据质量中等，质量评级需降置信度；长期ROE达到行业基本线；ROE稳定性较好；近5年无亏损；近5年经营现金流持续为正；自由现金流整体为正；资产负债率符合行业语境；营收增长处于可接受区间,规则和AI评级不完全一致，可作为人工复核优先项
MGY,US,Magnolia Oil & Gas Corporation Class A Common Stock,周期,可研究池,73.2,77.2,73.2,可研究池,否,是,是,否,短历史受限；排雷状态扣分,优质候选,91,可跟踪,4,C 短历史,Medium,80,短历史封顶；排雷需关注,数据质量中等，质量评级需降置信度；长期ROE达到行业优秀线；近5年无亏损；近5年经营现金流持续为正；自由现金流整体为正；资产负债率符合行业语境；周期行业营收下滑，需结合行业周期位置,规则和AI评级不完全一致，可作为人工复核优先项
000951,CN,中国重汽,通用,可研究池,73.2,76.2,73.2,可研究池,否,否,否,是,规则AI分歧扣分,优质候选,89,谨慎观察,10,A 完整历史,High,100,规则AI分歧,数据质量高；长期ROE达到行业优秀线；ROE稳定性较好；近5年无亏损；近5年经营现金流持续为正；自由现金流数据缺失，评级保守；资产负债率略高但未构成硬伤；营收增长处于可接受区间,规则质量分较高，但AI更关注风险，需要人工复核
PAY,US,"Paymentus Holdings, Inc. Class A Common Stock",科技,可研究池,71.0,80.2,73.2,可研究池,是,是,是,是,短历史封顶生效；排雷状态扣分；规则AI分歧扣分,可跟踪,85,优质候选,4,C 短历史,Medium,80,短历史封顶；排雷需关注；规则AI分歧,数据质量中等，质量评级需降置信度；长期ROE达到行业基本线；ROE稳定性较好；科技/成长公司有亏损记录，需看亏损是否收窄；近5年经营现金流持续为正；自由现金流整体为正；资产负债率符合行业语境；营收增长达到行业较好水平,AI认为质量突出，规则侧可能因单项风险保守处理
UNP,US,Union Pacific Corporation Common Stock,通用,可研究池,71.0,80.2,73.2,可研究池,是,是,是,是,短历史封顶生效；排雷状态扣分；规则AI分歧扣分,可跟踪,77,优质候选,4,C 短历史,Medium,80,短历史封顶；排雷需关注；规则AI分歧,数据质量中等，质量评级需降置信度；长期ROE达到行业优秀线；ROE稳定性较好；近5年无亏损；近5年经营现金流持续为正；自由现金流整体为正；资产负债率高于行业舒适区；营收增长偏弱,AI认为质量突出，规则侧可能因单项风险保守处理
000657,CN,中钨高新,通用,可研究池,73.1,77.1,73.1,可研究池,否,否,是,否,排雷状态扣分,优质候选,89,可跟踪,10,A 完整历史,High,100,排雷需关注,数据质量高；长期ROE达到行业优秀线；ROE波动偏大；近5年无亏损；近5年经营现金流持续为正；自由现金流数据缺失，评级保守；资产负债率符合行业语境；营收增长达到行业较好水平,规则和AI评级不完全一致，可作为人工复核优先项
VCIG,US,VCI Global Limited - Ordinary Share,通用,可研究池,71.0,80.1,73.1,可研究池,是,是,是,是,短历史封顶生效；排雷状态扣分；规则AI分歧扣分,可跟踪,75,优质候选,4,C 短历史,Medium,80,短历史封顶；排雷需关注；规则AI分歧,数据质量中等，质量评级需降置信度；长期ROE达到行业优秀线；ROE波动偏大；近5年无亏损；经营现金流存在瑕疵；自由现金流整体为正；资产负债率符合行业语境；营收增长达到行业较好水平,AI认为质量突出，规则侧可能因单项风险保守处理
920099,CN,瑞华技术,通用,可研究池,73.0,80.0,73.0,可研究池,否,否,是,是,排雷状态扣分；规则AI分歧扣分,可跟踪,69,优质候选,10,A 完整历史,High,100,排雷需关注；规则AI分歧,数据质量高；长期ROE达到行业优秀线；ROE波动偏大；近5年无亏损；经营现金流存在瑕疵；自由现金流数据缺失，评级保守；资产负债率符合行业语境；营收增长达到行业较好水平,AI认为质量突出，规则侧可能因单项风险保守处理
BCE,US,"BCE, Inc. Common Stock",通用,可研究池,72.9,76.9,72.9,可研究池,否,是,是,否,短历史受限；排雷状态扣分,优质候选,95,可跟踪,4,C 短历史,Medium,80,短历史封顶；排雷需关注,数据质量中等，质量评级需降置信度；长期ROE达到行业优秀线；ROE稳定性较好；近5年无亏损；近5年经营现金流持续为正；自由现金流整体为正；资产负债率略高但未构成硬伤；营收增长处于可接受区间,规则和AI评级不完全一致，可作为人工复核优先项
600428,CN,中远海特,通用,可研究池,72.9,76.9,72.9,可研究池,否,否,是,否,排雷状态扣分,优质候选,89,可跟踪,10,A 完整历史,High,100,排雷需关注,数据质量高；长期ROE达到行业优秀线；ROE波动偏大；近5年无亏损；近5年经营现金流持续为正；自由现金流数据缺失，评级保守；资产负债率符合行业语境；营收增长达到行业较好水平,规则和AI评级不完全一致，可作为人工复核优先项
688545,CN,兴福电子,科技,可研究池,72.9,75.9,72.9,可研究池,否,否,否,是,规则AI分歧扣分,可跟踪,84,优质候选,6,B 中等历史,Medium,75,规则AI分歧,数据质量中等，质量评级需降置信度；长期ROE达到行业基本线；ROE稳定性较好；近5年无亏损；近5年经营现金流持续为正；自由现金流数据缺失，评级保守；资产负债率符合行业语境；营收增长达到行业较好水平,AI认为质量突出，规则侧可能因单项风险保守处理
SOBO,US,South Bow Corporation Common Shares,周期,可研究池,72.8,76.8,72.8,可研究池,否,是,是,否,短历史受限；排雷状态扣分,优质候选,95,可跟踪,3,C 短历史,Medium,60,短历史封顶；排雷需关注,数据质量中等，质量评级需降置信度；长期ROE达到行业优秀线；ROE稳定性较好；近5年无亏损；近5年经营现金流持续为正；自由现金流整体为正；资产负债率略高但未构成硬伤；营收增长处于可接受区间,规则和AI评级不完全一致，可作为人工复核优先项
SD,US,"SandRidge Energy, Inc. Common Stock",周期,可研究池,72.8,76.8,72.8,可研究池,否,是,是,否,短历史受限；排雷状态扣分,优质候选,91,可跟踪,4,C 短历史,Medium,80,短历史封顶；排雷需关注,数据质量中等，质量评级需降置信度；长期ROE达到行业优秀线；近5年无亏损；近5年经营现金流持续为正；自由现金流整体为正；资产负债率符合行业语境；周期行业营收下滑，需结合行业周期位置,规则和AI评级不完全一致，可作为人工复核优先项
000528,CN,柳    工,通用,可研究池,72.8,76.8,72.8,可研究池,否,否,是,否,排雷状态扣分,优质候选,89,可跟踪,10,A 完整历史,High,100,排雷需关注,数据质量高；长期ROE达到行业优秀线；ROE波动偏大；近5年无亏损；近5年经营现金流持续为正；自由现金流数据缺失，评级保守；资产负债率符合行业语境；营收增长达到行业较好水平,规则和AI评级不完全一致，可作为人工复核优先项
DV,US,"DoubleVerify Holdings, Inc. Common Stock",通用,可研究池,71.0,79.8,72.8,可研究池,是,是,是,是,短历史封顶生效；排雷状态扣分；规则AI分歧扣分,可跟踪,77,优质候选,4,C 短历史,Medium,80,短历史封顶；排雷需关注；规则AI分歧,数据质量中等，质量评级需降置信度；长期ROE低于行业基本线；ROE稳定性较好；近5年无亏损；近5年经营现金流持续为正；自由现金流整体为正；资产负债率符合行业语境；营收增长达到行业较好水平,AI认为质量突出，规则侧可能因单项风险保守处理
601168,CN,西部矿业,通用,可研究池,72.7,76.7,72.7,可研究池,否,否,是,否,排雷状态扣分,优质候选,89,可跟踪,10,A 完整历史,High,100,排雷需关注,数据质量高；长期ROE达到行业优秀线；ROE波动偏大；近5年无亏损；近5年经营现金流持续为正；自由现金流数据缺失，评级保守；资产负债率符合行业语境；营收增长达到行业较好水平,规则和AI评级不完全一致，可作为人工复核优先项
601399,CN,国机重装,通用,可研究池,72.7,76.7,72.7,可研究池,否,否,是,否,排雷状态扣分,优质候选,89,可跟踪,10,A 完整历史,High,100,排雷需关注,数据质量高；长期ROE达到行业优秀线；ROE波动偏大；近5年无亏损；近5年经营现金流持续为正；自由现金流数据缺失，评级保守；资产负债率符合行业语境；营收增长达到行业较好水平,规则和AI评级不完全一致，可作为人工复核优先项
920045,CN,蘅东光,通用,可研究池,72.7,79.7,72.7,可研究池,否,否,是,是,排雷状态扣分；规则AI分歧扣分,可跟踪,84,优质候选,5,B 中等历史,Medium,62,排雷需关注；规则AI分歧,数据质量中等，质量评级需降置信度；长期ROE达到行业优秀线；ROE波动偏大；近5年无亏损；近5年经营现金流持续为正；自由现金流数据缺失，评级保守；资产负债率符合行业语境；营收增长达到行业较好水平,AI认为质量突出，规则侧可能因单项风险保守处理
603127,CN,昭衍新药,通用,可研究池,72.7,79.7,72.7,可研究池,否,否,是,是,排雷状态扣分；规则AI分歧扣分,可跟踪,83,优质候选,10,A 完整历史,High,100,排雷需关注；规则AI分歧,数据质量高；长期ROE达到行业优秀线；ROE波动偏大；近5年无亏损；近5年经营现金流持续为正；自由现金流数据缺失，评级保守；资产负债率符合行业语境；营收增长处于可接受区间,AI认为质量突出，规则侧可能因单项风险保守处理
603538,CN,美诺华,通用,可研究池,72.6,76.6,72.6,可研究池,否,否,是,否,排雷状态扣分,优质候选,89,可跟踪,10,A 完整历史,High,100,排雷需关注,数据质量高；长期ROE达到行业优秀线；ROE波动偏大；近5年无亏损；近5年经营现金流持续为正；自由现金流数据缺失，评级保守；资产负债率符合行业语境；营收增长达到行业较好水平,规则和AI评级不完全一致，可作为人工复核优先项
FUL,US,H. B. Fuller Company Common Stock,周期,可研究池,72.6,76.6,72.6,可研究池,否,是,是,否,短历史受限；排雷状态扣分,优质候选,89,可跟踪,4,C 短历史,Medium,80,短历史封顶；排雷需关注,数据质量中等，质量评级需降置信度；长期ROE达到行业基本线；ROE稳定性较好；近5年无亏损；近5年经营现金流持续为正；自由现金流整体为正；资产负债率符合行业语境；营收增长处于可接受区间,规则和AI评级不完全一致，可作为人工复核优先项
002517,CN,恺英网络,通用,可研究池,72.6,79.6,72.6,可研究池,否,否,是,是,排雷状态扣分；规则AI分歧扣分,可跟踪,81,优质候选,10,A 完整历史,High,100,排雷需关注；规则AI分歧,数据质量高；长期ROE达到行业优秀线；ROE波动偏大；净利润波动偏大；近5年无亏损；近5年经营现金流持续为正；自由现金流数据缺失，评级保守；资产负债率符合行业语境；营收增长达到行业较好水平,AI认为质量突出，规则侧可能因单项风险保守处理
ITGR,US,Integer Holdings Corporation Common Stock,通用,可研究池,71.0,79.5,72.5,可研究池,是,是,是,是,短历史封顶生效；排雷状态扣分；规则AI分歧扣分,可跟踪,77,优质候选,4,C 短历史,Medium,80,短历史封顶；排雷需关注；规则AI分歧,数据质量中等，质量评级需降置信度；长期ROE低于行业基本线；ROE稳定性较好；近5年无亏损；近5年经营现金流持续为正；自由现金流整体为正；资产负债率符合行业语境；营收增长达到行业较好水平,AI认为质量突出，规则侧可能因单项风险保守处理
688012,CN,中微公司,通用,可研究池,72.5,79.5,72.5,可研究池,否,否,是,是,排雷状态扣分；规则AI分歧扣分,可跟踪,69,优质候选,10,A 完整历史,High,100,排雷需关注；规则AI分歧,数据质量高；长期ROE达到行业基本线；ROE稳定性较好；近5年无亏损；经营现金流存在瑕疵；自由现金流数据缺失，评级保守；资产负债率符合行业语境；营收增长达到行业较好水平,AI认为质量突出，规则侧可能因单项风险保守处理
002876,CN,三利谱,通用,可研究池,72.4,76.4,72.4,可研究池,否,否,是,否,排雷状态扣分,优质候选,89,可跟踪,10,A 完整历史,High,100,排雷需关注,数据质量高；长期ROE达到行业基本线；ROE稳定性较好；近5年无亏损；近5年经营现金流持续为正；自由现金流数据缺失，评级保守；资产负债率符合行业语境；营收增长达到行业较好水平,规则和AI评级不完全一致，可作为人工复核优先项
SMPL,US,The Simply Good Foods Company - Common Stock,消费,可研究池,71.0,79.4,72.4,可研究池,是,是,是,是,短历史封顶生效；排雷状态扣分；规则AI分歧扣分,可跟踪,77,优质候选,4,C 短历史,Medium,80,短历史封顶；排雷需关注；规则AI分歧,数据质量中等，质量评级需降置信度；长期ROE低于行业基本线；ROE稳定性较好；近5年无亏损；近5年经营现金流持续为正；自由现金流整体为正；资产负债率符合行业语境；营收增长达到行业较好水平,AI认为质量突出，规则侧可能因单项风险保守处理
601857,CN,中国石油,周期,可研究池,72.3,76.3,72.3,可研究池,否,否,是,否,排雷状态扣分,优质候选,89,可跟踪,10,A 完整历史,High,100,排雷需关注,数据质量高；长期ROE达到行业优秀线；近5年无亏损；近5年经营现金流持续为正；自由现金流数据缺失，评级保守；资产负债率符合行业语境；营收增长处于可接受区间,规则和AI评级不完全一致，可作为人工复核优先项
ON,US,ON Semiconductor Corporation - Common Stock,科技,可研究池,72.2,76.2,72.2,可研究池,否,是,是,否,短历史受限；排雷状态扣分,优质候选,93,可跟踪,4,C 短历史,Medium,80,短历史封顶；排雷需关注,数据质量中等，质量评级需降置信度；长期ROE达到行业优秀线；ROE稳定性较好；近5年无亏损；近5年经营现金流持续为正；自由现金流整体为正；资产负债率符合行业语境；营收增长偏弱,规则和AI评级不完全一致，可作为人工复核优先项
VLO,US,Valero Energy Corporation Common Stock,周期,可研究池,72.2,76.2,72.2,可研究池,否,是,是,否,短历史受限；排雷状态扣分,优质候选,91,可跟踪,4,C 短历史,Medium,80,短历史封顶；排雷需关注,数据质量中等，质量评级需降置信度；长期ROE达到行业优秀线；近5年无亏损；近5年经营现金流持续为正；自由现金流整体为正；资产负债率符合行业语境；周期行业营收下滑，需结合行业周期位置,规则和AI评级不完全一致，可作为人工复核优先项
300054,CN,鼎龙股份,通用,可研究池,72.2,76.2,72.2,可研究池,否,否,是,否,排雷状态扣分,优质候选,89,可跟踪,10,A 完整历史,High,100,排雷需关注,数据质量高；长期ROE达到行业优秀线；ROE波动偏大；近5年无亏损；近5年经营现金流持续为正；自由现金流数据缺失，评级保守；资产负债率符合行业语境；营收增长达到行业较好水平,规则和AI评级不完全一致，可作为人工复核优先项
688378,CN,奥来德,通用,可研究池,72.2,76.2,72.2,可研究池,否,否,是,否,排雷状态扣分,优质候选,89,可跟踪,10,A 完整历史,High,100,排雷需关注,数据质量高；长期ROE达到行业优秀线；ROE波动偏大；近5年无亏损；近5年经营现金流持续为正；自由现金流数据缺失，评级保守；资产负债率符合行业语境；营收增长达到行业较好水平,规则和AI评级不完全一致，可作为人工复核优先项
LLY,US,Eli Lilly and Company Common Stock,通用,可研究池,71.0,79.2,72.2,可研究池,是,是,是,是,短历史封顶生效；排雷状态扣分；规则AI分歧扣分,可跟踪,79,优质候选,4,C 短历史,Medium,80,短历史封顶；排雷需关注；规则AI分歧,数据质量中等，质量评级需降置信度；长期ROE达到行业优秀线；ROE波动偏大；近5年无亏损；近5年经营现金流持续为正；自由现金流整体为正；资产负债率高于行业舒适区；营收增长达到行业较好水平,AI认为质量突出，规则侧可能因单项风险保守处理
688372,CN,伟测科技,科技,可研究池,72.2,79.2,72.2,可研究池,否,否,是,是,排雷状态扣分；规则AI分歧扣分,可跟踪,73,优质候选,8,B 中等历史,High,100,排雷需关注；规则AI分歧,数据质量高；长期ROE达到行业基本线；ROE稳定性较好；近5年无亏损；近5年经营现金流持续为正；自由现金流数据缺失，评级保守；资产负债率高于行业舒适区；营收增长达到行业较好水平,AI认为质量突出，规则侧可能因单项风险保守处理
FER,US,Ferrovial N.V. - Ordinary Shares,周期,可研究池,72.1,76.1,72.1,可研究池,否,是,是,否,短历史受限；排雷状态扣分,优质候选,93,优质候选,4,C 短历史,Medium,80,短历史封顶；排雷需关注,数据质量中等，质量评级需降置信度；长期ROE达到行业优秀线；近5年无亏损；近5年经营现金流持续为正；自由现金流整体为正；资产负债率略高但未构成硬伤；营收增长达到行业较好水平,规则与AI均认可质量，排雷侧因单项风险给出需关注状态，适合进入人工复核清单；但数据年数少于5年，长期ROE、波动和CAGR应按短历史估计降置信度
ALSN,US,"Allison Transmission Holdings, Inc. Common Stock",通用,可研究池,71.0,79.1,72.1,可研究池,是,是,是,是,短历史封顶生效；排雷状态扣分；规则AI分歧扣分,可跟踪,81,优质候选,4,C 短历史,Medium,80,短历史封顶；排雷需关注；规则AI分歧,数据质量中等，质量评级需降置信度；长期ROE达到行业优秀线；ROE波动偏大；近5年无亏损；近5年经营现金流持续为正；自由现金流整体为正；资产负债率略高但未构成硬伤；营收增长处于可接受区间,AI认为质量突出，规则侧可能因单项风险保守处理
920186,CN,中科仪,通用,可研究池,72.0,79.0,72.0,可研究池,否,否,是,是,排雷状态扣分；规则AI分歧扣分,可跟踪,81,优质候选,10,A 完整历史,High,100,排雷需关注；规则AI分歧,数据质量高；长期ROE达到行业优秀线；ROE波动偏大；净利润波动偏大；近5年无亏损；近5年经营现金流持续为正；自由现金流数据缺失，评级保守；资产负债率符合行业语境；营收增长达到行业较好水平,AI认为质量突出，规则侧可能因单项风险保守处理
UTMD,US,"Utah Medical Products, Inc. - Common Stock",通用,可研究池,71.0,78.8,71.8,可研究池,是,是,是,是,短历史封顶生效；排雷状态扣分；规则AI分歧扣分,优质候选,93,谨慎观察,4,C 短历史,Medium,80,短历史封顶；排雷需关注；规则AI分歧,数据质量中等，质量评级需降置信度；长期ROE达到行业优秀线；ROE稳定性较好；近5年无亏损；近5年经营现金流持续为正；自由现金流整体为正；资产负债率符合行业语境；营收增长偏弱,规则质量分较高，但AI更关注风险，需要人工复核
002756,CN,永兴材料,周期,可研究池,71.8,75.8,71.8,可研究池,否,否,是,否,排雷状态扣分,优质候选,89,可跟踪,10,A 完整历史,High,100,排雷需关注,数据质量高；长期ROE达到行业优秀线；近5年无亏损；近5年经营现金流持续为正；自由现金流数据缺失，评级保守；资产负债率符合行业语境；营收增长处于可接受区间,规则和AI评级不完全一致，可作为人工复核优先项
300776,CN,帝尔激光,通用,可研究池,71.8,78.8,71.8,可研究池,否,否,是,是,排雷状态扣分；规则AI分歧扣分,可跟踪,69,优质候选,10,A 完整历史,High,100,排雷需关注；规则AI分歧,数据质量高；长期ROE达到行业优秀线；ROE波动偏大；近5年无亏损；经营现金流存在瑕疵；自由现金流数据缺失，评级保守；资产负债率符合行业语境；营收增长达到行业较好水平,AI认为质量突出，规则侧可能因单项风险保守处理
600098,CN,广州发展,通用,可研究池,71.7,75.7,71.7,可研究池,否,否,是,否,排雷状态扣分,优质候选,89,可跟踪,10,A 完整历史,High,100,排雷需关注,数据质量高；长期ROE达到行业优秀线；ROE波动偏大；近5年无亏损；近5年经营现金流持续为正；自由现金流数据缺失，评级保守；资产负债率符合行业语境；营收增长达到行业较好水平,规则和AI评级不完全一致，可作为人工复核优先项
DCBO,US,Docebo Inc. - Common Shares,科技,可研究池,71.0,78.7,71.7,可研究池,是,是,是,是,短历史封顶生效；排雷状态扣分；规则AI分歧扣分,可跟踪,79,优质候选,4,C 短历史,Medium,80,短历史封顶；排雷需关注；规则AI分歧,数据质量中等，质量评级需降置信度；长期ROE达到行业优秀线；ROE波动偏大；近5年无亏损；近5年经营现金流持续为正；自由现金流整体为正；资产负债率高于行业舒适区；营收增长达到行业较好水平,AI认为质量突出，规则侧可能因单项风险保守处理
AVNT,US,Avient Corporation Common Stock,周期,可研究池,71.6,75.6,71.6,可研究池,否,是,是,否,短历史受限；排雷状态扣分,优质候选,100,可跟踪,4,C 短历史,Medium,80,短历史封顶；排雷需关注,数据质量中等，质量评级需降置信度；长期ROE达到行业优秀线；ROE稳定性较好；近5年无亏损；近5年经营现金流持续为正；自由现金流整体为正；资产负债率符合行业语境；营收增长处于可接受区间,规则和AI评级不完全一致，可作为人工复核优先项
603619,CN,中曼石油,周期,可研究池,71.6,75.6,71.6,可研究池,否,否,是,否,排雷状态扣分,优质候选,95,可跟踪,10,A 完整历史,High,100,排雷需关注,数据质量高；长期ROE达到行业优秀线；近5年无亏损；近5年经营现金流持续为正；自由现金流数据缺失，评级保守；资产负债率符合行业语境；营收增长达到行业较好水平,规则和AI评级不完全一致，可作为人工复核优先项
002156,CN,通富微电,通用,可研究池,71.6,75.6,71.6,可研究池,否,否,是,否,排雷状态扣分,优质候选,89,可跟踪,10,A 完整历史,High,100,排雷需关注,数据质量高；长期ROE达到行业基本线；ROE稳定性较好；近5年无亏损；近5年经营现金流持续为正；自由现金流数据缺失，评级保守；资产负债率符合行业语境；营收增长达到行业较好水平,规则和AI评级不完全一致，可作为人工复核优先项
600929,CN,雪天盐业,通用,可研究池,71.6,75.6,71.6,可研究池,否,否,是,否,排雷状态扣分,优质候选,89,可跟踪,10,A 完整历史,High,100,排雷需关注,数据质量高；长期ROE达到行业优秀线；ROE波动偏大；近5年无亏损；近5年经营现金流持续为正；自由现金流数据缺失，评级保守；资产负债率符合行业语境；营收增长达到行业较好水平,规则和AI评级不完全一致，可作为人工复核优先项
RICK,US,"RCI Hospitality Holdings, Inc. - Common Stock",通用,可研究池,71.6,75.6,71.6,可研究池,否,是,是,否,短历史受限；排雷状态扣分,优质候选,89,可跟踪,4,C 短历史,Medium,80,短历史封顶；排雷需关注,数据质量中等，质量评级需降置信度；长期ROE达到行业基本线；ROE稳定性较好；近5年无亏损；近5年经营现金流持续为正；自由现金流整体为正；资产负债率符合行业语境；营收增长处于可接受区间,规则和AI评级不完全一致，可作为人工复核优先项
GMED,US,"Globus Medical, Inc. Class A Common Stock",通用,可研究池,71.0,78.6,71.6,可研究池,是,是,是,是,短历史封顶生效；排雷状态扣分；规则AI分歧扣分,可跟踪,77,优质候选,4,C 短历史,Medium,80,短历史封顶；排雷需关注；规则AI分歧,数据质量中等，质量评级需降置信度；长期ROE低于行业基本线；ROE稳定性较好；近5年无亏损；近5年经营现金流持续为正；自由现金流整体为正；资产负债率符合行业语境；营收增长达到行业较好水平,AI认为质量突出，规则侧可能因单项风险保守处理
RBC,US,RBC Bearings Incorporated Common Stock,通用,可研究池,71.0,78.6,71.6,可研究池,是,是,是,是,短历史封顶生效；排雷状态扣分；规则AI分歧扣分,可跟踪,77,优质候选,4,C 短历史,Medium,80,短历史封顶；排雷需关注；规则AI分歧,数据质量中等，质量评级需降置信度；长期ROE低于行业基本线；ROE稳定性较好；近5年无亏损；近5年经营现金流持续为正；自由现金流整体为正；资产负债率符合行业语境；营收增长达到行业较好水平,AI认为质量突出，规则侧可能因单项风险保守处理
300160,CN,秀强股份,通用,可研究池,71.4,75.4,71.4,可研究池,否,否,是,否,排雷状态扣分,优质候选,89,可跟踪,10,A 完整历史,High,100,排雷需关注,数据质量高；长期ROE达到行业基本线；ROE稳定性较好；近5年无亏损；近5年经营现金流持续为正；自由现金流数据缺失，评级保守；资产负债率符合行业语境；营收增长达到行业较好水平,规则和AI评级不完全一致，可作为人工复核优先项
EDHL,US,Everbright Digital Holding Limited - Ordinary Shares,通用,可研究池,71.0,78.4,71.4,可研究池,是,是,是,是,短历史封顶生效；排雷状态扣分；规则AI分歧扣分,可跟踪,75,优质候选,3,C 短历史,Medium,60,短历史封顶；排雷需关注；规则AI分歧,数据质量中等，质量评级需降置信度；长期ROE达到行业优秀线；ROE波动偏大；近5年无亏损；经营现金流存在瑕疵；自由现金流整体为正；资产负债率符合行业语境；营收增长达到行业较好水平,AI认为质量突出，规则侧可能因单项风险保守处理
920027,CN,交大铁发,通用,可研究池,71.4,78.4,71.4,可研究池,否,否,是,是,排雷状态扣分；规则AI分歧扣分,可跟踪,69,优质候选,10,A 完整历史,High,100,排雷需关注；规则AI分歧,数据质量高；长期ROE达到行业优秀线；ROE波动偏大；近5年无亏损；经营现金流存在瑕疵；自由现金流数据缺失，评级保守；资产负债率符合行业语境；营收增长达到行业较好水平,AI认为质量突出，规则侧可能因单项风险保守处理
000893,CN,亚钾国际,通用,可研究池,71.3,78.3,71.3,可研究池,否,否,是,是,排雷状态扣分；规则AI分歧扣分,可跟踪,81,优质候选,10,A 完整历史,High,100,排雷需关注；规则AI分歧,数据质量高；长期ROE达到行业优秀线；ROE波动偏大；净利润波动偏大；近5年无亏损；近5年经营现金流持续为正；自由现金流数据缺失，评级保守；资产负债率符合行业语境；营收增长达到行业较好水平,AI认为质量突出，规则侧可能因单项风险保守处理
002738,CN,中矿资源,通用,可研究池,71.3,78.3,71.3,可研究池,否,否,是,是,排雷状态扣分；规则AI分歧扣分,可跟踪,81,优质候选,10,A 完整历史,High,100,排雷需关注；规则AI分歧,数据质量高；长期ROE达到行业优秀线；ROE波动偏大；净利润波动偏大；近5年无亏损；近5年经营现金流持续为正；自由现金流数据缺失，评级保守；资产负债率符合行业语境；营收增长达到行业较好水平,AI认为质量突出，规则侧可能因单项风险保守处理
P,US,"Everpure, Inc. Class A common stock",科技,可研究池,71.0,78.1,71.1,可研究池,是,是,是,是,短历史封顶生效；排雷状态扣分；规则AI分歧扣分,可跟踪,79,优质候选,4,C 短历史,Medium,80,短历史封顶；排雷需关注；规则AI分歧,数据质量中等，质量评级需降置信度；长期ROE达到行业基本线；ROE稳定性较好；近5年无亏损；近5年经营现金流持续为正；自由现金流整体为正；资产负债率高于行业舒适区；营收增长达到行业较好水平,AI认为质量突出，规则侧可能因单项风险保守处理
EVTC,US,"Evertec, Inc. Common Stock",科技,可研究池,70.9,77.9,70.9,可研究池,否,是,是,是,短历史受限；排雷状态扣分；规则AI分歧扣分,可跟踪,79,优质候选,4,C 短历史,Medium,80,短历史封顶；排雷需关注；规则AI分歧,数据质量中等，质量评级需降置信度；长期ROE达到行业优秀线；ROE波动偏大；近5年无亏损；近5年经营现金流持续为正；自由现金流整体为正；资产负债率高于行业舒适区；营收增长达到行业较好水平,AI认为质量突出，规则侧可能因单项风险保守处理
MDA,US,MDA Space Ltd. Common Shares,通用,可研究池,70.8,77.8,70.8,可研究池,否,是,是,是,短历史受限；排雷状态扣分；规则AI分歧扣分,可跟踪,77,优质候选,4,C 短历史,Medium,80,短历史封顶；排雷需关注；规则AI分歧,数据质量中等，质量评级需降置信度；长期ROE低于行业基本线；ROE稳定性较好；近5年无亏损；近5年经营现金流持续为正；自由现金流整体为正；资产负债率符合行业语境；营收增长达到行业较好水平,AI认为质量突出，规则侧可能因单项风险保守处理
002371,CN,北方华创,通用,可研究池,70.8,77.8,70.8,可研究池,否,否,是,是,排雷状态扣分；规则AI分歧扣分,可跟踪,69,优质候选,10,A 完整历史,High,100,排雷需关注；规则AI分歧,数据质量高；长期ROE达到行业基本线；ROE稳定性较好；近5年无亏损；经营现金流存在瑕疵；自由现金流数据缺失，评级保守；资产负债率符合行业语境；营收增长达到行业较好水平,AI认为质量突出，规则侧可能因单项风险保守处理
301520,CN,万邦医药,通用,可研究池,70.8,77.8,70.8,可研究池,否,否,是,是,排雷状态扣分；规则AI分歧扣分,可跟踪,69,优质候选,8,B 中等历史,High,100,排雷需关注；规则AI分歧,数据质量高；长期ROE达到行业优秀线；ROE波动偏大；近5年无亏损；经营现金流存在瑕疵；自由现金流数据缺失，评级保守；资产负债率符合行业语境；营收增长达到行业较好水平,AI认为质量突出，规则侧可能因单项风险保守处理
688271,CN,联影医疗,通用,可研究池,70.8,77.8,70.8,可研究池,否,否,是,是,排雷状态扣分；规则AI分歧扣分,可跟踪,69,优质候选,8,B 中等历史,High,100,排雷需关注；规则AI分歧,数据质量高；长期ROE达到行业优秀线；ROE波动偏大；近5年无亏损；经营现金流存在瑕疵；自由现金流数据缺失，评级保守；资产负债率符合行业语境；营收增长达到行业较好水平,AI认为质量突出，规则侧可能因单项风险保守处理
LW,US,"Lamb Weston Holdings, Inc. Common Stock",消费,可研究池,70.7,77.7,70.7,可研究池,否,是,是,是,短历史受限；排雷状态扣分；规则AI分歧扣分,可跟踪,79,优质候选,4,C 短历史,Medium,80,短历史封顶；排雷需关注；规则AI分歧,数据质量中等，质量评级需降置信度；长期ROE达到行业优秀线；ROE波动偏大；近5年无亏损；近5年经营现金流持续为正；自由现金流整体为正；资产负债率高于行业舒适区；营收增长达到行业较好水平,AI认为质量突出，规则侧可能因单项风险保守处理
APA,US,APA Corporation - Common Stock,周期,可研究池,70.6,74.6,70.6,可研究池,否,是,是,否,短历史受限；排雷状态扣分,优质候选,91,可跟踪,4,C 短历史,Medium,80,短历史封顶；排雷需关注,数据质量中等，质量评级需降置信度；长期ROE达到行业优秀线；近5年无亏损；近5年经营现金流持续为正；自由现金流整体为正；资产负债率符合行业语境；周期行业营收下滑，需结合行业周期位置,规则和AI评级不完全一致，可作为人工复核优先项
THC,US,Tenet Healthcare Corporation Common Stock,通用,可研究池,70.6,77.6,70.6,可研究池,否,是,是,是,短历史受限；排雷状态扣分；规则AI分歧扣分,可跟踪,87,优质候选,4,C 短历史,Medium,80,短历史封顶；排雷需关注；规则AI分歧,数据质量中等，质量评级需降置信度；长期ROE达到行业优秀线；ROE波动偏大；近5年无亏损；近5年经营现金流持续为正；自由现金流整体为正；资产负债率略高但未构成硬伤；营收增长达到行业较好水平,AI认为质量突出，规则侧可能因单项风险保守处理
300751,CN,迈为股份,通用,可研究池,70.6,77.6,70.6,可研究池,否,否,是,是,排雷状态扣分；规则AI分歧扣分,可跟踪,69,优质候选,10,A 完整历史,High,100,排雷需关注；规则AI分歧,数据质量高；长期ROE达到行业优秀线；ROE波动偏大；近5年无亏损；经营现金流存在瑕疵；自由现金流数据缺失，评级保守；资产负债率符合行业语境；营收增长达到行业较好水平,AI认为质量突出，规则侧可能因单项风险保守处理
688551,CN,科威尔,通用,可研究池,70.6,77.6,70.6,可研究池,否,否,是,是,排雷状态扣分；规则AI分歧扣分,可跟踪,69,优质候选,9,B 中等历史,High,100,排雷需关注；规则AI分歧,数据质量高；长期ROE达到行业优秀线；ROE波动偏大；近5年无亏损；经营现金流存在瑕疵；自由现金流数据缺失，评级保守；资产负债率符合行业语境；营收增长达到行业较好水平,AI认为质量突出，规则侧可能因单项风险保守处理
301598,CN,博科测试,通用,可研究池,70.5,77.5,70.5,可研究池,否,否,是,是,排雷状态扣分；规则AI分歧扣分,可跟踪,69,优质候选,10,A 完整历史,High,100,排雷需关注；规则AI分歧,数据质量高；长期ROE达到行业优秀线；ROE波动偏大；近5年无亏损；经营现金流存在瑕疵；自由现金流数据缺失，评级保守；资产负债率符合行业语境；营收增长达到行业较好水平,AI认为质量突出，规则侧可能因单项风险保守处理
TXN,US,Texas Instruments Incorporated - Common Stock,科技,可研究池,70.3,77.3,70.3,可研究池,否,是,是,是,短历史受限；排雷状态扣分；规则AI分歧扣分,可跟踪,71,优质候选,4,C 短历史,Medium,80,短历史封顶；排雷需关注；规则AI分歧,数据质量中等，质量评级需降置信度；长期ROE达到行业优秀线；ROE波动偏大；近5年无亏损；近5年经营现金流持续为正；自由现金流整体为正；资产负债率略高但未构成硬伤；营收增长偏弱,AI认为质量突出，规则侧可能因单项风险保守处理
ZTS,US,Zoetis Inc. Class A Common Stock,通用,可研究池,70.2,77.2,70.2,可研究池,否,是,是,是,短历史受限；排雷状态扣分；规则AI分歧扣分,可跟踪,79,优质候选,4,C 短历史,Medium,80,短历史封顶；排雷需关注；规则AI分歧,数据质量中等，质量评级需降置信度；长期ROE达到行业优秀线；ROE波动偏大；近5年无亏损；近5年经营现金流持续为正；自由现金流整体为正；资产负债率高于行业舒适区；营收增长达到行业较好水平,AI认为质量突出，规则侧可能因单项风险保守处理
SPXC,US,"SPX Technologies, Inc. Common Stock",通用,可研究池,70.0,77.0,70.0,可研究池,否,是,是,是,短历史受限；排雷状态扣分；规则AI分歧扣分,可跟踪,75,优质候选,4,C 短历史,Medium,80,短历史封顶；排雷需关注；规则AI分歧,数据质量中等，质量评级需降置信度；长期ROE达到行业基本线；ROE稳定性较好；近5年无亏损；经营现金流存在瑕疵；自由现金流整体为正；资产负债率符合行业语境；营收增长达到行业较好水平,AI认为质量突出，规则侧可能因单项风险保守处理
SAGT,US,SAGTEC GLOBAL LIMITED - Class A Ordinary shares,科技,可研究池,69.9,76.9,69.9,可研究池,否,是,是,是,短历史受限；排雷状态扣分；规则AI分歧扣分,可跟踪,79,优质候选,4,C 短历史,Medium,80,短历史封顶；排雷需关注；规则AI分歧,数据质量中等，质量评级需降置信度；长期ROE达到行业优秀线；ROE波动偏大；近5年无亏损；近5年经营现金流持续为正；自由现金流质量不足；资产负债率符合行业语境；营收增长达到行业较好水平,AI认为质量突出，规则侧可能因单项风险保守处理
DIS,US,Walt Disney Company (The) Common Stock,通用,可研究池,69.8,76.8,69.8,可研究池,否,是,是,是,短历史受限；排雷状态扣分；规则AI分歧扣分,可跟踪,77,优质候选,4,C 短历史,Medium,80,短历史封顶；排雷需关注；规则AI分歧,数据质量中等，质量评级需降置信度；长期ROE低于行业基本线；ROE稳定性较好；近5年无亏损；近5年经营现金流持续为正；自由现金流整体为正；资产负债率符合行业语境；营收增长达到行业较好水平,AI认为质量突出，规则侧可能因单项风险保守处理
601808,CN,中海油服,通用,可研究池,69.6,76.6,69.6,可研究池,否,否,是,是,排雷状态扣分；规则AI分歧扣分,可跟踪,81,优质候选,10,A 完整历史,High,100,排雷需关注；规则AI分歧,数据质量高；长期ROE达到行业优秀线；ROE波动偏大；净利润波动偏大；近5年无亏损；近5年经营现金流持续为正；自由现金流数据缺失，评级保守；资产负债率符合行业语境；营收增长达到行业较好水平,AI认为质量突出，规则侧可能因单项风险保守处理
688605,CN,先锋精科,通用,可研究池,69.4,76.4,69.4,可研究池,否,否,是,是,排雷状态扣分；规则AI分歧扣分,可跟踪,84,优质候选,6,B 中等历史,Medium,75,排雷需关注；规则AI分歧,数据质量中等，质量评级需降置信度；长期ROE达到行业优秀线；ROE波动偏大；近5年无亏损；近5年经营现金流持续为正；自由现金流数据缺失，评级保守；资产负债率符合行业语境；营收增长达到行业较好水平,AI认为质量突出，规则侧可能因单项风险保守处理
688630,CN,芯碁微装,通用,可研究池,69.4,76.4,69.4,可研究池,否,否,是,是,排雷状态扣分；规则AI分歧扣分,可跟踪,69,优质候选,9,B 中等历史,High,100,排雷需关注；规则AI分歧,数据质量高；长期ROE达到行业优秀线；ROE波动偏大；近5年无亏损；经营现金流存在瑕疵；自由现金流数据缺失，评级保守；资产负债率符合行业语境；营收增长达到行业较好水平,AI认为质量突出，规则侧可能因单项风险保守处理
688717,CN,艾罗能源,通用,可研究池,69.2,76.2,69.2,可研究池,否,否,是,是,排雷状态扣分；规则AI分歧扣分,可跟踪,76,优质候选,7,B 中等历史,Medium,87,排雷需关注；规则AI分歧,数据质量中等，质量评级需降置信度；长期ROE达到行业优秀线；ROE波动偏大；净利润波动偏大；近5年无亏损；近5年经营现金流持续为正；自由现金流数据缺失，评级保守；资产负债率符合行业语境；营收增长达到行业较好水平,AI认为质量突出，规则侧可能因单项风险保守处理
688727,CN,恒坤新材,通用,可研究池,69.1,76.1,69.1,可研究池,否,否,是,是,排雷状态扣分；规则AI分歧扣分,可跟踪,71,优质候选,10,A 完整历史,High,100,排雷需关注；规则AI分歧,数据质量高；长期ROE低于行业基本线；ROE稳定性较好；近5年无亏损；近5年经营现金流持续为正；自由现金流数据缺失，评级保守；资产负债率符合行业语境；营收增长达到行业较好水平,AI认为质量突出，规则侧可能因单项风险保守处理
603402,CN,陕西旅游,通用,可研究池,69.1,76.1,69.1,可研究池,否,否,是,是,排雷状态扣分；规则AI分歧扣分,可跟踪,68,优质候选,10,A 完整历史,High,100,排雷需关注；规则AI分歧,数据质量高；长期ROE达到行业优秀线；ROE波动偏大；近5年出现亏损；近5年经营现金流持续为正；自由现金流数据缺失，评级保守；资产负债率符合行业语境；营收增长达到行业较好水平,AI认为质量突出，规则侧可能因单项风险保守处理
AAPL,US,Apple Inc. - Common Stock,科技,可研究池,68.9,72.9,68.9,可研究池,否,是,是,否,短历史受限；排雷状态扣分,优质候选,93,-,4,C 短历史,Medium,80,短历史封顶；排雷需关注,数据质量中等，质量评级需降置信度；长期ROE达到行业优秀线；成熟科技现金流龙头ROE波动降权观察；近5年无亏损；近5年经营现金流持续为正；自由现金流整体为正；成熟科技现金流龙头负债率需关注但现金流覆盖较强；成熟科技现金流龙头营收低速增长但仍为正；成熟科技现金流龙头：高ROE、强FCF、无亏损且OCF持续为正,暂无AI独立评估
BUDA,US,"Buda Juice, Inc. Common Stock",消费,可研究池,68.9,71.9,68.9,可研究池,否,是,否,是,短历史受限；规则AI分歧扣分,可跟踪,67,优质候选,3,C 短历史,Medium,60,短历史封顶；规则AI分歧,数据质量中等，质量评级需降置信度；长期ROE缺失；近5年无亏损；近5年经营现金流持续为正；自由现金流整体为正；资产负债率符合行业语境；营收增长达到行业较好水平,AI认为质量突出，规则侧可能因单项风险保守处理
ICE,US,Intercontinental Exchange Inc. Common Stock,通用,可研究池,68.8,75.8,68.8,可研究池,否,是,是,是,短历史受限；排雷状态扣分；规则AI分歧扣分,可跟踪,79,优质候选,4,C 短历史,Medium,80,短历史封顶；排雷需关注；规则AI分歧,数据质量中等，质量评级需降置信度；长期ROE达到行业基本线；ROE稳定性较好；近5年无亏损；近5年经营现金流持续为正；自由现金流整体为正；资产负债率高于行业舒适区；营收增长达到行业较好水平,AI认为质量突出，规则侧可能因单项风险保守处理
CMCL,US,Caledonia Mining Corporation Plc Common Shares,周期,可研究池,68.8,75.8,68.8,可研究池,否,是,是,是,短历史受限；排雷状态扣分；规则AI分歧扣分,可跟踪,74,优质候选,4,C 短历史,Medium,80,短历史封顶；排雷需关注；规则AI分歧,数据质量中等，质量评级需降置信度；长期ROE达到行业基本线；ROE稳定性较好；近5年出现亏损；近5年经营现金流持续为正；自由现金流整体为正；资产负债率符合行业语境；营收增长达到行业较好水平,AI认为质量突出，规则侧可能因单项风险保守处理
ENPH,US,"Enphase Energy, Inc. - Common Stock",周期,可研究池,68.7,72.7,68.7,可研究池,否,是,是,否,短历史受限；排雷状态扣分,优质候选,91,可跟踪,4,C 短历史,Medium,80,短历史封顶；排雷需关注,数据质量中等，质量评级需降置信度；长期ROE达到行业优秀线；近5年无亏损；近5年经营现金流持续为正；自由现金流整体为正；资产负债率符合行业语境；周期行业营收下滑，需结合行业周期位置,规则和AI评级不完全一致，可作为人工复核优先项
KTB,US,"Kontoor Brands, Inc. Common Stock",消费,可研究池,68.7,75.7,68.7,可研究池,否,是,是,是,短历史受限；排雷状态扣分；规则AI分歧扣分,可跟踪,79,优质候选,4,C 短历史,Medium,80,短历史封顶；排雷需关注；规则AI分歧,数据质量中等，质量评级需降置信度；长期ROE达到行业优秀线；ROE波动偏大；近5年无亏损；近5年经营现金流持续为正；自由现金流整体为正；资产负债率高于行业舒适区；营收增长达到行业较好水平,AI认为质量突出，规则侧可能因单项风险保守处理
MEDP,US,"Medpace Holdings, Inc. - Common Stock",通用,可研究池,68.6,75.6,68.6,可研究池,否,是,是,是,短历史受限；排雷状态扣分；规则AI分歧扣分,可跟踪,79,优质候选,4,C 短历史,Medium,80,短历史封顶；排雷需关注；规则AI分歧,数据质量中等，质量评级需降置信度；长期ROE达到行业优秀线；ROE波动偏大；近5年无亏损；近5年经营现金流持续为正；自由现金流整体为正；资产负债率高于行业舒适区；营收增长达到行业较好水平,AI认为质量突出，规则侧可能因单项风险保守处理
ADSK,US,"Autodesk, Inc. - Common Stock",科技,可研究池,68.2,75.2,68.2,可研究池,否,是,是,是,短历史受限；排雷状态扣分；规则AI分歧扣分,可跟踪,79,优质候选,4,C 短历史,Medium,80,短历史封顶；排雷需关注；规则AI分歧,数据质量中等，质量评级需降置信度；长期ROE达到行业优秀线；ROE波动偏大；近5年无亏损；近5年经营现金流持续为正；自由现金流整体为正；资产负债率高于行业舒适区；营收增长达到行业较好水平,AI认为质量突出，规则侧可能因单项风险保守处理
MPC,US,Marathon Petroleum Corporation Common Stock,周期,可研究池,68.0,72.0,68.0,可研究池,否,是,是,否,短历史受限；排雷状态扣分,优质候选,91,可跟踪,4,C 短历史,Medium,80,短历史封顶；排雷需关注,数据质量中等，质量评级需降置信度；长期ROE达到行业优秀线；ROE稳定性较好；近5年无亏损；近5年经营现金流持续为正；自由现金流整体为正；资产负债率略高但未构成硬伤；周期行业营收下滑，需结合行业周期位置,规则和AI评级不完全一致，可作为人工复核优先项
600328,CN,中盐化工,周期,观察池,67.9,74.9,67.9,观察池,否,否,是,是,排雷状态扣分；规则AI分歧扣分,优质候选,97,谨慎观察,10,A 完整历史,High,100,排雷需关注；规则AI分歧,数据质量高；长期ROE达到行业优秀线；ROE稳定性较好；近5年无亏损；近5年经营现金流持续为正；自由现金流数据缺失，评级保守；资产负债率符合行业语境；营收增长处于可接受区间,规则质量分较高，但AI更关注风险，需要人工复核
PACS,US,"PACS Group, Inc. Common Stock",通用,观察池,67.6,74.6,67.6,观察池,否,是,是,是,短历史受限；排雷状态扣分；规则AI分歧扣分,可跟踪,79,优质候选,4,C 短历史,Medium,80,短历史封顶；排雷需关注；规则AI分歧,数据质量中等，质量评级需降置信度；长期ROE达到行业优秀线；ROE波动偏大；近5年无亏损；近5年经营现金流持续为正；自由现金流整体为正；资产负债率高于行业舒适区；营收增长达到行业较好水平,AI认为质量突出，规则侧可能因单项风险保守处理
PXED,US,"Phoenix Education Partners, Inc. Common Stock",通用,观察池,67.6,70.6,67.6,观察池,否,是,否,是,短历史受限；规则AI分歧扣分,可跟踪,67,优质候选,3,C 短历史,Medium,60,短历史封顶；规则AI分歧,数据质量中等，质量评级需降置信度；长期ROE缺失；近5年无亏损；近5年经营现金流持续为正；自由现金流整体为正；资产负债率符合行业语境；营收增长达到行业较好水平,AI认为质量突出，规则侧可能因单项风险保守处理
KLAC,US,KLA Corporation  - Common Stock,科技,观察池,67.4,74.4,67.4,观察池,否,是,是,是,短历史受限；排雷状态扣分；规则AI分歧扣分,可跟踪,79,优质候选,4,C 短历史,Medium,80,短历史封顶；排雷需关注；规则AI分歧,数据质量中等，质量评级需降置信度；长期ROE达到行业优秀线；ROE波动偏大；近5年无亏损；近5年经营现金流持续为正；自由现金流整体为正；资产负债率高于行业舒适区；营收增长达到行业较好水平,AI认为质量突出，规则侧可能因单项风险保守处理
KNSA,US,"Kiniksa Pharmaceuticals International, plc - Class A Ordinary Shares",通用,观察池,67.0,74.0,67.0,观察池,否,是,是,是,短历史受限；排雷状态扣分；规则AI分歧扣分,可跟踪,66,优质候选,4,C 短历史,Medium,80,短历史封顶；排雷需关注；规则AI分歧,数据质量中等，质量评级需降置信度；长期ROE达到行业优秀线；ROE波动偏大；净利润波动偏大；近5年出现亏损；近5年经营现金流持续为正；自由现金流整体为正；资产负债率符合行业语境；营收增长达到行业较好水平,AI认为质量突出，规则侧可能因单项风险保守处理
KGS,US,"Kodiak Gas Services, Inc. Common Stock",周期,观察池,66.9,70.9,66.9,观察池,否,是,是,否,短历史受限；排雷状态扣分,优质候选,93,可跟踪,4,C 短历史,Medium,80,短历史封顶；排雷需关注,数据质量中等，质量评级需降置信度；长期ROE达到行业优秀线；近5年无亏损；近5年经营现金流持续为正；自由现金流整体为正；资产负债率略高但未构成硬伤；营收增长达到行业较好水平,规则和AI评级不完全一致，可作为人工复核优先项
CVLT,US,"Commvault Systems, Inc. - Common Stock",科技,观察池,66.7,73.7,66.7,观察池,否,是,是,是,短历史受限；排雷状态扣分；规则AI分歧扣分,可跟踪,73,优质候选,4,C 短历史,Medium,80,短历史封顶；排雷需关注；规则AI分歧,数据质量中等，质量评级需降置信度；长期ROE达到行业优秀线；ROE波动偏大；净利润波动偏大；科技/成长公司有亏损记录，需看亏损是否收窄；近5年经营现金流持续为正；自由现金流整体为正；营收增长达到行业较好水平,AI认为质量突出，规则侧可能因单项风险保守处理
ALKS,US,Alkermes plc - Ordinary Shares,通用,观察池,66.7,73.7,66.7,观察池,否,是,是,是,短历史受限；排雷状态扣分；规则AI分歧扣分,可跟踪,66,优质候选,4,C 短历史,Medium,80,短历史封顶；排雷需关注；规则AI分歧,数据质量中等，质量评级需降置信度；长期ROE达到行业优秀线；ROE波动偏大；净利润波动偏大；近5年出现亏损；近5年经营现金流持续为正；自由现金流整体为正；资产负债率符合行业语境；营收增长达到行业较好水平,AI认为质量突出，规则侧可能因单项风险保守处理
300442,CN,润泽科技,科技,观察池,66.1,73.1,66.1,观察池,否,否,是,是,排雷状态扣分；规则AI分歧扣分,可跟踪,65,优质候选,10,A 完整历史,High,100,排雷需关注；规则AI分歧,数据质量高；长期ROE达到行业优秀线；ROE波动偏大；净利润波动偏大；近5年无亏损；近5年经营现金流持续为正；自由现金流数据缺失，评级保守；资产负债率高于行业舒适区；营收增长达到行业较好水平,AI认为质量突出，规则侧可能因单项风险保守处理
WDAY,US,"Workday, Inc. - Class A Common Stock",科技,观察池,65.5,72.5,65.5,观察池,否,是,是,是,短历史受限；排雷状态扣分；规则AI分歧扣分,可跟踪,69,优质候选,4,C 短历史,Medium,80,短历史封顶；排雷需关注；规则AI分歧,数据质量中等，质量评级需降置信度；长期ROE达到行业基本线；ROE稳定性较好；净利润波动偏大；科技/成长公司有亏损记录，需看亏损是否收窄；近5年经营现金流持续为正；自由现金流整体为正；资产负债率略高但未构成硬伤；营收增长达到行业较好水平,AI认为质量突出，规则侧可能因单项风险保守处理
688377,CN,迪威尔,通用,观察池,65.0,72.0,65.0,观察池,否,否,是,是,排雷状态扣分；规则AI分歧扣分,可跟踪,69,优质候选,10,A 完整历史,High,100,排雷需关注；规则AI分歧,数据质量高；长期ROE达到行业优秀线；ROE波动偏大；近5年无亏损；经营现金流存在瑕疵；自由现金流数据缺失，评级保守；资产负债率符合行业语境；营收增长达到行业较好水平,AI认为质量突出，规则侧可能因单项风险保守处理
ORLA,US,Orla Mining Ltd. Common Shares,周期,观察池,64.6,71.6,64.6,观察池,否,是,是,是,短历史受限；排雷状态扣分；规则AI分歧扣分,可跟踪,74,优质候选,4,C 短历史,Medium,80,短历史封顶；排雷需关注；规则AI分歧,数据质量中等，质量评级需降置信度；长期ROE达到行业基本线；ROE稳定性较好；近5年出现亏损；近5年经营现金流持续为正；自由现金流整体为正；资产负债率符合行业语境；营收增长达到行业较好水平,AI认为质量突出，规则侧可能因单项风险保守处理
LII,US,"Lennox International, Inc. Common Stock",通用,观察池,64.1,71.1,64.1,观察池,否,是,是,是,短历史受限；排雷状态扣分；规则AI分歧扣分,可跟踪,76,优质候选,4,C 短历史,Medium,80,短历史封顶；排雷需关注；规则AI分歧,数据质量中等，质量评级需降置信度；长期ROE达到行业优秀线；ROE波动偏大；近5年无亏损；近5年经营现金流持续为正；自由现金流数据缺失，评级保守；资产负债率略高但未构成硬伤；营收增长达到行业较好水平,AI认为质量突出，规则侧可能因单项风险保守处理
000683,CN,博源化工,周期,观察池,61.7,68.7,61.7,观察池,否,否,是,是,排雷状态扣分；规则AI分歧扣分,优质候选,89,谨慎观察,10,A 完整历史,High,100,排雷需关注；规则AI分歧,数据质量高；长期ROE达到行业优秀线；近5年无亏损；近5年经营现金流持续为正；自由现金流数据缺失，评级保守；资产负债率符合行业语境；营收增长处于可接受区间,规则质量分较高，但AI更关注风险，需要人工复核
600722,CN,金牛化工,周期,观察池,61.4,68.4,61.4,观察池,否,否,是,是,排雷状态扣分；规则AI分歧扣分,优质候选,89,谨慎观察,10,A 完整历史,High,100,排雷需关注；规则AI分歧,数据质量高；长期ROE达到行业优秀线；近5年无亏损；近5年经营现金流持续为正；自由现金流数据缺失，评级保守；资产负债率符合行业语境；营收增长处于可接受区间,规则质量分较高，但AI更关注风险，需要人工复核
EPM,US,"Evolution Petroleum Corporation, Inc. Common Stock",周期,观察池,61.2,68.2,61.2,观察池,否,是,是,是,短历史受限；排雷状态扣分；规则AI分歧扣分,优质候选,91,谨慎观察,4,C 短历史,Medium,80,短历史封顶；排雷需关注；规则AI分歧,数据质量中等，质量评级需降置信度；长期ROE达到行业优秀线；近5年无亏损；近5年经营现金流持续为正；自由现金流整体为正；资产负债率符合行业语境；周期行业营收下滑，需结合行业周期位置,规则质量分较高，但AI更关注风险，需要人工复核
LOMA,US,Loma Negra Compania Industrial Argentina Sociedad Anonima ADS,周期,观察池,60.9,67.9,60.9,观察池,否,是,是,是,短历史受限；排雷状态扣分；规则AI分歧扣分,优质候选,89,谨慎观察,4,C 短历史,Medium,80,短历史封顶；排雷需关注；规则AI分歧,数据质量中等，质量评级需降置信度；长期ROE达到行业基本线；ROE稳定性较好；近5年无亏损；近5年经营现金流持续为正；自由现金流整体为正；资产负债率符合行业语境；营收增长处于可接受区间,规则质量分较高，但AI更关注风险，需要人工复核
